{"type":"FeatureCollection","features":[{"type":"Feature","properties":{"id":"VN68","label":"럼동성 · Lâm Đồng","era":"2025","sourceCode":"VN68","validOn":"2025-09-25","viewBounds":[107.20617300000015,10.56807600000019,108.876634,12.812495000000183]},"geometry":{"type":"MultiPolygon","coordinates":[[[[107.709932,10.632375],[107.711408,10.632506],[107.712559,10.632423],[107.712996,10.632111],[107.713669,10.63202],[107.715083,10.632065],[107.719307,10.631734],[107.721975,10.631887],[107.722206,10.631702],[107.722583,10.631663],[107.725744,10.631736],[107.726234,10.631924],[107.727341,10.63184],[107.727988,10.631922],[107.729792,10.632683],[107.730984,10.632964],[107.731842,10.633322],[107.735535,10.635262],[107.736989,10.635759],[107.738556,10.636625],[107.739196,10.636853],[107.74034,10.637226],[107.746994,10.638726],[107.748641,10.639386],[107.750792,10.640022],[107.751245,10.639985],[107.751335,10.639786],[107.751489,10.639747],[107.752603,10.640063],[107.756186,10.641977],[107.757835,10.642686],[107.759725,10.64393],[107.760316,10.644469],[107.760811,10.644732],[107.76127,10.645354],[107.762661,10.646494],[107.762561,10.646613],[107.762278,10.646605],[107.761508,10.646173],[107.761302,10.646171],[107.761273,10.646265],[107.762694,10.647063],[107.762936,10.64738],[107.763234,10.647441],[107.763385,10.647061],[107.764382,10.647475],[107.765653,10.647679],[107.766968,10.648829],[107.768789,10.649796],[107.769705,10.650039],[107.771138,10.649775],[107.771739,10.648895],[107.771442,10.648094],[107.771681,10.648071],[107.772872,10.649172],[107.774062,10.650029],[107.775458,10.650419],[107.775473,10.650561],[107.774214,10.651735],[107.77551,10.652986],[107.777685,10.653843],[107.777401,10.653194],[107.777636,10.651191],[107.777601,10.650598],[107.777323,10.649267],[107.776809,10.648478],[107.776861,10.648387],[107.77704,10.648419],[107.777328,10.648693],[107.77798,10.650303],[107.777934,10.651179],[107.778116,10.651533],[107.777966,10.65185],[107.778072,10.652279],[107.781233,10.657149],[107.783278,10.659612],[107.785196,10.661675],[107.78885,10.666411],[107.790014,10.667691],[107.797111,10.677136],[107.799637,10.679774],[107.804899,10.686001],[107.807763,10.689102],[107.811422,10.692783],[107.815247,10.696363],[107.81713,10.697794],[107.821501,10.700802],[107.824446,10.702525],[107.830729,10.705229],[107.833221,10.705866],[107.834267,10.705995],[107.835172,10.705891],[107.837146,10.706063],[107.838279,10.706266],[107.838469,10.706489],[107.83823,10.706532],[107.838539,10.706655],[107.838912,10.706308],[107.839745,10.705951],[107.839123,10.706086],[107.838488,10.705967],[107.837663,10.706051],[107.837444,10.705953],[107.837438,10.705771],[107.837693,10.70563],[107.839858,10.705611],[107.841934,10.705391],[107.84282,10.704991],[107.844288,10.703816],[107.844723,10.703783],[107.845295,10.703936],[107.847174,10.704884],[107.847766,10.705601],[107.848495,10.706115],[107.849923,10.706829],[107.858897,10.710724],[107.860226,10.71117],[107.862818,10.712366],[107.864215,10.712883],[107.865512,10.713608],[107.867477,10.714388],[107.868189,10.714534],[107.869007,10.715353],[107.86977,10.715777],[107.869145,10.715769],[107.86802,10.715014],[107.866322,10.714867],[107.864899,10.714182],[107.864659,10.713864],[107.864202,10.713615],[107.86405,10.713305],[107.862884,10.712857],[107.860616,10.712218],[107.858243,10.711286],[107.857499,10.710762],[107.856039,10.710474],[107.8553,10.709829],[107.854477,10.709413],[107.854034,10.709331],[107.853772,10.709423],[107.854798,10.709841],[107.855302,10.710434],[107.856245,10.710994],[107.860106,10.712957],[107.863077,10.713848],[107.8647,10.714712],[107.865887,10.715118],[107.868312,10.715468],[107.869201,10.71593],[107.869799,10.715957],[107.870672,10.716253],[107.873033,10.717135],[107.873739,10.717806],[107.87673,10.718504],[107.875884,10.717826],[107.874358,10.71741],[107.873427,10.716602],[107.871492,10.715936],[107.871437,10.715759],[107.871842,10.715622],[107.872485,10.715654],[107.88157,10.719163],[107.885311,10.720319],[107.886832,10.720539],[107.891016,10.721466],[107.896271,10.721613],[107.896506,10.721852],[107.896368,10.722445],[107.896747,10.722487],[107.896646,10.722209],[107.896738,10.721616],[107.89726,10.721525],[107.899707,10.721791],[107.899896,10.72207],[107.899812,10.722335],[107.900362,10.72234],[107.900404,10.722158],[107.900205,10.721984],[107.900391,10.721822],[107.901426,10.721605],[107.903675,10.721785],[107.905139,10.721749],[107.905761,10.721572],[107.907116,10.721501],[107.908087,10.721253],[107.908286,10.72165],[107.908525,10.721634],[107.908586,10.721205],[107.910484,10.721076],[107.91102,10.721099],[107.91179,10.721379],[107.912418,10.721385],[107.912613,10.721491],[107.912585,10.72179],[107.914031,10.72099],[107.913249,10.720883],[107.912574,10.72108],[107.912478,10.721071],[107.912486,10.720909],[107.913834,10.72037],[107.924065,10.718745],[107.927118,10.718058],[107.927236,10.71827],[107.927584,10.71818],[107.927598,10.717934],[107.930445,10.717359],[107.93162,10.716908],[107.932494,10.716814],[107.933908,10.716126],[107.934724,10.716023],[107.935992,10.715538],[107.936697,10.715439],[107.937808,10.71487],[107.938996,10.714664],[107.939341,10.714523],[107.939518,10.714255],[107.940259,10.714057],[107.942107,10.712985],[107.945062,10.711724],[107.945844,10.711535],[107.946623,10.711174],[107.947702,10.711016],[107.949979,10.710161],[107.951844,10.709712],[107.95227,10.709333],[107.954429,10.708729],[107.954804,10.708439],[107.956794,10.707669],[107.959226,10.706206],[107.959616,10.705318],[107.960842,10.704565],[107.962524,10.702984],[107.962743,10.701833],[107.963354,10.700777],[107.963615,10.700846],[107.9641,10.701684],[107.965283,10.702814],[107.966739,10.703987],[107.96907,10.705198],[107.970961,10.705825],[107.973381,10.706143],[107.974704,10.706118],[107.976464,10.706382],[107.97681,10.706604],[107.977168,10.706318],[107.977222,10.706053],[107.978115,10.705906],[107.979148,10.705902],[107.980118,10.705648],[107.980819,10.705659],[107.985168,10.704478],[107.985559,10.704249],[107.985555,10.704101],[107.985848,10.703883],[107.987077,10.703102],[107.987787,10.702058],[107.990032,10.700344],[107.991561,10.699541],[107.991932,10.699475],[107.992198,10.699635],[107.992682,10.699458],[107.992967,10.69991],[107.993625,10.699954],[107.993906,10.700098],[107.993985,10.700757],[107.993535,10.701264],[107.99398,10.703536],[107.993905,10.703931],[107.994861,10.706467],[107.995881,10.70819],[107.996253,10.709178],[107.996858,10.710075],[107.997316,10.709999],[107.997663,10.710354],[107.998172,10.710526],[107.998417,10.71083],[107.998746,10.710841],[107.998589,10.711177],[107.998949,10.711398],[107.999245,10.71189],[107.99995,10.712349],[108.000318,10.713504],[108.000648,10.713901],[108.000688,10.714271],[108.00182,10.716931],[108.002174,10.717262],[108.002519,10.717402],[108.00313,10.718036],[108.003864,10.718411],[108.003947,10.718793],[108.004875,10.719853],[108.005257,10.720608],[108.005336,10.721235],[108.006223,10.722632],[108.006234,10.723986],[108.006409,10.724949],[108.007016,10.727135],[108.008091,10.730222],[108.008414,10.731653],[108.008813,10.732452],[108.009439,10.732741],[108.010081,10.73406],[108.010626,10.734848],[108.011259,10.735404],[108.012107,10.735131],[108.012571,10.735112],[108.013489,10.735375],[108.013705,10.73566],[108.0143,10.735863],[108.014649,10.736257],[108.014902,10.736117],[108.01517,10.736383],[108.015046,10.736689],[108.014732,10.736588],[108.01452,10.737474],[108.014561,10.738403],[108.015762,10.744873],[108.016421,10.747756],[108.016513,10.748975],[108.017003,10.751027],[108.017048,10.751864],[108.017433,10.753942],[108.017678,10.754637],[108.017711,10.755689],[108.018423,10.758106],[108.018858,10.760274],[108.019267,10.760956],[108.020722,10.767676],[108.021101,10.770017],[108.022058,10.773686],[108.023696,10.781613],[108.024056,10.782743],[108.024255,10.784526],[108.0246,10.785641],[108.025241,10.788832],[108.025376,10.790393],[108.02598,10.792503],[108.026567,10.795272],[108.027568,10.798911],[108.027855,10.800456],[108.028612,10.802723],[108.030051,10.808141],[108.031448,10.812553],[108.032267,10.815897],[108.033366,10.819047],[108.033641,10.820311],[108.03735,10.830503],[108.040395,10.83792],[108.042008,10.841293],[108.043004,10.843926],[108.043448,10.844629],[108.044544,10.846938],[108.045829,10.84989],[108.047071,10.852121],[108.04861,10.855585],[108.049033,10.856192],[108.050041,10.858639],[108.053111,10.865073],[108.054196,10.867032],[108.055014,10.868158],[108.056118,10.870649],[108.060255,10.878729],[108.063011,10.883468],[108.06281,10.884078],[108.063082,10.884227],[108.063165,10.883479],[108.061608,10.880646],[108.061654,10.880445],[108.06179,10.880491],[108.063515,10.883563],[108.071182,10.896269],[108.07526,10.902607],[108.07711,10.90605],[108.077594,10.906759],[108.078428,10.907618],[108.079041,10.908577],[108.079538,10.909047],[108.080515,10.909296],[108.081345,10.909154],[108.081433,10.909418],[108.081076,10.910012],[108.081188,10.910395],[108.081722,10.910735],[108.082543,10.910897],[108.08317,10.910136],[108.088052,10.914204],[108.094313,10.91806],[108.09976,10.919031],[108.101223,10.919144],[108.100966,10.92016],[108.101001,10.920361],[108.101199,10.920452],[108.101569,10.920445],[108.101557,10.920237],[108.104391,10.920181],[108.104866,10.920182],[108.104878,10.920408],[108.105501,10.920395],[108.106481,10.920136],[108.106133,10.919203],[108.106002,10.919255],[108.105688,10.918483],[108.104994,10.917551],[108.105021,10.916945],[108.103055,10.915575],[108.102812,10.915243],[108.102808,10.914906],[108.103235,10.91425],[108.103624,10.913802],[108.10398,10.91377],[108.104483,10.914205],[108.105551,10.915606],[108.106334,10.916395],[108.107475,10.916979],[108.108548,10.917025],[108.109451,10.917407],[108.111275,10.920163],[108.112136,10.921125],[108.11405,10.922763],[108.119554,10.926809],[108.123119,10.928857],[108.123583,10.928905],[108.127242,10.931023],[108.128256,10.931206],[108.129388,10.931629],[108.131119,10.932069],[108.133082,10.932345],[108.133268,10.932497],[108.137446,10.93325],[108.137497,10.931101],[108.137279,10.930171],[108.138611,10.931184],[108.139968,10.931949],[108.141443,10.932436],[108.142182,10.932544],[108.143161,10.931999],[108.144858,10.932048],[108.145654,10.931807],[108.146742,10.931803],[108.148736,10.931229],[108.150272,10.93142],[108.15153,10.931366],[108.153183,10.930473],[108.154981,10.930576],[108.156264,10.929967],[108.159038,10.930212],[108.160171,10.930099],[108.162078,10.930545],[108.162869,10.929519],[108.163555,10.929616],[108.163436,10.930062],[108.164162,10.930654],[108.165204,10.930849],[108.16586,10.930666],[108.166524,10.931252],[108.166969,10.931442],[108.167189,10.931435],[108.167425,10.931119],[108.167752,10.931122],[108.167832,10.931618],[108.168538,10.932426],[108.169581,10.93335],[108.171072,10.934248],[108.171642,10.934496],[108.172188,10.934569],[108.172615,10.934184],[108.172913,10.934587],[108.174243,10.935263],[108.174627,10.935255],[108.175343,10.935769],[108.176186,10.936108],[108.177221,10.936127],[108.178119,10.935888],[108.178295,10.935145],[108.178775,10.934946],[108.18011,10.93602],[108.181002,10.936451],[108.181919,10.936603],[108.182694,10.936534],[108.183209,10.936251],[108.183997,10.935365],[108.185153,10.935911],[108.186002,10.936167],[108.188186,10.936398],[108.1896,10.936286],[108.190062,10.936491],[108.190763,10.937043],[108.19339,10.939564],[108.195431,10.941263],[108.206742,10.948442],[108.207918,10.948902],[108.209563,10.949883],[108.210422,10.95013],[108.212386,10.951161],[108.214786,10.952197],[108.217168,10.952993],[108.222063,10.954128],[108.223696,10.954391],[108.227931,10.954659],[108.231948,10.954562],[108.235958,10.954005],[108.240834,10.953065],[108.252129,10.950536],[108.254209,10.949892],[108.255755,10.949096],[108.259747,10.948156],[108.270125,10.9449],[108.274533,10.943025],[108.276246,10.942158],[108.278464,10.940816],[108.280459,10.939378],[108.280664,10.939143],[108.280877,10.938091],[108.281275,10.937413],[108.281657,10.93614],[108.281763,10.934778],[108.28165,10.933687],[108.280929,10.929905],[108.281305,10.927685],[108.283106,10.92136],[108.282992,10.920733],[108.282591,10.9201],[108.282023,10.919643],[108.281588,10.919538],[108.281231,10.919599],[108.281018,10.919454],[108.280357,10.918543],[108.280944,10.917777],[108.281074,10.91703],[108.28144,10.916797],[108.281738,10.915863],[108.281931,10.915707],[108.282391,10.915816],[108.282655,10.915681],[108.283492,10.91577],[108.284441,10.916336],[108.284649,10.915948],[108.28498,10.916014],[108.285116,10.915814],[108.285387,10.915706],[108.285448,10.915267],[108.285609,10.915131],[108.286223,10.915426],[108.286436,10.915351],[108.286665,10.915005],[108.287027,10.915039],[108.287113,10.914691],[108.288417,10.914935],[108.288516,10.914741],[108.288987,10.914572],[108.289077,10.914267],[108.288845,10.91406],[108.288841,10.913833],[108.289296,10.913634],[108.289713,10.913784],[108.291015,10.913894],[108.291309,10.913807],[108.291526,10.913911],[108.29172,10.913855],[108.291655,10.913646],[108.291862,10.913514],[108.292158,10.913818],[108.29318,10.914125],[108.293894,10.914741],[108.294299,10.914772],[108.294894,10.914617],[108.295524,10.914707],[108.295692,10.914951],[108.295539,10.915392],[108.295674,10.915609],[108.295376,10.915758],[108.294916,10.916442],[108.294628,10.916526],[108.29461,10.916896],[108.294951,10.91827],[108.294836,10.918961],[108.294972,10.919177],[108.294765,10.919526],[108.294722,10.919956],[108.294863,10.920426],[108.2948,10.920932],[108.295041,10.923134],[108.295443,10.925824],[108.296002,10.928181],[108.295821,10.928954],[108.296348,10.929523],[108.296781,10.931946],[108.29684,10.932912],[108.298925,10.939777],[108.299579,10.941312],[108.299641,10.941906],[108.299831,10.942338],[108.301087,10.94473],[108.301968,10.946736],[108.302704,10.947784],[108.303607,10.949609],[108.30466,10.950775],[108.305367,10.951862],[108.308093,10.95529],[108.309254,10.956457],[108.311031,10.957888],[108.312474,10.958828],[108.314084,10.959493],[108.316015,10.959959],[108.318315,10.960238],[108.321779,10.960297],[108.323667,10.960095],[108.32426,10.959192],[108.326619,10.958428],[108.328092,10.957539],[108.328527,10.956843],[108.328264,10.956399],[108.328232,10.954725],[108.32838,10.954368],[108.329742,10.953418],[108.329965,10.953134],[108.33007,10.952631],[108.330616,10.952106],[108.331082,10.951392],[108.331272,10.951313],[108.331445,10.951395],[108.331725,10.951185],[108.332302,10.951045],[108.332653,10.951187],[108.333149,10.951201],[108.33347,10.950983],[108.33379,10.951015],[108.33392,10.951237],[108.334486,10.95149],[108.334832,10.951323],[108.335236,10.951455],[108.335636,10.951321],[108.335914,10.95144],[108.336214,10.951295],[108.33672,10.951376],[108.336841,10.951474],[108.336751,10.951791],[108.336922,10.952186],[108.337259,10.952288],[108.337529,10.952678],[108.338032,10.9528],[108.338176,10.95326],[108.338108,10.95385],[108.338299,10.953798],[108.338626,10.954063],[108.338583,10.954446],[108.33878,10.954785],[108.339406,10.955107],[108.339569,10.955082],[108.339317,10.955262],[108.339166,10.956226],[108.339224,10.956477],[108.339462,10.956587],[108.339671,10.956917],[108.339749,10.957309],[108.340227,10.957848],[108.340057,10.958425],[108.339562,10.958917],[108.339545,10.959358],[108.339755,10.960185],[108.339583,10.960772],[108.339872,10.961778],[108.33988,10.96327],[108.34029,10.965303],[108.340471,10.966961],[108.340785,10.967816],[108.340914,10.968607],[108.340934,10.970357],[108.341568,10.972507],[108.341508,10.973539],[108.341928,10.974525],[108.342505,10.978159],[108.343046,10.980115],[108.343703,10.983399],[108.343714,10.984336],[108.344267,10.985278],[108.34429,10.985929],[108.344556,10.986543],[108.344499,10.987277],[108.344943,10.988758],[108.345415,10.991201],[108.345815,10.991914],[108.346226,10.9935],[108.346465,10.993808],[108.346742,10.995254],[108.347237,10.996215],[108.347424,10.996991],[108.347823,10.997841],[108.348066,10.999063],[108.349049,11.001962],[108.349888,11.003906],[108.350296,11.0053],[108.350895,11.006482],[108.351719,11.008597],[108.353195,11.01152],[108.353913,11.012635],[108.354531,11.013886],[108.357641,11.018388],[108.361176,11.022521],[108.363096,11.024326],[108.364992,11.025533],[108.366566,11.026304],[108.367514,11.026565],[108.368776,11.026703],[108.369606,11.028002],[108.371542,11.030264],[108.373886,11.032217],[108.375533,11.03313],[108.37678,11.033648],[108.377709,11.033873],[108.379814,11.033978],[108.381865,11.034282],[108.383285,11.034696],[108.384761,11.034451],[108.385871,11.034482],[108.386838,11.034347],[108.387095,11.034104],[108.387613,11.032854],[108.387517,11.032244],[108.388794,11.032327],[108.389493,11.032132],[108.389605,11.031731],[108.389891,11.031461],[108.389924,11.030974],[108.390041,11.030896],[108.390569,11.03103],[108.390934,11.030904],[108.391281,11.030971],[108.391965,11.031637],[108.393881,11.032771],[108.39449,11.032334],[108.39469,11.032604],[108.395025,11.032713],[108.395373,11.032536],[108.396583,11.032719],[108.397572,11.032527],[108.398449,11.032878],[108.398894,11.032911],[108.401442,11.032665],[108.40641,11.033307],[108.407468,11.033195],[108.408512,11.03329],[108.409637,11.033137],[108.410782,11.032745],[108.412008,11.031991],[108.412177,11.02985],[108.412465,11.029357],[108.411893,11.028297],[108.411879,11.028033],[108.412307,11.02791],[108.412545,11.027569],[108.413148,11.027448],[108.413458,11.026818],[108.413854,11.026621],[108.414164,11.026607],[108.414486,11.026895],[108.4146,11.027313],[108.415396,11.027773],[108.416322,11.028588],[108.416556,11.029276],[108.416473,11.029613],[108.417199,11.030806],[108.418008,11.031525],[108.418398,11.032098],[108.418839,11.032249],[108.419007,11.032588],[108.419972,11.032989],[108.420107,11.033318],[108.420048,11.033757],[108.421527,11.0363],[108.423785,11.03936],[108.424821,11.04044],[108.427646,11.042816],[108.431477,11.045374],[108.434579,11.047083],[108.435131,11.047574],[108.435017,11.047174],[108.435271,11.047204],[108.435556,11.047042],[108.437046,11.047621],[108.442426,11.048246],[108.443109,11.048232],[108.443769,11.048047],[108.44583,11.048105],[108.446589,11.047932],[108.447859,11.047273],[108.449117,11.046154],[108.449151,11.045902],[108.448889,11.045298],[108.448923,11.04514],[108.449589,11.044629],[108.450714,11.044037],[108.454039,11.0432],[108.456419,11.041711],[108.457418,11.040928],[108.458371,11.040504],[108.459407,11.040417],[108.460512,11.040772],[108.461399,11.041685],[108.462188,11.041987],[108.464655,11.04333],[108.465724,11.044672],[108.466421,11.044922],[108.466643,11.045493],[108.46703,11.045586],[108.46764,11.045224],[108.468267,11.045316],[108.46845,11.045526],[108.468433,11.046274],[108.468896,11.046878],[108.469788,11.047292],[108.470113,11.047137],[108.470416,11.04717],[108.470917,11.047928],[108.472336,11.048353],[108.472937,11.049027],[108.47341,11.049201],[108.47394,11.049052],[108.474504,11.048194],[108.474628,11.048159],[108.475385,11.048613],[108.475516,11.04895],[108.475433,11.049066],[108.474839,11.049552],[108.474483,11.049616],[108.474457,11.050328],[108.474671,11.051257],[108.47479,11.052617],[108.476631,11.061167],[108.479603,11.07204],[108.483047,11.082291],[108.484966,11.0875],[108.487675,11.094449],[108.493556,11.108154],[108.496386,11.114227],[108.500165,11.121856],[108.502924,11.127301],[108.505903,11.132836],[108.509416,11.138281],[108.512622,11.14279],[108.514959,11.145547],[108.517624,11.148319],[108.52029,11.150837],[108.52107,11.151403],[108.522198,11.151943],[108.523184,11.152167],[108.52432,11.152235],[108.525423,11.153605],[108.526159,11.154243],[108.526954,11.154723],[108.528974,11.155576],[108.531588,11.156439],[108.532803,11.156473],[108.533565,11.156283],[108.53399,11.155828],[108.534131,11.154653],[108.5348,11.154558],[108.537798,11.156833],[108.53997,11.1581],[108.547197,11.160742],[108.554495,11.162036],[108.55919,11.163293],[108.560498,11.163203],[108.562083,11.162769],[108.562245,11.163072],[108.563789,11.164313],[108.563623,11.162836],[108.566384,11.165911],[108.5696,11.170537],[108.57369,11.174902],[108.57741,11.177724],[108.580251,11.179624],[108.582722,11.180935],[108.587272,11.182753],[108.589349,11.183368],[108.592781,11.1841],[108.595914,11.184484],[108.597512,11.184534],[108.601566,11.184473],[108.605342,11.184184],[108.611498,11.183143],[108.612775,11.182674],[108.614349,11.181878],[108.615427,11.181018],[108.615617,11.180741],[108.61559,11.180514],[108.615041,11.179389],[108.615219,11.178637],[108.615045,11.178154],[108.615348,11.177723],[108.61514,11.177265],[108.615158,11.176912],[108.615512,11.176593],[108.615504,11.176397],[108.615763,11.176057],[108.616006,11.176054],[108.61615,11.175902],[108.616424,11.175842],[108.616901,11.176109],[108.61723,11.176157],[108.617495,11.175984],[108.617805,11.175989],[108.617875,11.175815],[108.618049,11.175766],[108.618832,11.176559],[108.619136,11.177409],[108.619437,11.177862],[108.619909,11.179482],[108.621352,11.180264],[108.621727,11.180682],[108.621609,11.181066],[108.621597,11.181928],[108.621451,11.182297],[108.621576,11.182555],[108.624542,11.184802],[108.628757,11.187482],[108.630737,11.188441],[108.632614,11.189148],[108.635071,11.189845],[108.637555,11.190329],[108.640116,11.190661],[108.642982,11.190828],[108.64393,11.190687],[108.644461,11.190367],[108.645141,11.190263],[108.645516,11.190529],[108.64606,11.191704],[108.647013,11.192457],[108.6491,11.193162],[108.650948,11.193387],[108.653533,11.193484],[108.66101,11.193137],[108.665113,11.192601],[108.671144,11.191357],[108.678276,11.189494],[108.689232,11.18574],[108.690101,11.185607],[108.69382,11.184226],[108.697593,11.182553],[108.700746,11.1805],[108.702379,11.178846],[108.70282,11.177861],[108.702986,11.177133],[108.702963,11.175788],[108.702459,11.173539],[108.702866,11.17305],[108.703337,11.170954],[108.703589,11.17078],[108.704041,11.170077],[108.704537,11.169956],[108.704673,11.169811],[108.705509,11.168366],[108.705423,11.167035],[108.705016,11.166729],[108.704712,11.166233],[108.704356,11.165917],[108.70397,11.165766],[108.703727,11.165212],[108.703868,11.164819],[108.70411,11.164866],[108.70441,11.164596],[108.705532,11.16542],[108.706561,11.165093],[108.70675,11.16526],[108.707305,11.165347],[108.707719,11.165635],[108.708306,11.16575],[108.709285,11.166652],[108.709491,11.167048],[108.709522,11.167454],[108.709957,11.168134],[108.71002,11.168397],[108.709678,11.168774],[108.709765,11.169493],[108.709643,11.169827],[108.710053,11.171577],[108.71122,11.174447],[108.712115,11.175783],[108.713178,11.176551],[108.713731,11.176746],[108.713858,11.176739],[108.71398,11.176491],[108.714269,11.176658],[108.715109,11.176364],[108.715524,11.176607],[108.716217,11.176785],[108.716958,11.177284],[108.717416,11.177191],[108.717861,11.177434],[108.718251,11.177238],[108.71859,11.177296],[108.718955,11.177822],[108.720286,11.17826],[108.720606,11.178762],[108.721318,11.179189],[108.721965,11.179319],[108.723214,11.179903],[108.724158,11.180681],[108.724884,11.18083],[108.725456,11.181145],[108.72599,11.181759],[108.726455,11.182002],[108.726935,11.18246],[108.727238,11.182414],[108.727322,11.182693],[108.727701,11.183018],[108.727937,11.182984],[108.728081,11.18319],[108.72836,11.183264],[108.728788,11.184271],[108.729092,11.184381],[108.729398,11.184689],[108.729308,11.184812],[108.729709,11.185498],[108.729906,11.185643],[108.729713,11.186235],[108.730059,11.187208],[108.729883,11.188039],[108.729912,11.188594],[108.730312,11.18952],[108.73053,11.190433],[108.730839,11.190732],[108.73086,11.190573],[108.730955,11.190676],[108.730865,11.190903],[108.730969,11.191002],[108.730947,11.191238],[108.731281,11.191586],[108.731183,11.192924],[108.731459,11.196178],[108.731724,11.201732],[108.731979,11.204138],[108.732619,11.207418],[108.734117,11.212634],[108.735466,11.215922],[108.736222,11.216903],[108.737928,11.218028],[108.738669,11.218973],[108.739016,11.219163],[108.740315,11.219467],[108.740094,11.21982],[108.740017,11.222381],[108.740224,11.221571],[108.740732,11.221449],[108.740353,11.222491],[108.740987,11.224261],[108.741412,11.224945],[108.741523,11.225599],[108.742157,11.226328],[108.742758,11.227459],[108.743313,11.22803],[108.743871,11.228292],[108.743782,11.228945],[108.744098,11.22998],[108.745033,11.231185],[108.745612,11.231498],[108.745405,11.232642],[108.745447,11.233833],[108.745303,11.234543],[108.74514,11.238616],[108.745324,11.242137],[108.746481,11.245711],[108.747136,11.246976],[108.747857,11.249347],[108.748811,11.251387],[108.750893,11.254765],[108.750861,11.255323],[108.750767,11.255343],[108.750705,11.254808],[108.750377,11.25459],[108.750278,11.254384],[108.749819,11.254357],[108.749791,11.254618],[108.750205,11.254509],[108.750421,11.254762],[108.750645,11.255127],[108.750975,11.256684],[108.751265,11.257158],[108.751672,11.257516],[108.751557,11.257803],[108.751605,11.258172],[108.75129,11.260593],[108.751139,11.265915],[108.751518,11.270144],[108.751936,11.271372],[108.75223,11.272902],[108.752147,11.273042],[108.752066,11.273001],[108.752312,11.27333],[108.752787,11.275315],[108.753742,11.277836],[108.75411,11.278433],[108.754405,11.279464],[108.756513,11.282523],[108.757882,11.283696],[108.760142,11.285126],[108.763819,11.286535],[108.765705,11.28688],[108.766706,11.286796],[108.767584,11.286088],[108.767714,11.285719],[108.767944,11.285705],[108.768022,11.285843],[108.767947,11.286082],[108.767695,11.286256],[108.767859,11.286921],[108.768108,11.287234],[108.768529,11.287641],[108.769014,11.287904],[108.771089,11.28805],[108.771053,11.288349],[108.771368,11.288608],[108.771314,11.289129],[108.771819,11.288984],[108.771961,11.288818],[108.772508,11.288889],[108.772985,11.288605],[108.774084,11.288434],[108.77504,11.287994],[108.776131,11.287878],[108.776647,11.288159],[108.776766,11.288462],[108.777045,11.292334],[108.778432,11.29434],[108.779089,11.29598],[108.779304,11.297607],[108.779653,11.298553],[108.780472,11.299981],[108.780929,11.304464],[108.781097,11.305368],[108.781472,11.306315],[108.782476,11.307989],[108.78408,11.30979],[108.784809,11.311039],[108.786315,11.312152],[108.78966,11.313352],[108.792896,11.314054],[108.79343,11.311607],[108.794483,11.311753],[108.795479,11.307396],[108.796423,11.30757],[108.796425,11.307224],[108.796764,11.30731],[108.796653,11.30762],[108.797445,11.307775],[108.799047,11.300183],[108.805743,11.299311],[108.809936,11.300146],[108.812441,11.303059],[108.81157,11.307447],[108.811054,11.310781],[108.8108,11.311216],[108.811605,11.311097],[108.811878,11.310816],[108.812003,11.310865],[108.812127,11.311229],[108.812235,11.311029],[108.812564,11.31107],[108.812624,11.31086],[108.816639,11.311683],[108.816609,11.311932],[108.817141,11.312041],[108.8169,11.31312],[108.816823,11.31311],[108.815094,11.321179],[108.815324,11.321362],[108.815816,11.321605],[108.816583,11.321635],[108.82019,11.320657],[108.821823,11.32066],[108.822677,11.320004],[108.822891,11.319539],[108.82317,11.319349],[108.825361,11.319992],[108.826211,11.31975],[108.827009,11.319846],[108.827424,11.319467],[108.828547,11.320232],[108.829322,11.320327],[108.831397,11.321533],[108.832645,11.322509],[108.83331,11.322255],[108.833809,11.322393],[108.835067,11.323205],[108.836031,11.32346],[108.836382,11.323457],[108.836614,11.323126],[108.836982,11.32309],[108.837998,11.323303],[108.838442,11.323608],[108.838739,11.324007],[108.839271,11.32425],[108.839737,11.325093],[108.839993,11.325325],[108.83994,11.326096],[108.840098,11.326828],[108.840091,11.327688],[108.840815,11.3284],[108.841692,11.328873],[108.843005,11.329805],[108.844624,11.331885],[108.845768,11.332372],[108.84912,11.333103],[108.851688,11.334394],[108.853009,11.334628],[108.8541,11.33465],[108.85471,11.334603],[108.857696,11.333914],[108.858639,11.334158],[108.859184,11.334168],[108.859611,11.333829],[108.86076,11.333709],[108.861277,11.332761],[108.861479,11.332858],[108.861781,11.332716],[108.861928,11.332502],[108.862396,11.332697],[108.862494,11.332655],[108.862481,11.332468],[108.862752,11.332527],[108.862835,11.332423],[108.862974,11.332577],[108.863459,11.332585],[108.863747,11.332783],[108.864517,11.332961],[108.865357,11.333455],[108.866333,11.333457],[108.866376,11.334745],[108.86721,11.334656],[108.869619,11.333866],[108.870534,11.333887],[108.871209,11.334044],[108.872378,11.334538],[108.873336,11.335351],[108.874085,11.336276],[108.874984,11.337689],[108.875893,11.339553],[108.876149,11.340445],[108.876214,11.341193],[108.876634,11.354382],[108.87607,11.354102],[108.875784,11.353821],[108.874715,11.353502],[108.874279,11.353509],[108.872113,11.353816],[108.871595,11.353987],[108.870992,11.354279],[108.870439,11.354925],[108.87009,11.354932],[108.869452,11.354755],[108.868205,11.353632],[108.868077,11.35321],[108.867755,11.352878],[108.867393,11.35279],[108.866763,11.352367],[108.86637,11.352349],[108.866349,11.351909],[108.865536,11.351806],[108.864118,11.352691],[108.860294,11.354614],[108.856881,11.356153],[108.855609,11.356976],[108.855068,11.35746],[108.854858,11.358348],[108.854437,11.35918],[108.852699,11.36038],[108.851982,11.360329],[108.851468,11.361],[108.8509,11.361198],[108.850607,11.361479],[108.850484,11.361724],[108.850479,11.362248],[108.850248,11.362548],[108.850237,11.363072],[108.849775,11.363361],[108.849361,11.363993],[108.847061,11.364682],[108.845648,11.365687],[108.845435,11.366605],[108.843956,11.377074],[108.801571,11.383297],[108.785037,11.388317],[108.783349,11.393915],[108.757215,11.411389],[108.760313,11.449093],[108.761769,11.470523],[108.751777,11.471173],[108.750915,11.471313],[108.724888,11.469321],[108.723353,11.467134],[108.722734,11.466696],[108.721552,11.466317],[108.720929,11.465885],[108.719915,11.464561],[108.718991,11.46379],[108.71836,11.463502],[108.717464,11.463396],[108.716413,11.462833],[108.716009,11.462465],[108.715357,11.462351],[108.714736,11.462039],[108.713141,11.461754],[108.712225,11.461897],[108.711579,11.462277],[108.700455,11.466961],[108.678753,11.473405],[108.663841,11.500684],[108.658915,11.504848],[108.643657,11.550673],[108.626777,11.553015],[108.62168,11.552788],[108.582407,11.555909],[108.582454,11.557044],[108.582295,11.55786],[108.582586,11.559179],[108.582297,11.559626],[108.581709,11.560079],[108.581011,11.561204],[108.580222,11.562155],[108.578593,11.563697],[108.578078,11.564331],[108.57764,11.565396],[108.577051,11.566187],[108.576822,11.567292],[108.576453,11.567814],[108.576547,11.568853],[108.576165,11.570105],[108.574303,11.57277],[108.573925,11.575147],[108.573159,11.576425],[108.572591,11.577818],[108.571839,11.579247],[108.571583,11.579503],[108.571013,11.579735],[108.569289,11.579893],[108.566606,11.581382],[108.555207,11.596719],[108.553223,11.599265],[108.55182,11.600693],[108.551542,11.60119],[108.551619,11.60173],[108.552252,11.602579],[108.552801,11.603714],[108.553476,11.606105],[108.553204,11.607315],[108.552482,11.608491],[108.552493,11.609548],[108.552233,11.610863],[108.551738,11.611245],[108.552034,11.61205],[108.552607,11.612514],[108.552428,11.614171],[108.552537,11.614435],[108.552807,11.614662],[108.552829,11.616542],[108.553211,11.617319],[108.553504,11.617638],[108.553653,11.618391],[108.553951,11.618916],[108.553666,11.619803],[108.55249,11.620102],[108.553003,11.622144],[108.553474,11.622888],[108.553629,11.623409],[108.553317,11.624065],[108.553217,11.625485],[108.553012,11.631452],[108.553133,11.632058],[108.55346,11.632726],[108.553782,11.632986],[108.555835,11.633127],[108.556482,11.633292],[108.559338,11.635268],[108.559952,11.636143],[108.560348,11.637211],[108.560577,11.639817],[108.560421,11.640593],[108.562332,11.642541],[108.564557,11.642271],[108.567632,11.642488],[108.573219,11.639687],[108.574059,11.639399],[108.574773,11.639371],[108.575477,11.639489],[108.576242,11.639782],[108.577915,11.640986],[108.578582,11.641304],[108.580341,11.641762],[108.580986,11.641784],[108.582595,11.641147],[108.584918,11.640754],[108.585375,11.641769],[108.585888,11.642554],[108.586274,11.642923],[108.587422,11.643653],[108.588427,11.644782],[108.589434,11.645458],[108.591348,11.646421],[108.592908,11.647493],[108.593795,11.647882],[108.594258,11.648364],[108.594635,11.648567],[108.597069,11.648483],[108.599355,11.649214],[108.599913,11.649027],[108.601304,11.648197],[108.602373,11.647937],[108.603634,11.647834],[108.604513,11.648128],[108.605258,11.648629],[108.606134,11.649471],[108.606606,11.649674],[108.608167,11.649834],[108.609923,11.649536],[108.610734,11.649526],[108.611975,11.649788],[108.614146,11.650561],[108.614878,11.650602],[108.615541,11.650408],[108.616475,11.650424],[108.619842,11.651372],[108.620531,11.651266],[108.622145,11.650297],[108.623257,11.650098],[108.62374,11.650337],[108.624186,11.650748],[108.62434,11.651384],[108.624332,11.65234],[108.624555,11.65293],[108.625381,11.653849],[108.62603,11.654145],[108.626779,11.654851],[108.627889,11.655171],[108.628819,11.655771],[108.629751,11.655702],[108.631115,11.655897],[108.633057,11.656893],[108.633594,11.657494],[108.634216,11.65795],[108.634666,11.65811],[108.635982,11.658244],[108.638028,11.658775],[108.638436,11.659112],[108.638894,11.659758],[108.642051,11.660585],[108.642859,11.661223],[108.644061,11.661396],[108.644791,11.661753],[108.645448,11.66179],[108.646546,11.663055],[108.649565,11.664248],[108.650422,11.664519],[108.650858,11.664532],[108.652716,11.664168],[108.653176,11.663883],[108.653226,11.664249],[108.653403,11.66447],[108.65508,11.665684],[108.655897,11.666104],[108.656437,11.666661],[108.657244,11.667145],[108.657508,11.667373],[108.657895,11.668099],[108.658951,11.668759],[108.661128,11.667957],[108.661935,11.668013],[108.66326,11.668311],[108.663804,11.668181],[108.664045,11.668007],[108.664207,11.667439],[108.664721,11.666927],[108.665393,11.665919],[108.666937,11.664697],[108.668191,11.663944],[108.669289,11.663736],[108.670705,11.66377],[108.671902,11.663957],[108.672591,11.664988],[108.672811,11.666138],[108.673175,11.666982],[108.673951,11.667607],[108.676481,11.66854],[108.678226,11.669404],[108.67857,11.669682],[108.679021,11.670623],[108.679581,11.672639],[108.67985,11.673077],[108.680705,11.673989],[108.682396,11.675265],[108.68318,11.676213],[108.683681,11.677229],[108.684324,11.679579],[108.684957,11.680282],[108.685937,11.680822],[108.686146,11.681516],[108.686701,11.682579],[108.686696,11.683152],[108.686314,11.684028],[108.686366,11.684785],[108.686551,11.685741],[108.686945,11.686873],[108.687602,11.687933],[108.68771,11.688758],[108.68926,11.691115],[108.689468,11.691862],[108.690265,11.692087],[108.690621,11.693434],[108.690927,11.69378],[108.691501,11.694143],[108.691711,11.695284],[108.692096,11.696089],[108.692218,11.696798],[108.692146,11.697181],[108.692394,11.697597],[108.693342,11.698404],[108.694815,11.69882],[108.695928,11.698793],[108.697435,11.699673],[108.699018,11.699259],[108.699886,11.698779],[108.700341,11.698781],[108.701132,11.699122],[108.7009,11.699562],[108.701055,11.700201],[108.700657,11.702113],[108.699938,11.703182],[108.699404,11.703466],[108.698887,11.704089],[108.698381,11.704487],[108.697752,11.705997],[108.696618,11.707187],[108.695973,11.708411],[108.695784,11.709149],[108.695045,11.71675],[108.693882,11.722555],[108.689534,11.732807],[108.684033,11.737091],[108.666868,11.747725],[108.666662,11.74823],[108.666623,11.749129],[108.666803,11.749754],[108.666819,11.750361],[108.666344,11.75192],[108.665191,11.754294],[108.66535,11.754882],[108.66494,11.756865],[108.665082,11.758031],[108.664982,11.758927],[108.663666,11.759667],[108.663306,11.760188],[108.662906,11.761487],[108.66293,11.762607],[108.663255,11.7634],[108.663266,11.764173],[108.663405,11.764662],[108.66376,11.765392],[108.664329,11.766236],[108.665583,11.767017],[108.666087,11.76756],[108.667352,11.770263],[108.66866,11.772108],[108.668993,11.772773],[108.670181,11.77581],[108.671319,11.77754],[108.671721,11.77934],[108.672413,11.781517],[108.672574,11.783208],[108.671691,11.784808],[108.669563,11.786368],[108.668744,11.788203],[108.668259,11.788892],[108.66578,11.78842],[108.664379,11.787865],[108.66076,11.789649],[108.658303,11.789832],[108.657078,11.790306],[108.656543,11.790823],[108.655874,11.792148],[108.655055,11.792587],[108.653496,11.792892],[108.651504,11.792926],[108.649192,11.793269],[108.646418,11.793367],[108.644055,11.79315],[108.642179,11.793211],[108.640589,11.793828],[108.637349,11.793951],[108.636823,11.793846],[108.635547,11.794459],[108.634499,11.795801],[108.633182,11.795398],[108.632673,11.795398],[108.63143,11.795727],[108.630681,11.796471],[108.63004,11.797597],[108.628956,11.798229],[108.628062,11.799281],[108.627206,11.799602],[108.62619,11.799647],[108.623596,11.800776],[108.621214,11.802775],[108.61978,11.803356],[108.61952,11.803901],[108.619417,11.804526],[108.619546,11.805379],[108.620271,11.807102],[108.620306,11.807534],[108.620079,11.808529],[108.620186,11.809547],[108.621147,11.809963],[108.621957,11.810857],[108.623343,11.811349],[108.625084,11.812846],[108.625234,11.813109],[108.625959,11.813502],[108.625965,11.814456],[108.626425,11.815857],[108.626369,11.817229],[108.627551,11.818743],[108.627566,11.819118],[108.626963,11.819711],[108.626513,11.819901],[108.626137,11.820445],[108.625351,11.822337],[108.625491,11.823625],[108.625424,11.82467],[108.624987,11.826132],[108.625363,11.827168],[108.625709,11.829358],[108.62528,11.830657],[108.625589,11.831356],[108.6258,11.831511],[108.626717,11.831396],[108.627829,11.831834],[108.628342,11.831486],[108.628852,11.831381],[108.629662,11.831482],[108.630141,11.830586],[108.630203,11.830239],[108.63007,11.829835],[108.630321,11.829539],[108.631482,11.829348],[108.632559,11.828876],[108.63295,11.828998],[108.633353,11.830127],[108.633707,11.830313],[108.634235,11.831113],[108.634618,11.829488],[108.634807,11.829557],[108.636155,11.83094],[108.636654,11.830945],[108.638089,11.830369],[108.639131,11.830895],[108.639652,11.830823],[108.63989,11.830633],[108.640136,11.830714],[108.640435,11.831092],[108.640563,11.831598],[108.642234,11.832018],[108.643092,11.832362],[108.643635,11.832734],[108.644601,11.83429],[108.645413,11.834595],[108.645552,11.834757],[108.646086,11.835674],[108.646391,11.83656],[108.646868,11.837012],[108.64702,11.837545],[108.647885,11.838635],[108.648476,11.839664],[108.650236,11.840669],[108.650512,11.841513],[108.65114,11.842245],[108.651675,11.843125],[108.653181,11.846205],[108.653249,11.846853],[108.652993,11.847756],[108.653718,11.849517],[108.653611,11.850247],[108.653706,11.850743],[108.653556,11.851391],[108.6539,11.852381],[108.653755,11.85432],[108.653362,11.855422],[108.653252,11.856463],[108.652648,11.857259],[108.65258,11.858401],[108.652029,11.859803],[108.651886,11.860551],[108.652003,11.861207],[108.651903,11.861475],[108.651536,11.862094],[108.650698,11.862862],[108.65028,11.863069],[108.650171,11.863347],[108.650209,11.863954],[108.65119,11.866523],[108.652267,11.868046],[108.652508,11.869283],[108.652204,11.87029],[108.65221,11.871476],[108.651877,11.872095],[108.651919,11.872657],[108.6524,11.873971],[108.65545,11.88643],[108.655851,11.887236],[108.655149,11.888751],[108.655372,11.889891],[108.654964,11.890987],[108.654807,11.891263],[108.653485,11.892515],[108.65321,11.892857],[108.65318,11.893157],[108.653543,11.89424],[108.653589,11.89525],[108.653814,11.896123],[108.655536,11.897904],[108.656021,11.898744],[108.65598,11.899231],[108.655401,11.900564],[108.655355,11.901241],[108.655635,11.901667],[108.656098,11.902072],[108.658036,11.902432],[108.658567,11.903454],[108.658784,11.903642],[108.659548,11.903649],[108.660133,11.903395],[108.660124,11.904464],[108.660318,11.904781],[108.660394,11.905291],[108.660124,11.906107],[108.660142,11.906573],[108.660943,11.90914],[108.662892,11.912126],[108.663156,11.913048],[108.664,11.914094],[108.661736,11.925024],[108.660564,11.925809],[108.660356,11.926062],[108.660213,11.926781],[108.660318,11.927023],[108.661505,11.927652],[108.662672,11.927808],[108.662612,11.929355],[108.662146,11.930685],[108.663045,11.932308],[108.663652,11.933968],[108.6646,11.935563],[108.66517,11.936822],[108.665607,11.938544],[108.665421,11.939403],[108.664545,11.940098],[108.664251,11.940582],[108.664149,11.94266],[108.663866,11.943996],[108.664071,11.944964],[108.665236,11.946165],[108.664966,11.946889],[108.664275,11.947747],[108.66361,11.949275],[108.66338,11.949525],[108.662291,11.949989],[108.66164,11.950123],[108.660754,11.950554],[108.659927,11.95063],[108.659814,11.950944],[108.659962,11.952579],[108.660496,11.95346],[108.660327,11.954749],[108.661961,11.957725],[108.661995,11.959397],[108.661659,11.961135],[108.661742,11.961711],[108.664953,11.966643],[108.680743,11.984628],[108.680819,11.985303],[108.682527,11.990281],[108.683326,11.990627],[108.684665,11.990839],[108.685025,11.991086],[108.685324,11.991512],[108.684927,11.992262],[108.684801,11.992761],[108.684495,11.994916],[108.683527,11.995683],[108.683258,11.996389],[108.684054,11.997629],[108.684017,11.998143],[108.683836,11.99844],[108.683642,11.999302],[108.683847,12.000159],[108.683699,12.000818],[108.683064,12.001447],[108.682941,12.002225],[108.68303,12.003018],[108.683704,12.00371],[108.68377,12.003968],[108.68324,12.004788],[108.682192,12.005269],[108.681589,12.005784],[108.680926,12.007493],[108.681317,12.009117],[108.681001,12.009586],[108.679876,12.010529],[108.679774,12.01102],[108.679902,12.01175],[108.680361,12.012944],[108.68152,12.014383],[108.681967,12.015259],[108.682964,12.018178],[108.683471,12.018384],[108.683796,12.018739],[108.684089,12.019351],[108.684463,12.020752],[108.685902,12.022127],[108.685935,12.022479],[108.685451,12.024562],[108.68551,12.025345],[108.685871,12.025685],[108.68693,12.02631],[108.68799,12.027632],[108.690349,12.028698],[108.691232,12.029433],[108.691651,12.032606],[108.692546,12.035904],[108.692969,12.03706],[108.693097,12.039093],[108.693354,12.040267],[108.693734,12.040777],[108.694359,12.040978],[108.695468,12.040815],[108.696897,12.040849],[108.697238,12.041121],[108.69733,12.041452],[108.69889,12.042119],[108.703044,12.041161],[108.705588,12.044647],[108.707386,12.046633],[108.709613,12.049705],[108.709916,12.050521],[108.710443,12.051374],[108.710487,12.051978],[108.710367,12.052455],[108.711555,12.05632],[108.712152,12.057569],[108.712211,12.058508],[108.711495,12.059793],[108.71219,12.060898],[108.712273,12.061944],[108.712584,12.062618],[108.712533,12.063192],[108.712306,12.063577],[108.711355,12.063637],[108.710637,12.064275],[108.710317,12.064822],[108.710181,12.065777],[108.710307,12.067119],[108.710437,12.067432],[108.710894,12.067684],[108.710867,12.067971],[108.710682,12.068205],[108.70897,12.069069],[108.708634,12.069347],[108.70852,12.069865],[108.70854,12.071336],[108.707574,12.071535],[108.707377,12.072188],[108.70746,12.073086],[108.707848,12.073866],[108.707912,12.074243],[108.707473,12.075178],[108.707414,12.075632],[108.708309,12.076421],[108.708596,12.076847],[108.709172,12.078234],[108.709178,12.078958],[108.708614,12.079873],[108.708153,12.080198],[108.706224,12.080559],[108.706034,12.080755],[108.705769,12.081237],[108.705263,12.0829],[108.704098,12.084662],[108.703101,12.085845],[108.703103,12.086334],[108.704529,12.088471],[108.705231,12.089933],[108.705087,12.090367],[108.704465,12.090873],[108.704565,12.092436],[108.704488,12.092991],[108.704298,12.093115],[108.701651,12.09322],[108.701253,12.093343],[108.70022,12.093987],[108.699807,12.095382],[108.699645,12.095675],[108.698939,12.096329],[108.698937,12.096609],[108.699556,12.097475],[108.699696,12.098222],[108.699422,12.098664],[108.697819,12.09944],[108.695352,12.099893],[108.695115,12.100264],[108.695156,12.101874],[108.694394,12.102777],[108.69416,12.103232],[108.693932,12.105023],[108.69376,12.105297],[108.693228,12.105633],[108.69158,12.105894],[108.690366,12.107095],[108.689615,12.107563],[108.688406,12.109132],[108.686833,12.110434],[108.685365,12.110505],[108.685046,12.111273],[108.683635,12.112471],[108.683077,12.113884],[108.682578,12.114645],[108.681727,12.115596],[108.681266,12.116495],[108.680694,12.116837],[108.679653,12.11698],[108.679057,12.117932],[108.67826,12.118375],[108.675261,12.118567],[108.674837,12.118711],[108.673615,12.119543],[108.673374,12.119875],[108.673197,12.120644],[108.673654,12.122857],[108.673798,12.123068],[108.674542,12.123108],[108.675904,12.122866],[108.677102,12.12202],[108.677462,12.121961],[108.680718,12.123571],[108.681537,12.124333],[108.681855,12.124807],[108.683314,12.125805],[108.683553,12.126256],[108.684576,12.127106],[108.684766,12.127538],[108.684758,12.128466],[108.684928,12.129137],[108.685282,12.129761],[108.685658,12.130118],[108.68654,12.130336],[108.687203,12.130179],[108.689185,12.129086],[108.689431,12.128706],[108.689666,12.128583],[108.690246,12.128894],[108.690722,12.128917],[108.691782,12.128455],[108.693236,12.129369],[108.693479,12.131884],[108.693623,12.132418],[108.694019,12.133043],[108.694609,12.133586],[108.694895,12.13427],[108.694915,12.134736],[108.694565,12.135964],[108.694546,12.13667],[108.695417,12.137155],[108.695875,12.137731],[108.696191,12.138343],[108.69677,12.140278],[108.69675,12.140547],[108.696078,12.141671],[108.695889,12.142393],[108.695222,12.143009],[108.693691,12.145118],[108.693354,12.146132],[108.693528,12.146372],[108.69436,12.146744],[108.695245,12.146877],[108.695948,12.147146],[108.696889,12.147942],[108.698777,12.148771],[108.701237,12.149485],[108.702015,12.149503],[108.702718,12.149688],[108.70394,12.150213],[108.70423,12.150478],[108.704829,12.151439],[108.705085,12.152768],[108.70503,12.153569],[108.705126,12.154006],[108.705802,12.154548],[108.706235,12.155096],[108.706554,12.155252],[108.706864,12.155322],[108.707915,12.155187],[108.70902,12.154613],[108.709434,12.154527],[108.711209,12.154381],[108.712284,12.154464],[108.713105,12.154275],[108.715314,12.155207],[108.717081,12.155286],[108.71768,12.155169],[108.718031,12.154971],[108.718388,12.154644],[108.718814,12.153869],[108.719177,12.153531],[108.719949,12.153236],[108.720539,12.153263],[108.720793,12.153426],[108.72173,12.155043],[108.721853,12.155369],[108.721734,12.156774],[108.722195,12.157428],[108.722555,12.157469],[108.723104,12.15691],[108.724864,12.156857],[108.725335,12.156287],[108.725627,12.156223],[108.725821,12.156282],[108.726853,12.157208],[108.727812,12.157589],[108.727761,12.158007],[108.727922,12.159261],[108.728619,12.160407],[108.728882,12.161224],[108.72886,12.162564],[108.727851,12.163094],[108.727448,12.163999],[108.72667,12.164853],[108.72543,12.16673],[108.725171,12.168164],[108.725276,12.169367],[108.725109,12.169784],[108.723988,12.170785],[108.723525,12.171002],[108.722521,12.171149],[108.721517,12.172085],[108.720559,12.172508],[108.720491,12.172651],[108.719979,12.174302],[108.719354,12.175612],[108.719442,12.175912],[108.720031,12.176664],[108.720647,12.179293],[108.720611,12.179956],[108.719881,12.181444],[108.719415,12.182003],[108.719049,12.182095],[108.718041,12.182015],[108.717181,12.182478],[108.717401,12.183807],[108.71736,12.18438],[108.717062,12.185024],[108.715195,12.186024],[108.714626,12.186556],[108.713575,12.187927],[108.712746,12.18849],[108.710552,12.189656],[108.710202,12.190047],[108.71063,12.191163],[108.711741,12.192678],[108.712384,12.194268],[108.712419,12.195087],[108.712673,12.195974],[108.712727,12.196727],[108.712481,12.197813],[108.712189,12.19848],[108.7123,12.199031],[108.713278,12.200474],[108.714377,12.201361],[108.714956,12.202562],[108.715379,12.20426],[108.715687,12.204943],[108.717583,12.207503],[108.718418,12.208191],[108.718701,12.208564],[108.718747,12.209551],[108.718483,12.210168],[108.718461,12.211417],[108.718241,12.212261],[108.718597,12.213205],[108.718684,12.214114],[108.718847,12.214531],[108.719447,12.215427],[108.722215,12.217945],[108.720985,12.21933],[108.719745,12.221055],[108.719295,12.222101],[108.719342,12.22402],[108.718144,12.22554],[108.716534,12.225419],[108.716029,12.225493],[108.715488,12.226205],[108.714222,12.228562],[108.713828,12.229162],[108.713535,12.229399],[108.711364,12.229524],[108.709524,12.230071],[108.708464,12.231072],[108.70788,12.23185],[108.706759,12.231949],[108.705511,12.234233],[108.70488,12.23482],[108.704397,12.235133],[108.703496,12.23537],[108.703172,12.235577],[108.702835,12.236608],[108.702138,12.237051],[108.701788,12.23746],[108.701652,12.238421],[108.701748,12.239319],[108.701302,12.24103],[108.701152,12.242828],[108.700738,12.24362],[108.700071,12.244182],[108.699605,12.245409],[108.700153,12.245946],[108.70187,12.247191],[108.702253,12.247955],[108.702404,12.249112],[108.702851,12.249494],[108.70395,12.251031],[108.704319,12.251382],[108.705202,12.251727],[108.705523,12.252102],[108.705931,12.254276],[108.705928,12.254968],[108.705544,12.255094],[108.705445,12.255261],[108.705172,12.256696],[108.704224,12.258359],[108.704172,12.258545],[108.7043,12.258883],[108.702925,12.262666],[108.702933,12.263469],[108.702354,12.263838],[108.70233,12.263995],[108.70245,12.264462],[108.70231,12.264871],[108.702381,12.265144],[108.703302,12.266536],[108.703638,12.267335],[108.704828,12.268091],[108.705359,12.26878],[108.703808,12.270482],[108.702075,12.272995],[108.701794,12.273767],[108.70177,12.27485],[108.702138,12.276072],[108.702448,12.276526],[108.703238,12.2771],[108.703279,12.27738],[108.702664,12.278529],[108.702422,12.280392],[108.702041,12.281667],[108.70206,12.282413],[108.702174,12.282759],[108.702636,12.283365],[108.702611,12.283659],[108.701341,12.28661],[108.701072,12.287393],[108.701075,12.287745],[108.701547,12.289667],[108.701298,12.290566],[108.703564,12.292285],[108.704044,12.292958],[108.704133,12.293898],[108.703416,12.29526],[108.703299,12.296132],[108.703094,12.296638],[108.703134,12.296944],[108.703545,12.297228],[108.704509,12.297559],[108.705628,12.297413],[108.706235,12.297532],[108.706657,12.297995],[108.707271,12.298262],[108.707471,12.298737],[108.706438,12.300163],[108.705276,12.300954],[108.704239,12.303298],[108.703587,12.304154],[108.702887,12.304425],[108.701986,12.304427],[108.701882,12.305337],[108.702032,12.306259],[108.70198,12.306722],[108.701192,12.307546],[108.700385,12.307824],[108.700034,12.308143],[108.699577,12.309036],[108.699037,12.309509],[108.698635,12.309614],[108.697456,12.30958],[108.695041,12.309129],[108.694371,12.31133],[108.69367,12.312199],[108.693341,12.312375],[108.692494,12.312574],[108.691429,12.312627],[108.691087,12.312222],[108.690579,12.311267],[108.690325,12.311056],[108.690131,12.31105],[108.688937,12.31364],[108.688894,12.314043],[108.689223,12.315198],[108.689239,12.315913],[108.688085,12.316083],[108.684912,12.316938],[108.683225,12.317174],[108.681961,12.317082],[108.679951,12.316235],[108.677223,12.313238],[108.676665,12.312134],[108.676238,12.311634],[108.674496,12.309898],[108.674184,12.309426],[108.673715,12.308152],[108.673642,12.306424],[108.673437,12.306013],[108.672548,12.305575],[108.671835,12.305383],[108.670834,12.304642],[108.670178,12.30464],[108.669328,12.305035],[108.668751,12.305148],[108.668178,12.302726],[108.668107,12.300882],[108.667971,12.300566],[108.666709,12.299766],[108.666198,12.299008],[108.664993,12.299152],[108.664149,12.299665],[108.662808,12.297939],[108.659479,12.296704],[108.659021,12.29642],[108.658609,12.296411],[108.656735,12.296797],[108.656305,12.2967],[108.655545,12.296134],[108.655046,12.295934],[108.651986,12.29515],[108.651231,12.294749],[108.649197,12.293003],[108.647282,12.293481],[108.64583,12.294283],[108.644443,12.293672],[108.64239,12.294056],[108.640977,12.29385],[108.640112,12.293556],[108.639344,12.293785],[108.638607,12.293794],[108.638215,12.293618],[108.637969,12.2933],[108.637322,12.292248],[108.636961,12.291311],[108.635567,12.291214],[108.633157,12.291552],[108.631162,12.291037],[108.629789,12.290511],[108.629005,12.290038],[108.627823,12.288551],[108.626851,12.289489],[108.626073,12.290034],[108.625551,12.290166],[108.623359,12.29014],[108.622276,12.290561],[108.621054,12.289324],[108.619595,12.286973],[108.619107,12.286036],[108.618899,12.284817],[108.617871,12.283481],[108.6174,12.283202],[108.616222,12.282972],[108.616179,12.283641],[108.61585,12.283917],[108.61308,12.282934],[108.611435,12.283272],[108.610888,12.283212],[108.609784,12.282742],[108.609333,12.282949],[108.60901,12.283256],[108.608516,12.28338],[108.607755,12.283266],[108.607121,12.282698],[108.606975,12.282065],[108.607555,12.28197],[108.608497,12.282222],[108.608873,12.282196],[108.609052,12.281782],[108.608865,12.281486],[108.608317,12.281259],[108.607741,12.281182],[108.606246,12.28125],[108.60487,12.28006],[108.604129,12.279731],[108.603474,12.279574],[108.602384,12.279576],[108.601474,12.279406],[108.599987,12.278084],[108.59807,12.277989],[108.596174,12.276767],[108.595683,12.276641],[108.594875,12.276872],[108.594214,12.277288],[108.593534,12.277884],[108.592947,12.278739],[108.592603,12.279029],[108.591007,12.27873],[108.590561,12.278877],[108.589854,12.280807],[108.58843,12.282616],[108.587955,12.28263],[108.586181,12.281721],[108.585742,12.281864],[108.585345,12.282237],[108.585393,12.282756],[108.585933,12.283299],[108.587349,12.283819],[108.588295,12.284327],[108.588578,12.284645],[108.589316,12.286264],[108.589678,12.287664],[108.589189,12.288083],[108.588538,12.288189],[108.587293,12.28816],[108.586197,12.28791],[108.584761,12.287091],[108.583658,12.285622],[108.583187,12.285366],[108.581873,12.285398],[108.580585,12.286043],[108.579742,12.285539],[108.579202,12.285458],[108.579009,12.285526],[108.578814,12.285808],[108.578751,12.28631],[108.57982,12.288227],[108.579604,12.288706],[108.579172,12.288917],[108.578241,12.288906],[108.575398,12.288077],[108.574974,12.288127],[108.574835,12.288223],[108.574755,12.288648],[108.575119,12.289484],[108.575072,12.289863],[108.574581,12.29129],[108.574375,12.291479],[108.574119,12.291523],[108.573761,12.291385],[108.572498,12.289769],[108.571553,12.289431],[108.571089,12.28955],[108.570975,12.289946],[108.571514,12.290759],[108.571597,12.29098],[108.571499,12.29133],[108.571262,12.291701],[108.570475,12.292426],[108.570169,12.293191],[108.569956,12.294491],[108.56967,12.295094],[108.569302,12.295478],[108.568858,12.295417],[108.568461,12.294503],[108.567656,12.293603],[108.567301,12.293395],[108.566895,12.293528],[108.566487,12.293435],[108.565758,12.292636],[108.564964,12.292119],[108.564657,12.292159],[108.563528,12.292809],[108.563033,12.292733],[108.562546,12.292499],[108.561637,12.29305],[108.560955,12.293115],[108.55887,12.292571],[108.557949,12.292208],[108.557395,12.292354],[108.55688,12.292731],[108.556317,12.295004],[108.556036,12.295388],[108.555676,12.295608],[108.55425,12.295513],[108.552261,12.295778],[108.551854,12.295624],[108.551473,12.295046],[108.550998,12.294055],[108.550825,12.293125],[108.550454,12.292185],[108.550174,12.292005],[108.549909,12.292005],[108.549268,12.292179],[108.548984,12.29243],[108.548676,12.293043],[108.548363,12.294541],[108.548031,12.295004],[108.547518,12.295326],[108.547015,12.295265],[108.546281,12.294935],[108.54571,12.295188],[108.545522,12.295832],[108.545476,12.296644],[108.54527,12.29718],[108.54459,12.297399],[108.543472,12.297398],[108.542114,12.297566],[108.541386,12.29743],[108.540704,12.297108],[108.539762,12.296376],[108.539453,12.295892],[108.539253,12.294678],[108.538945,12.294023],[108.537737,12.293015],[108.536814,12.291845],[108.535922,12.290392],[108.535914,12.289829],[108.53625,12.289333],[108.537675,12.288712],[108.53868,12.288054],[108.539247,12.287471],[108.539635,12.286563],[108.539736,12.285911],[108.539428,12.284481],[108.539277,12.284236],[108.538003,12.283163],[108.536061,12.281919],[108.535472,12.281706],[108.534494,12.281783],[108.533882,12.281699],[108.533295,12.28132],[108.53144,12.279181],[108.531121,12.279013],[108.530427,12.279087],[108.529639,12.279961],[108.528782,12.280391],[108.528236,12.280314],[108.527525,12.279856],[108.52634,12.279444],[108.524359,12.279196],[108.522347,12.279888],[108.521128,12.28073],[108.520792,12.280806],[108.520625,12.280776],[108.519542,12.27954],[108.519062,12.279406],[108.518588,12.279452],[108.517116,12.280063],[108.516312,12.279998],[108.516062,12.279804],[108.515543,12.278722],[108.51459,12.277692],[108.511627,12.277103],[108.51085,12.27706],[108.510105,12.277126],[108.508435,12.277643],[108.50739,12.278368],[108.506065,12.279613],[108.505301,12.281551],[108.504609,12.282309],[108.503962,12.282317],[108.502517,12.281386],[108.502303,12.281384],[108.500669,12.282847],[108.49901,12.284697],[108.498789,12.285222],[108.498506,12.286662],[108.498709,12.287404],[108.499231,12.288395],[108.499436,12.289527],[108.499789,12.290507],[108.499862,12.291461],[108.499774,12.291971],[108.499169,12.293134],[108.498367,12.294263],[108.494474,12.298809],[108.493605,12.301249],[108.492982,12.304086],[108.492677,12.304782],[108.492147,12.305453],[108.491279,12.306262],[108.490838,12.30649],[108.490374,12.306528],[108.489541,12.306264],[108.488256,12.305052],[108.487367,12.304574],[108.486643,12.304493],[108.485628,12.304798],[108.485212,12.305082],[108.485048,12.30538],[108.484737,12.309105],[108.48434,12.309577],[108.483313,12.309507],[108.48219,12.309007],[108.481251,12.307983],[108.480833,12.306709],[108.480543,12.304826],[108.48069,12.303776],[108.481043,12.302958],[108.481873,12.301992],[108.482747,12.301704],[108.483281,12.301293],[108.483776,12.300118],[108.483729,12.299639],[108.483396,12.299365],[108.482987,12.299247],[108.482116,12.299637],[108.481389,12.300375],[108.480107,12.300359],[108.479303,12.300031],[108.478132,12.298937],[108.477686,12.298688],[108.477124,12.298934],[108.47586,12.300257],[108.475343,12.300408],[108.474831,12.300217],[108.474497,12.299607],[108.474576,12.298668],[108.475685,12.295675],[108.475805,12.294953],[108.475747,12.294433],[108.47547,12.293737],[108.474244,12.292573],[108.473456,12.291551],[108.472002,12.287939],[108.47124,12.287941],[108.470692,12.288218],[108.470444,12.288575],[108.470161,12.292458],[108.469563,12.294536],[108.468694,12.295847],[108.46825,12.296304],[108.467569,12.296678],[108.465932,12.297087],[108.465381,12.296901],[108.465342,12.296579],[108.465772,12.294806],[108.46579,12.293445],[108.466489,12.288279],[108.466421,12.288003],[108.46616,12.287738],[108.464866,12.286972],[108.464794,12.286324],[108.465147,12.285568],[108.466219,12.284165],[108.466429,12.283555],[108.466396,12.283252],[108.466039,12.282351],[108.46507,12.280764],[108.464046,12.279571],[108.463206,12.279029],[108.461978,12.278701],[108.461287,12.278171],[108.460915,12.277531],[108.460753,12.276725],[108.460067,12.275692],[108.458438,12.275215],[108.457726,12.275154],[108.457247,12.275346],[108.457013,12.275752],[108.457071,12.276576],[108.458437,12.279325],[108.458809,12.28052],[108.458923,12.282285],[108.458789,12.282686],[108.458492,12.282834],[108.457975,12.282647],[108.456889,12.281754],[108.455857,12.281198],[108.455616,12.2807],[108.455278,12.279313],[108.454907,12.278831],[108.452924,12.277856],[108.451932,12.277052],[108.451107,12.275834],[108.450898,12.274864],[108.450843,12.273598],[108.45068,12.27334],[108.450419,12.273217],[108.449604,12.273141],[108.447754,12.273346],[108.446781,12.272995],[108.446422,12.272697],[108.445978,12.272746],[108.445511,12.273245],[108.445187,12.273859],[108.444811,12.276104],[108.444907,12.276818],[108.444349,12.2778],[108.44397,12.278127],[108.443577,12.278231],[108.443006,12.277934],[108.4425,12.277441],[108.441688,12.275871],[108.441341,12.274656],[108.441363,12.273902],[108.441687,12.27293],[108.441117,12.271894],[108.441105,12.27141],[108.441347,12.270382],[108.44099,12.26843],[108.441641,12.266363],[108.441638,12.265748],[108.442377,12.264781],[108.44336,12.264044],[108.443562,12.263583],[108.443498,12.263119],[108.44327,12.262798],[108.442821,12.262692],[108.442454,12.262835],[108.441965,12.263402],[108.441698,12.263532],[108.440988,12.263504],[108.440241,12.26315],[108.439795,12.262565],[108.439477,12.261491],[108.439457,12.260242],[108.439741,12.258811],[108.437974,12.258142],[108.436618,12.257917],[108.436436,12.257743],[108.436325,12.257351],[108.436708,12.255728],[108.437222,12.255268],[108.438305,12.253912],[108.439891,12.252379],[108.440184,12.251084],[108.439987,12.250746],[108.439389,12.250311],[108.437706,12.249803],[108.437287,12.249887],[108.437232,12.25017],[108.437507,12.250837],[108.437527,12.251188],[108.436743,12.25326],[108.436002,12.253854],[108.434364,12.254161],[108.433785,12.254554],[108.433329,12.255599],[108.43281,12.256225],[108.432703,12.256521],[108.432785,12.256977],[108.433222,12.256939],[108.433428,12.257049],[108.433296,12.257472],[108.432204,12.258531],[108.429475,12.258994],[108.429063,12.258894],[108.428522,12.258472],[108.428159,12.258004],[108.427692,12.257825],[108.427148,12.256828],[108.427322,12.256143],[108.427356,12.255149],[108.427234,12.254321],[108.427415,12.253686],[108.427463,12.25245],[108.427214,12.251569],[108.424798,12.250416],[108.424049,12.250283],[108.421924,12.250334],[108.418657,12.249123],[108.41629,12.247765],[108.415175,12.246205],[108.414275,12.245596],[108.413434,12.244068],[108.412722,12.243586],[108.412211,12.243645],[108.409359,12.244576],[108.407836,12.244926],[108.406735,12.244642],[108.404231,12.243559],[108.399783,12.242593],[108.397511,12.24279],[108.394805,12.24368],[108.394118,12.243709],[108.392804,12.24334],[108.391613,12.242133],[108.390778,12.241615],[108.388684,12.241021],[108.387517,12.24101],[108.385909,12.242335],[108.38529,12.243563],[108.384628,12.244285],[108.3827,12.245668],[108.382222,12.245764],[108.381109,12.245616],[108.380382,12.246251],[108.378931,12.248085],[108.377126,12.249647],[108.375233,12.250289],[108.3736,12.250401],[108.372461,12.250654],[108.37182,12.25149],[108.371225,12.253017],[108.370937,12.253446],[108.370567,12.253693],[108.370111,12.253897],[108.369006,12.25397],[108.365885,12.253077],[108.361893,12.253011],[108.361297,12.253144],[108.358976,12.254375],[108.356718,12.255036],[108.356466,12.254755],[108.35561,12.254238],[108.352778,12.253341],[108.3519,12.252892],[108.351098,12.252306],[108.34878,12.249986],[108.34798,12.248867],[108.347681,12.248002],[108.347195,12.24762],[108.346629,12.247479],[108.345689,12.247563],[108.345326,12.247681],[108.344073,12.248862],[108.343433,12.249021],[108.343001,12.248873],[108.342626,12.248396],[108.342466,12.247979],[108.342612,12.246546],[108.341888,12.24532],[108.341406,12.245391],[108.340946,12.24577],[108.339968,12.247764],[108.339828,12.247837],[108.337978,12.248378],[108.336393,12.24825],[108.335887,12.248051],[108.33472,12.246879],[108.33417,12.244463],[108.334619,12.243458],[108.334936,12.242191],[108.335554,12.240803],[108.335684,12.239976],[108.335498,12.23942],[108.334627,12.238778],[108.333824,12.237787],[108.333153,12.236347],[108.333028,12.235563],[108.333257,12.23524],[108.333525,12.235162],[108.336451,12.234848],[108.338251,12.234875],[108.338943,12.234538],[108.339896,12.233833],[108.340231,12.231979],[108.340197,12.230425],[108.340506,12.229093],[108.340421,12.228545],[108.340218,12.228218],[108.339703,12.227853],[108.338718,12.227727],[108.337896,12.228134],[108.337307,12.229124],[108.335855,12.229295],[108.334011,12.229795],[108.331743,12.230764],[108.331119,12.230731],[108.33073,12.230541],[108.330206,12.230141],[108.330071,12.229162],[108.329152,12.227898],[108.328639,12.227727],[108.327331,12.228105],[108.325592,12.226895],[108.322859,12.22535],[108.321762,12.224349],[108.321259,12.223699],[108.321081,12.223222],[108.321129,12.222446],[108.321496,12.22096],[108.32116,12.219753],[108.318918,12.218603],[108.317958,12.218316],[108.31475,12.218105],[108.312349,12.218434],[108.311611,12.218321],[108.31114,12.217424],[108.311382,12.215787],[108.311284,12.215312],[108.310996,12.214951],[108.310374,12.214486],[108.306239,12.212283],[108.30593,12.212051],[108.304779,12.2105],[108.304124,12.210095],[108.301537,12.209101],[108.300504,12.208489],[108.300032,12.207997],[108.299152,12.206659],[108.298453,12.204597],[108.298053,12.203828],[108.296821,12.202485],[108.296388,12.202395],[108.295681,12.20245],[108.295173,12.202687],[108.29507,12.203913],[108.2954,12.204777],[108.295544,12.206084],[108.295188,12.207065],[108.29497,12.208235],[108.294425,12.208599],[108.293643,12.208729],[108.293122,12.208674],[108.292821,12.209243],[108.290425,12.211198],[108.290028,12.210823],[108.289513,12.210819],[108.288964,12.210615],[108.288465,12.210023],[108.288217,12.209966],[108.286497,12.210617],[108.284268,12.211158],[108.283528,12.211708],[108.283207,12.21254],[108.282965,12.212804],[108.282129,12.213018],[108.281461,12.213422],[108.280725,12.213381],[108.279979,12.213496],[108.278744,12.214112],[108.277914,12.214363],[108.277464,12.214341],[108.276962,12.214083],[108.276031,12.213052],[108.275187,12.212396],[108.273467,12.210152],[108.273365,12.20942],[108.27286,12.207966],[108.272951,12.207253],[108.2728,12.205493],[108.272538,12.20474],[108.272294,12.204566],[108.270746,12.204075],[108.27039,12.203837],[108.269976,12.203263],[108.269298,12.202969],[108.26869,12.20302],[108.267487,12.2037],[108.26693,12.203791],[108.266419,12.203725],[108.265904,12.203412],[108.263895,12.20287],[108.262066,12.201668],[108.261373,12.201028],[108.259911,12.200327],[108.259421,12.199854],[108.259365,12.199375],[108.259744,12.198931],[108.259872,12.198369],[108.259798,12.197872],[108.259421,12.19706],[108.259371,12.196588],[108.259892,12.194988],[108.259995,12.19401],[108.260497,12.192616],[108.26038,12.192075],[108.259821,12.191269],[108.258975,12.190927],[108.257779,12.190654],[108.255862,12.190782],[108.255291,12.190588],[108.254362,12.189829],[108.25318,12.188523],[108.25221,12.187759],[108.251454,12.186374],[108.250461,12.184033],[108.250225,12.183294],[108.249957,12.181102],[108.249184,12.179864],[108.248646,12.179428],[108.248302,12.178663],[108.248327,12.178314],[108.248867,12.176773],[108.249591,12.176295],[108.250428,12.175345],[108.250737,12.17515],[108.251065,12.175089],[108.251603,12.175375],[108.252181,12.175282],[108.252392,12.174893],[108.252578,12.174003],[108.252901,12.173738],[108.253684,12.173547],[108.253961,12.173332],[108.25405,12.172355],[108.253701,12.172085],[108.253301,12.171501],[108.251953,12.171201],[108.251179,12.170858],[108.249605,12.1696],[108.248794,12.169303],[108.247366,12.169085],[108.246527,12.168658],[108.24618,12.168087],[108.246164,12.167392],[108.245384,12.166881],[108.244995,12.166348],[108.244928,12.165909],[108.245174,12.164403],[108.244088,12.162196],[108.243182,12.161485],[108.241142,12.160592],[108.24046,12.160618],[108.239864,12.16122],[108.239417,12.162304],[108.238656,12.166307],[108.237961,12.167566],[108.237974,12.16802],[108.238277,12.168788],[108.238307,12.169299],[108.238012,12.17085],[108.237628,12.171998],[108.238084,12.173539],[108.2382,12.175083],[108.238092,12.17594],[108.237567,12.176165],[108.23654,12.175909],[108.235769,12.176015],[108.23517,12.175737],[108.232856,12.175708],[108.232537,12.175843],[108.232256,12.176346],[108.231361,12.176626],[108.230288,12.177152],[108.229948,12.177437],[108.229642,12.178169],[108.229709,12.179485],[108.229481,12.180534],[108.228519,12.182592],[108.228092,12.182972],[108.226714,12.182782],[108.226179,12.182591],[108.22595,12.182356],[108.225454,12.180964],[108.22513,12.179188],[108.224436,12.177015],[108.224394,12.176355],[108.224638,12.174004],[108.224107,12.172354],[108.223714,12.172094],[108.222986,12.172145],[108.221044,12.172845],[108.220527,12.173185],[108.220505,12.174274],[108.221296,12.176825],[108.221264,12.177494],[108.221024,12.178436],[108.220143,12.180151],[108.218951,12.181235],[108.218556,12.181741],[108.218329,12.182675],[108.218034,12.183229],[108.217542,12.183766],[108.216724,12.183973],[108.215884,12.183792],[108.215069,12.183347],[108.214284,12.182694],[108.214078,12.18232],[108.213944,12.181299],[108.213495,12.180787],[108.211502,12.179994],[108.210095,12.178971],[108.209009,12.176729],[108.20871,12.175792],[108.20874,12.175367],[108.209093,12.174735],[108.209508,12.173128],[108.209291,12.172677],[108.209039,12.172546],[108.207944,12.172553],[108.207035,12.172205],[108.20638,12.171767],[108.205686,12.170974],[108.205309,12.170779],[108.204243,12.170696],[108.203187,12.171069],[108.201891,12.173127],[108.201219,12.173182],[108.200146,12.173477],[108.198548,12.172859],[108.197991,12.173014],[108.197791,12.173194],[108.197689,12.17383],[108.197476,12.174272],[108.197135,12.174619],[108.19634,12.175043],[108.195958,12.176062],[108.195558,12.176636],[108.195193,12.176884],[108.194279,12.177124],[108.193566,12.177181],[108.19326,12.177083],[108.192768,12.176331],[108.19201,12.175929],[108.190948,12.175811],[108.190065,12.176036],[108.189202,12.175845],[108.188866,12.175469],[108.188695,12.175066],[108.188749,12.17454],[108.190006,12.174238],[108.190456,12.173946],[108.190664,12.173594],[108.190676,12.173365],[108.190525,12.173121],[108.189874,12.17267],[108.189593,12.172625],[108.189009,12.172966],[108.187822,12.17409],[108.187134,12.174435],[108.185292,12.174179],[108.184956,12.174268],[108.184785,12.1745],[108.184575,12.175081],[108.184413,12.176244],[108.183929,12.17734],[108.183852,12.177825],[108.183991,12.178525],[108.184774,12.179106],[108.184821,12.179465],[108.18444,12.180358],[108.183952,12.181077],[108.183284,12.181443],[108.182204,12.181597],[108.181844,12.181873],[108.181736,12.182445],[108.181872,12.184053],[108.181627,12.184473],[108.178733,12.185229],[108.178109,12.185531],[108.17772,12.185565],[108.177255,12.185436],[108.176067,12.184669],[108.175617,12.183971],[108.175123,12.182646],[108.174917,12.18002],[108.174732,12.179678],[108.17357,12.179329],[108.172913,12.179386],[108.172389,12.179608],[108.172112,12.180038],[108.172051,12.180463],[108.172199,12.180957],[108.17264,12.181628],[108.17306,12.183568],[108.173184,12.184991],[108.172951,12.186318],[108.172712,12.186729],[108.172086,12.18713],[108.171014,12.187362],[108.168634,12.188231],[108.168207,12.188492],[108.167339,12.190303],[108.167481,12.191304],[108.167285,12.191989],[108.167386,12.194231],[108.16717,12.195286],[108.166628,12.196071],[108.165835,12.196554],[108.165233,12.196623],[108.164463,12.196406],[108.164304,12.196569],[108.163531,12.196652],[108.162098,12.196173],[108.16183,12.195984],[108.160345,12.19414],[108.159038,12.193359],[108.158441,12.19278],[108.158181,12.192468],[108.157928,12.191665],[108.15695,12.19033],[108.153926,12.189098],[108.153454,12.188371],[108.153039,12.188132],[108.150265,12.187268],[108.147628,12.186799],[108.146473,12.186454],[108.145852,12.186038],[108.142489,12.184618],[108.141411,12.183672],[108.13994,12.182804],[108.137264,12.181862],[108.135125,12.181507],[108.133607,12.181444],[108.131728,12.181161],[108.130908,12.180555],[108.13064,12.180097],[108.130419,12.179306],[108.130218,12.179047],[108.125997,12.176823],[108.124837,12.176031],[108.123682,12.175461],[108.121776,12.175107],[108.120116,12.175234],[108.119567,12.175405],[108.119029,12.17606],[108.118139,12.177928],[108.116621,12.180462],[108.116193,12.180707],[108.115344,12.181819],[108.114447,12.182529],[108.113359,12.183732],[108.113113,12.184237],[108.112785,12.185441],[108.11274,12.187149],[108.113634,12.192672],[108.113641,12.193473],[108.113535,12.194127],[108.112595,12.196477],[108.11058,12.199892],[108.108282,12.202269],[108.106489,12.20461],[108.102455,12.20788],[108.097462,12.21027],[108.096614,12.210923],[108.095884,12.21224],[108.095106,12.214054],[108.09468,12.21586],[108.09398,12.217066],[108.092123,12.218046],[108.0916,12.21849],[108.090391,12.220337],[108.0891,12.221313],[108.087466,12.222974],[108.086508,12.224164],[108.085887,12.225237],[108.08542,12.226131],[108.08411,12.230834],[108.083906,12.232803],[108.084529,12.236932],[108.083901,12.238778],[108.081805,12.241623],[108.080946,12.242391],[108.078115,12.245707],[108.076197,12.248979],[108.07592,12.251956],[108.075981,12.252421],[108.074229,12.254695],[108.062493,12.264444],[108.06012,12.263575],[108.054974,12.263138],[108.050496,12.263759],[108.044616,12.265618],[108.042146,12.268136],[108.040765,12.271025],[108.039509,12.275779],[108.038522,12.282681],[108.038511,12.283625],[108.038873,12.284436],[108.039958,12.285337],[108.041178,12.286656],[108.041214,12.287164],[108.040984,12.288011],[108.040527,12.288654],[108.039808,12.289024],[108.038011,12.289074],[108.03562,12.288503],[108.031445,12.288253],[108.028017,12.288359],[108.02608,12.288221],[108.02541,12.288525],[108.023875,12.289759],[108.023201,12.290138],[108.020643,12.290041],[108.019666,12.290292],[108.019445,12.290672],[108.019242,12.291606],[108.019058,12.293491],[108.019034,12.295491],[108.018566,12.297386],[108.018016,12.29888],[108.016662,12.301537],[108.015674,12.302799],[108.015138,12.303105],[108.014902,12.303039],[108.012724,12.300719],[108.010741,12.298971],[108.009372,12.298183],[108.005512,12.296365],[108.004539,12.296051],[108.003981,12.296083],[108.003529,12.296586],[108.002896,12.297824],[108.002293,12.2996],[108.00034,12.30345],[107.999639,12.30421],[107.99841,12.30451],[107.997053,12.30441],[107.99584,12.30413],[107.993115,12.302998],[107.988245,12.301783],[107.986992,12.30118],[107.983619,12.298887],[107.981911,12.298705],[107.981326,12.298503],[107.981237,12.298353],[107.981514,12.29777],[107.981461,12.297562],[107.980741,12.297076],[107.980185,12.296931],[107.977924,12.296827],[107.9756,12.296988],[107.974292,12.296666],[107.973665,12.29673],[107.973571,12.297383],[107.973989,12.298296],[107.973962,12.298461],[107.973306,12.299178],[107.973058,12.299747],[107.972985,12.300429],[107.97371,12.302013],[107.97403,12.303257],[107.974212,12.304481],[107.974156,12.306668],[107.974037,12.307099],[107.973714,12.307555],[107.97282,12.308476],[107.971794,12.309934],[107.969848,12.311898],[107.968128,12.313229],[107.964658,12.314579],[107.957852,12.316904],[107.95394,12.317928],[107.952831,12.318464],[107.952268,12.318993],[107.951737,12.319787],[107.951275,12.320825],[107.950613,12.3231],[107.949845,12.324002],[107.948978,12.3247],[107.948434,12.324978],[107.945408,12.325591],[107.944851,12.325992],[107.944296,12.326607],[107.943873,12.327293],[107.943514,12.328401],[107.943541,12.328866],[107.945274,12.331873],[107.945388,12.332288],[107.945291,12.333407],[107.944548,12.334813],[107.942709,12.336597],[107.940728,12.3375],[107.93929,12.338648],[107.936573,12.339559],[107.936124,12.339865],[107.934781,12.341694],[107.933744,12.343583],[107.933532,12.344188],[107.933475,12.344941],[107.933853,12.346737],[107.934553,12.348744],[107.934367,12.350395],[107.933766,12.351448],[107.933088,12.3521],[107.931524,12.353114],[107.931143,12.353591],[107.930724,12.354564],[107.930894,12.355465],[107.931171,12.356064],[107.933389,12.358134],[107.933674,12.358812],[107.933871,12.359527],[107.933684,12.361006],[107.933478,12.361546],[107.932565,12.362688],[107.932239,12.363595],[107.932161,12.364463],[107.932232,12.364943],[107.932789,12.365833],[107.934629,12.367326],[107.93473,12.367631],[107.934643,12.367944],[107.933287,12.369871],[107.932094,12.370882],[107.931459,12.372041],[107.931199,12.373029],[107.931236,12.37398],[107.931785,12.374773],[107.931405,12.375056],[107.92933,12.375686],[107.928992,12.376138],[107.928279,12.376539],[107.927808,12.377543],[107.927503,12.377848],[107.927451,12.37812],[107.927887,12.379946],[107.927943,12.380664],[107.927583,12.381644],[107.92707,12.382255],[107.926706,12.382548],[107.925897,12.382831],[107.925184,12.382818],[107.924217,12.382435],[107.923871,12.381994],[107.923694,12.381412],[107.923631,12.380004],[107.923296,12.379777],[107.922462,12.379919],[107.921159,12.380539],[107.920695,12.380918],[107.920346,12.381527],[107.920058,12.382572],[107.920123,12.383696],[107.920492,12.385214],[107.920896,12.385999],[107.92153,12.386697],[107.922378,12.387321],[107.923863,12.387693],[107.925698,12.388564],[107.925973,12.38879],[107.92607,12.389072],[107.925978,12.389239],[107.925284,12.389519],[107.924276,12.389719],[107.919889,12.390325],[107.917925,12.390843],[107.916966,12.391372],[107.916554,12.391849],[107.915882,12.393143],[107.914444,12.395077],[107.914087,12.395727],[107.912866,12.398616],[107.91239,12.400452],[107.912442,12.401589],[107.912796,12.403021],[107.914386,12.405122],[107.915542,12.406193],[107.916677,12.407],[107.91781,12.407472],[107.921131,12.408278],[107.922268,12.408901],[107.923506,12.409334],[107.925159,12.409529],[107.925635,12.409724],[107.926333,12.410247],[107.927347,12.41141],[107.927487,12.411781],[107.927665,12.413318],[107.927462,12.413842],[107.927117,12.414159],[107.926344,12.414484],[107.925976,12.414522],[107.925292,12.414363],[107.923974,12.413711],[107.922865,12.413315],[107.921765,12.413134],[107.921101,12.41327],[107.919616,12.414165],[107.918198,12.414494],[107.916888,12.415214],[107.91656,12.415727],[107.916364,12.416449],[107.916355,12.416903],[107.91656,12.417687],[107.916931,12.418156],[107.917492,12.418574],[107.918079,12.418774],[107.918722,12.418811],[107.919567,12.418436],[107.920716,12.416834],[107.921449,12.416291],[107.921965,12.416106],[107.922494,12.416095],[107.923403,12.416499],[107.923815,12.416938],[107.923973,12.417355],[107.923992,12.418313],[107.924303,12.419924],[107.924351,12.420972],[107.924048,12.422063],[107.923548,12.423038],[107.921965,12.424901],[107.921604,12.425482],[107.921443,12.425979],[107.921432,12.426521],[107.921923,12.427405],[107.922479,12.427888],[107.923206,12.428131],[107.924041,12.428127],[107.92525,12.427835],[107.926392,12.427266],[107.927515,12.426335],[107.927937,12.425855],[107.928756,12.424412],[107.929203,12.423886],[107.930271,12.423793],[107.93093,12.423944],[107.931825,12.424834],[107.932326,12.42564],[107.932755,12.427322],[107.932755,12.428019],[107.932437,12.428897],[107.931983,12.429438],[107.931326,12.429755],[107.930312,12.429849],[107.929808,12.430157],[107.929412,12.431004],[107.929512,12.431478],[107.930179,12.431994],[107.931334,12.431988],[107.931923,12.431668],[107.934246,12.430902],[107.935291,12.430799],[107.936364,12.43105],[107.9369,12.431994],[107.937434,12.432475],[107.938085,12.43274],[107.939729,12.433845],[107.942316,12.436036],[107.943273,12.436461],[107.943857,12.436866],[107.944129,12.437378],[107.944481,12.439794],[107.944715,12.440306],[107.94495,12.440516],[107.945592,12.440601],[107.947919,12.440004],[107.948487,12.439984],[107.952459,12.441408],[107.953413,12.44162],[107.954343,12.441631],[107.954909,12.441457],[107.955346,12.441148],[107.955863,12.440487],[107.957264,12.440008],[107.95839,12.439443],[107.959837,12.43815],[107.961146,12.437443],[107.962014,12.437234],[107.96325,12.436704],[107.964467,12.43641],[107.966104,12.436354],[107.966634,12.4365],[107.96905,12.437831],[107.972547,12.440045],[107.973807,12.440715],[107.974299,12.441077],[107.97606,12.442946],[107.977257,12.443841],[107.978462,12.44436],[107.980044,12.444602],[107.981828,12.445208],[107.983155,12.445503],[107.984305,12.445872],[107.984983,12.446274],[107.985347,12.446559],[107.985715,12.447113],[107.986551,12.449224],[107.98705,12.451734],[107.98883,12.454485],[107.989378,12.454876],[107.990123,12.456553],[107.991728,12.458885],[107.99182,12.459505],[107.991488,12.461277],[107.991415,12.462426],[107.991588,12.463225],[107.991889,12.463845],[107.992547,12.464784],[107.992993,12.465136],[107.994252,12.465604],[107.99571,12.465904],[107.995824,12.466059],[107.99583,12.466827],[107.995273,12.467299],[107.995143,12.467576],[107.995132,12.467843],[107.995335,12.468058],[107.995132,12.469193],[107.99524,12.470128],[107.995717,12.470983],[107.996721,12.472024],[107.997609,12.472512],[107.999484,12.473047],[107.999855,12.473308],[108.001426,12.47533],[108.00169,12.475988],[108.001713,12.476497],[108.001424,12.47719],[107.998648,12.4802],[107.998058,12.480997],[107.997582,12.481907],[107.997315,12.483001],[107.997324,12.483525],[107.997728,12.485309],[107.997733,12.485747],[107.997503,12.486141],[107.996943,12.486355],[107.995974,12.486403],[107.994563,12.485841],[107.993576,12.48514],[107.992875,12.484847],[107.992026,12.484974],[107.991606,12.485197],[107.990653,12.486305],[107.990386,12.487244],[107.990264,12.488558],[107.990321,12.489156],[107.99067,12.490062],[107.991439,12.491215],[107.991683,12.491911],[107.991445,12.492763],[107.991131,12.493097],[107.990688,12.493304],[107.98885,12.493201],[107.987726,12.493384],[107.986933,12.494037],[107.98653,12.494554],[107.986482,12.494854],[107.986583,12.495114],[107.986377,12.495202],[107.984846,12.494926],[107.982654,12.49497],[107.981779,12.495144],[107.980802,12.495504],[107.980222,12.495859],[107.979705,12.496275],[107.979541,12.496564],[107.979472,12.498609],[107.978412,12.502357],[107.976367,12.505629],[107.974236,12.508081],[107.972691,12.509111],[107.971374,12.50968],[107.969165,12.510412],[107.967676,12.511289],[107.9649,12.513499],[107.96318,12.514607],[107.960434,12.516033],[107.957818,12.518758],[107.955979,12.519524],[107.954665,12.520398],[107.953774,12.520752],[107.949976,12.520412],[107.948405,12.52083],[107.944402,12.524322],[107.942503,12.525806],[107.94084,12.526631],[107.938928,12.526921],[107.936435,12.526918],[107.932138,12.526069],[107.929402,12.526099],[107.928615,12.526406],[107.928012,12.526861],[107.927323,12.527824],[107.927063,12.528474],[107.924811,12.528822],[107.922799,12.527974],[107.921329,12.528509],[107.92047,12.528968],[107.919679,12.52912],[107.917077,12.528728],[107.9159,12.528798],[107.915227,12.529063],[107.914952,12.528884],[107.914854,12.528341],[107.913646,12.527823],[107.913183,12.527496],[107.913184,12.527198],[107.91342,12.526772],[107.913859,12.52656],[107.914031,12.526332],[107.914065,12.526049],[107.913893,12.525872],[107.911613,12.525407],[107.910298,12.525277],[107.910068,12.525387],[107.90965,12.526061],[107.908363,12.527306],[107.907964,12.527537],[107.906483,12.52778],[107.905186,12.528141],[107.904592,12.528338],[107.904194,12.528653],[107.903426,12.529618],[107.903061,12.530423],[107.901358,12.53264],[107.900186,12.53357],[107.898381,12.53531],[107.896759,12.536439],[107.894692,12.538453],[107.893725,12.538985],[107.892927,12.539222],[107.890788,12.539142],[107.888184,12.539695],[107.888176,12.541401],[107.887761,12.543496],[107.887582,12.546076],[107.887662,12.546677],[107.888133,12.547713],[107.889964,12.549727],[107.891966,12.551218],[107.894628,12.551998],[107.895448,12.552491],[107.895634,12.552764],[107.895779,12.55379],[107.896141,12.554599],[107.89621,12.555375],[107.896081,12.55583],[107.895834,12.556514],[107.895319,12.557296],[107.893536,12.558797],[107.891929,12.559734],[107.891897,12.560213],[107.892076,12.560487],[107.893222,12.561177],[107.893402,12.561408],[107.893469,12.56212],[107.892989,12.563616],[107.893072,12.564519],[107.89331,12.564918],[107.89456,12.565707],[107.895551,12.566872],[107.895874,12.567098],[107.897309,12.567455],[107.898885,12.567453],[107.899591,12.567847],[107.900314,12.568541],[107.90207,12.568938],[107.902466,12.569135],[107.903485,12.570156],[107.904189,12.570478],[107.905569,12.572485],[107.90654,12.573105],[107.907993,12.575111],[107.908494,12.57555],[107.910674,12.575971],[107.912388,12.576498],[107.912844,12.576808],[107.913467,12.57769],[107.91382,12.577959],[107.917337,12.579125],[107.919449,12.580005],[107.920693,12.580336],[107.923121,12.580696],[107.926815,12.580756],[107.928159,12.580885],[107.929948,12.581597],[107.931431,12.582384],[107.932579,12.58316],[107.932965,12.583743],[107.933446,12.584914],[107.934099,12.587158],[107.934241,12.588074],[107.934206,12.588849],[107.933885,12.591462],[107.933984,12.592436],[107.934923,12.595408],[107.935036,12.596439],[107.934957,12.597171],[107.934743,12.597604],[107.934266,12.59801],[107.933248,12.598366],[107.930363,12.598799],[107.92968,12.599122],[107.928916,12.599976],[107.928767,12.600953],[107.928666,12.603649],[107.928736,12.606],[107.928637,12.607564],[107.929338,12.613995],[107.929292,12.615071],[107.92907,12.616048],[107.928683,12.616755],[107.927935,12.617695],[107.927326,12.618089],[107.926613,12.618298],[107.922349,12.618215],[107.921593,12.618525],[107.920971,12.619019],[107.920597,12.619525],[107.920415,12.620158],[107.920535,12.621762],[107.920822,12.622562],[107.922228,12.625198],[107.922657,12.627315],[107.922793,12.629115],[107.922734,12.630117],[107.921911,12.632853],[107.921139,12.633806],[107.919189,12.634999],[107.918917,12.635411],[107.920517,12.638888],[107.920964,12.640401],[107.921129,12.641407],[107.921197,12.643441],[107.920573,12.645517],[107.919918,12.646644],[107.919093,12.647446],[107.918251,12.647946],[107.917047,12.648199],[107.916404,12.648042],[107.913894,12.646954],[107.911795,12.64621],[107.910514,12.645903],[107.908308,12.646053],[107.907235,12.646493],[107.905743,12.647863],[107.904501,12.649847],[107.90433,12.650567],[107.904445,12.651661],[107.905544,12.652965],[107.906775,12.653972],[107.90755,12.654484],[107.908458,12.654694],[107.908815,12.655083],[107.91084,12.655394],[107.911638,12.6556],[107.912567,12.65603],[107.913298,12.656557],[107.914388,12.657603],[107.914744,12.658418],[107.914095,12.663424],[107.913445,12.66493],[107.912372,12.666005],[107.911151,12.666963],[107.909142,12.668087],[107.90707,12.670307],[107.907461,12.671175],[107.90756,12.67261],[107.905581,12.67435],[107.905353,12.674651],[107.905243,12.675196],[107.90537,12.676913],[107.906542,12.679427],[107.906399,12.680689],[107.906458,12.681107],[107.907279,12.682143],[107.907732,12.683906],[107.908322,12.685184],[107.908788,12.685788],[107.909265,12.685977],[107.910025,12.685983],[107.910495,12.686272],[107.911212,12.690091],[107.912237,12.691993],[107.912324,12.693104],[107.912255,12.693578],[107.911891,12.694238],[107.905052,12.701542],[107.903011,12.704308],[107.902118,12.705795],[107.901356,12.706669],[107.900712,12.707259],[107.898941,12.708391],[107.898334,12.708962],[107.897768,12.709862],[107.897501,12.710074],[107.896121,12.710784],[107.895703,12.711276],[107.895544,12.71264],[107.895793,12.715333],[107.89622,12.718225],[107.89865,12.723634],[107.899123,12.724413],[107.899424,12.724683],[107.901513,12.725335],[107.907137,12.728678],[107.909567,12.730408],[107.910974,12.732149],[107.911577,12.733792],[107.911811,12.735115],[107.91183,12.736764],[107.910519,12.74022],[107.90851,12.743396],[107.905983,12.746005],[107.903952,12.747175],[107.896834,12.75073],[107.892401,12.752643],[107.887849,12.753804],[107.885589,12.754223],[107.8838,12.754278],[107.881789,12.754013],[107.874416,12.751421],[107.871018,12.752243],[107.869727,12.752759],[107.869556,12.752695],[107.869048,12.751817],[107.868724,12.751534],[107.86796,12.751317],[107.867203,12.751598],[107.866646,12.752012],[107.865991,12.753029],[107.864877,12.7544],[107.86413,12.754862],[107.861185,12.755865],[107.860544,12.756338],[107.858306,12.759718],[107.85689,12.761132],[107.856291,12.761851],[107.85589,12.762607],[107.855676,12.763529],[107.855738,12.764638],[107.856923,12.768726],[107.857087,12.770495],[107.857017,12.771325],[107.856879,12.771936],[107.854696,12.775905],[107.853971,12.777734],[107.853529,12.779962],[107.853973,12.781749],[107.854525,12.782833],[107.862885,12.793231],[107.863707,12.794836],[107.864087,12.796158],[107.864026,12.797234],[107.863561,12.798099],[107.860083,12.800611],[107.857482,12.803184],[107.85658,12.804234],[107.856262,12.805169],[107.856023,12.806677],[107.855699,12.807039],[107.855211,12.807341],[107.853734,12.808747],[107.852382,12.809285],[107.851653,12.810132],[107.849605,12.811737],[107.847772,12.812489],[107.846412,12.81236],[107.844973,12.811745],[107.844151,12.811254],[107.840294,12.807659],[107.838138,12.806299],[107.836948,12.805035],[107.835328,12.803891],[107.831926,12.8022],[107.830012,12.801575],[107.827575,12.801186],[107.825983,12.80126],[107.825189,12.801448],[107.823995,12.802007],[107.823523,12.79999],[107.823188,12.799378],[107.823041,12.799278],[107.822109,12.799228],[107.821786,12.798736],[107.821808,12.797391],[107.822298,12.79658],[107.822212,12.796497],[107.820989,12.796564],[107.820422,12.795975],[107.819949,12.795724],[107.819759,12.794856],[107.820251,12.794316],[107.820012,12.794072],[107.81928,12.793949],[107.819159,12.793838],[107.819124,12.793485],[107.81937,12.792528],[107.818398,12.791122],[107.818301,12.790059],[107.818126,12.789637],[107.817752,12.789499],[107.817488,12.789545],[107.817118,12.78983],[107.816745,12.789905],[107.813407,12.789467],[107.812416,12.789091],[107.811979,12.789265],[107.81149,12.789769],[107.81113,12.78973],[107.810926,12.789242],[107.811453,12.788407],[107.8115,12.788023],[107.810893,12.786826],[107.811024,12.786386],[107.81156,12.785614],[107.811475,12.785083],[107.811001,12.784944],[107.808937,12.785052],[107.808695,12.785226],[107.808123,12.786224],[107.807833,12.786487],[107.80751,12.786611],[107.807079,12.786497],[107.806705,12.785667],[107.806662,12.7847],[107.806785,12.784552],[107.807246,12.78445],[107.808242,12.784647],[107.808671,12.784593],[107.808708,12.784351],[107.808479,12.783892],[107.808044,12.78336],[107.806494,12.783491],[107.805897,12.783343],[107.805258,12.782964],[107.804125,12.78176],[107.803682,12.780672],[107.803084,12.779993],[107.802512,12.779902],[107.800986,12.780675],[107.799744,12.779595],[107.79938,12.77967],[107.799038,12.780146],[107.797961,12.780106],[107.797506,12.780235],[107.797328,12.78018],[107.797173,12.77991],[107.796769,12.779883],[107.796169,12.779563],[107.794435,12.780438],[107.792979,12.780431],[107.791894,12.779827],[107.790416,12.779662],[107.789188,12.779385],[107.787853,12.7794],[107.785952,12.778635],[107.783934,12.778837],[107.782523,12.778827],[107.780848,12.778175],[107.779633,12.778129],[107.778883,12.778236],[107.778419,12.778589],[107.777551,12.778561],[107.776569,12.778797],[107.775797,12.778598],[107.775205,12.77863],[107.771755,12.779155],[107.771521,12.779128],[107.770715,12.778618],[107.77033,12.778615],[107.768453,12.779743],[107.766167,12.780544],[107.765559,12.780643],[107.765259,12.78066],[107.765021,12.780483],[107.763718,12.778718],[107.762358,12.778766],[107.761535,12.778485],[107.760528,12.778812],[107.759743,12.778902],[107.757967,12.779481],[107.755999,12.779854],[107.754673,12.77994],[107.752654,12.780499],[107.750982,12.780365],[107.750015,12.780465],[107.749583,12.780345],[107.747926,12.780572],[107.746429,12.781437],[107.746297,12.781781],[107.747035,12.781784],[107.74723,12.781915],[107.748016,12.7833],[107.746389,12.784288],[107.745334,12.784627],[107.744499,12.784712],[107.743302,12.784553],[107.731678,12.780996],[107.730962,12.781621],[107.725065,12.785115],[107.723784,12.785443],[107.714125,12.786891],[107.711665,12.787032],[107.708854,12.786752],[107.707753,12.78684],[107.707273,12.787012],[107.705895,12.788022],[107.704545,12.788406],[107.694757,12.789218],[107.688888,12.790021],[107.68711,12.78917],[107.686612,12.789067],[107.685756,12.789527],[107.684616,12.789755],[107.683842,12.790133],[107.682805,12.791072],[107.682019,12.791343],[107.681818,12.79158],[107.682023,12.792253],[107.681864,12.792432],[107.681019,12.792225],[107.680408,12.792414],[107.680222,12.792336],[107.680222,12.792122],[107.680957,12.791019],[107.680901,12.79075],[107.680713,12.790612],[107.680188,12.791422],[107.679918,12.791637],[107.67962,12.79173],[107.678949,12.791487],[107.678677,12.791563],[107.678619,12.791894],[107.678729,12.792496],[107.679322,12.793938],[107.67923,12.79437],[107.679071,12.794526],[107.678856,12.794493],[107.678233,12.793739],[107.677063,12.79353],[107.676697,12.793079],[107.676229,12.793026],[107.675677,12.793442],[107.674586,12.793998],[107.669336,12.796268],[107.666984,12.795974],[107.665044,12.795953],[107.664519,12.796113],[107.663221,12.797276],[107.662586,12.797431],[107.661548,12.797392],[107.661268,12.797519],[107.661053,12.798019],[107.661061,12.798495],[107.660895,12.79836],[107.657253,12.798257],[107.654833,12.797917],[107.650124,12.796722],[107.644398,12.795891],[107.642983,12.795787],[107.641451,12.796054],[107.640163,12.796714],[107.638313,12.798342],[107.63844,12.798546],[107.638421,12.798847],[107.637965,12.799373],[107.637662,12.800018],[107.63826,12.801925],[107.638249,12.802229],[107.637721,12.802623],[107.636899,12.801644],[107.636331,12.801392],[107.635679,12.801394],[107.63528,12.801777],[107.634372,12.803896],[107.634041,12.804058],[107.633504,12.804048],[107.632033,12.803442],[107.63101,12.803406],[107.630422,12.80318],[107.628975,12.802982],[107.62766,12.802187],[107.626361,12.801935],[107.625876,12.80204],[107.625433,12.801625],[107.624719,12.801478],[107.624771,12.801227],[107.624682,12.801098],[107.624443,12.801276],[107.624205,12.801243],[107.624009,12.800667],[107.623856,12.800525],[107.622935,12.800415],[107.622693,12.799999],[107.619899,12.799783],[107.618194,12.799991],[107.615647,12.79929],[107.614597,12.799199],[107.612518,12.798269],[107.611393,12.797134],[107.610813,12.79685],[107.610322,12.796822],[107.607843,12.795137],[107.607686,12.795314],[107.607843,12.795621],[107.607748,12.795876],[107.607074,12.796236],[107.606376,12.796829],[107.605522,12.797157],[107.60488,12.797808],[107.603733,12.797598],[107.6033,12.797949],[107.602615,12.797968],[107.602348,12.798108],[107.602113,12.798816],[107.602351,12.799191],[107.601593,12.799967],[107.601519,12.800283],[107.60189,12.801514],[107.601261,12.801692],[107.600881,12.801649],[107.600751,12.802295],[107.600593,12.802427],[107.599944,12.802313],[107.600018,12.802062],[107.599885,12.8015],[107.599617,12.801254],[107.599278,12.801238],[107.598833,12.800578],[107.598224,12.801095],[107.597292,12.800703],[107.597106,12.800118],[107.596912,12.799882],[107.59637,12.799801],[107.595936,12.800178],[107.595295,12.800074],[107.595076,12.799752],[107.595245,12.799125],[107.594919,12.798892],[107.594298,12.798763],[107.59375,12.798219],[107.593413,12.7982],[107.593189,12.797891],[107.592936,12.797224],[107.592998,12.796392],[107.592901,12.796181],[107.591497,12.795734],[107.590697,12.795283],[107.589712,12.795152],[107.589138,12.795311],[107.588739,12.795155],[107.586083,12.795882],[107.584859,12.795782],[107.583863,12.795454],[107.582449,12.795393],[107.579016,12.795951],[107.57739,12.796483],[107.575713,12.797887],[107.570528,12.797756],[107.565507,12.796842],[107.564292,12.796768],[107.563267,12.796564],[107.563161,12.796746],[107.562422,12.796876],[107.561759,12.795851],[107.561026,12.795761],[107.560684,12.795466],[107.560369,12.795363],[107.561244,12.79406],[107.562167,12.792187],[107.56274,12.789305],[107.563126,12.788248],[107.563155,12.787855],[107.563038,12.787349],[107.562801,12.787096],[107.562007,12.786975],[107.560496,12.787009],[107.560171,12.786717],[107.559853,12.784642],[107.559935,12.782121],[107.559658,12.780583],[107.559369,12.779804],[107.559379,12.779199],[107.559586,12.77852],[107.560825,12.777732],[107.561368,12.776232],[107.562325,12.775039],[107.562499,12.774303],[107.562039,12.773347],[107.561368,12.772386],[107.560947,12.771455],[107.560036,12.770411],[107.559748,12.769826],[107.559879,12.766157],[107.559551,12.763826],[107.558866,12.762108],[107.559118,12.759434],[107.55999,12.755873],[107.559952,12.754423],[107.560156,12.753696],[107.559601,12.74977],[107.559633,12.748761],[107.559866,12.747801],[107.55965,12.746627],[107.55987,12.746275],[107.56072,12.746044],[107.562171,12.746551],[107.56429,12.746579],[107.564706,12.746412],[107.564606,12.743528],[107.56355,12.741659],[107.563206,12.739331],[107.563359,12.738413],[107.563678,12.737952],[107.563637,12.736467],[107.563798,12.736027],[107.564505,12.735098],[107.565128,12.733924],[107.565478,12.733625],[107.567058,12.732853],[107.567331,12.732583],[107.567475,12.731739],[107.567358,12.730741],[107.567487,12.730374],[107.567611,12.728894],[107.567861,12.728255],[107.567766,12.72782],[107.567146,12.727038],[107.566799,12.726386],[107.565352,12.724911],[107.564794,12.723854],[107.564224,12.723236],[107.563504,12.721892],[107.563096,12.720588],[107.56204,12.718917],[107.561502,12.717153],[107.560914,12.716873],[107.559831,12.71673],[107.559559,12.716494],[107.559165,12.715324],[107.559453,12.713036],[107.55928,12.712475],[107.559478,12.711784],[107.55948,12.710785],[107.55967,12.709736],[107.559988,12.709494],[107.560072,12.709178],[107.559894,12.707587],[107.56091,12.707074],[107.561911,12.70691],[107.56242,12.706698],[107.562512,12.706275],[107.562495,12.704597],[107.562735,12.704107],[107.563399,12.703729],[107.564973,12.703393],[107.566163,12.702778],[107.566565,12.702715],[107.567387,12.702832],[107.567672,12.701865],[107.568951,12.700477],[107.569231,12.699825],[107.569359,12.698983],[107.568878,12.698338],[107.569593,12.695389],[107.569865,12.694833],[107.570381,12.692165],[107.570692,12.691944],[107.571774,12.691778],[107.572457,12.69192],[107.57296,12.692269],[107.573248,12.692301],[107.574189,12.69156],[107.575089,12.691345],[107.575199,12.690957],[107.575243,12.689134],[107.575608,12.687818],[107.575434,12.687556],[107.577987,12.684404],[107.578636,12.684192],[107.578749,12.684007],[107.578746,12.683428],[107.577764,12.68133],[107.577751,12.681063],[107.578044,12.680966],[107.578582,12.681015],[107.579667,12.681608],[107.580326,12.681645],[107.582204,12.679465],[107.582077,12.678924],[107.581647,12.678584],[107.579177,12.678645],[107.579043,12.678537],[107.578811,12.677368],[107.57862,12.677103],[107.578269,12.676925],[107.57715,12.677016],[107.576627,12.67658],[107.576409,12.676144],[107.576367,12.675635],[107.576948,12.674465],[107.576983,12.673529],[107.576348,12.671228],[107.576198,12.670214],[107.575642,12.669438],[107.575016,12.66904],[107.57393,12.669101],[107.57359,12.668977],[107.573322,12.668702],[107.573151,12.667745],[107.572794,12.667449],[107.572099,12.667488],[107.571021,12.667979],[107.570693,12.667964],[107.570541,12.667796],[107.571126,12.666378],[107.570893,12.664946],[107.571582,12.662756],[107.571632,12.661656],[107.571442,12.66112],[107.570637,12.660101],[107.570148,12.658795],[107.569782,12.657454],[107.56965,12.655672],[107.569917,12.654722],[107.571221,12.652595],[107.57352,12.651423],[107.574005,12.65089],[107.574153,12.650112],[107.573803,12.649414],[107.572979,12.648738],[107.571613,12.648354],[107.57013,12.648315],[107.569316,12.648007],[107.569268,12.647434],[107.570155,12.646808],[107.570351,12.646064],[107.569655,12.644069],[107.569162,12.643171],[107.56913,12.642828],[107.569545,12.642047],[107.570166,12.641417],[107.570694,12.641059],[107.57155,12.640911],[107.572316,12.640054],[107.572227,12.639123],[107.571547,12.637571],[107.571596,12.635747],[107.571445,12.635007],[107.571724,12.634487],[107.572367,12.634176],[107.572613,12.633865],[107.572586,12.63256],[107.572727,12.632254],[107.573853,12.631367],[107.574195,12.630757],[107.573824,12.630385],[107.572854,12.629932],[107.572106,12.62906],[107.571892,12.628541],[107.572265,12.627849],[107.572373,12.62726],[107.572865,12.626043],[107.573127,12.625673],[107.573494,12.625654],[107.574734,12.625184],[107.57498,12.62469],[107.575506,12.624506],[107.576978,12.623531],[107.577479,12.623386],[107.578213,12.623384],[107.578796,12.622972],[107.578967,12.622542],[107.578715,12.621896],[107.577557,12.620338],[107.577609,12.619536],[107.577839,12.619299],[107.57803,12.619292],[107.579088,12.620175],[107.579394,12.620256],[107.579607,12.620165],[107.581455,12.618232],[107.581599,12.616962],[107.582525,12.615249],[107.582437,12.614898],[107.582098,12.614431],[107.582222,12.613965],[107.58259,12.613668],[107.582866,12.613633],[107.58324,12.613754],[107.583761,12.614193],[107.584054,12.614215],[107.584309,12.614],[107.584551,12.613403],[107.585031,12.613128],[107.584995,12.612892],[107.584611,12.612441],[107.583482,12.612436],[107.583067,12.612223],[107.581857,12.610981],[107.580918,12.610258],[107.58074,12.609806],[107.580876,12.609184],[107.581852,12.608983],[107.582378,12.608598],[107.582738,12.608216],[107.583251,12.607294],[107.583171,12.607009],[107.58249,12.606628],[107.582367,12.605847],[107.582432,12.605625],[107.582682,12.605413],[107.583706,12.605038],[107.58482,12.604079],[107.585642,12.603171],[107.585735,12.602363],[107.585043,12.602503],[107.584705,12.602136],[107.584617,12.60105],[107.584784,12.599634],[107.584533,12.598785],[107.584667,12.59859],[107.585734,12.598209],[107.585964,12.59796],[107.586001,12.597671],[107.585767,12.597188],[107.585006,12.596496],[107.584692,12.59557],[107.584414,12.59543],[107.583562,12.595317],[107.583152,12.595011],[107.582993,12.594692],[107.582847,12.593416],[107.582575,12.59256],[107.582261,12.592185],[107.581172,12.591517],[107.581244,12.591239],[107.582099,12.589907],[107.582024,12.589223],[107.581471,12.588285],[107.581391,12.587805],[107.581607,12.587264],[107.582474,12.58713],[107.582976,12.58641],[107.582758,12.585973],[107.582478,12.585713],[107.580887,12.585336],[107.58059,12.585121],[107.579873,12.58266],[107.579585,12.582018],[107.579643,12.579791],[107.57996,12.579421],[107.580538,12.579194],[107.580912,12.578455],[107.580878,12.578106],[107.580481,12.577653],[107.580295,12.57723],[107.580256,12.576515],[107.579836,12.57515],[107.580132,12.574689],[107.580661,12.57419],[107.581177,12.573239],[107.581766,12.572479],[107.581976,12.572043],[107.582153,12.570966],[107.582776,12.570296],[107.583013,12.569864],[107.583053,12.568964],[107.582695,12.567993],[107.582899,12.566914],[107.58336,12.566385],[107.583665,12.566262],[107.584213,12.566359],[107.585078,12.566821],[107.585541,12.566716],[107.585516,12.566168],[107.585167,12.565464],[107.585221,12.564607],[107.585041,12.5635],[107.585717,12.562906],[107.586451,12.562798],[107.5872,12.562406],[107.588284,12.561172],[107.588911,12.560143],[107.589711,12.559494],[107.589925,12.558766],[107.589353,12.556637],[107.589082,12.556046],[107.589102,12.555811],[107.588392,12.554899],[107.587112,12.554502],[107.586227,12.553668],[107.585893,12.553183],[107.583552,12.55207],[107.582872,12.550872],[107.582429,12.549365],[107.582173,12.548942],[107.582156,12.548618],[107.580795,12.546957],[107.58029,12.54685],[107.579476,12.547056],[107.578662,12.546685],[107.578029,12.54558],[107.578104,12.544975],[107.57801,12.544621],[107.578234,12.544193],[107.578458,12.543121],[107.577622,12.542774],[107.576873,12.541969],[107.576659,12.542065],[107.576441,12.542436],[107.575899,12.542477],[107.575658,12.542365],[107.575425,12.541599],[107.576159,12.539226],[107.576209,12.538506],[107.576369,12.538266],[107.576837,12.538096],[107.577046,12.537733],[107.577474,12.53668],[107.577627,12.5351],[107.576749,12.534529],[107.575844,12.534596],[107.575802,12.534375],[107.575994,12.533785],[107.57587,12.532907],[107.575614,12.532693],[107.574022,12.532345],[107.573597,12.532072],[107.572536,12.530616],[107.571221,12.529429],[107.570887,12.529347],[107.57039,12.529624],[107.568915,12.529733],[107.568417,12.529972],[107.568206,12.529933],[107.568002,12.528843],[107.567317,12.527157],[107.566951,12.52698],[107.565929,12.527441],[107.565589,12.527443],[107.565308,12.527286],[107.565042,12.526913],[107.565145,12.525942],[107.564873,12.5256],[107.564322,12.525319],[107.564149,12.525012],[107.563871,12.523548],[107.5636,12.523282],[107.562823,12.522894],[107.562651,12.522525],[107.562807,12.520251],[107.562594,12.519733],[107.56216,12.519399],[107.561876,12.518378],[107.561981,12.517625],[107.562575,12.516333],[107.563223,12.51582],[107.564976,12.515437],[107.565675,12.514913],[107.567204,12.512868],[107.567927,12.512726],[107.569026,12.512247],[107.569342,12.511783],[107.569158,12.510235],[107.568803,12.509809],[107.568232,12.509446],[107.568032,12.508354],[107.567546,12.508287],[107.567255,12.508046],[107.566978,12.50699],[107.567047,12.506652],[107.567264,12.506552],[107.567558,12.506638],[107.569061,12.50747],[107.569562,12.507539],[107.569921,12.507457],[107.570261,12.507069],[107.570284,12.506588],[107.570231,12.506353],[107.569706,12.506021],[107.569336,12.505537],[107.569301,12.505068],[107.56953,12.504266],[107.570309,12.503014],[107.570701,12.501988],[107.571116,12.501432],[107.571846,12.501301],[107.572415,12.501541],[107.573,12.501095],[107.573264,12.500481],[107.573315,12.499295],[107.573465,12.498782],[107.573787,12.498873],[107.574162,12.499234],[107.575142,12.499568],[107.576784,12.498698],[107.577429,12.497858],[107.577965,12.497807],[107.578407,12.49753],[107.579087,12.497358],[107.580136,12.497384],[107.580734,12.496749],[107.58067,12.496288],[107.580851,12.495524],[107.580638,12.495105],[107.580674,12.494397],[107.58048,12.493941],[107.57956,12.493442],[107.579233,12.493005],[107.578438,12.492591],[107.578283,12.492328],[107.578421,12.491108],[107.578636,12.490786],[107.579129,12.490413],[107.579388,12.489926],[107.579333,12.489163],[107.579142,12.488634],[107.57891,12.488425],[107.577388,12.488162],[107.57678,12.486892],[107.576686,12.486398],[107.576755,12.485753],[107.577228,12.484725],[107.577571,12.483084],[107.577867,12.482277],[107.576313,12.480825],[107.575776,12.478903],[107.575868,12.478468],[107.575579,12.477805],[107.574895,12.477522],[107.574031,12.478026],[107.573779,12.477993],[107.573532,12.477734],[107.57338,12.477134],[107.573145,12.476894],[107.57194,12.476626],[107.57172,12.476625],[107.571256,12.476886],[107.570958,12.476871],[107.568859,12.475806],[107.568579,12.475486],[107.568193,12.473937],[107.567756,12.473821],[107.567521,12.4736],[107.567233,12.472386],[107.567292,12.47193],[107.565951,12.471812],[107.565522,12.471494],[107.565531,12.47134],[107.565937,12.471164],[107.566065,12.470852],[107.565564,12.470312],[107.565466,12.470029],[107.565792,12.469811],[107.566268,12.469864],[107.566356,12.469692],[107.566083,12.469029],[107.566167,12.468924],[107.566457,12.468943],[107.566423,12.468251],[107.566187,12.467952],[107.566191,12.467757],[107.567247,12.4674],[107.567457,12.466482],[107.567346,12.466188],[107.567467,12.466007],[107.567379,12.465831],[107.566629,12.465561],[107.566505,12.465359],[107.56653,12.465168],[107.56726,12.464884],[107.567016,12.464267],[107.567013,12.463666],[107.566773,12.463112],[107.566239,12.462425],[107.565788,12.462749],[107.565604,12.462482],[107.565503,12.462009],[107.565602,12.461593],[107.566037,12.461419],[107.566397,12.461428],[107.566704,12.461202],[107.56687,12.460912],[107.566851,12.460696],[107.566598,12.460437],[107.566169,12.460424],[107.565855,12.4605],[107.565397,12.460883],[107.565292,12.460694],[107.565611,12.45997],[107.565396,12.459705],[107.565017,12.459511],[107.565047,12.45941],[107.565686,12.459259],[107.565938,12.45904],[107.565782,12.457737],[107.565832,12.457062],[107.564618,12.456674],[107.565775,12.455845],[107.566286,12.455644],[107.566472,12.455715],[107.566478,12.456085],[107.566719,12.456124],[107.56694,12.455662],[107.566798,12.455253],[107.566866,12.455116],[107.567701,12.454728],[107.568296,12.454103],[107.567561,12.453893],[107.567365,12.453441],[107.567226,12.453543],[107.567092,12.454044],[107.566873,12.454004],[107.566675,12.4538],[107.565869,12.45066],[107.565589,12.450217],[107.565352,12.45006],[107.565345,12.449505],[107.565681,12.449141],[107.565646,12.448935],[107.565065,12.448743],[107.564402,12.44899],[107.56408,12.448983],[107.563439,12.448207],[107.562814,12.448342],[107.562188,12.447681],[107.562282,12.446211],[107.561287,12.445623],[107.561229,12.445147],[107.560887,12.444787],[107.560323,12.444525],[107.560399,12.444396],[107.56075,12.444501],[107.560851,12.444431],[107.560511,12.443617],[107.561245,12.442654],[107.561368,12.442312],[107.561266,12.441783],[107.560999,12.441394],[107.560749,12.441275],[107.559861,12.4414],[107.559667,12.440787],[107.559399,12.440615],[107.559522,12.440356],[107.560051,12.440111],[107.560085,12.439592],[107.55964,12.439211],[107.559245,12.439175],[107.558395,12.438709],[107.557924,12.437539],[107.556881,12.437169],[107.557129,12.43631],[107.55672,12.435935],[107.556851,12.435628],[107.556631,12.435425],[107.556519,12.435013],[107.555513,12.434646],[107.555532,12.434329],[107.555424,12.43416],[107.554864,12.434136],[107.554793,12.433763],[107.555222,12.433215],[107.55492,12.432888],[107.555071,12.432437],[107.554895,12.432171],[107.555091,12.431999],[107.554527,12.431453],[107.554264,12.430809],[107.554756,12.430673],[107.5548,12.429868],[107.555112,12.429601],[107.554981,12.429034],[107.555091,12.428681],[107.554739,12.42872],[107.554528,12.429015],[107.554401,12.429006],[107.554516,12.428568],[107.55476,12.428508],[107.554789,12.428316],[107.55466,12.427708],[107.55406,12.427367],[107.55389,12.427124],[107.553975,12.42674],[107.553768,12.426148],[107.554005,12.424656],[107.553897,12.424249],[107.553114,12.423326],[107.552929,12.423311],[107.55279,12.423489],[107.55227,12.423026],[107.552159,12.423151],[107.551794,12.423157],[107.551604,12.422948],[107.551596,12.422366],[107.552069,12.422391],[107.5522,12.422288],[107.551938,12.421724],[107.551957,12.421345],[107.550395,12.421534],[107.550168,12.421368],[107.550182,12.421283],[107.55054,12.421234],[107.55115,12.420787],[107.551225,12.420613],[107.551126,12.419925],[107.550693,12.419706],[107.550742,12.419463],[107.550559,12.41921],[107.550655,12.418931],[107.550378,12.418826],[107.550111,12.419264],[107.549704,12.419172],[107.549485,12.418684],[107.548896,12.418508],[107.548939,12.418057],[107.548743,12.417813],[107.548164,12.418085],[107.548278,12.418519],[107.548144,12.418733],[107.54743,12.418826],[107.547386,12.41863],[107.547686,12.418195],[107.547651,12.417866],[107.547422,12.417776],[107.547263,12.418235],[107.547015,12.418216],[107.547107,12.417969],[107.546949,12.417432],[107.546924,12.416203],[107.546379,12.415607],[107.545996,12.415393],[107.545474,12.415229],[107.545209,12.415318],[107.54567,12.416365],[107.545617,12.41651],[107.544752,12.4168],[107.544594,12.416707],[107.544834,12.416563],[107.544809,12.416408],[107.544225,12.416443],[107.544386,12.415691],[107.544848,12.414724],[107.544843,12.414059],[107.544747,12.413929],[107.544538,12.413922],[107.544012,12.414163],[107.543948,12.414006],[107.544206,12.413814],[107.544075,12.413461],[107.543763,12.413218],[107.543394,12.413462],[107.542972,12.413138],[107.543087,12.412921],[107.543357,12.413137],[107.5437,12.412868],[107.54351,12.412572],[107.543748,12.412229],[107.543877,12.411714],[107.543756,12.411453],[107.54362,12.411483],[107.54365,12.411883],[107.543477,12.411922],[107.542798,12.411405],[107.542174,12.411125],[107.541988,12.410893],[107.542185,12.410413],[107.542607,12.410429],[107.54269,12.410179],[107.542867,12.410341],[107.543118,12.41026],[107.543353,12.40987],[107.543313,12.409422],[107.543576,12.409021],[107.544177,12.408868],[107.543942,12.408478],[107.544233,12.408552],[107.544451,12.408017],[107.544485,12.407416],[107.54478,12.407416],[107.545047,12.40771],[107.545269,12.407447],[107.545571,12.407316],[107.545429,12.406909],[107.545112,12.406706],[107.544471,12.406004],[107.544463,12.40586],[107.544699,12.40552],[107.545765,12.405552],[107.545273,12.405025],[107.545283,12.404401],[107.545408,12.404267],[107.545574,12.404505],[107.545732,12.404506],[107.546223,12.404011],[107.546152,12.403873],[107.54543,12.403502],[107.545649,12.4032],[107.545445,12.40263],[107.545414,12.401955],[107.545625,12.401745],[107.545667,12.400803],[107.545053,12.400813],[107.544718,12.400437],[107.544581,12.400044],[107.544706,12.399062],[107.544302,12.398123],[107.544367,12.397833],[107.544784,12.397448],[107.544689,12.396649],[107.545533,12.396064],[107.545629,12.395869],[107.545098,12.395225],[107.545115,12.394488],[107.544957,12.394204],[107.546171,12.394311],[107.546508,12.394096],[107.546638,12.393931],[107.546358,12.393719],[107.546373,12.393421],[107.546129,12.393387],[107.545882,12.393567],[107.545785,12.39345],[107.546098,12.393185],[107.546169,12.392517],[107.546505,12.392551],[107.546807,12.392094],[107.547159,12.391906],[107.548069,12.391851],[107.548004,12.391617],[107.548208,12.391431],[107.547996,12.391107],[107.548326,12.390202],[107.54796,12.389968],[107.547467,12.389031],[107.547458,12.388465],[107.548362,12.38809],[107.548664,12.388458],[107.549058,12.387454],[107.549526,12.387439],[107.549668,12.38729],[107.549723,12.386505],[107.549653,12.386317],[107.549309,12.386345],[107.54931,12.385607],[107.549513,12.385609],[107.550157,12.386207],[107.550353,12.386195],[107.550704,12.385933],[107.550884,12.385594],[107.550366,12.385607],[107.550339,12.385484],[107.550713,12.385239],[107.550904,12.384684],[107.551815,12.383908],[107.551534,12.383556],[107.55198,12.383177],[107.552278,12.382608],[107.553202,12.382068],[107.553164,12.381431],[107.553326,12.380881],[107.553936,12.38079],[107.55443,12.381013],[107.55462,12.380936],[107.554714,12.380696],[107.554598,12.380147],[107.554459,12.380047],[107.55416,12.380159],[107.55386,12.380062],[107.554331,12.379681],[107.55436,12.378802],[107.553806,12.378552],[107.553612,12.37724],[107.553041,12.377],[107.552774,12.376683],[107.552884,12.376348],[107.552784,12.37609],[107.552512,12.376138],[107.552089,12.376017],[107.552072,12.375623],[107.551721,12.375499],[107.551692,12.375262],[107.551178,12.375065],[107.550915,12.375085],[107.550641,12.375384],[107.550282,12.37529],[107.550154,12.375133],[107.55008,12.374419],[107.549747,12.374262],[107.549637,12.373992],[107.548939,12.374121],[107.548695,12.373751],[107.548051,12.373971],[107.546586,12.373556],[107.546307,12.373646],[107.545771,12.37358],[107.545797,12.373115],[107.544724,12.372979],[107.544601,12.37285],[107.544856,12.37185],[107.544636,12.371103],[107.545157,12.370927],[107.545779,12.370177],[107.545738,12.369379],[107.546267,12.368902],[107.546424,12.368326],[107.546328,12.368026],[107.546787,12.367582],[107.547367,12.367283],[107.547304,12.367061],[107.546722,12.366537],[107.546732,12.366439],[107.547231,12.366296],[107.547392,12.366129],[107.546702,12.365611],[107.547252,12.365093],[107.547403,12.364687],[107.547343,12.3645],[107.546736,12.364036],[107.546845,12.363592],[107.546754,12.362414],[107.546906,12.361623],[107.546751,12.361301],[107.547088,12.361287],[107.54763,12.360758],[107.54771,12.360461],[107.547421,12.360037],[107.546928,12.359871],[107.547255,12.359107],[107.546924,12.358548],[107.546721,12.358477],[107.546705,12.358268],[107.546419,12.358072],[107.546425,12.35785],[107.546641,12.357565],[107.546541,12.35667],[107.546276,12.356428],[107.546188,12.355598],[107.545857,12.3554],[107.545666,12.355097],[107.545764,12.354323],[107.545511,12.353909],[107.545552,12.353518],[107.54532,12.353238],[107.545306,12.352931],[107.545076,12.35261],[107.545218,12.352177],[107.544797,12.351988],[107.543696,12.350212],[107.542997,12.350074],[107.542466,12.350235],[107.541563,12.350211],[107.540856,12.350567],[107.540328,12.350997],[107.540051,12.351067],[107.539882,12.35094],[107.539234,12.351807],[107.539169,12.351592],[107.538863,12.351806],[107.537886,12.351714],[107.537708,12.35189],[107.537319,12.351936],[107.5367,12.351377],[107.536334,12.351354],[107.536036,12.351162],[107.535991,12.350954],[107.536204,12.350482],[107.535847,12.350463],[107.535647,12.350301],[107.535753,12.349847],[107.535295,12.349481],[107.53536,12.349061],[107.535904,12.349035],[107.535833,12.347765],[107.535582,12.34757],[107.535256,12.346579],[107.534319,12.345879],[107.53423,12.345706],[107.534374,12.345615],[107.53381,12.345444],[107.533937,12.344975],[107.53359,12.345079],[107.533273,12.344866],[107.532911,12.344939],[107.53271,12.344701],[107.532513,12.345052],[107.532144,12.345015],[107.531737,12.345204],[107.531254,12.344947],[107.530635,12.344846],[107.530542,12.345],[107.530375,12.345042],[107.530247,12.344911],[107.529919,12.345169],[107.529921,12.345265],[107.530104,12.34531],[107.529936,12.345701],[107.529583,12.345561],[107.529487,12.345801],[107.529253,12.345654],[107.529132,12.345787],[107.528981,12.34576],[107.528871,12.345937],[107.528764,12.345732],[107.528332,12.345905],[107.528313,12.345658],[107.527908,12.34557],[107.528532,12.345143],[107.528266,12.344207],[107.528363,12.343973],[107.528209,12.343938],[107.528307,12.34379],[107.527985,12.343223],[107.528157,12.343057],[107.528126,12.342301],[107.527678,12.342125],[107.527622,12.341784],[107.527197,12.341586],[107.527381,12.34141],[107.527078,12.341103],[107.527197,12.340949],[107.527155,12.340362],[107.52752,12.340247],[107.52736,12.340008],[107.526978,12.339658],[107.526723,12.340006],[107.526574,12.339901],[107.526368,12.339972],[107.526309,12.339808],[107.526147,12.339854],[107.526094,12.339705],[107.525892,12.33984],[107.52565,12.339587],[107.525177,12.339859],[107.524227,12.339579],[107.524,12.33997],[107.522823,12.340264],[107.522634,12.340037],[107.521845,12.340171],[107.521414,12.339955],[107.521173,12.340058],[107.521091,12.339901],[107.520699,12.339902],[107.520555,12.339561],[107.520664,12.339012],[107.520375,12.339007],[107.519851,12.338473],[107.517842,12.337429],[107.51734,12.337391],[107.516666,12.337133],[107.516565,12.336953],[107.515578,12.336337],[107.515554,12.335844],[107.514866,12.334879],[107.514626,12.334657],[107.514452,12.334677],[107.514474,12.334491],[107.513956,12.334024],[107.513641,12.33347],[107.513689,12.332914],[107.513314,12.332215],[107.512981,12.330864],[107.512549,12.330567],[107.512231,12.329896],[107.511673,12.329398],[107.510948,12.329107],[107.510262,12.32909],[107.509836,12.328484],[107.509491,12.328631],[107.508868,12.328329],[107.508309,12.328448],[107.507042,12.327889],[107.506101,12.328065],[107.504629,12.327391],[107.504443,12.327156],[107.504234,12.326498],[107.503842,12.325994],[107.502839,12.325383],[107.502318,12.324828],[107.501513,12.324348],[107.499337,12.323679],[107.497544,12.323361],[107.496822,12.323071],[107.496078,12.322591],[107.494469,12.322372],[107.492487,12.321332],[107.491461,12.320374],[107.488903,12.31972],[107.487472,12.319571],[107.487003,12.319403],[107.485682,12.318516],[107.48465,12.318374],[107.48417,12.317985],[107.483828,12.317864],[107.482926,12.317802],[107.481549,12.316421],[107.480851,12.316024],[107.480287,12.315434],[107.479831,12.315174],[107.479642,12.314918],[107.47968,12.314592],[107.478456,12.314195],[107.476733,12.313398],[107.475644,12.312273],[107.473861,12.312227],[107.47163,12.311907],[107.46984,12.311387],[107.468801,12.310946],[107.46724,12.310587],[107.467151,12.310439],[107.467151,12.309403],[107.467273,12.308776],[107.467121,12.307736],[107.467787,12.306451],[107.467907,12.305973],[107.467232,12.304893],[107.467136,12.303508],[107.466695,12.30279],[107.466337,12.301284],[107.466106,12.301021],[107.464703,12.300367],[107.464585,12.300043],[107.464583,12.299336],[107.463951,12.298878],[107.463075,12.297751],[107.46112,12.29647],[107.458057,12.294071],[107.45688,12.293577],[107.45604,12.293364],[107.45317,12.293097],[107.449762,12.292136],[107.448856,12.291753],[107.447997,12.291945],[107.445997,12.291625],[107.445609,12.291795],[107.444836,12.292451],[107.444246,12.292542],[107.443851,12.292392],[107.44397,12.291886],[107.443688,12.290623],[107.444094,12.289489],[107.444044,12.288503],[107.444203,12.287403],[107.443479,12.286359],[107.443127,12.285435],[107.443297,12.284487],[107.443535,12.283994],[107.443259,12.28338],[107.44342,12.282901],[107.443473,12.281756],[107.443797,12.280757],[107.443466,12.27895],[107.442708,12.278209],[107.442566,12.277219],[107.442264,12.276808],[107.441703,12.276533],[107.44079,12.276334],[107.440408,12.27572],[107.439169,12.275219],[107.439117,12.274228],[107.438619,12.273417],[107.438182,12.272177],[107.438255,12.271708],[107.438163,12.27103],[107.438686,12.269722],[107.439837,12.268343],[107.440541,12.267278],[107.441608,12.26671],[107.441973,12.265135],[107.4417,12.264335],[107.441959,12.263585],[107.440929,12.261953],[107.440754,12.261042],[107.440517,12.260625],[107.438755,12.259857],[107.438469,12.259096],[107.437606,12.258381],[107.437131,12.257736],[107.436733,12.256712],[107.436756,12.255271],[107.43658,12.254699],[107.436648,12.254077],[107.436523,12.253791],[107.435762,12.252931],[107.434419,12.252348],[107.434155,12.251983],[107.434151,12.251499],[107.434338,12.250768],[107.433898,12.249774],[107.434583,12.247604],[107.434809,12.244423],[107.434183,12.244386],[107.429259,12.246204],[107.427159,12.246323],[107.4217,12.246296],[107.421094,12.245781],[107.419278,12.243294],[107.418803,12.2424],[107.418489,12.240987],[107.418091,12.239958],[107.417394,12.239285],[107.416353,12.239039],[107.415777,12.240538],[107.415309,12.243824],[107.41497,12.245302],[107.410625,12.250154],[107.408719,12.25105],[107.405995,12.25157],[107.403535,12.252344],[107.402815,12.252739],[107.398649,12.255806],[107.397806,12.255992],[107.396868,12.256038],[107.397027,12.256447],[107.397962,12.257692],[107.398222,12.258455],[107.398566,12.25892],[107.398719,12.259703],[107.399163,12.260455],[107.398894,12.261049],[107.397226,12.263398],[107.39597,12.264233],[107.394899,12.265423],[107.391554,12.26734],[107.390777,12.26749],[107.390506,12.267673],[107.389872,12.268754],[107.389438,12.269212],[107.388908,12.269678],[107.387106,12.270763],[107.386878,12.271165],[107.386837,12.271502],[107.387035,12.272341],[107.387999,12.275417],[107.388037,12.275931],[107.387952,12.276212],[107.386143,12.278529],[107.386074,12.278924],[107.387541,12.28129],[107.388604,12.281891],[107.388655,12.282105],[107.388369,12.28273],[107.388418,12.282837],[107.388954,12.28288],[107.388898,12.283478],[107.389194,12.283775],[107.389263,12.284076],[107.389093,12.284875],[107.388794,12.285471],[107.38793,12.285923],[107.386722,12.28625],[107.38555,12.28689],[107.384469,12.287043],[107.384034,12.28725],[107.382996,12.288699],[107.382964,12.290909],[107.381444,12.292952],[107.38168,12.293215],[107.382755,12.293752],[107.383112,12.294287],[107.383455,12.295508],[107.377779,12.294689],[107.377171,12.295876],[107.377624,12.297586],[107.377542,12.298247],[107.377711,12.299149],[107.37732,12.300257],[107.376604,12.301301],[107.376628,12.30177],[107.37693,12.302383],[107.376816,12.302599],[107.376227,12.302891],[107.375888,12.303217],[107.375823,12.303913],[107.375107,12.304042],[107.375031,12.304487],[107.375118,12.305345],[107.374898,12.305887],[107.373372,12.306596],[107.373104,12.30682],[107.372964,12.307068],[107.373026,12.307674],[107.372208,12.307803],[107.371945,12.308498],[107.371466,12.308856],[107.371509,12.309238],[107.371343,12.309228],[107.371161,12.309469],[107.370716,12.309542],[107.37071,12.30996],[107.370552,12.310229],[107.369754,12.31038],[107.369365,12.310983],[107.368671,12.311094],[107.367467,12.311884],[107.367179,12.312308],[107.366827,12.312421],[107.365766,12.313253],[107.365165,12.314718],[107.365157,12.315134],[107.365435,12.315486],[107.365119,12.315735],[107.365237,12.316168],[107.364658,12.316662],[107.364844,12.316984],[107.364831,12.317199],[107.364533,12.317652],[107.363923,12.317749],[107.363749,12.318047],[107.363376,12.318232],[107.362616,12.319204],[107.36219,12.319435],[107.362165,12.319868],[107.361579,12.319825],[107.360289,12.320293],[107.359513,12.320763],[107.358992,12.320677],[107.357603,12.321182],[107.356202,12.321511],[107.355502,12.322039],[107.35487,12.322269],[107.354516,12.32352],[107.354123,12.323567],[107.353901,12.324091],[107.353267,12.324285],[107.352887,12.324708],[107.352423,12.324887],[107.352327,12.325064],[107.352401,12.32569],[107.351896,12.325766],[107.351471,12.325583],[107.351296,12.325633],[107.350954,12.325994],[107.350992,12.326443],[107.350811,12.326823],[107.350254,12.326521],[107.349982,12.326615],[107.349814,12.32686],[107.349489,12.326757],[107.349302,12.32756],[107.34939,12.328155],[107.348838,12.328805],[107.348039,12.331121],[107.347109,12.332552],[107.346876,12.33315],[107.34691,12.333949],[107.346523,12.334235],[107.346007,12.334402],[107.344808,12.334523],[107.344667,12.334421],[107.344516,12.333758],[107.343804,12.333961],[107.343378,12.332751],[107.342814,12.332072],[107.342457,12.33032],[107.341731,12.329788],[107.341808,12.32892],[107.340845,12.328541],[107.340112,12.32788],[107.33891,12.327387],[107.338875,12.327014],[107.338164,12.326449],[107.337637,12.326429],[107.336285,12.32705],[107.335804,12.327011],[107.33453,12.326592],[107.333341,12.325748],[107.331596,12.326337],[107.329637,12.325909],[107.3283,12.326292],[107.32735,12.326309],[107.326067,12.32566],[107.325498,12.325665],[107.324621,12.325407],[107.32352,12.324692],[107.322476,12.324622],[107.32208,12.323807],[107.32178,12.323537],[107.321709,12.323129],[107.321279,12.322597],[107.320501,12.322286],[107.320148,12.321973],[107.319153,12.321608],[107.318266,12.321785],[107.318017,12.321477],[107.317569,12.321559],[107.316861,12.321463],[107.316439,12.321646],[107.316107,12.32202],[107.315915,12.322045],[107.315698,12.321898],[107.315485,12.32149],[107.315265,12.321408],[107.31466,12.322074],[107.313171,12.322394],[107.312884,12.322594],[107.312694,12.323128],[107.312822,12.3237],[107.312537,12.324312],[107.312931,12.325018],[107.312581,12.325911],[107.312757,12.326471],[107.312666,12.327264],[107.312961,12.327602],[107.312984,12.328848],[107.312652,12.329099],[107.312606,12.330128],[107.311571,12.330674],[107.311356,12.331074],[107.311152,12.332755],[107.31063,12.333226],[107.310902,12.333712],[107.310778,12.334158],[107.310608,12.334335],[107.309901,12.334491],[107.309609,12.334444],[107.309366,12.334252],[107.308901,12.333581],[107.308864,12.333232],[107.309128,12.332798],[107.309097,12.332619],[107.308088,12.332333],[107.307481,12.331377],[107.306535,12.330819],[107.306136,12.330184],[107.304469,12.329803],[107.303881,12.329364],[107.303254,12.328537],[107.302719,12.328226],[107.301967,12.328211],[107.300265,12.328706],[107.299163,12.329554],[107.298754,12.329529],[107.298102,12.329126],[107.297248,12.329126],[107.296677,12.328944],[107.294585,12.329083],[107.293719,12.328503],[107.292991,12.328674],[107.291343,12.328242],[107.290714,12.327901],[107.290459,12.327305],[107.289747,12.327255],[107.289108,12.326813],[107.287272,12.3264],[107.287075,12.3261],[107.287111,12.325258],[107.2863,12.32429],[107.28653,12.323288],[107.286469,12.322992],[107.286287,12.322847],[107.285256,12.32323],[107.28482,12.322865],[107.284048,12.322529],[107.283268,12.322476],[107.282388,12.322616],[107.281704,12.322108],[107.281415,12.322058],[107.280044,12.322668],[107.279943,12.322849],[107.279975,12.323554],[107.27982,12.323856],[107.279213,12.323804],[107.278373,12.323387],[107.277252,12.323547],[107.275881,12.324334],[107.275151,12.325125],[107.274659,12.325416],[107.274468,12.325389],[107.274253,12.325126],[107.274228,12.324429],[107.273224,12.32427],[107.272498,12.324405],[107.271163,12.325602],[107.268613,12.325092],[107.268255,12.324903],[107.268381,12.323571],[107.268117,12.323324],[107.267794,12.323413],[107.26754,12.323339],[107.266963,12.322464],[107.267184,12.320849],[107.266764,12.320828],[107.266615,12.321201],[107.266259,12.321395],[107.265967,12.32133],[107.265629,12.32104],[107.265657,12.320604],[107.265518,12.320115],[107.264747,12.319025],[107.264807,12.317042],[107.264696,12.316663],[107.264366,12.316387],[107.263155,12.316155],[107.26291,12.315999],[107.262671,12.315575],[107.262341,12.315391],[107.262433,12.314843],[107.26219,12.314519],[107.261919,12.314415],[107.261497,12.314677],[107.260719,12.315703],[107.259743,12.315672],[107.259502,12.31551],[107.259437,12.315241],[107.259709,12.314151],[107.259701,12.313483],[107.25953,12.313399],[107.259246,12.31379],[107.258636,12.313495],[107.258071,12.313776],[107.257302,12.315076],[107.256661,12.315247],[107.256319,12.314837],[107.255728,12.312883],[107.255112,12.312733],[107.25453,12.312966],[107.253422,12.312876],[107.253259,12.312707],[107.253147,12.311372],[107.252403,12.311335],[107.250574,12.311703],[107.250247,12.311588],[107.249911,12.311149],[107.249866,12.310918],[107.250294,12.309791],[107.250327,12.309305],[107.249867,12.30848],[107.249534,12.308323],[107.24788,12.308311],[107.247292,12.30678],[107.246933,12.306519],[107.2465,12.30653],[107.24559,12.306863],[107.24461,12.306619],[107.244032,12.306901],[107.243658,12.30726],[107.243293,12.307268],[107.243118,12.30693],[107.24315,12.306034],[107.24286,12.30534],[107.242805,12.304525],[107.242377,12.303217],[107.242095,12.303128],[107.24176,12.303266],[107.241179,12.303978],[107.240809,12.304149],[107.240208,12.304223],[107.239702,12.304078],[107.239566,12.303478],[107.240447,12.30244],[107.240508,12.302012],[107.240275,12.301577],[107.23943,12.30147],[107.238569,12.301687],[107.238185,12.301665],[107.237031,12.301378],[107.236592,12.301012],[107.236169,12.300297],[107.235829,12.29959],[107.235725,12.298981],[107.235094,12.298467],[107.234759,12.298003],[107.233328,12.297739],[107.232191,12.29722],[107.230605,12.295726],[107.22944,12.295387],[107.226751,12.297086],[107.225885,12.297208],[107.225638,12.297095],[107.225391,12.29672],[107.225173,12.295701],[107.225022,12.295488],[107.224424,12.295126],[107.223907,12.295149],[107.223348,12.295437],[107.222594,12.297335],[107.222068,12.298026],[107.221817,12.298088],[107.221459,12.297624],[107.221387,12.296809],[107.221837,12.295339],[107.221592,12.295108],[107.221071,12.295158],[107.219782,12.295856],[107.219374,12.296268],[107.219349,12.296915],[107.220221,12.298182],[107.220452,12.298799],[107.220344,12.299174],[107.220124,12.299406],[107.219275,12.299653],[107.218212,12.299607],[107.216705,12.298774],[107.215587,12.297866],[107.215242,12.297756],[107.214863,12.298054],[107.214702,12.298696],[107.214426,12.298924],[107.213696,12.298904],[107.212522,12.299227],[107.21177,12.299197],[107.211115,12.298761],[107.209833,12.297337],[107.209517,12.297216],[107.209153,12.297467],[107.208953,12.297945],[107.20893,12.299656],[107.20878,12.299876],[107.208315,12.300066],[107.207377,12.299617],[107.207105,12.299285],[107.206826,12.298596],[107.206686,12.297832],[107.206727,12.296106],[107.206615,12.295943],[107.206173,12.295876],[107.21014,12.271207],[107.211758,12.262031],[107.212723,12.25443],[107.213907,12.248976],[107.223025,12.19351],[107.22917,12.133902],[107.228435,12.133163],[107.227491,12.131886],[107.225181,12.129616],[107.224169,12.128381],[107.223661,12.128175],[107.22214,12.127977],[107.22203,12.127532],[107.222424,12.12682],[107.22242,12.126453],[107.222204,12.126113],[107.222229,12.125851],[107.223264,12.125317],[107.225314,12.125117],[107.226339,12.123971],[107.227096,12.122697],[107.22825,12.120343],[107.228924,12.118648],[107.230136,12.114897],[107.231947,12.115057],[107.232487,12.114908],[107.233318,12.114902],[107.23523,12.115087],[107.237646,12.114652],[107.23829,12.114962],[107.23886,12.115044],[107.239511,12.114536],[107.240233,12.114275],[107.240534,12.11367],[107.240532,12.113469],[107.240094,12.112931],[107.24007,12.112367],[107.239467,12.111598],[107.239348,12.111283],[107.239311,12.110337],[107.238778,12.109351],[107.238158,12.108524],[107.237511,12.106019],[107.236738,12.10426],[107.23603,12.103305],[107.234222,12.102237],[107.234679,12.101096],[107.234055,12.100417],[107.233788,12.099553],[107.232752,12.099485],[107.232539,12.09933],[107.232273,12.098807],[107.232146,12.097931],[107.2322,12.097414],[107.231847,12.096352],[107.231853,12.096023],[107.232807,12.094828],[107.233057,12.094117],[107.233395,12.093885],[107.233305,12.093608],[107.232545,12.093318],[107.232426,12.093118],[107.233149,12.092347],[107.234473,12.091524],[107.234665,12.09113],[107.234697,12.090217],[107.234489,12.089892],[107.234155,12.090048],[107.233848,12.089998],[107.233041,12.088963],[107.232778,12.088831],[107.231788,12.08903],[107.231506,12.088966],[107.23113,12.088194],[107.230941,12.086464],[107.229897,12.085966],[107.229173,12.086106],[107.230305,12.080244],[107.233466,12.062106],[107.233408,12.061703],[107.2337,12.061079],[107.233443,12.060878],[107.232328,12.060816],[107.23197,12.060632],[107.231649,12.060314],[107.231134,12.059126],[107.231831,12.057701],[107.231662,12.056569],[107.230926,12.055786],[107.230891,12.05504],[107.23112,12.054195],[107.230764,12.052242],[107.231001,12.051867],[107.231565,12.051375],[107.232401,12.050206],[107.233076,12.049557],[107.233071,12.049012],[107.232593,12.047824],[107.233493,12.046562],[107.233608,12.046317],[107.233618,12.045729],[107.233121,12.044779],[107.234019,12.044169],[107.233917,12.043899],[107.233102,12.04333],[107.232795,12.04235],[107.231989,12.041546],[107.231926,12.040973],[107.232187,12.040784],[107.232759,12.039551],[107.232273,12.038795],[107.231194,12.037842],[107.230884,12.037386],[107.23097,12.037155],[107.232025,12.03696],[107.232117,12.03658],[107.231981,12.036093],[107.232889,12.035741],[107.232954,12.035619],[107.231932,12.03441],[107.232018,12.034144],[107.231919,12.033747],[107.232341,12.033578],[107.232374,12.033162],[107.231852,12.033084],[107.231481,12.032742],[107.231709,12.032518],[107.232362,12.032592],[107.232526,12.03246],[107.232519,12.032246],[107.232095,12.031668],[107.231541,12.032057],[107.23128,12.031808],[107.231642,12.031486],[107.231798,12.030545],[107.232389,12.030644],[107.23265,12.030376],[107.230872,12.028648],[107.231093,12.028042],[107.231563,12.027579],[107.232834,12.02706],[107.233192,12.027136],[107.233811,12.027956],[107.234,12.028786],[107.233828,12.030093],[107.235123,12.033311],[107.235917,12.035908],[107.236374,12.03655],[107.237288,12.036945],[107.237827,12.036933],[107.239396,12.036275],[107.239384,12.035651],[107.238967,12.034643],[107.238991,12.034055],[107.23973,12.033496],[107.240379,12.033563],[107.240609,12.033984],[107.240614,12.036394],[107.24095,12.037367],[107.241719,12.038731],[107.241947,12.038952],[107.242334,12.039027],[107.242893,12.038743],[107.243008,12.038541],[107.242959,12.037939],[107.243102,12.037579],[107.244374,12.036357],[107.245595,12.03421],[107.245577,12.033758],[107.245049,12.032571],[107.245325,12.031479],[107.24511,12.031072],[107.244062,12.030363],[107.243679,12.029892],[107.243515,12.029485],[107.243381,12.02818],[107.242453,12.026144],[107.24261,12.025712],[107.242995,12.025558],[107.244026,12.026016],[107.244605,12.026435],[107.246103,12.026939],[107.247252,12.026686],[107.249367,12.025995],[107.24975,12.025532],[107.249628,12.02412],[107.251357,12.021718],[107.252242,12.020854],[107.254228,12.0204],[107.255146,12.019905],[107.256459,12.018926],[107.259404,12.018531],[107.26021,12.018596],[107.260321,12.019699],[107.260938,12.020379],[107.261091,12.020399],[107.261243,12.020233],[107.261857,12.01844],[107.261764,12.017795],[107.26201,12.017503],[107.262679,12.017322],[107.263945,12.017497],[107.265142,12.017492],[107.265955,12.01733],[107.266422,12.016964],[107.267027,12.01696],[107.267377,12.016786],[107.267739,12.016433],[107.267879,12.016098],[107.26774,12.015626],[107.267155,12.015369],[107.267149,12.015052],[107.268527,12.013408],[107.269234,12.013391],[107.269619,12.013705],[107.269774,12.015439],[107.269919,12.015911],[107.270369,12.016945],[107.270741,12.017196],[107.271027,12.017131],[107.271962,12.015737],[107.273151,12.014599],[107.275003,12.01338],[107.275817,12.013163],[107.276324,12.013398],[107.276844,12.013929],[107.276933,12.014173],[107.276896,12.015664],[107.276586,12.017029],[107.276742,12.01759],[107.277181,12.017765],[107.278364,12.017705],[107.278803,12.017231],[107.279341,12.015357],[107.27938,12.013145],[107.27956,12.012788],[107.279925,12.012613],[107.280318,12.012832],[107.280816,12.014211],[107.281999,12.015668],[107.282944,12.017127],[107.283459,12.017772],[107.283896,12.018098],[107.284266,12.017884],[107.284954,12.017035],[107.285429,12.016676],[107.286629,12.016447],[107.289523,12.015506],[107.289833,12.015532],[107.290759,12.016055],[107.290899,12.016209],[107.290909,12.016477],[107.290298,12.017103],[107.289041,12.017939],[107.288923,12.018792],[107.289843,12.020251],[107.291388,12.021377],[107.291661,12.02145],[107.292075,12.02126],[107.292125,12.021077],[107.290876,12.019186],[107.290892,12.018863],[107.291136,12.018467],[107.291749,12.017854],[107.293531,12.016635],[107.294588,12.016151],[107.295434,12.01634],[107.296051,12.015675],[107.294707,12.012825],[107.294699,12.012029],[107.295291,12.011393],[107.295311,12.011102],[107.293924,12.009788],[107.293904,12.009555],[107.294092,12.009352],[107.294692,12.009283],[107.296317,12.009875],[107.296662,12.010177],[107.296917,12.010232],[107.298963,12.008977],[107.301212,12.008228],[107.301507,12.008222],[107.301866,12.008434],[107.302711,12.009727],[107.302919,12.010249],[107.303256,12.010493],[107.30365,12.01053],[107.304199,12.010353],[107.305109,12.009736],[107.306265,12.008733],[107.306282,12.008249],[107.305576,12.007533],[107.305475,12.007123],[107.306333,12.006326],[107.307508,12.005738],[107.309016,12.005586],[107.309924,12.005697],[107.310922,12.006276],[107.311205,12.00702],[107.311534,12.007409],[107.311885,12.007512],[107.312757,12.007251],[107.313065,12.007492],[107.313518,12.008139],[107.313824,12.008199],[107.315123,12.00741],[107.315382,12.007401],[107.315572,12.007589],[107.316028,12.007075],[107.31632,12.00652],[107.316876,12.006121],[107.317208,12.005595],[107.318191,12.005062],[107.318453,12.005105],[107.318753,12.005459],[107.31929,12.005498],[107.320077,12.004759],[107.320888,12.004711],[107.321452,12.004976],[107.321542,12.005334],[107.321845,12.005446],[107.322275,12.005399],[107.322507,12.00583],[107.322882,12.005539],[107.322886,12.005109],[107.324109,12.00502],[107.324137,12.004066],[107.324276,12.003626],[107.324574,12.003207],[107.324629,12.00279],[107.324515,12.001414],[107.324697,12.00113],[107.324602,12.000835],[107.324834,12.000665],[107.324676,12.000461],[107.324693,12.000174],[107.325364,11.999695],[107.325835,11.999571],[107.32576,11.999323],[107.325864,11.999173],[107.326184,11.998846],[107.326611,11.998755],[107.326576,11.998493],[107.326723,11.998318],[107.327274,11.998523],[107.327759,11.998073],[107.328022,11.997999],[107.328437,11.998193],[107.328687,11.997994],[107.329848,11.997766],[107.330258,11.997528],[107.335401,11.99092],[107.337807,11.988184],[107.339645,11.985424],[107.341179,11.983418],[107.344355,11.979695],[107.344536,11.979198],[107.344595,11.978414],[107.34418,11.976369],[107.344423,11.975388],[107.345249,11.973593],[107.346694,11.972106],[107.347805,11.970361],[107.347711,11.970034],[107.347806,11.969796],[107.34899,11.969365],[107.349703,11.968807],[107.351251,11.968056],[107.351183,11.9678],[107.350513,11.967149],[107.348631,11.966546],[107.347848,11.965626],[107.347605,11.964758],[107.347642,11.964333],[107.347865,11.96419],[107.348325,11.964354],[107.348889,11.965836],[107.349491,11.966047],[107.34982,11.965878],[107.350278,11.9652],[107.351086,11.964452],[107.351735,11.964027],[107.351735,11.963761],[107.351204,11.962356],[107.351217,11.961859],[107.351663,11.961549],[107.352703,11.961672],[107.353017,11.961497],[107.352963,11.961349],[107.352404,11.960965],[107.351875,11.960245],[107.351767,11.959878],[107.352038,11.959492],[107.353231,11.958657],[107.353337,11.958475],[107.353245,11.958219],[107.35275,11.957684],[107.353357,11.956374],[107.353399,11.955362],[107.353152,11.95489],[107.352414,11.954267],[107.3523,11.953883],[107.352519,11.953589],[107.354926,11.952015],[107.356018,11.952341],[107.356617,11.95221],[107.356892,11.951852],[107.356849,11.951594],[107.356009,11.950409],[107.355933,11.949389],[107.355805,11.949189],[107.355337,11.948996],[107.354229,11.949295],[107.353964,11.949253],[107.353885,11.94912],[107.353876,11.948879],[107.354135,11.948255],[107.355178,11.947502],[107.355078,11.946953],[107.354445,11.946705],[107.353855,11.946763],[107.352966,11.94754],[107.35254,11.947716],[107.352334,11.9476],[107.351858,11.946691],[107.35201,11.946364],[107.354641,11.944889],[107.354695,11.944671],[107.354477,11.94455],[107.353738,11.944528],[107.353037,11.944287],[107.35292,11.943978],[107.352971,11.943698],[107.353271,11.943462],[107.35399,11.943512],[107.354591,11.943369],[107.354733,11.943201],[107.354727,11.94293],[107.354041,11.942348],[107.354067,11.941958],[107.355072,11.941096],[107.356769,11.94019],[107.356877,11.940065],[107.356874,11.939754],[107.356699,11.939447],[107.356409,11.939307],[107.355815,11.939546],[107.355322,11.939983],[107.353405,11.940051],[107.352766,11.939238],[107.352781,11.939067],[107.353378,11.938706],[107.354266,11.938657],[107.355087,11.938812],[107.355568,11.938711],[107.355922,11.938343],[107.356997,11.935913],[107.3579,11.935367],[107.358666,11.935155],[107.358868,11.934995],[107.359348,11.934064],[107.359833,11.934006],[107.360958,11.934242],[107.361532,11.934228],[107.362063,11.933886],[107.36251,11.933381],[107.362727,11.933322],[107.36351,11.9337],[107.363945,11.932893],[107.36422,11.932762],[107.36627,11.933321],[107.366978,11.933165],[107.367084,11.932998],[107.36685,11.932679],[107.366922,11.93249],[107.367169,11.932471],[107.367605,11.932705],[107.367896,11.932086],[107.36848,11.931947],[107.368591,11.931822],[107.368898,11.93099],[107.369213,11.929564],[107.369178,11.9285],[107.369453,11.927993],[107.370032,11.927369],[107.370757,11.926936],[107.371826,11.927032],[107.373112,11.926529],[107.374416,11.926221],[107.374635,11.925649],[107.374819,11.92377],[107.374905,11.923596],[107.375255,11.9234],[107.376787,11.923047],[107.377104,11.922656],[107.377292,11.922689],[107.377479,11.923009],[107.377958,11.922924],[107.37892,11.923397],[107.379787,11.922932],[107.380681,11.922943],[107.381265,11.922555],[107.381247,11.922215],[107.381716,11.921831],[107.381939,11.92135],[107.382371,11.920963],[107.382709,11.920907],[107.382998,11.920467],[107.383598,11.92035],[107.383873,11.920159],[107.383897,11.919938],[107.383628,11.919432],[107.383851,11.918876],[107.384036,11.918818],[107.38433,11.918936],[107.385343,11.918629],[107.385382,11.918433],[107.385148,11.917842],[107.384843,11.917868],[107.384765,11.917778],[107.38518,11.916772],[107.385135,11.916503],[107.385457,11.91624],[107.386013,11.916285],[107.386869,11.91559],[107.38636,11.914998],[107.386728,11.91468],[107.386749,11.914469],[107.386306,11.913603],[107.386034,11.912378],[107.394128,11.89556],[107.394279,11.895322],[107.394481,11.895823],[107.394986,11.896311],[107.396473,11.894936],[107.397426,11.893866],[107.398678,11.892775],[107.400663,11.890599],[107.400721,11.888116],[107.400924,11.887885],[107.401231,11.887928],[107.401342,11.887742],[107.401296,11.887498],[107.401593,11.887545],[107.401605,11.887105],[107.401509,11.886723],[107.401193,11.886668],[107.401269,11.885952],[107.400945,11.885913],[107.400966,11.885498],[107.400364,11.885021],[107.400515,11.884755],[107.400466,11.88444],[107.401273,11.883666],[107.401114,11.883388],[107.401389,11.883087],[107.401263,11.88271],[107.40156,11.882429],[107.401635,11.881934],[107.401989,11.881705],[107.402303,11.881822],[107.402546,11.881736],[107.403091,11.88126],[107.403001,11.880964],[107.403202,11.880577],[107.402775,11.880354],[107.402743,11.880003],[107.403105,11.879598],[107.40362,11.879548],[107.403578,11.879274],[107.403699,11.878996],[107.403939,11.879046],[107.404132,11.87872],[107.404292,11.878146],[107.404197,11.877837],[107.404492,11.877432],[107.404419,11.877193],[107.404563,11.877062],[107.404479,11.876765],[107.404838,11.876654],[107.40491,11.876329],[107.405994,11.875691],[107.406105,11.87552],[107.405998,11.875066],[107.406169,11.874746],[107.405863,11.874467],[107.405857,11.873976],[107.406024,11.872267],[107.406308,11.871918],[107.406413,11.871448],[107.406356,11.871132],[107.406053,11.870694],[107.406172,11.870532],[107.405958,11.870261],[107.406054,11.869962],[107.405662,11.869664],[107.405668,11.869514],[107.406252,11.86934],[107.406446,11.868987],[107.406406,11.868589],[107.406757,11.868346],[107.406823,11.867571],[107.408235,11.865701],[107.408977,11.864997],[107.410109,11.864592],[107.412402,11.863993],[107.412817,11.863984],[107.415443,11.864994],[107.415777,11.864952],[107.416095,11.864547],[107.417229,11.864413],[107.418149,11.865332],[107.418412,11.865394],[107.419966,11.864563],[107.420541,11.864125],[107.420545,11.863296],[107.421091,11.863324],[107.421722,11.863556],[107.422487,11.86332],[107.423611,11.862],[107.424085,11.860719],[107.425463,11.859878],[107.426002,11.858929],[107.426177,11.857571],[107.426285,11.854019],[107.426625,11.851996],[107.426435,11.850372],[107.426873,11.849185],[107.427194,11.84767],[107.427032,11.846023],[107.426671,11.845553],[107.425464,11.844876],[107.422017,11.844468],[107.421643,11.844017],[107.421166,11.842969],[107.420532,11.842147],[107.418995,11.841561],[107.419024,11.840437],[107.418612,11.839991],[107.418119,11.838985],[107.417164,11.838009],[107.416451,11.838049],[107.416476,11.837006],[107.416252,11.836425],[107.416367,11.83574],[107.41621,11.835459],[107.415714,11.835387],[107.415588,11.835151],[107.415675,11.834856],[107.417087,11.834639],[107.417514,11.834324],[107.417653,11.833978],[107.417504,11.832531],[107.418083,11.832089],[107.418071,11.831544],[107.417653,11.831189],[107.417187,11.831229],[107.415951,11.832258],[107.415131,11.834201],[107.41503,11.834276],[107.41426,11.834123],[107.414133,11.833806],[107.414501,11.832614],[107.414517,11.83148],[107.414719,11.83083],[107.413994,11.830287],[107.41335,11.828611],[107.413513,11.827036],[107.413377,11.826366],[107.412965,11.826215],[107.412155,11.826501],[107.411165,11.825481],[107.410559,11.825603],[107.410259,11.825542],[107.41009,11.825264],[107.41002,11.824558],[107.409585,11.823975],[107.408867,11.823733],[107.408347,11.823403],[107.408279,11.822249],[107.408737,11.82133],[107.408596,11.820615],[107.408273,11.820402],[107.406844,11.820314],[107.406619,11.820212],[107.406317,11.819831],[107.40605,11.819177],[107.405295,11.818656],[107.405199,11.818126],[107.405345,11.81726],[107.40529,11.816874],[107.404515,11.814807],[107.404739,11.813808],[107.404702,11.812887],[107.405503,11.811987],[107.405873,11.81175],[107.40685,11.811445],[107.407524,11.810685],[107.408145,11.809491],[107.407976,11.80913],[107.407375,11.808578],[107.407357,11.808234],[107.407816,11.807799],[107.408947,11.807306],[107.409439,11.806943],[107.409539,11.806749],[107.409053,11.805651],[107.407447,11.803609],[107.404452,11.80102],[107.403054,11.800543],[107.402781,11.80035],[107.402367,11.799674],[107.401758,11.798112],[107.401332,11.797714],[107.400655,11.79772],[107.400344,11.797916],[107.398583,11.800578],[107.39799,11.801013],[107.39743,11.80109],[107.395712,11.799718],[107.395623,11.799078],[107.395832,11.798405],[107.395708,11.797599],[107.395113,11.797277],[107.394525,11.797136],[107.394277,11.796737],[107.394316,11.796594],[107.394626,11.796421],[107.396038,11.7962],[107.396017,11.795836],[107.395802,11.79561],[107.395346,11.795429],[107.393372,11.795177],[107.393273,11.795074],[107.393175,11.794676],[107.393511,11.792429],[107.393212,11.791064],[107.392695,11.789817],[107.392773,11.788928],[107.393106,11.788341],[107.394562,11.788343],[107.395197,11.788066],[107.395527,11.787693],[107.396145,11.786146],[107.39709,11.785149],[107.39718,11.784895],[107.39674,11.783359],[107.396747,11.783043],[107.397168,11.78182],[107.397065,11.781658],[107.396702,11.781516],[107.395569,11.7812],[107.395391,11.781058],[107.395328,11.780742],[107.395463,11.780537],[107.397034,11.779701],[107.398281,11.778755],[107.399292,11.77699],[107.398925,11.776832],[107.39808,11.776885],[107.397717,11.77679],[107.397343,11.776629],[107.397108,11.776354],[107.396852,11.775954],[107.396791,11.774855],[107.396921,11.774492],[107.397709,11.773395],[107.397664,11.773163],[107.397421,11.773057],[107.39627,11.773311],[107.396142,11.773253],[107.395707,11.771978],[107.395628,11.770657],[107.395445,11.77051],[107.394505,11.770513],[107.39417,11.770335],[107.393512,11.769396],[107.393553,11.768439],[107.393356,11.768112],[107.392445,11.767514],[107.391233,11.767217],[107.390887,11.766697],[107.390267,11.767009],[107.389304,11.767896],[107.388315,11.769243],[107.388345,11.769894],[107.388662,11.770824],[107.388551,11.771309],[107.387641,11.772256],[107.386634,11.77274],[107.385863,11.772775],[107.383292,11.771807],[107.381562,11.771785],[107.379753,11.771434],[107.378379,11.770761],[107.37791,11.770661],[107.376668,11.77077],[107.376134,11.770505],[107.37548,11.770444],[107.374356,11.770752],[107.37381,11.770757],[107.370924,11.769446],[107.368283,11.767542],[107.366442,11.766816],[107.365142,11.765767],[107.364613,11.765143],[107.364471,11.764736],[107.364637,11.763467],[107.36454,11.762714],[107.363683,11.761344],[107.363151,11.760876],[107.362762,11.760772],[107.360536,11.761394],[107.359393,11.761304],[107.357668,11.762255],[107.35674,11.762075],[107.356496,11.761802],[107.356271,11.761135],[107.356011,11.759057],[107.356042,11.758399],[107.356386,11.757547],[107.356513,11.756757],[107.355915,11.75626],[107.355582,11.755737],[107.355011,11.7542],[107.353032,11.752518],[107.351636,11.752422],[107.351234,11.752282],[107.350342,11.751536],[107.347823,11.750313],[107.345902,11.750103],[107.345028,11.750122],[107.344617,11.750245],[107.343955,11.750884],[107.343701,11.750969],[107.341025,11.75019],[107.340102,11.750043],[107.339684,11.749822],[107.339196,11.748982],[107.338305,11.748395],[107.337682,11.74822],[107.336741,11.748222],[107.335456,11.747772],[107.331348,11.74785],[107.327664,11.749396],[107.327246,11.749436],[107.325645,11.748983],[107.32483,11.748619],[107.324214,11.748163],[107.323322,11.747133],[107.323211,11.746363],[107.32305,11.746022],[107.321971,11.745562],[107.320834,11.744741],[107.319816,11.743171],[107.31882,11.742505],[107.317608,11.742384],[107.317247,11.741755],[107.31661,11.741074],[107.315733,11.740601],[107.312325,11.739884],[107.309933,11.739676],[107.306913,11.739758],[107.304464,11.740033],[107.303336,11.740021],[107.301205,11.739268],[107.300625,11.738821],[107.298468,11.735046],[107.297992,11.73384],[107.297795,11.732335],[107.297215,11.730226],[107.296675,11.729475],[107.29609,11.729102],[107.29524,11.729047],[107.293678,11.729131],[107.292046,11.729567],[107.290013,11.729596],[107.289483,11.72938],[107.288935,11.728916],[107.286488,11.726473],[107.285793,11.725247],[107.285488,11.723812],[107.285596,11.722893],[107.285532,11.71748],[107.285821,11.713719],[107.285468,11.711532],[107.285196,11.707924],[107.284385,11.704898],[107.283978,11.702522],[107.283999,11.698355],[107.283813,11.697904],[107.282791,11.696593],[107.279845,11.694148],[107.279133,11.693415],[107.278542,11.692387],[107.278616,11.691619],[107.279103,11.691001],[107.283041,11.688987],[107.28435,11.68798],[107.284997,11.686992],[107.285075,11.686683],[107.285005,11.686138],[107.28457,11.685431],[107.283523,11.684651],[107.28233,11.683893],[107.278704,11.681963],[107.277824,11.681152],[107.276541,11.678143],[107.27461,11.674342],[107.273482,11.672507],[107.272587,11.670721],[107.270229,11.667061],[107.266675,11.662332],[107.266106,11.661242],[107.265714,11.659664],[107.265657,11.658904],[107.265722,11.657907],[107.265907,11.657461],[107.266594,11.65686],[107.268998,11.65542],[107.270313,11.65427],[107.272446,11.651685],[107.273131,11.650008],[107.273065,11.649019],[107.272016,11.64803],[107.270187,11.645777],[107.269095,11.643949],[107.268684,11.642886],[107.268719,11.641298],[107.270112,11.638057],[107.270993,11.636941],[107.272267,11.635893],[107.273246,11.635484],[107.276008,11.63506],[107.278856,11.6343],[107.284932,11.632241],[107.286896,11.631352],[107.288355,11.630285],[107.292494,11.62656],[107.299133,11.622081],[107.301006,11.620645],[107.303354,11.618697],[107.304313,11.61757],[107.304476,11.617046],[107.304408,11.615877],[107.301346,11.609783],[107.300812,11.608126],[107.300692,11.606424],[107.300786,11.606079],[107.301322,11.605224],[107.302456,11.603885],[107.305925,11.600666],[107.306667,11.59944],[107.306732,11.598472],[107.304352,11.596075],[107.303013,11.594164],[107.301171,11.591395],[107.299827,11.588981],[107.29759,11.585843],[107.297372,11.584993],[107.297388,11.584572],[107.297785,11.582622],[107.298467,11.580637],[107.29891,11.579557],[107.299556,11.578462],[107.300117,11.577769],[107.300681,11.577291],[107.301247,11.576996],[107.305635,11.575306],[107.309789,11.573226],[107.311207,11.572368],[107.311771,11.571919],[107.312131,11.571443],[107.311667,11.56984],[107.310591,11.568127],[107.310283,11.567885],[107.309948,11.567831],[107.309499,11.568064],[107.308924,11.568986],[107.307453,11.570548],[107.306672,11.571056],[107.305686,11.57148],[107.304742,11.571703],[107.303621,11.571683],[107.302601,11.571476],[107.302031,11.571165],[107.301823,11.570592],[107.301835,11.57032],[107.302985,11.56856],[107.305454,11.563194],[107.306905,11.560872],[107.30937,11.556319],[107.310275,11.554878],[107.31088,11.554184],[107.311631,11.553561],[107.312737,11.553161],[107.313131,11.553287],[107.313732,11.553842],[107.314141,11.554054],[107.314812,11.554192],[107.32178,11.554079],[107.323497,11.554122],[107.327559,11.554506],[107.330468,11.554368],[107.332681,11.553984],[107.333189,11.5538],[107.333875,11.553257],[107.334306,11.551077],[107.335004,11.549015],[107.337361,11.545183],[107.337901,11.544533],[107.338274,11.544255],[107.339579,11.543671],[107.342084,11.543148],[107.343356,11.543019],[107.345158,11.543047],[107.346046,11.54341],[107.346512,11.54404],[107.346727,11.545055],[107.346709,11.545844],[107.346362,11.547819],[107.346387,11.549983],[107.346813,11.551627],[107.347593,11.553033],[107.348882,11.554403],[107.349662,11.554886],[107.350889,11.555199],[107.35352,11.555238],[107.354747,11.555527],[107.356309,11.558144],[107.356717,11.559121],[107.357057,11.560684],[107.35703,11.561736],[107.355845,11.565105],[107.355685,11.566218],[107.355705,11.567187],[107.356187,11.569681],[107.357388,11.572684],[107.357826,11.57433],[107.358018,11.57556],[107.357994,11.576983],[107.357601,11.579293],[107.357641,11.579771],[107.357951,11.580534],[107.358833,11.581578],[107.35983,11.581929],[107.361016,11.581716],[107.362102,11.581086],[107.362894,11.580123],[107.362999,11.579644],[107.363085,11.576881],[107.363165,11.576319],[107.363464,11.575802],[107.364293,11.574863],[107.366124,11.573497],[107.366362,11.572946],[107.366248,11.572289],[107.365844,11.571934],[107.363709,11.571796],[107.362345,11.571042],[107.361734,11.570389],[107.361229,11.569509],[107.36109,11.568852],[107.361166,11.567764],[107.361342,11.567093],[107.361783,11.566217],[107.363305,11.5641],[107.364809,11.562677],[107.366447,11.561385],[107.366708,11.560737],[107.366643,11.560235],[107.366459,11.559962],[107.366094,11.559738],[107.365192,11.559267],[107.362566,11.558344],[107.361531,11.557767],[107.360381,11.556545],[107.360171,11.556044],[107.360212,11.555207],[107.360548,11.554762],[107.360982,11.554555],[107.363692,11.553828],[107.365237,11.553062],[107.366694,11.551819],[107.368865,11.549064],[107.369673,11.548543],[107.37046,11.548441],[107.370982,11.54852],[107.372163,11.549085],[107.372738,11.54969],[107.37285,11.550083],[107.372676,11.550993],[107.372378,11.551569],[107.371407,11.552868],[107.37001,11.554039],[107.369025,11.555099],[107.368474,11.555881],[107.368154,11.556768],[107.368136,11.557462],[107.368361,11.558357],[107.36874,11.5587],[107.368995,11.558722],[107.371848,11.557838],[107.37244,11.557498],[107.372812,11.557137],[107.373696,11.555516],[107.374009,11.552345],[107.37461,11.550308],[107.376006,11.547726],[107.378658,11.543663],[107.379001,11.5429],[107.379084,11.542426],[107.377928,11.538154],[107.376783,11.535383],[107.375777,11.533741],[107.375204,11.531965],[107.375037,11.530878],[107.37507,11.529001],[107.375487,11.527228],[107.37628,11.524745],[107.376186,11.523942],[107.37599,11.523695],[107.374352,11.522618],[107.372642,11.521093],[107.371686,11.520421],[107.3704,11.519695],[107.368192,11.518951],[107.367352,11.518449],[107.367195,11.51802],[107.367515,11.517425],[107.369431,11.516346],[107.370549,11.515486],[107.371486,11.515029],[107.37287,11.514712],[107.374229,11.51493],[107.375244,11.515658],[107.377091,11.517903],[107.377876,11.518492],[107.378972,11.519071],[107.379512,11.519282],[107.381202,11.519569],[107.383923,11.519748],[107.38474,11.520028],[107.385545,11.520566],[107.386264,11.521307],[107.386531,11.521921],[107.38658,11.522523],[107.386148,11.524836],[107.386239,11.525309],[107.386593,11.525866],[107.386841,11.525978],[107.388485,11.525951],[107.392493,11.526907],[107.397683,11.526492],[107.398251,11.52653],[107.398981,11.526854],[107.399454,11.527797],[107.401147,11.529398],[107.401754,11.529715],[107.403075,11.529375],[107.406461,11.529009],[107.408986,11.528491],[107.409941,11.528155],[107.410058,11.52761],[107.409894,11.526924],[107.409926,11.526385],[107.410274,11.52456],[107.411288,11.520511],[107.412186,11.518429],[107.41349,11.516518],[107.414193,11.515759],[107.419893,11.511121],[107.420466,11.510835],[107.420794,11.510934],[107.421381,11.511515],[107.421936,11.51258],[107.422709,11.513662],[107.425644,11.516709],[107.427973,11.518399],[107.429343,11.519063],[107.429956,11.519148],[107.430342,11.518995],[107.432548,11.51612],[107.432882,11.515531],[107.432954,11.514754],[107.432445,11.513981],[107.43212,11.512878],[107.432243,11.512399],[107.432563,11.51227],[107.436253,11.512084],[107.437334,11.512368],[107.437486,11.512444],[107.437971,11.513217],[107.438521,11.513709],[107.43887,11.514166],[107.439204,11.514904],[107.439804,11.515545],[107.441073,11.516526],[107.4414,11.516536],[107.441596,11.516134],[107.441749,11.514835],[107.441113,11.509987],[107.441348,11.50977],[107.442516,11.509659],[107.442878,11.509423],[107.447193,11.505196],[107.448247,11.504411],[107.449482,11.503599],[107.452277,11.502368],[107.453162,11.501674],[107.453258,11.500143],[107.454548,11.49495],[107.454847,11.492496],[107.455344,11.491467],[107.455957,11.49095],[107.458901,11.490565],[107.460824,11.489949],[107.461443,11.489548],[107.463016,11.487505],[107.463608,11.486973],[107.465913,11.483607],[107.467338,11.481793],[107.468239,11.481057],[107.470545,11.479753],[107.471745,11.478442],[107.472153,11.477813],[107.472183,11.477497],[107.471782,11.476119],[107.471396,11.475714],[107.470951,11.475555],[107.470286,11.475709],[107.469421,11.476905],[107.468543,11.477176],[107.468263,11.47739],[107.467175,11.477534],[107.46642,11.477383],[107.465552,11.477009],[107.465143,11.47665],[107.464255,11.475321],[107.463622,11.474817],[107.463488,11.474445],[107.462323,11.473551],[107.461529,11.47266],[107.4612,11.472097],[107.460877,11.471133],[107.460938,11.469092],[107.46138,11.467265],[107.462698,11.464376],[107.462808,11.46377],[107.462682,11.463379],[107.462184,11.462908],[107.461533,11.462547],[107.458656,11.461555],[107.454972,11.460079],[107.452364,11.459302],[107.451323,11.458835],[107.450894,11.458513],[107.450555,11.458098],[107.450278,11.457186],[107.449909,11.45692],[107.449224,11.456732],[107.448783,11.456286],[107.448495,11.455033],[107.448623,11.453819],[107.448471,11.451765],[107.448319,11.45142],[107.44777,11.450939],[107.447376,11.449598],[107.446455,11.448105],[107.445908,11.447472],[107.445275,11.446998],[107.444327,11.446836],[107.443496,11.446469],[107.44116,11.446304],[107.440548,11.446147],[107.439328,11.445244],[107.437996,11.443591],[107.436996,11.442515],[107.436589,11.44223],[107.435285,11.442123],[107.434447,11.442467],[107.433634,11.442035],[107.432024,11.440294],[107.431235,11.440137],[107.430704,11.440518],[107.430376,11.440321],[107.429758,11.439118],[107.429785,11.438042],[107.428932,11.436644],[107.428909,11.436409],[107.429188,11.435586],[107.430805,11.433993],[107.431303,11.433174],[107.431168,11.432581],[107.430591,11.43189],[107.429746,11.430167],[107.429693,11.429317],[107.429819,11.428042],[107.430261,11.426904],[107.430469,11.42517],[107.431039,11.425174],[107.431892,11.425565],[107.434819,11.42764],[107.436217,11.429361],[107.436589,11.430131],[107.437027,11.430509],[107.438191,11.431079],[107.442086,11.43199],[107.446313,11.429413],[107.446881,11.428736],[107.447105,11.428198],[107.446902,11.426887],[107.446433,11.426054],[107.444331,11.424616],[107.443765,11.423819],[107.443399,11.422303],[107.443353,11.421058],[107.443484,11.420184],[107.443831,11.419416],[107.444153,11.41922],[107.444792,11.419174],[107.445985,11.419541],[107.447304,11.419689],[107.448173,11.419639],[107.44977,11.42006],[107.451269,11.42025],[107.452222,11.420262],[107.4535,11.419938],[107.454161,11.42039],[107.455546,11.421686],[107.455809,11.422093],[107.455884,11.422698],[107.455806,11.423111],[107.455519,11.423334],[107.454353,11.423535],[107.453097,11.423357],[107.452721,11.423523],[107.452455,11.423977],[107.452324,11.424495],[107.452338,11.425175],[107.452658,11.426422],[107.452973,11.427109],[107.453045,11.427714],[107.452951,11.428803],[107.452772,11.428961],[107.452263,11.429086],[107.452217,11.429362],[107.452779,11.430799],[107.453389,11.431542],[107.45406,11.431511],[107.455453,11.430756],[107.456016,11.430297],[107.456713,11.430142],[107.458438,11.430852],[107.460072,11.431153],[107.461444,11.431567],[107.462208,11.431622],[107.463672,11.43309],[107.464297,11.433416],[107.465443,11.434277],[107.468582,11.434081],[107.469278,11.43422],[107.470527,11.435034],[107.471691,11.436463],[107.473449,11.436535],[107.473756,11.436407],[107.474134,11.435855],[107.475117,11.435918],[107.475217,11.435628],[107.475048,11.434946],[107.475504,11.434548],[107.475793,11.433419],[107.477155,11.433391],[107.477865,11.433112],[107.478006,11.432826],[107.477856,11.432212],[107.478785,11.431845],[107.479198,11.430752],[107.480058,11.431079],[107.480633,11.431088],[107.481753,11.430247],[107.482337,11.430816],[107.482698,11.430918],[107.483352,11.430493],[107.484009,11.430538],[107.484956,11.429996],[107.485844,11.429835],[107.486598,11.429219],[107.486848,11.428712],[107.486763,11.428316],[107.486212,11.42792],[107.486131,11.427625],[107.486209,11.427412],[107.486638,11.427192],[107.487812,11.427196],[107.488191,11.426988],[107.488208,11.426055],[107.488576,11.425388],[107.488838,11.423365],[107.487628,11.422347],[107.48769,11.422123],[107.488146,11.421873],[107.488084,11.42151],[107.486727,11.420606],[107.486619,11.420423],[107.486803,11.419921],[107.487081,11.420181],[107.487458,11.4202],[107.487668,11.420066],[107.487745,11.419729],[107.487739,11.419181],[107.487582,11.418749],[107.486904,11.418346],[107.486723,11.417998],[107.486787,11.417809],[107.487173,11.417608],[107.487135,11.417192],[107.487262,11.416799],[107.48718,11.416071],[107.486969,11.41576],[107.486733,11.414791],[107.487131,11.414418],[107.487197,11.414121],[107.486764,11.412163],[107.487177,11.411908],[107.487215,11.411732],[107.487047,11.411587],[107.486622,11.411626],[107.486271,11.412648],[107.485621,11.4128],[107.485238,11.412649],[107.485259,11.412086],[107.484991,11.41174],[107.485219,11.41167],[107.485723,11.411917],[107.486034,11.411916],[107.485943,11.411529],[107.486578,11.410318],[107.486444,11.410003],[107.48614,11.410153],[107.486001,11.410054],[107.486274,11.409642],[107.485933,11.409348],[107.48584,11.409105],[107.486185,11.408632],[107.485586,11.40835],[107.485534,11.408168],[107.485705,11.407833],[107.486251,11.407868],[107.486721,11.407587],[107.486676,11.407405],[107.48619,11.407083],[107.486538,11.406556],[107.486562,11.405997],[107.486357,11.405826],[107.485453,11.405558],[107.485316,11.405272],[107.485939,11.403863],[107.486148,11.403894],[107.486247,11.404482],[107.486387,11.404454],[107.486543,11.403401],[107.486986,11.40299],[107.486807,11.402642],[107.487139,11.402451],[107.48708,11.402012],[107.48734,11.401601],[107.487102,11.401388],[107.486679,11.401457],[107.486665,11.401331],[107.486856,11.401264],[107.486848,11.401058],[107.486126,11.400659],[107.485794,11.400876],[107.4857,11.401666],[107.485476,11.401862],[107.485309,11.401856],[107.485191,11.401685],[107.485311,11.400648],[107.485699,11.400061],[107.486354,11.400191],[107.486448,11.399924],[107.486994,11.399723],[107.487109,11.399399],[107.48752,11.399305],[107.487896,11.399062],[107.487865,11.398804],[107.487362,11.398407],[107.48717,11.398041],[107.48724,11.397729],[107.487913,11.397116],[107.487422,11.396867],[107.48764,11.39632],[107.488256,11.39615],[107.488568,11.396338],[107.489018,11.396268],[107.489024,11.39643],[107.488675,11.396553],[107.488608,11.396776],[107.488906,11.397196],[107.489185,11.397097],[107.489239,11.396602],[107.490401,11.396419],[107.490649,11.39644],[107.490942,11.396874],[107.491084,11.39683],[107.491146,11.396431],[107.491908,11.39695],[107.492014,11.396608],[107.492303,11.396673],[107.492758,11.396353],[107.492855,11.3967],[107.493198,11.396859],[107.493668,11.396514],[107.493682,11.396083],[107.494323,11.396591],[107.494495,11.395962],[107.49469,11.39624],[107.494948,11.396209],[107.495649,11.3965],[107.49575,11.396025],[107.495887,11.39597],[107.496037,11.396439],[107.496164,11.396441],[107.496334,11.396004],[107.49694,11.395413],[107.49699,11.394872],[107.497331,11.395102],[107.497642,11.394924],[107.498413,11.394855],[107.49704,11.394161],[107.497097,11.393833],[107.49685,11.393297],[107.497322,11.391906],[107.498005,11.390952],[107.498222,11.390854],[107.499119,11.390841],[107.499811,11.390345],[107.501169,11.389732],[107.502088,11.390012],[107.501976,11.389649],[107.502143,11.388704],[107.501591,11.387559],[107.501456,11.387032],[107.501514,11.384111],[107.501178,11.382772],[107.502212,11.382989],[107.503492,11.382778],[107.504988,11.382893],[107.505935,11.383274],[107.507378,11.383381],[107.508955,11.384082],[107.509615,11.383877],[107.510489,11.383912],[107.512693,11.384609],[107.512973,11.384605],[107.513252,11.384424],[107.514622,11.382758],[107.515682,11.380653],[107.515816,11.379912],[107.515793,11.379224],[107.515277,11.378061],[107.515438,11.377238],[107.515938,11.376465],[107.516556,11.374582],[107.517712,11.374442],[107.518866,11.37314],[107.52293,11.370637],[107.523655,11.36981],[107.52461,11.369873],[107.525204,11.369062],[107.524747,11.368085],[107.524866,11.367856],[107.524843,11.367162],[107.525086,11.366453],[107.525401,11.366053],[107.525818,11.365988],[107.525843,11.365543],[107.526208,11.365107],[107.526584,11.365197],[107.527322,11.365001],[107.527295,11.364897],[107.528424,11.364647],[107.529517,11.362746],[107.530838,11.362254],[107.531257,11.359571],[107.532545,11.358673],[107.533733,11.356516],[107.534357,11.355997],[107.534499,11.355623],[107.535052,11.355098],[107.537326,11.35636],[107.538203,11.357228],[107.538758,11.357341],[107.53955,11.358136],[107.540235,11.358445],[107.5407,11.358837],[107.544402,11.366587],[107.544986,11.361951],[107.544557,11.361511],[107.544767,11.361031],[107.544685,11.360634],[107.544396,11.360329],[107.543682,11.35993],[107.542733,11.353663],[107.543266,11.352517],[107.543524,11.351048],[107.543471,11.35061],[107.543673,11.350094],[107.543252,11.349884],[107.542859,11.349862],[107.542514,11.349607],[107.542101,11.348694],[107.541838,11.346054],[107.54206,11.344292],[107.541593,11.341903],[107.54108,11.340599],[107.540402,11.339264],[107.54006,11.339017],[107.539841,11.338493],[107.539508,11.33814],[107.539039,11.338058],[107.538847,11.337854],[107.539386,11.337461],[107.539386,11.337213],[107.537186,11.335343],[107.536533,11.334996],[107.536095,11.334352],[107.535995,11.333987],[107.535636,11.333617],[107.535408,11.332483],[107.535501,11.331015],[107.53568,11.330124],[107.535281,11.32837],[107.535514,11.327356],[107.534815,11.326588],[107.534713,11.326336],[107.534819,11.325965],[107.535445,11.325725],[107.535246,11.324913],[107.532472,11.322628],[107.5318,11.321808],[107.53079,11.32135],[107.530656,11.320973],[107.530656,11.319867],[107.530163,11.31944],[107.529729,11.319243],[107.529079,11.319287],[107.528272,11.319058],[107.527615,11.319108],[107.527138,11.318721],[107.526758,11.318588],[107.526454,11.31859],[107.525636,11.318896],[107.525074,11.318767],[107.52495,11.318617],[107.52485,11.317951],[107.523982,11.317461],[107.523853,11.316929],[107.524151,11.316623],[107.523885,11.316026],[107.522895,11.315492],[107.522177,11.315583],[107.521442,11.315117],[107.520881,11.315201],[107.520707,11.314492],[107.519127,11.313794],[107.518717,11.312843],[107.518715,11.312482],[107.51848,11.312102],[107.518711,11.311596],[107.51868,11.311273],[107.518523,11.311159],[107.518019,11.311181],[107.518273,11.310428],[107.517614,11.309511],[107.517844,11.30914],[107.518325,11.308873],[107.518328,11.308234],[107.519014,11.307902],[107.519153,11.307666],[107.519154,11.307293],[107.518708,11.306213],[107.518707,11.30559],[107.518852,11.305136],[107.519308,11.304911],[107.519803,11.304857],[107.520285,11.304395],[107.520336,11.303983],[107.520717,11.304064],[107.521807,11.303619],[107.522034,11.303139],[107.522386,11.302838],[107.522552,11.301824],[107.52278,11.301328],[107.523885,11.299738],[107.524005,11.299358],[107.523892,11.299105],[107.523069,11.298663],[107.522828,11.298195],[107.522859,11.297662],[107.523398,11.29687],[107.523293,11.295295],[107.523743,11.294305],[107.52358,11.293801],[107.522327,11.291786],[107.522337,11.291534],[107.522631,11.291232],[107.522904,11.290127],[107.522458,11.289576],[107.52168,11.290185],[107.521467,11.290174],[107.521446,11.289942],[107.521305,11.289841],[107.520811,11.290008],[107.520689,11.289775],[107.52097,11.289547],[107.520955,11.289415],[107.520537,11.289471],[107.520322,11.289175],[107.519872,11.289162],[107.519842,11.288713],[107.520276,11.288381],[107.520509,11.287979],[107.520687,11.287279],[107.520666,11.286847],[107.520481,11.286627],[107.520254,11.286717],[107.520224,11.286895],[107.520391,11.287204],[107.520268,11.287433],[107.519437,11.286723],[107.518613,11.285665],[107.518625,11.285045],[107.518478,11.284579],[107.518533,11.283963],[107.519223,11.28299],[107.519385,11.281948],[107.520524,11.281129],[107.521032,11.280506],[107.521637,11.280451],[107.521866,11.280231],[107.521627,11.279685],[107.521324,11.279643],[107.520832,11.279908],[107.520588,11.279678],[107.521262,11.277988],[107.521416,11.277155],[107.52135,11.276781],[107.521066,11.276317],[107.521093,11.275917],[107.520696,11.275481],[107.520653,11.275247],[107.52101,11.274924],[107.521403,11.274173],[107.521999,11.273606],[107.522809,11.27353],[107.523445,11.273082],[107.523703,11.272231],[107.523613,11.271742],[107.523276,11.271369],[107.523397,11.271011],[107.523056,11.270689],[107.523752,11.270316],[107.52371,11.270104],[107.523228,11.269755],[107.523859,11.268883],[107.523777,11.268742],[107.523015,11.268365],[107.522645,11.267725],[107.522807,11.267514],[107.523317,11.267435],[107.523446,11.267289],[107.522969,11.266719],[107.522985,11.265625],[107.523105,11.265277],[107.52355,11.265],[107.523433,11.264556],[107.52384,11.264371],[107.524038,11.263759],[107.523916,11.262904],[107.524432,11.262176],[107.524078,11.261661],[107.524067,11.261378],[107.524441,11.261021],[107.525152,11.260941],[107.524933,11.260311],[107.524988,11.25989],[107.52437,11.258872],[107.523946,11.258476],[107.523951,11.258093],[107.524388,11.257781],[107.524427,11.25743],[107.523495,11.25663],[107.523372,11.256185],[107.523392,11.255798],[107.52357,11.25544],[107.523531,11.255018],[107.52368,11.254297],[107.524236,11.253798],[107.524274,11.252811],[107.524692,11.252235],[107.524536,11.251681],[107.523939,11.25181],[107.522882,11.251759],[107.52206,11.251565],[107.52159,11.251321],[107.520601,11.250248],[107.519811,11.248476],[107.519419,11.248168],[107.519098,11.248112],[107.518789,11.248334],[107.518491,11.248978],[107.518259,11.251216],[107.518077,11.251603],[107.517735,11.251952],[107.517343,11.252006],[107.516957,11.251887],[107.516443,11.251203],[107.516093,11.250113],[107.516319,11.248383],[107.516172,11.247525],[107.515751,11.246734],[107.514464,11.244897],[107.51371,11.244294],[107.512642,11.243832],[107.511699,11.243756],[107.509823,11.244119],[107.509324,11.24377],[107.508614,11.242213],[107.508247,11.240696],[107.508133,11.239505],[107.508369,11.238073],[107.508247,11.237456],[107.507719,11.237104],[107.506047,11.237041],[107.505001,11.236793],[107.504436,11.236516],[107.50297,11.235466],[107.502495,11.235368],[107.502023,11.2355],[107.50158,11.235986],[107.501391,11.236727],[107.501058,11.241382],[107.50086,11.242022],[107.500463,11.242674],[107.499841,11.243152],[107.499058,11.24333],[107.497568,11.243021],[107.496906,11.242477],[107.496204,11.240551],[107.49593,11.239085],[107.495803,11.237232],[107.495891,11.236084],[107.496126,11.235239],[107.496691,11.234184],[107.498051,11.232032],[107.498971,11.23107],[107.499584,11.229501],[107.499625,11.228843],[107.499445,11.228406],[107.498704,11.227521],[107.497616,11.226702],[107.496422,11.226209],[107.493617,11.225647],[107.493304,11.225378],[107.493188,11.224829],[107.49393,11.223908],[107.49496,11.223082],[107.497961,11.221871],[107.498395,11.221598],[107.49865,11.221296],[107.498799,11.220803],[107.49859,11.220189],[107.498199,11.219866],[107.497493,11.219862],[107.494667,11.220814],[107.492935,11.22257],[107.49164,11.22462],[107.491083,11.225027],[107.490596,11.225141],[107.489273,11.224945],[107.487834,11.224099],[107.487182,11.223478],[107.486232,11.222003],[107.485243,11.221248],[107.484478,11.221002],[107.483469,11.221015],[107.482965,11.221149],[107.482673,11.221026],[107.48258,11.220548],[107.482719,11.220388],[107.484766,11.220239],[107.485578,11.219987],[107.486277,11.219564],[107.488113,11.217113],[107.488253,11.216675],[107.488116,11.216055],[107.485227,11.213844],[107.484297,11.213],[107.483649,11.212113],[107.483178,11.211063],[107.482531,11.210444],[107.481248,11.210007],[107.479573,11.210115],[107.478598,11.210009],[107.478176,11.209661],[107.478037,11.209312],[107.478466,11.208557],[107.482331,11.206661],[107.483646,11.205867],[107.484165,11.204912],[107.484161,11.204188],[107.482594,11.200878],[107.482058,11.20001],[107.480528,11.198534],[107.479814,11.198142],[107.479125,11.198161],[107.478803,11.198333],[107.47865,11.198572],[107.478985,11.200038],[107.479023,11.201494],[107.478854,11.202229],[107.478356,11.202706],[107.477372,11.202877],[107.475027,11.202527],[107.473943,11.202062],[107.473516,11.201483],[107.47308,11.200303],[107.473104,11.199689],[107.473261,11.199253],[107.474541,11.19801],[107.476044,11.195506],[107.476332,11.194698],[107.476552,11.192984],[107.47698,11.192103],[107.477664,11.191429],[107.479174,11.190398],[107.478061,11.190064],[107.477101,11.190404],[107.47667,11.190845],[107.475724,11.192554],[107.474766,11.193436],[107.473971,11.193759],[107.473288,11.193824],[107.472668,11.193684],[107.471555,11.193147],[107.470948,11.192589],[107.470629,11.191939],[107.471851,11.188499],[107.471984,11.187251],[107.471876,11.186473],[107.471383,11.185363],[107.470405,11.184427],[107.469672,11.184009],[107.46823,11.183677],[107.467974,11.183502],[107.467834,11.18314],[107.467929,11.182632],[107.469644,11.181962],[107.470443,11.181457],[107.470669,11.180796],[107.470887,11.179413],[107.470883,11.179039],[107.470538,11.178339],[107.470001,11.178033],[107.469163,11.178136],[107.468678,11.178659],[107.466694,11.18013],[107.465902,11.180426],[107.465427,11.180052],[107.465113,11.178727],[107.46487,11.17842],[107.461289,11.177048],[107.46042,11.176469],[107.460106,11.17565],[107.459865,11.174224],[107.459953,11.172155],[107.46075,11.170512],[107.462064,11.168386],[107.462209,11.16777],[107.46158,11.166552],[107.458849,11.163775],[107.45742,11.161162],[107.455158,11.160255],[107.454813,11.159994],[107.454655,11.159703],[107.4547,11.159114],[107.455779,11.155524],[107.456063,11.155083],[107.456711,11.154888],[107.457303,11.154328],[107.458087,11.153001],[107.458217,11.152355],[107.458001,11.151683],[107.456893,11.150156],[107.456321,11.149606],[107.455974,11.14945],[107.455338,11.149424],[107.453996,11.148953],[107.451622,11.147462],[107.449676,11.146881],[107.449443,11.146706],[107.449079,11.146671],[107.448601,11.146839],[107.448183,11.147455],[107.447091,11.148058],[107.446583,11.148901],[107.445169,11.149383],[107.44493,11.149198],[107.444674,11.148557],[107.444773,11.147697],[107.444998,11.147126],[107.44461,11.146141],[107.443459,11.144148],[107.443577,11.142764],[107.443344,11.142004],[107.443345,11.140882],[107.443268,11.140536],[107.443033,11.140291],[107.443032,11.139655],[107.442857,11.139309],[107.44206,11.139144],[107.441196,11.138514],[107.440751,11.138362],[107.438909,11.138764],[107.438255,11.1392],[107.437927,11.139185],[107.436133,11.137943],[107.435305,11.137674],[107.434841,11.137197],[107.434525,11.136237],[107.434549,11.135939],[107.434821,11.135425],[107.434863,11.134755],[107.435244,11.134197],[107.435275,11.132749],[107.435576,11.132241],[107.435547,11.131746],[107.435777,11.13017],[107.43643,11.129213],[107.436516,11.128854],[107.43814,11.127104],[107.438267,11.126678],[107.438793,11.126045],[107.439098,11.125467],[107.439354,11.12527],[107.440392,11.125495],[107.441552,11.125263],[107.44351,11.125295],[107.444405,11.125081],[107.444896,11.12477],[107.445794,11.123702],[107.446556,11.122274],[107.44698,11.121747],[107.447946,11.120843],[107.450097,11.119233],[107.450528,11.118699],[107.45092,11.117842],[107.450947,11.117548],[107.450418,11.115952],[107.450545,11.1155],[107.450768,11.115225],[107.453277,11.113448],[107.453558,11.112815],[107.453697,11.112072],[107.454084,11.111414],[107.4539,11.110871],[107.452854,11.109417],[107.452011,11.109302],[107.451792,11.109213],[107.451579,11.1089],[107.45072,11.106884],[107.450507,11.105724],[107.449708,11.104848],[107.449405,11.104204],[107.449272,11.102685],[107.44933,11.10162],[107.449675,11.099768],[107.449596,11.098962],[107.446909,11.095342],[107.446522,11.09197],[107.446139,11.091364],[107.445474,11.090925],[107.444008,11.09044],[107.443656,11.09006],[107.443445,11.088768],[107.443599,11.085467],[107.443492,11.084794],[107.443019,11.083862],[107.442434,11.083278],[107.441774,11.083064],[107.441233,11.083202],[107.440559,11.083705],[107.440291,11.084042],[107.439768,11.085213],[107.439245,11.087483],[107.438738,11.08842],[107.43816,11.08899],[107.437288,11.088975],[107.435774,11.088105],[107.431926,11.087749],[107.431038,11.087419],[107.43073,11.087128],[107.430333,11.086528],[107.430253,11.085625],[107.430503,11.085092],[107.431477,11.084389],[107.432103,11.083616],[107.43217,11.082942],[107.431989,11.082445],[107.431258,11.081839],[107.429995,11.081256],[107.429683,11.080981],[107.429199,11.080247],[107.428373,11.078371],[107.42808,11.078029],[107.427371,11.07771],[107.425175,11.078014],[107.424623,11.077981],[107.423658,11.07753],[107.422902,11.076532],[107.422701,11.076003],[107.422545,11.074706],[107.422605,11.074031],[107.425558,11.069395],[107.426172,11.067637],[107.426223,11.066872],[107.426078,11.065489],[107.425761,11.063914],[107.425287,11.062863],[107.42425,11.061258],[107.421311,11.057953],[107.42064,11.057514],[107.419081,11.056996],[107.418372,11.056384],[107.417587,11.054533],[107.416783,11.053004],[107.416928,11.051153],[107.4167,11.050853],[107.415555,11.050238],[107.41498,11.050064],[107.413891,11.050123],[107.411943,11.050719],[107.411283,11.050775],[107.409197,11.050497],[107.407877,11.051619],[107.407103,11.05202],[107.405445,11.052535],[107.400248,11.053667],[107.399695,11.053564],[107.399133,11.05326],[107.397379,11.051782],[107.394805,11.0499],[107.394665,11.049672],[107.396857,11.048811],[107.397232,11.04879],[107.397863,11.049066],[107.398785,11.050051],[107.399264,11.050232],[107.399927,11.049892],[107.40086,11.048492],[107.402319,11.048618],[107.403008,11.048487],[107.403193,11.048175],[107.402622,11.047235],[107.402637,11.046762],[107.403318,11.046458],[107.40401,11.046704],[107.40444,11.046718],[107.404866,11.046356],[107.405116,11.045876],[107.40537,11.043591],[107.405599,11.043246],[107.406144,11.042801],[107.406483,11.042823],[107.407432,11.043377],[107.409173,11.045115],[107.409419,11.045148],[107.40998,11.044871],[107.410566,11.044856],[107.411519,11.045209],[107.411988,11.045636],[107.412382,11.045693],[107.412678,11.045583],[107.412755,11.045403],[107.412445,11.04308],[107.412463,11.042225],[107.412641,11.041823],[107.413501,11.041936],[107.414077,11.042141],[107.415459,11.041633],[107.415816,11.041601],[107.416393,11.041901],[107.417227,11.041834],[107.418296,11.042298],[107.419574,11.042402],[107.420358,11.042162],[107.421207,11.041665],[107.422131,11.041377],[107.422413,11.041159],[107.422344,11.040867],[107.421105,11.040291],[107.421137,11.039735],[107.421704,11.038804],[107.421181,11.038402],[107.420855,11.037843],[107.420678,11.037358],[107.420739,11.037089],[107.421812,11.037003],[107.422128,11.036637],[107.422668,11.036355],[107.423344,11.036651],[107.423615,11.036056],[107.423947,11.03591],[107.424742,11.036033],[107.425477,11.035902],[107.426621,11.036668],[107.427129,11.036659],[107.427214,11.03641],[107.42689,11.035853],[107.42689,11.035241],[107.427086,11.034962],[107.428445,11.034278],[107.428145,11.033447],[107.428725,11.033391],[107.429026,11.033479],[107.429255,11.033029],[107.429514,11.032862],[107.429759,11.032944],[107.429641,11.033309],[107.429761,11.033455],[107.430689,11.033427],[107.430697,11.033259],[107.430344,11.033056],[107.430671,11.032007],[107.430832,11.032039],[107.431114,11.032497],[107.431292,11.033502],[107.431897,11.033934],[107.432255,11.034358],[107.433553,11.033696],[107.433868,11.033368],[107.43434,11.033394],[107.434813,11.033749],[107.435217,11.032538],[107.43538,11.032552],[107.435938,11.033023],[107.436136,11.03367],[107.436868,11.033538],[107.437084,11.033067],[107.437777,11.032658],[107.437833,11.032505],[107.437004,11.0321],[107.436838,11.03179],[107.436807,11.031291],[107.437565,11.031494],[107.438165,11.031932],[107.438171,11.032356],[107.438569,11.032535],[107.438913,11.032894],[107.439156,11.03294],[107.439465,11.032716],[107.439509,11.03245],[107.438988,11.031737],[107.439584,11.031296],[107.439732,11.031342],[107.439936,11.031813],[107.440209,11.031948],[107.440538,11.031847],[107.440896,11.031545],[107.441595,11.03157],[107.442248,11.030775],[107.442629,11.03073],[107.443248,11.031021],[107.443477,11.030954],[107.444282,11.030164],[107.44447,11.029505],[107.445188,11.028949],[107.447097,11.028611],[107.447727,11.028307],[107.447312,11.026811],[107.447413,11.02671],[107.447867,11.026774],[107.448089,11.026342],[107.448659,11.026309],[107.448892,11.026049],[107.449264,11.024938],[107.448956,11.023208],[107.449332,11.023047],[107.450158,11.023216],[107.450424,11.022949],[107.449536,11.021761],[107.449405,11.021318],[107.44958,11.021008],[107.450014,11.02084],[107.450743,11.021117],[107.451148,11.020924],[107.451771,11.020843],[107.451933,11.020627],[107.451986,11.020024],[107.452138,11.019872],[107.452511,11.020217],[107.452747,11.020265],[107.45293,11.019622],[107.453366,11.019177],[107.454458,11.019143],[107.454178,11.018213],[107.454445,11.017537],[107.455478,11.017378],[107.456118,11.017075],[107.456555,11.01672],[107.457296,11.016868],[107.457656,11.017299],[107.458136,11.017332],[107.458475,11.017611],[107.458661,11.017619],[107.458781,11.017492],[107.458475,11.017073],[107.458708,11.01683],[107.459235,11.016809],[107.459922,11.016476],[107.460598,11.016578],[107.460698,11.016394],[107.46054,11.016069],[107.4606,11.015975],[107.461744,11.015955],[107.462538,11.015006],[107.46284,11.015115],[107.46258,11.015637],[107.462842,11.01618],[107.463766,11.015971],[107.464242,11.016097],[107.464628,11.015806],[107.464958,11.016123],[107.465143,11.016136],[107.465249,11.015812],[107.465189,11.015241],[107.465626,11.015338],[107.466268,11.014711],[107.466145,11.014109],[107.466212,11.013845],[107.467031,11.013565],[107.467672,11.013811],[107.468092,11.013722],[107.468224,11.013464],[107.468178,11.013048],[107.467748,11.012758],[107.467846,11.012391],[107.468049,11.012303],[107.468539,11.012649],[107.468698,11.01264],[107.468771,11.012317],[107.469369,11.01208],[107.468636,11.011235],[107.468904,11.010436],[107.469143,11.01032],[107.469865,11.010314],[107.469752,11.010097],[107.469299,11.009852],[107.469327,11.009656],[107.47004,11.009576],[107.470387,11.009048],[107.470912,11.008842],[107.471072,11.008253],[107.471662,11.008196],[107.472082,11.007731],[107.472244,11.00777],[107.472394,11.008094],[107.472994,11.00802],[107.473372,11.007247],[107.473952,11.007168],[107.474246,11.00674],[107.474409,11.00683],[107.474666,11.007475],[107.474919,11.007633],[107.475388,11.007532],[107.475759,11.007017],[107.475916,11.006982],[107.475868,11.007676],[107.476172,11.007817],[107.476735,11.007413],[107.477097,11.007376],[107.477562,11.007671],[107.478051,11.007811],[107.478774,11.007539],[107.479211,11.007691],[107.479427,11.006709],[107.479535,11.006633],[107.48042,11.007233],[107.480641,11.007219],[107.480895,11.006873],[107.481064,11.006824],[107.481229,11.006999],[107.48133,11.007542],[107.481586,11.007752],[107.481564,11.008311],[107.482601,11.008646],[107.483374,11.008428],[107.485059,11.009067],[107.485814,11.00912],[107.486171,11.009431],[107.48654,11.009046],[107.486954,11.009365],[107.487466,11.00914],[107.488109,11.009714],[107.488724,11.009829],[107.488716,11.010594],[107.48897,11.010663],[107.489407,11.010463],[107.489779,11.010809],[107.490384,11.010804],[107.490619,11.011026],[107.490786,11.011429],[107.491237,11.011535],[107.491434,11.011964],[107.491911,11.011781],[107.492147,11.011845],[107.492541,11.012654],[107.492709,11.012784],[107.492863,11.012729],[107.492817,11.01219],[107.492995,11.012102],[107.493276,11.012172],[107.493384,11.012328],[107.493339,11.013251],[107.493724,11.013729],[107.493857,11.013722],[107.494107,11.013293],[107.494882,11.013281],[107.494994,11.013366],[107.494927,11.013994],[107.495403,11.014146],[107.495657,11.014407],[107.495877,11.014339],[107.496122,11.014009],[107.496274,11.014085],[107.496391,11.014484],[107.496583,11.014578],[107.496742,11.014534],[107.496794,11.014294],[107.497543,11.014188],[107.49767,11.014311],[107.497802,11.015171],[107.498042,11.015212],[107.498093,11.014799],[107.498296,11.014755],[107.498643,11.015049],[107.498781,11.015453],[107.498961,11.015305],[107.498699,11.014798],[107.498764,11.0147],[107.499075,11.015013],[107.499341,11.015087],[107.499893,11.01468],[107.50038,11.014788],[107.500487,11.014987],[107.500372,11.015616],[107.500515,11.015715],[107.500779,11.015233],[107.501171,11.01524],[107.501547,11.015058],[107.501782,11.014525],[107.502006,11.014581],[107.502408,11.015006],[107.502514,11.014926],[107.502503,11.014429],[107.502628,11.014389],[107.503072,11.014845],[107.503575,11.014982],[107.503721,11.014842],[107.503618,11.014357],[107.503734,11.014139],[107.503974,11.014156],[107.504301,11.014619],[107.504499,11.014488],[107.50439,11.014119],[107.504909,11.014129],[107.505115,11.013564],[107.505452,11.013508],[107.506136,11.013728],[107.506458,11.013593],[107.506511,11.013026],[107.507293,11.012704],[107.507664,11.011593],[107.508086,11.011128],[107.507671,11.00995],[107.508289,11.009764],[107.508357,11.009617],[107.507818,11.009181],[107.507804,11.008862],[107.507974,11.008782],[107.508402,11.009119],[107.508698,11.00905],[107.50869,11.008787],[107.508306,11.00845],[107.508365,11.008312],[107.508663,11.008441],[107.508856,11.008386],[107.50882,11.007626],[107.508965,11.00744],[107.509136,11.007506],[107.509376,11.008039],[107.509692,11.008051],[107.509657,11.007732],[107.509244,11.00691],[107.509586,11.006649],[107.509768,11.006655],[107.509907,11.00726],[107.510143,11.007254],[107.510084,11.006667],[107.510688,11.006175],[107.510209,11.005952],[107.510179,11.0055],[107.5104,11.00542],[107.510591,11.005744],[107.511435,11.005512],[107.51213,11.004855],[107.512401,11.004352],[107.513267,11.004169],[107.51365,11.003919],[107.513615,11.003618],[107.512913,11.003845],[107.512536,11.003544],[107.513105,11.003314],[107.513226,11.002685],[107.514058,11.002409],[107.514064,11.002596],[107.51376,11.00281],[107.51373,11.003015],[107.513993,11.003224],[107.514822,11.00349],[107.514919,11.003353],[107.514503,11.003005],[107.514576,11.002685],[107.515044,11.002627],[107.51513,11.002497],[107.515073,11.002218],[107.515788,11.001803],[107.516891,11.001762],[107.517359,11.001569],[107.517481,11.001136],[107.518133,11.000482],[107.518149,11.000281],[107.517974,11.000004],[107.518035,10.999891],[107.518385,11.000302],[107.518902,11.000408],[107.518626,11.000791],[107.518985,11.001526],[107.518966,11.001882],[107.519206,11.001926],[107.51935,11.001767],[107.519201,11.001313],[107.519675,11.001151],[107.520093,11.001205],[107.520304,11.000665],[107.520858,11.000373],[107.520879,11.000216],[107.520616,10.999939],[107.520949,10.999594],[107.521114,10.999219],[107.521288,10.999216],[107.521463,10.999551],[107.521622,10.999548],[107.522166,10.99934],[107.522167,10.99889],[107.522525,10.999111],[107.522763,10.998791],[107.523087,10.998753],[107.523096,10.998578],[107.522417,10.997553],[107.522712,10.997154],[107.52282,10.997263],[107.522843,10.997681],[107.523219,10.997567],[107.523072,10.997034],[107.523603,10.996518],[107.523284,10.995959],[107.523346,10.995753],[107.523939,10.995772],[107.524012,10.995378],[107.524215,10.995318],[107.524627,10.995602],[107.524791,10.996018],[107.524982,10.996116],[107.525175,10.996059],[107.52534,10.995701],[107.526361,10.995649],[107.526462,10.995827],[107.526261,10.996188],[107.526493,10.996238],[107.527172,10.995937],[107.52722,10.995764],[107.527055,10.995378],[107.527323,10.99506],[107.527493,10.995054],[107.527747,10.995317],[107.528013,10.995378],[107.528123,10.995255],[107.527848,10.995055],[107.527844,10.994914],[107.52836,10.99462],[107.529116,10.9946],[107.529614,10.994115],[107.529552,10.993686],[107.529998,10.993944],[107.530179,10.993917],[107.53022,10.993825],[107.529892,10.993471],[107.529916,10.993284],[107.530514,10.993434],[107.530869,10.993257],[107.530819,10.993098],[107.530193,10.992951],[107.52988,10.99269],[107.529985,10.992613],[107.530518,10.992732],[107.530234,10.991814],[107.530616,10.991535],[107.531013,10.991873],[107.531431,10.991828],[107.531429,10.99169],[107.531056,10.991513],[107.530979,10.991267],[107.531423,10.991187],[107.53146,10.990607],[107.532085,10.990431],[107.531808,10.989751],[107.531949,10.989701],[107.532317,10.990006],[107.532388,10.989435],[107.532952,10.989236],[107.532926,10.98904],[107.532519,10.98891],[107.532518,10.988717],[107.532955,10.988579],[107.533341,10.988831],[107.533608,10.988726],[107.53336,10.988295],[107.532987,10.988002],[107.533015,10.987851],[107.533353,10.987755],[107.533786,10.988104],[107.533695,10.987692],[107.533828,10.987187],[107.534044,10.987006],[107.534185,10.987609],[107.534542,10.987665],[107.53467,10.987324],[107.534519,10.986839],[107.534963,10.986644],[107.53526,10.985235],[107.534887,10.984902],[107.534488,10.984905],[107.534428,10.984705],[107.53452,10.984439],[107.534965,10.98439],[107.535039,10.983907],[107.534928,10.983798],[107.534249,10.983793],[107.533926,10.983482],[107.53415,10.983375],[107.534385,10.982847],[107.53486,10.982782],[107.535523,10.981612],[107.535818,10.981491],[107.536194,10.981515],[107.536343,10.981395],[107.536315,10.981104],[107.535996,10.980678],[107.536233,10.980348],[107.535936,10.980113],[107.535888,10.979932],[107.536078,10.979741],[107.536667,10.979803],[107.536802,10.979573],[107.536642,10.979261],[107.536254,10.978946],[107.536214,10.978207],[107.536568,10.978086],[107.536976,10.978283],[107.537148,10.978246],[107.537187,10.978091],[107.536968,10.977679],[107.537062,10.977519],[107.538088,10.977441],[107.53864,10.977735],[107.539314,10.977383],[107.539647,10.977772],[107.540253,10.977752],[107.540509,10.978023],[107.541054,10.978119],[107.541141,10.978434],[107.54164,10.978357],[107.541615,10.978748],[107.541717,10.978858],[107.542243,10.97826],[107.542504,10.978187],[107.552581,10.954096],[107.557554,10.942872],[107.560302,10.937037],[107.560401,10.93187],[107.560314,10.926197],[107.560456,10.92255],[107.56092,10.91722],[107.560969,10.910159],[107.560586,10.893041],[107.560302,10.888335],[107.56006,10.879166],[107.559726,10.87281],[107.559805,10.868491],[107.569981,10.85397],[107.57118,10.851716],[107.572368,10.84982],[107.573635,10.847287],[107.574001,10.84628],[107.575922,10.84054],[107.577715,10.834115],[107.577774,10.833069],[107.57762,10.832336],[107.576946,10.830335],[107.575637,10.827407],[107.574526,10.824291],[107.574458,10.823357],[107.574019,10.821662],[107.573473,10.820086],[107.572924,10.818943],[107.572754,10.816851],[107.573473,10.816429],[107.573845,10.814026],[107.573191,10.81375],[107.572338,10.813774],[107.571514,10.814089],[107.571275,10.813897],[107.570867,10.812834],[107.570833,10.812353],[107.570518,10.812333],[107.570189,10.812073],[107.570026,10.81103],[107.569797,10.810897],[107.569297,10.811104],[107.569138,10.811048],[107.568555,10.810295],[107.568717,10.809597],[107.567708,10.808339],[107.567585,10.8077],[107.566935,10.807605],[107.566806,10.807162],[107.566124,10.806126],[107.565585,10.80414],[107.562612,10.799924],[107.561267,10.798735],[107.556184,10.795093],[107.552073,10.791929],[107.544569,10.786564],[107.531984,10.778039],[107.525341,10.774505],[107.521917,10.773456],[107.517544,10.772596],[107.515461,10.772664],[107.506887,10.771934],[107.504872,10.771404],[107.501822,10.761218],[107.503907,10.759536],[107.50447,10.758873],[107.505439,10.758028],[107.505915,10.757797],[107.50645,10.757768],[107.506878,10.757583],[107.507855,10.756467],[107.507828,10.756101],[107.506755,10.754403],[107.506793,10.752815],[107.5067,10.752181],[107.50634,10.751357],[107.50667,10.750317],[107.506015,10.749651],[107.505933,10.749433],[107.505787,10.747219],[107.506149,10.745916],[107.506726,10.745538],[107.509267,10.744724],[107.509691,10.744491],[107.510094,10.744081],[107.510741,10.743995],[107.511343,10.743469],[107.512096,10.74317],[107.512172,10.742964],[107.512012,10.74234],[107.512365,10.741817],[107.512449,10.741178],[107.512346,10.740252],[107.512576,10.740094],[107.512912,10.740061],[107.513273,10.739633],[107.514103,10.739118],[107.515182,10.738828],[107.515361,10.738678],[107.515652,10.73805],[107.515535,10.737242],[107.515793,10.735596],[107.515676,10.735313],[107.515731,10.7351],[107.515871,10.735068],[107.516053,10.735212],[107.516273,10.734955],[107.516824,10.734723],[107.516982,10.735326],[107.517545,10.735057],[107.518229,10.735456],[107.518583,10.735272],[107.518877,10.735355],[107.519133,10.735174],[107.519323,10.735522],[107.519549,10.735505],[107.519834,10.735018],[107.520079,10.734769],[107.52057,10.734551],[107.520688,10.734267],[107.521372,10.734201],[107.521615,10.733748],[107.522252,10.733662],[107.522393,10.733527],[107.522427,10.732933],[107.522125,10.732735],[107.522033,10.732485],[107.52262,10.732033],[107.522901,10.731652],[107.5234,10.731723],[107.523974,10.73145],[107.524346,10.731404],[107.525195,10.731486],[107.525656,10.731774],[107.525889,10.731612],[107.526421,10.730455],[107.526147,10.729996],[107.526188,10.729658],[107.526536,10.729223],[107.526369,10.728884],[107.526404,10.728506],[107.526571,10.728215],[107.526955,10.728021],[107.527105,10.727299],[107.527969,10.726437],[107.527873,10.72504],[107.528123,10.723923],[107.529103,10.723966],[107.529295,10.723849],[107.529398,10.723441],[107.52973,10.723079],[107.53013,10.722902],[107.531121,10.722796],[107.531214,10.722384],[107.531941,10.721741],[107.532181,10.721368],[107.532416,10.721428],[107.532527,10.722081],[107.532688,10.72215],[107.533326,10.722001],[107.533792,10.721706],[107.534226,10.721817],[107.535054,10.721349],[107.535252,10.720595],[107.535591,10.720377],[107.535728,10.720141],[107.535605,10.719423],[107.535694,10.718769],[107.535528,10.718222],[107.535685,10.717955],[107.536267,10.717551],[107.536169,10.716681],[107.536555,10.716145],[107.537124,10.716348],[107.538017,10.715917],[107.538023,10.715536],[107.53742,10.715298],[107.537352,10.714988],[107.537805,10.714855],[107.538413,10.715087],[107.538657,10.71507],[107.538526,10.714514],[107.538724,10.713921],[107.53932,10.713674],[107.539746,10.71288],[107.539556,10.712239],[107.539694,10.712025],[107.539711,10.711624],[107.539239,10.711098],[107.539231,10.710893],[107.539499,10.710813],[107.540204,10.711197],[107.540588,10.711163],[107.540653,10.710917],[107.540531,10.710017],[107.540428,10.709974],[107.540196,10.71023],[107.540033,10.710251],[107.539912,10.71006],[107.539959,10.709833],[107.540505,10.709336],[107.540961,10.70949],[107.541298,10.709291],[107.542019,10.709378],[107.542544,10.708068],[107.543052,10.70806],[107.542906,10.707571],[107.543054,10.707263],[107.543328,10.707088],[107.543337,10.706786],[107.54425,10.706017],[107.544219,10.705804],[107.543785,10.705498],[107.543708,10.705153],[107.544085,10.704179],[107.544158,10.70338],[107.544011,10.702878],[107.543682,10.702462],[107.543765,10.70218],[107.544314,10.701912],[107.544645,10.701233],[107.544506,10.701074],[107.543891,10.700895],[107.5438,10.700365],[107.543341,10.700048],[107.543401,10.699569],[107.543926,10.699627],[107.544052,10.699303],[107.543915,10.698913],[107.543432,10.698579],[107.543383,10.698417],[107.543588,10.698188],[107.544062,10.698316],[107.544223,10.697686],[107.544756,10.697931],[107.5449,10.697876],[107.54493,10.697683],[107.544634,10.697304],[107.545245,10.696753],[107.545338,10.696507],[107.545313,10.696308],[107.545084,10.696197],[107.545068,10.695964],[107.546247,10.695903],[107.546345,10.695409],[107.546571,10.695143],[107.54648,10.694658],[107.546409,10.694496],[107.54554,10.693855],[107.545581,10.693581],[107.545865,10.693398],[107.545836,10.693216],[107.54484,10.693213],[107.544838,10.692999],[107.545146,10.692668],[107.545144,10.69231],[107.54506,10.692168],[107.544231,10.69196],[107.544222,10.691759],[107.544484,10.691571],[107.544405,10.691337],[107.54354,10.691028],[107.543341,10.690378],[107.54291,10.690426],[107.543189,10.689677],[107.543199,10.689333],[107.543374,10.68921],[107.543832,10.689267],[107.543286,10.68857],[107.543579,10.68804],[107.543388,10.687952],[107.54279,10.688174],[107.541967,10.687848],[107.542077,10.687486],[107.542677,10.68752],[107.54263,10.687323],[107.541892,10.687044],[107.542003,10.686775],[107.541861,10.686418],[107.542335,10.685934],[107.542608,10.685432],[107.54211,10.685244],[107.541969,10.684998],[107.541873,10.684431],[107.542103,10.684047],[107.542036,10.683816],[107.541228,10.683659],[107.540569,10.683102],[107.540433,10.682438],[107.540501,10.682234],[107.540869,10.68212],[107.540732,10.681858],[107.540755,10.681556],[107.540634,10.681424],[107.540016,10.681346],[107.539878,10.680884],[107.539928,10.680626],[107.540405,10.680109],[107.540419,10.679906],[107.539813,10.679654],[107.539552,10.679331],[107.539207,10.679229],[107.538916,10.678785],[107.538623,10.679527],[107.538485,10.679724],[107.53831,10.679744],[107.538392,10.679079],[107.538227,10.678561],[107.538576,10.678119],[107.538691,10.677694],[107.539578,10.677172],[107.538954,10.676758],[107.538929,10.676133],[107.539038,10.675993],[107.539665,10.675809],[107.539814,10.675539],[107.539711,10.675157],[107.539417,10.674774],[107.539539,10.674468],[107.539716,10.674456],[107.540008,10.674875],[107.540371,10.675166],[107.540539,10.675172],[107.541235,10.674627],[107.540945,10.674197],[107.54105,10.673824],[107.541366,10.673484],[107.54172,10.673399],[107.543147,10.673439],[107.54339,10.673038],[107.54364,10.672882],[107.543752,10.672452],[107.544573,10.672008],[107.544801,10.671358],[107.544731,10.671155],[107.544578,10.671151],[107.543977,10.671666],[107.543619,10.671613],[107.543528,10.67142],[107.544238,10.670359],[107.544814,10.670151],[107.544902,10.66995],[107.544804,10.669781],[107.54425,10.669752],[107.544079,10.669557],[107.543993,10.668253],[107.544371,10.667786],[107.544201,10.6669],[107.545142,10.666234],[107.545192,10.665977],[107.545013,10.665621],[107.545201,10.665156],[107.545219,10.664706],[107.545494,10.66466],[107.545998,10.664859],[107.546315,10.664724],[107.546278,10.664365],[107.545688,10.66436],[107.54527,10.664157],[107.545455,10.66335],[107.546014,10.662929],[107.546606,10.66322],[107.546622,10.663406],[107.546383,10.663536],[107.546455,10.663713],[107.546903,10.663771],[107.547099,10.663509],[107.547099,10.663021],[107.547312,10.662549],[107.547489,10.66249],[107.547643,10.662582],[107.547692,10.662943],[107.547828,10.663051],[107.548121,10.662518],[107.548739,10.662381],[107.548891,10.662173],[107.548872,10.661461],[107.54828,10.660935],[107.548258,10.66039],[107.547916,10.660237],[107.547857,10.660086],[107.547949,10.659747],[107.5483,10.659428],[107.548573,10.659466],[107.548702,10.660008],[107.548923,10.659958],[107.549092,10.659681],[107.549203,10.659325],[107.549023,10.658991],[107.549072,10.658737],[107.549336,10.6583],[107.549718,10.658021],[107.549628,10.657765],[107.549109,10.657431],[107.54904,10.657208],[107.549216,10.656973],[107.549842,10.656577],[107.549834,10.656067],[107.550252,10.655616],[107.550117,10.655068],[107.550343,10.654542],[107.550771,10.654025],[107.551339,10.653696],[107.551306,10.653298],[107.550971,10.653124],[107.550799,10.65285],[107.550876,10.652129],[107.550589,10.651409],[107.55114,10.650761],[107.551246,10.650009],[107.551786,10.649891],[107.552013,10.649719],[107.552067,10.649007],[107.552628,10.648794],[107.553324,10.648789],[107.553421,10.648632],[107.553401,10.648136],[107.55363,10.64769],[107.554008,10.647795],[107.554179,10.647726],[107.554293,10.64716],[107.553748,10.646783],[107.553749,10.646629],[107.554083,10.646558],[107.554312,10.646352],[107.555092,10.646463],[107.555393,10.646288],[107.555509,10.646062],[107.555192,10.645348],[107.55529,10.645004],[107.555519,10.644968],[107.555817,10.645205],[107.556244,10.64513],[107.556074,10.644623],[107.556091,10.644271],[107.555657,10.644298],[107.555266,10.644148],[107.555584,10.643284],[107.555472,10.642515],[107.555521,10.641763],[107.555978,10.641537],[107.556582,10.641588],[107.556609,10.641202],[107.557026,10.640967],[107.556867,10.640305],[107.556936,10.639115],[107.557343,10.639025],[107.557436,10.638584],[107.557802,10.638624],[107.558033,10.638442],[107.558036,10.63772],[107.558339,10.637699],[107.558439,10.638041],[107.558654,10.638111],[107.559502,10.637571],[107.559656,10.637057],[107.560132,10.636239],[107.560274,10.635286],[107.561031,10.634875],[107.561117,10.634413],[107.561457,10.633978],[107.56143,10.633322],[107.561694,10.633296],[107.562098,10.633649],[107.562479,10.633525],[107.562754,10.632565],[107.562223,10.632506],[107.562161,10.632076],[107.562321,10.63171],[107.56274,10.631438],[107.562779,10.630946],[107.563093,10.630524],[107.563175,10.630131],[107.562825,10.629528],[107.562864,10.628839],[107.562415,10.628428],[107.562249,10.627864],[107.562924,10.627332],[107.563026,10.626917],[107.563863,10.627012],[107.563925,10.62641],[107.563449,10.626197],[107.563286,10.625949],[107.563319,10.625757],[107.563543,10.625557],[107.564178,10.625325],[107.564526,10.624962],[107.56455,10.624392],[107.564836,10.624132],[107.564912,10.623796],[107.565147,10.62366],[107.56504,10.623353],[107.56524,10.62298],[107.565917,10.623125],[107.566442,10.623079],[107.566262,10.6217],[107.566484,10.621494],[107.56687,10.621455],[107.567139,10.621125],[107.567524,10.619412],[107.568233,10.619024],[107.568006,10.618583],[107.568092,10.61733],[107.56787,10.616927],[107.567473,10.616601],[107.567627,10.616146],[107.5676,10.615848],[107.567062,10.616068],[107.566654,10.61582],[107.566169,10.615835],[107.563436,10.615218],[107.565082,10.613814],[107.565113,10.612909],[107.564725,10.612109],[107.564879,10.611354],[107.56462,10.610754],[107.564386,10.608307],[107.56463,10.607684],[107.565552,10.606461],[107.565931,10.605381],[107.566694,10.604729],[107.567743,10.604223],[107.568067,10.603685],[107.568003,10.602945],[107.56885,10.602917],[107.569499,10.602437],[107.570261,10.602249],[107.570596,10.601744],[107.571789,10.600496],[107.571928,10.6002],[107.57098,10.596537],[107.571062,10.596154],[107.570363,10.59277],[107.567716,10.585564],[107.568267,10.585332],[107.568435,10.585112],[107.568448,10.584936],[107.568126,10.58453],[107.568371,10.583503],[107.568274,10.582306],[107.568486,10.582042],[107.568641,10.581499],[107.569198,10.581455],[107.56932,10.580342],[107.569636,10.579676],[107.569588,10.579437],[107.569277,10.579138],[107.569143,10.578684],[107.56979,10.572724],[107.569576,10.5721],[107.570024,10.570569],[107.570291,10.568076],[107.571231,10.568783],[107.571851,10.56895],[107.572729,10.569909],[107.573624,10.570647],[107.577868,10.573844],[107.579184,10.575475],[107.579609,10.57565],[107.57963,10.57602],[107.580718,10.57572],[107.580388,10.575336],[107.580076,10.575375],[107.580061,10.575296],[107.580587,10.574868],[107.581176,10.574972],[107.581378,10.57489],[107.582059,10.573629],[107.582273,10.574638],[107.583478,10.576008],[107.585546,10.57721],[107.586917,10.578202],[107.590954,10.580158],[107.592256,10.580932],[107.592963,10.581127],[107.593749,10.581541],[107.596237,10.583184],[107.600325,10.585455],[107.601157,10.585534],[107.60268,10.586172],[107.603374,10.586592],[107.605764,10.587371],[107.607463,10.588246],[107.609004,10.588797],[107.611462,10.590345],[107.613364,10.591189],[107.614676,10.592002],[107.61545,10.592177],[107.617393,10.59327],[107.619118,10.593829],[107.620226,10.594556],[107.620845,10.594623],[107.621752,10.594477],[107.622488,10.594595],[107.625656,10.595439],[107.626777,10.595401],[107.630902,10.596697],[107.632149,10.596759],[107.636827,10.598663],[107.637475,10.599081],[107.637676,10.599439],[107.637621,10.599712],[107.637105,10.599887],[107.639283,10.600195],[107.637525,10.599917],[107.637898,10.599799],[107.638909,10.59983],[107.640004,10.600045],[107.64172,10.601043],[107.643564,10.601489],[107.64496,10.602003],[107.646702,10.602888],[107.64831,10.603521],[107.648602,10.603464],[107.649096,10.603613],[107.65833,10.607915],[107.661879,10.609194],[107.662652,10.609236],[107.66337,10.609483],[107.664696,10.610839],[107.665679,10.612169],[107.667201,10.613811],[107.670733,10.616927],[107.673271,10.618827],[107.675433,10.620683],[107.677892,10.622326],[107.683933,10.625484],[107.684826,10.625691],[107.686558,10.626415],[107.688833,10.627063],[107.6899,10.627247],[107.690744,10.627627],[107.693508,10.62836],[107.693408,10.628666],[107.69427,10.628973],[107.694368,10.62867],[107.694982,10.628896],[107.696432,10.62978],[107.698194,10.630604],[107.700804,10.631428],[107.703404,10.632044],[107.706489,10.632433],[107.709932,10.632375]]],[[[108.30159,10.91022],[108.301361,10.910321],[108.301194,10.910245],[108.30092,10.910509],[108.300611,10.910615],[108.30056,10.910727],[108.300707,10.911006],[108.300499,10.911112],[108.299663,10.910428],[108.299521,10.910042],[108.299632,10.909829],[108.300002,10.909733],[108.30018,10.909403],[108.300362,10.909383],[108.300798,10.909561],[108.301082,10.909459],[108.301757,10.909611],[108.30159,10.91022]]],[[[109.085017,9.974404],[109.084154,9.975075],[109.084011,9.975506],[109.083819,9.975363],[109.083723,9.975602],[109.083723,9.975267],[109.083579,9.975219],[109.083675,9.975506],[109.083484,9.975937],[109.083292,9.975746],[109.083532,9.97541],[109.083292,9.974979],[109.083579,9.972776],[109.083723,9.972728],[109.083579,9.972536],[109.083771,9.97244],[109.083771,9.971387],[109.084011,9.971243],[109.084058,9.970668],[109.084154,9.970572],[109.08425,9.970716],[109.08449,9.970285],[109.084969,9.970093],[109.085064,9.970381],[109.084777,9.970572],[109.084729,9.970908],[109.08449,9.971099],[109.084442,9.971722],[109.084873,9.972872],[109.085017,9.974404]]],[[[109.049586,9.994329],[109.050496,9.994521],[109.050472,9.994329],[109.050616,9.994305],[109.050712,9.994425],[109.050664,9.994617],[109.050999,9.994784],[109.051071,9.994952],[109.050664,9.995024],[109.049802,9.994928],[109.049634,9.994784],[109.04949,9.994856],[109.049466,9.994401],[109.049586,9.994329]]],[[[108.898392,10.054987],[108.897817,10.055418],[108.897721,10.055681],[108.89729,10.056113],[108.897266,10.056544],[108.897002,10.05652],[108.896859,10.056065],[108.89693,10.056017],[108.896739,10.055705],[108.896835,10.055274],[108.896739,10.054556],[108.89693,10.054484],[108.896978,10.054316],[108.897098,10.054388],[108.897098,10.054053],[108.897266,10.054029],[108.897362,10.053861],[108.897721,10.053861],[108.898032,10.053717],[108.898296,10.053861],[108.89832,10.054029],[108.898439,10.054029],[108.898751,10.054436],[108.899182,10.054652],[108.899014,10.054723],[108.899014,10.055059],[108.898392,10.054987]]],[[[108.969264,10.48341],[108.96918,10.484293],[108.968417,10.484618],[108.96775,10.484173],[108.967509,10.483698],[108.967876,10.483265],[108.968297,10.483025],[108.968892,10.483163],[108.969264,10.48341]]],[[[108.962755,10.49293],[108.963984,10.49037],[108.962275,10.490009],[108.96052,10.489023],[108.961162,10.487142],[108.961978,10.486187],[108.963873,10.485826],[108.966109,10.486006],[108.965256,10.487713],[108.968453,10.491499],[108.968707,10.493054],[108.969258,10.495093],[108.965434,10.4971],[108.963957,10.49704],[108.96316,10.495782],[108.962755,10.49293]]],[[[108.956541,10.545862],[108.957275,10.546173],[108.957938,10.547323],[108.957968,10.548465],[108.955414,10.54605],[108.953479,10.547948],[108.951646,10.552431],[108.945763,10.552942],[108.943733,10.553944],[108.942253,10.552632],[108.930489,10.553478],[108.927635,10.55228],[108.924004,10.549174],[108.922379,10.546247],[108.923721,10.541901],[108.925484,10.541504],[108.926491,10.539868],[108.928276,10.524976],[108.930202,10.519496],[108.931435,10.51377],[108.931596,10.5122],[108.932076,10.513333],[108.933441,10.514199],[108.935898,10.511211],[108.938448,10.510033],[108.938441,10.50987],[108.938905,10.509359],[108.937955,10.508521],[108.935791,10.5084],[108.934523,10.509304],[108.93287,10.510795],[108.932675,10.511066],[108.932726,10.511563],[108.932498,10.511703],[108.932357,10.510915],[108.932442,10.510688],[108.935568,10.508172],[108.938038,10.508258],[108.938549,10.508522],[108.939147,10.508207],[108.938731,10.50885],[108.93955,10.50948],[108.942072,10.507538],[108.943972,10.506424],[108.950043,10.503797],[108.950073,10.502685],[108.954491,10.504358],[108.95507,10.503884],[108.958023,10.504224],[108.959587,10.503305],[108.961876,10.505681],[108.964333,10.505967],[108.964668,10.507618],[108.967041,10.507641],[108.967728,10.509701],[108.966171,10.513762],[108.967178,10.514756],[108.967529,10.516617],[108.966393,10.51626],[108.965973,10.51782],[108.963707,10.518609],[108.962006,10.518358],[108.959366,10.521411],[108.958977,10.523957],[108.958199,10.524328],[108.957298,10.526774],[108.957489,10.528647],[108.956787,10.530229],[108.956337,10.531664],[108.957336,10.532258],[108.957802,10.534277],[108.954498,10.539023],[108.95504,10.542584],[108.954445,10.543555],[108.954987,10.544803],[108.956081,10.545081],[108.956541,10.545862]]],[[[108.959548,10.554317],[108.959406,10.554611],[108.959088,10.554834],[108.959094,10.554984],[108.958913,10.55499],[108.958944,10.554801],[108.958787,10.554659],[108.958877,10.554533],[108.958655,10.554482],[108.958868,10.553875],[108.958736,10.553103],[108.958237,10.552838],[108.957696,10.552733],[108.957525,10.55243],[108.95718,10.552171],[108.957213,10.552072],[108.957835,10.552231],[108.95794,10.551934],[108.958168,10.552012],[108.958694,10.552553],[108.958544,10.55276],[108.958871,10.552772],[108.959079,10.553106],[108.959475,10.55313],[108.959409,10.553286],[108.959611,10.553605],[108.959211,10.553701],[108.959478,10.553872],[108.959382,10.554104],[108.959548,10.554317]]],[[[108.958217,10.556644],[108.957791,10.55699],[108.957679,10.556825],[108.958193,10.556502],[108.958217,10.556644]]],[[[108.954531,10.558406],[108.954281,10.558364],[108.954116,10.558697],[108.953855,10.558364],[108.953236,10.558205],[108.953049,10.55803],[108.952493,10.55797],[108.952436,10.557796],[108.951859,10.557532],[108.951823,10.557324],[108.952076,10.557201],[108.952514,10.557453],[108.953127,10.55739],[108.953386,10.557246],[108.953725,10.5573],[108.954696,10.558078],[108.954918,10.558133],[108.954287,10.558102],[108.954353,10.55825],[108.954576,10.558268],[108.954531,10.558406]]]]}},{"type":"Feature","properties":{"id":"81297802B86448730167777","label":"달랏 · Da Lat (이전)","era":"2020","sourceName":"Da Lat","viewBounds":[108.31507755900009,11.807639861000041,108.59268924200006,12.007697159000031]},"geometry":{"type":"Polygon","coordinates":[[[108.570836,11.963004],[108.566952,11.96464],[108.557008,11.974404],[108.54161,11.978187],[108.534466,11.98396],[108.517581,11.983846],[108.514037,11.98618],[108.505874,11.985322],[108.492011,11.992539],[108.482695,11.99247],[108.481092,11.988942],[108.474099,11.989109],[108.473245,11.993179],[108.468249,11.993752],[108.465498,11.997231],[108.463821,11.999921],[108.46365,12.004955],[108.460786,12.007697],[108.45703,12.005454],[108.451668,12.005985],[108.448631,12.002645],[108.441097,11.999341],[108.438326,11.991564],[108.432508,11.99383],[108.429416,11.997644],[108.424356,12.000694],[108.418144,12.0],[108.41393,12.003582],[108.407263,12.004738],[108.399161,11.999827],[108.390857,11.997377],[108.383922,11.992333],[108.384072,11.991056],[108.374069,11.986279],[108.368774,11.988639],[108.363477,11.988478],[108.362455,11.990917],[108.357927,11.991511],[108.357417,11.993613],[108.347254,11.98924],[108.342711,11.984214],[108.336981,11.980093],[108.336309,11.980857],[108.331431,11.975089],[108.330341,11.966576],[108.324046,11.964243],[108.323596,11.961425],[108.325971,11.958306],[108.32251,11.954573],[108.32291,11.948043],[108.320028,11.945111],[108.322007,11.940105],[108.317351,11.937188],[108.315078,11.925864],[108.318178,11.925214],[108.319244,11.915153],[108.321223,11.911052],[108.325085,11.90586],[108.335664,11.908208],[108.34053,11.903638],[108.337545,11.902921],[108.337482,11.89938],[108.343231,11.898206],[108.344513,11.893972],[108.349149,11.892627],[108.35039,11.890045],[108.362023,11.898292],[108.366606,11.898978],[108.372937,11.889702],[108.375523,11.892184],[108.384076,11.891153],[108.388599,11.879113],[108.393861,11.878422],[108.405252,11.868661],[108.413717,11.865703],[108.416918,11.862962],[108.418967,11.857668],[108.426096,11.853958],[108.429656,11.861852],[108.436775,11.866522],[108.444719,11.876229],[108.449388,11.879828],[108.455364,11.881027],[108.460385,11.885612],[108.462368,11.880364],[108.465846,11.878557],[108.468964,11.873674],[108.475859,11.873765],[108.478923,11.870015],[108.48563,11.870672],[108.487733,11.867758],[108.490391,11.866751],[108.491796,11.864268],[108.479896,11.857969],[108.479709,11.856631],[108.4884,11.85585],[108.50098,11.841723],[108.504285,11.844096],[108.507421,11.840565],[108.487731,11.825074],[108.494594,11.822038],[108.502351,11.813946],[108.506188,11.812527],[108.505721,11.81095],[108.521659,11.814526],[108.526539,11.809423],[108.532011,11.809423],[108.535404,11.80764],[108.536944,11.812888],[108.543811,11.814955],[108.543404,11.818571],[108.545194,11.82323],[108.551337,11.832227],[108.580779,11.847767],[108.592689,11.857266],[108.585815,11.888085],[108.591603,11.905013],[108.579053,11.907202],[108.573572,11.918984],[108.573886,11.926759],[108.564721,11.938938],[108.566415,11.944137],[108.566091,11.950433],[108.570806,11.959992],[108.570836,11.963004]]]}},{"type":"Feature","properties":{"id":"81297802B90979220295161","label":"Lac Duong (이전)","era":"2020","sourceName":"Lac Duong","viewBounds":[108.32078728300007,11.959363579000069,108.73195022900006,12.317437677000044]},"geometry":{"type":"Polygon","coordinates":[[[108.73195,12.161677],[108.726091,12.170107],[108.721602,12.173209],[108.721985,12.180188],[108.718862,12.182485],[108.717258,12.186816],[108.712105,12.190799],[108.714408,12.199307],[108.723857,12.217729],[108.72026,12.225164],[108.717763,12.225391],[108.71577,12.229032],[108.710618,12.230561],[108.706791,12.234084],[108.70159,12.244777],[108.707977,12.255136],[108.704025,12.264987],[108.70644,12.268977],[108.703703,12.274496],[108.704673,12.279136],[108.702635,12.286956],[108.705083,12.296123],[108.708514,12.299041],[108.702144,12.308362],[108.696736,12.30867],[108.695065,12.311872],[108.69045,12.310597],[108.689491,12.314412],[108.686943,12.316866],[108.684026,12.317438],[108.681722,12.315701],[108.67701,12.312727],[108.677447,12.310456],[108.674194,12.306587],[108.669046,12.304441],[108.668503,12.300939],[108.666369,12.299075],[108.664402,12.299612],[108.662761,12.297578],[108.652022,12.295117],[108.649381,12.292787],[108.645376,12.294865],[108.638949,12.293446],[108.637109,12.291502],[108.629911,12.291152],[108.628155,12.289127],[108.625267,12.289984],[108.619311,12.281503],[108.617893,12.281347],[108.616569,12.283375],[108.608219,12.282861],[108.607561,12.281951],[108.609096,12.280655],[108.596061,12.27619],[108.592967,12.278775],[108.591097,12.278524],[108.58896,12.28224],[108.586044,12.281871],[108.589721,12.284999],[108.589813,12.287892],[108.583656,12.285319],[108.579877,12.28552],[108.580605,12.288372],[108.57556,12.288218],[108.574902,12.291635],[108.572206,12.289708],[108.569608,12.295291],[108.564902,12.291935],[108.557873,12.292345],[108.556269,12.29522],[108.552435,12.29553],[108.550075,12.292071],[108.548261,12.29511],[108.542451,12.297272],[108.539928,12.296363],[108.535914,12.289974],[108.53962,12.286669],[108.538146,12.28276],[108.530939,12.278807],[108.521096,12.280302],[108.516129,12.279457],[108.514502,12.277269],[108.509795,12.277052],[108.504845,12.28203],[108.50239,12.28136],[108.499024,12.284904],[108.499951,12.291675],[108.494572,12.298429],[108.492142,12.30526],[108.490145,12.3063],[108.485427,12.304715],[108.48384,12.309566],[108.481322,12.307974],[108.480455,12.305032],[108.48354,12.299481],[108.480127,12.300293],[108.477645,12.298765],[108.474699,12.300136],[108.475695,12.294423],[108.472032,12.288104],[108.470447,12.288844],[108.469282,12.295154],[108.46531,12.296905],[108.466709,12.288412],[108.464797,12.286371],[108.466339,12.282892],[108.460021,12.275709],[108.456932,12.275854],[108.458479,12.28285],[108.452038,12.277209],[108.450513,12.27313],[108.445871,12.272774],[108.444304,12.27778],[108.442487,12.277404],[108.441045,12.268493],[108.443547,12.263223],[108.440244,12.263018],[108.439749,12.258707],[108.436521,12.257073],[108.440184,12.251798],[108.439405,12.250134],[108.437382,12.249722],[108.436801,12.253106],[108.433956,12.25437],[108.433125,12.257578],[108.42917,12.259073],[108.427511,12.25715],[108.427239,12.251466],[108.418992,12.249142],[108.413152,12.243508],[108.408095,12.244648],[108.399685,12.242402],[108.393402,12.243406],[108.391146,12.241262],[108.387864,12.240771],[108.376017,12.250137],[108.372481,12.250518],[108.36981,12.254093],[108.361979,12.252995],[108.356317,12.254691],[108.351361,12.252468],[108.347225,12.247448],[108.343343,12.248826],[108.342421,12.245123],[108.339461,12.247958],[108.335034,12.246968],[108.335733,12.239917],[108.333242,12.235319],[108.339712,12.23373],[108.340649,12.229589],[108.338935,12.2278],[108.336809,12.22078],[108.348955,12.214368],[108.342171,12.204202],[108.337137,12.20064],[108.328719,12.190119],[108.320787,12.184394],[108.323155,12.179278],[108.321895,12.178964],[108.322165,12.177363],[108.325519,12.176326],[108.328625,12.177591],[108.33664,12.175549],[108.342888,12.167484],[108.354314,12.162643],[108.355223,12.154291],[108.364649,12.159667],[108.369388,12.157833],[108.368815,12.156929],[108.370868,12.155468],[108.373391,12.15627],[108.376911,12.151905],[108.381277,12.1523],[108.384193,12.148533],[108.388944,12.146533],[108.388439,12.144323],[108.390493,12.145017],[108.389379,12.139889],[108.38799,12.138598],[108.384581,12.138723],[108.384335,12.136123],[108.381406,12.133628],[108.382436,12.12861],[108.381048,12.126043],[108.377178,12.125685],[108.372199,12.122631],[108.368674,12.123355],[108.36801,12.121028],[108.365368,12.120349],[108.366768,12.118914],[108.36567,12.117234],[108.368224,12.115052],[108.365048,12.114542],[108.361997,12.108668],[108.361723,12.102878],[108.365715,12.104327],[108.367578,12.101948],[108.37135,12.100998],[108.37521,12.103491],[108.377722,12.103346],[108.37596,12.094825],[108.378845,12.08924],[108.375672,12.078163],[108.373062,12.07431],[108.366988,12.071425],[108.362016,12.066772],[108.352399,12.06307],[108.343007,12.065988],[108.340069,12.062756],[108.336685,12.056644],[108.335728,12.047967],[108.333878,12.046447],[108.336992,12.037849],[108.33416,12.034454],[108.335311,12.02537],[108.337259,12.023052],[108.335076,12.020113],[108.333406,12.0183],[108.335757,12.017004],[108.333825,12.015811],[108.334463,12.01363],[108.337383,12.013646],[108.336541,12.016569],[108.338843,12.016713],[108.339468,12.012525],[108.343055,12.009731],[108.342869,12.006535],[108.34806,12.007345],[108.346004,12.005622],[108.346121,12.00316],[108.343668,12.000764],[108.340884,12.000677],[108.339703,11.997717],[108.334708,11.997826],[108.334391,11.995217],[108.336412,11.991197],[108.331382,11.991581],[108.331635,11.983944],[108.336309,11.980857],[108.336981,11.980093],[108.342711,11.984214],[108.347254,11.98924],[108.357417,11.993613],[108.357927,11.991511],[108.362455,11.990917],[108.363477,11.988478],[108.368774,11.988639],[108.374069,11.986279],[108.384072,11.991056],[108.383922,11.992333],[108.390857,11.997377],[108.399161,11.999827],[108.407263,12.004738],[108.41393,12.003582],[108.418144,12.0],[108.424356,12.000694],[108.429416,11.997644],[108.432508,11.99383],[108.438326,11.991564],[108.441097,11.999341],[108.448631,12.002645],[108.451668,12.005985],[108.45703,12.005454],[108.460786,12.007697],[108.46365,12.004955],[108.463821,11.999921],[108.465498,11.997231],[108.468249,11.993752],[108.473245,11.993179],[108.474099,11.989109],[108.481092,11.988942],[108.482695,11.99247],[108.492011,11.992539],[108.505874,11.985322],[108.514037,11.98618],[108.517581,11.983846],[108.534466,11.98396],[108.54161,11.978187],[108.557008,11.974404],[108.566952,11.96464],[108.570836,11.963004],[108.590981,11.960198],[108.593527,11.961298],[108.597044,11.960622],[108.599532,11.962885],[108.608818,11.963447],[108.613464,11.965444],[108.622562,11.961352],[108.64009,11.959364],[108.648259,11.962893],[108.656945,11.972036],[108.659833,11.968073],[108.664888,11.96709],[108.681054,11.985969],[108.683906,12.000635],[108.683709,12.004325],[108.680967,12.007379],[108.680437,12.012677],[108.684594,12.023633],[108.691275,12.029904],[108.694501,12.040763],[108.6974,12.042192],[108.703157,12.041719],[108.706078,12.044711],[108.71034,12.051913],[108.71213,12.061438],[108.709949,12.064718],[108.710649,12.067517],[108.707207,12.07181],[108.708396,12.079265],[108.702429,12.08568],[108.704136,12.092492],[108.700282,12.093258],[108.699041,12.098034],[108.695606,12.099255],[108.693337,12.104615],[108.684174,12.111306],[108.681298,12.115289],[108.673998,12.118698],[108.673425,12.12173],[108.677876,12.121281],[108.686081,12.129547],[108.689167,12.127803],[108.692791,12.129048],[108.696509,12.139827],[108.693599,12.145869],[108.703924,12.149477],[108.705843,12.154054],[108.716685,12.154959],[108.721217,12.153193],[108.722017,12.156643],[108.727026,12.156753],[108.729303,12.160656],[108.73195,12.161677]]]}},{"type":"Feature","properties":{"id":"81297802B74216529473028","label":"Don Duong (이전)","era":"2020","sourceName":"Don Duong","viewBounds":[108.39260929500006,11.639039878000062,108.70175911000007,11.972035723000033]},"geometry":{"type":"Polygon","coordinates":[[[108.664888,11.96709],[108.659833,11.968073],[108.656945,11.972036],[108.648259,11.962893],[108.64009,11.959364],[108.622562,11.961352],[108.613464,11.965444],[108.608818,11.963447],[108.599532,11.962885],[108.597044,11.960622],[108.593527,11.961298],[108.590981,11.960198],[108.570836,11.963004],[108.570806,11.959992],[108.566091,11.950433],[108.566415,11.944137],[108.564721,11.938938],[108.573886,11.926759],[108.573572,11.918984],[108.579053,11.907202],[108.591603,11.905013],[108.585815,11.888085],[108.592689,11.857266],[108.580779,11.847767],[108.551337,11.832227],[108.545194,11.82323],[108.543404,11.818571],[108.543811,11.814955],[108.536944,11.812888],[108.535404,11.80764],[108.532011,11.809423],[108.526539,11.809423],[108.521659,11.814526],[108.505721,11.81095],[108.506188,11.812527],[108.502351,11.813946],[108.494594,11.822038],[108.487731,11.825074],[108.485013,11.817776],[108.482514,11.817498],[108.475083,11.811395],[108.471439,11.810653],[108.468411,11.80751],[108.461066,11.808126],[108.443943,11.794823],[108.438894,11.788281],[108.441625,11.783991],[108.440864,11.777871],[108.431969,11.779173],[108.426981,11.777171],[108.426058,11.772799],[108.428565,11.7689],[108.424325,11.765202],[108.427438,11.764118],[108.428058,11.758133],[108.424857,11.750738],[108.425855,11.744442],[108.422553,11.742333],[108.415077,11.748094],[108.411238,11.747722],[108.414136,11.742319],[108.408068,11.738548],[108.404319,11.733995],[108.401672,11.723443],[108.40098,11.709769],[108.395559,11.703282],[108.392609,11.695411],[108.394524,11.688195],[108.399451,11.684094],[108.403676,11.683673],[108.406578,11.681549],[108.410292,11.682557],[108.417497,11.680333],[108.421149,11.671594],[108.422787,11.670674],[108.423274,11.664656],[108.427444,11.658928],[108.450062,11.662173],[108.455146,11.659529],[108.461467,11.659904],[108.482703,11.652323],[108.486805,11.652909],[108.496238,11.661702],[108.506202,11.666918],[108.510008,11.673246],[108.519994,11.67189],[108.525772,11.674536],[108.530367,11.674527],[108.53391,11.678514],[108.539105,11.678859],[108.543587,11.682628],[108.547109,11.675598],[108.560755,11.676496],[108.558905,11.670558],[108.562674,11.667305],[108.563541,11.661283],[108.567222,11.654135],[108.567193,11.649827],[108.562972,11.642476],[108.574857,11.63904],[108.57946,11.641032],[108.584294,11.640854],[108.595796,11.648478],[108.604285,11.647428],[108.607327,11.649528],[108.619543,11.650576],[108.623562,11.649599],[108.626182,11.654101],[108.647422,11.662987],[108.655147,11.664254],[108.659947,11.667951],[108.664352,11.667393],[108.669883,11.663567],[108.677702,11.668036],[108.683323,11.674933],[108.693026,11.697304],[108.701759,11.699137],[108.697262,11.705784],[108.695172,11.716891],[108.690509,11.726108],[108.690699,11.733818],[108.677816,11.741244],[108.675212,11.744199],[108.669524,11.745519],[108.667198,11.748158],[108.667208,11.752455],[108.664044,11.762554],[108.672385,11.778208],[108.673191,11.784],[108.669393,11.788475],[108.664128,11.788529],[108.652732,11.792832],[108.637433,11.793815],[108.624585,11.800142],[108.619481,11.805188],[108.620219,11.809358],[108.626444,11.814285],[108.630088,11.829582],[108.641265,11.831369],[108.653365,11.843012],[108.653926,11.854113],[108.650674,11.863748],[108.65593,11.886467],[108.654173,11.89475],[108.656222,11.901129],[108.660642,11.904995],[108.661489,11.910028],[108.664198,11.914614],[108.660031,11.927011],[108.661962,11.928439],[108.665689,11.937931],[108.664181,11.942928],[108.665218,11.946801],[108.660282,11.951005],[108.659774,11.953577],[108.662398,11.958374],[108.661442,11.961473],[108.664888,11.96709]]]}},{"type":"Feature","properties":{"id":"81297802B43116981701202","label":"Duc Trong (이전)","era":"2020","sourceName":"Duc Trong","viewBounds":[108.21496864600005,11.505112865000058,108.58251893600004,11.88561168800004]},"geometry":{"type":"Polygon","coordinates":[[[108.560548,11.524437],[108.565119,11.52936],[108.565796,11.536796],[108.570227,11.539294],[108.570278,11.543128],[108.57411,11.545628],[108.572582,11.551108],[108.576715,11.554324],[108.582174,11.555543],[108.582519,11.558673],[108.577551,11.565867],[108.573702,11.576345],[108.571185,11.5793],[108.566762,11.581225],[108.551662,11.601817],[108.553422,11.6051],[108.553325,11.631624],[108.559042,11.634752],[108.562972,11.642476],[108.567193,11.649827],[108.567222,11.654135],[108.563541,11.661283],[108.562674,11.667305],[108.558905,11.670558],[108.560755,11.676496],[108.547109,11.675598],[108.543587,11.682628],[108.539105,11.678859],[108.53391,11.678514],[108.530367,11.674527],[108.525772,11.674536],[108.519994,11.67189],[108.510008,11.673246],[108.506202,11.666918],[108.496238,11.661702],[108.486805,11.652909],[108.482703,11.652323],[108.461467,11.659904],[108.455146,11.659529],[108.450062,11.662173],[108.427444,11.658928],[108.423274,11.664656],[108.422787,11.670674],[108.421149,11.671594],[108.417497,11.680333],[108.410292,11.682557],[108.406578,11.681549],[108.403676,11.683673],[108.399451,11.684094],[108.394524,11.688195],[108.392609,11.695411],[108.395559,11.703282],[108.40098,11.709769],[108.401672,11.723443],[108.404319,11.733995],[108.408068,11.738548],[108.414136,11.742319],[108.411238,11.747722],[108.415077,11.748094],[108.422553,11.742333],[108.425855,11.744442],[108.424857,11.750738],[108.428058,11.758133],[108.427438,11.764118],[108.424325,11.765202],[108.428565,11.7689],[108.426058,11.772799],[108.426981,11.777171],[108.431969,11.779173],[108.440864,11.777871],[108.441625,11.783991],[108.438894,11.788281],[108.443943,11.794823],[108.461066,11.808126],[108.468411,11.80751],[108.471439,11.810653],[108.475083,11.811395],[108.482514,11.817498],[108.485013,11.817776],[108.487731,11.825074],[108.507421,11.840565],[108.504285,11.844096],[108.50098,11.841723],[108.4884,11.85585],[108.479709,11.856631],[108.479896,11.857969],[108.491796,11.864268],[108.490391,11.866751],[108.487733,11.867758],[108.48563,11.870672],[108.478923,11.870015],[108.475859,11.873765],[108.468964,11.873674],[108.465846,11.878557],[108.462368,11.880364],[108.460385,11.885612],[108.455364,11.881027],[108.449388,11.879828],[108.444719,11.876229],[108.436775,11.866522],[108.429656,11.861852],[108.426096,11.853958],[108.421893,11.851033],[108.412332,11.831558],[108.409235,11.828184],[108.401673,11.82684],[108.395534,11.828594],[108.388739,11.828031],[108.376353,11.814562],[108.371048,11.814625],[108.36806,11.807425],[108.359942,11.802744],[108.35839,11.798377],[108.353321,11.793678],[108.347507,11.782503],[108.339786,11.788809],[108.331829,11.787687],[108.326728,11.78028],[108.325261,11.774432],[108.322137,11.771141],[108.317371,11.773364],[108.316965,11.776273],[108.317435,11.777511],[108.320492,11.777464],[108.317367,11.782019],[108.321825,11.791576],[108.319795,11.794415],[108.319857,11.797583],[108.322346,11.799251],[108.318266,11.80071],[108.303268,11.814272],[108.294538,11.808013],[108.290898,11.799026],[108.28442,11.788702],[108.274765,11.776761],[108.272112,11.76163],[108.272782,11.750963],[108.268635,11.747515],[108.2649,11.750061],[108.261139,11.748718],[108.258731,11.750075],[108.2513,11.736571],[108.250485,11.728295],[108.244888,11.722963],[108.245759,11.717575],[108.231947,11.713854],[108.232014,11.712199],[108.234724,11.711319],[108.238442,11.706536],[108.242318,11.706161],[108.243207,11.692934],[108.238381,11.68715],[108.232916,11.683377],[108.232269,11.676792],[108.235073,11.67026],[108.232203,11.665811],[108.233227,11.662665],[108.232055,11.659885],[108.226482,11.661139],[108.220968,11.657542],[108.218089,11.659327],[108.21828,11.653279],[108.220428,11.65116],[108.218497,11.649098],[108.214969,11.648449],[108.214993,11.644234],[108.218352,11.639674],[108.221439,11.639726],[108.225296,11.637499],[108.226174,11.633815],[108.228748,11.633877],[108.230863,11.631983],[108.231514,11.630506],[108.229722,11.629545],[108.228267,11.623306],[108.234437,11.620206],[108.232417,11.61979],[108.232886,11.616341],[108.227445,11.61349],[108.222959,11.604366],[108.227596,11.598828],[108.228066,11.596405],[108.230866,11.595408],[108.228323,11.592106],[108.231655,11.584612],[108.230124,11.584677],[108.231343,11.58142],[108.229682,11.580908],[108.234011,11.578338],[108.236401,11.573828],[108.234577,11.574151],[108.235097,11.572482],[108.233728,11.570879],[108.231547,11.572228],[108.231581,11.574025],[108.228943,11.573866],[108.231949,11.565763],[108.229977,11.564241],[108.232689,11.555271],[108.235324,11.552446],[108.246833,11.54908],[108.254982,11.540865],[108.266869,11.540955],[108.276725,11.5282],[108.282087,11.530735],[108.288894,11.529036],[108.294579,11.529406],[108.298988,11.526518],[108.298493,11.519893],[108.303321,11.520345],[108.307089,11.525088],[108.314239,11.526397],[108.322543,11.532158],[108.32547,11.531747],[108.326914,11.526821],[108.330472,11.522811],[108.344124,11.528404],[108.346881,11.521889],[108.351286,11.521417],[108.35041,11.510406],[108.352015,11.505995],[108.353617,11.505113],[108.358469,11.508079],[108.364749,11.506017],[108.373609,11.509371],[108.375969,11.516462],[108.383033,11.525325],[108.3959,11.518301],[108.408117,11.522304],[108.412115,11.52629],[108.418163,11.527054],[108.423524,11.523594],[108.426278,11.516466],[108.431508,11.514448],[108.442111,11.516457],[108.445205,11.519118],[108.450791,11.517449],[108.457786,11.518792],[108.469019,11.517551],[108.470647,11.518568],[108.472505,11.524348],[108.48417,11.524956],[108.487635,11.528184],[108.494868,11.529934],[108.499429,11.526095],[108.504626,11.525827],[108.516415,11.518685],[108.518096,11.514616],[108.524679,11.513382],[108.526765,11.508659],[108.531487,11.506734],[108.539652,11.50596],[108.542326,11.506777],[108.545328,11.511153],[108.556388,11.514861],[108.560548,11.524437]]]}}]}