{"type":"FeatureCollection","features":[{"type":"Feature","properties":{"id":"VN01","label":"하노이시 · Hà Nội","era":"2025","sourceCode":"VN01","validOn":"2025-09-25","viewBounds":[105.2853520000001,20.564283,106.02012800000011,21.385421]},"geometry":{"type":"Polygon","coordinates":[[[105.667058,20.735052],[105.665697,20.733005],[105.66378,20.728477],[105.662832,20.727381],[105.662996,20.725799],[105.66287,20.725674],[105.662279,20.725658],[105.661984,20.724414],[105.66075,20.723667],[105.661253,20.722001],[105.662518,20.721126],[105.663091,20.721045],[105.662919,20.720184],[105.663038,20.719588],[105.663356,20.719142],[105.663641,20.718997],[105.664407,20.718894],[105.664844,20.718555],[105.664853,20.717949],[105.665207,20.717012],[105.665074,20.716482],[105.665257,20.716096],[105.665812,20.715935],[105.6661,20.715641],[105.66702,20.715893],[105.66791,20.715927],[105.667855,20.714597],[105.667732,20.714191],[105.668176,20.7139],[105.667808,20.713307],[105.667981,20.712929],[105.668546,20.712811],[105.668255,20.712489],[105.668284,20.711811],[105.669337,20.711448],[105.669716,20.711088],[105.670258,20.710856],[105.67039,20.710511],[105.670141,20.710181],[105.670108,20.709885],[105.670636,20.709217],[105.670665,20.708756],[105.671528,20.707527],[105.672487,20.70704],[105.672508,20.706776],[105.672983,20.705792],[105.674276,20.70487],[105.674514,20.704068],[105.675348,20.703216],[105.676476,20.70337],[105.677482,20.702611],[105.677945,20.7021],[105.678918,20.701559],[105.679266,20.701094],[105.679802,20.700723],[105.679817,20.700236],[105.680079,20.699454],[105.680239,20.699321],[105.68053,20.699227],[105.681124,20.699365],[105.68175,20.699065],[105.68184,20.698699],[105.681463,20.698048],[105.681143,20.697757],[105.681036,20.697256],[105.681424,20.696303],[105.682108,20.695718],[105.681929,20.694898],[105.681342,20.694153],[105.681057,20.693588],[105.681,20.692397],[105.680832,20.69169],[105.680385,20.691164],[105.680042,20.691175],[105.679878,20.691357],[105.679578,20.691394],[105.679193,20.691018],[105.67855,20.690813],[105.678678,20.690585],[105.679488,20.690092],[105.679692,20.689815],[105.679669,20.689678],[105.67928,20.689399],[105.679426,20.689269],[105.679685,20.68805],[105.67993,20.687597],[105.67915,20.684066],[105.677689,20.684048],[105.677221,20.682233],[105.676237,20.682211],[105.676042,20.681802],[105.674675,20.682048],[105.674002,20.680843],[105.673195,20.681329],[105.67232,20.679982],[105.669239,20.680849],[105.669122,20.680583],[105.668619,20.680479],[105.668711,20.680042],[105.667926,20.680098],[105.66796,20.679855],[105.668309,20.678837],[105.66858,20.678704],[105.668687,20.678477],[105.668767,20.677885],[105.669204,20.677549],[105.669164,20.677112],[105.669499,20.676896],[105.669542,20.676561],[105.669427,20.676257],[105.669616,20.676047],[105.669802,20.676049],[105.669898,20.675197],[105.671102,20.674547],[105.671222,20.674271],[105.67131,20.673078],[105.67148,20.672944],[105.671839,20.672206],[105.672127,20.672082],[105.671942,20.67162],[105.673466,20.67015],[105.672158,20.667898],[105.673713,20.66489],[105.673913,20.664813],[105.674444,20.664954],[105.675232,20.663765],[105.677102,20.66442],[105.67665,20.665369],[105.677379,20.665582],[105.677477,20.665818],[105.67706,20.667562],[105.676349,20.667572],[105.676265,20.667661],[105.676403,20.670234],[105.677072,20.670167],[105.67725,20.670047],[105.677445,20.669645],[105.678014,20.66901],[105.679182,20.668319],[105.679141,20.667776],[105.679431,20.667159],[105.679225,20.665074],[105.67963,20.664845],[105.680863,20.663019],[105.681859,20.662342],[105.680801,20.661981],[105.679907,20.661348],[105.679169,20.661228],[105.678629,20.659894],[105.678572,20.659126],[105.679245,20.65796],[105.679724,20.657523],[105.68004,20.65656],[105.680563,20.656187],[105.680542,20.655757],[105.680253,20.655095],[105.679624,20.65434],[105.680896,20.653076],[105.681089,20.652409],[105.681242,20.652334],[105.680915,20.650931],[105.680532,20.650567],[105.678952,20.647614],[105.67896,20.646937],[105.679251,20.646314],[105.679061,20.645516],[105.679775,20.644799],[105.680216,20.643056],[105.680782,20.642011],[105.682783,20.640176],[105.683252,20.640073],[105.685094,20.639204],[105.686832,20.637931],[105.6859,20.637527],[105.685231,20.637082],[105.683383,20.635477],[105.684504,20.633122],[105.682211,20.631156],[105.682434,20.630849],[105.68207,20.630657],[105.682045,20.630452],[105.681183,20.630067],[105.681247,20.629636],[105.679438,20.629227],[105.6788,20.628915],[105.678367,20.628542],[105.677685,20.629301],[105.677276,20.630038],[105.676712,20.630321],[105.675643,20.629877],[105.675381,20.629358],[105.675145,20.629191],[105.673287,20.629138],[105.672016,20.632162],[105.671395,20.632607],[105.670989,20.632686],[105.670691,20.632621],[105.669605,20.631173],[105.669668,20.630964],[105.669378,20.630158],[105.669142,20.62977],[105.668785,20.629539],[105.667665,20.629005],[105.667481,20.629502],[105.666255,20.629681],[105.665928,20.63031],[105.665063,20.629376],[105.664374,20.628416],[105.663787,20.628209],[105.664533,20.626313],[105.665532,20.625472],[105.665629,20.624915],[105.666988,20.623623],[105.667072,20.621847],[105.66659,20.621643],[105.665974,20.621082],[105.666073,20.620484],[105.665814,20.619343],[105.66597,20.618016],[105.666516,20.616786],[105.666721,20.616685],[105.667137,20.61673],[105.668294,20.617479],[105.669484,20.617801],[105.670504,20.617057],[105.670585,20.617118],[105.670887,20.616878],[105.672652,20.616478],[105.673025,20.616037],[105.67334,20.615954],[105.67358,20.616157],[105.673688,20.616029],[105.674505,20.616233],[105.674792,20.616644],[105.675267,20.616921],[105.676689,20.616359],[105.676969,20.616148],[105.677753,20.616677],[105.677819,20.616935],[105.677535,20.617694],[105.679681,20.61724],[105.680923,20.617945],[105.68128,20.61768],[105.681429,20.617682],[105.68157,20.617887],[105.682446,20.616808],[105.682964,20.616382],[105.68397,20.616451],[105.685118,20.616887],[105.686937,20.615929],[105.687214,20.616268],[105.687423,20.617439],[105.687979,20.618381],[105.688065,20.618978],[105.688507,20.619131],[105.688958,20.619481],[105.689319,20.620136],[105.690395,20.621173],[105.690897,20.621473],[105.691034,20.62124],[105.691994,20.622095],[105.696467,20.619807],[105.697135,20.61995],[105.697638,20.620289],[105.698361,20.621517],[105.698663,20.622281],[105.699648,20.622104],[105.699794,20.621865],[105.700934,20.621766],[105.704933,20.61403],[105.703696,20.613533],[105.704031,20.613179],[105.704149,20.61276],[105.704023,20.611922],[105.703568,20.610991],[105.703782,20.610632],[105.704634,20.610032],[105.7051,20.60951],[105.705106,20.608774],[105.704689,20.607827],[105.704622,20.607372],[105.704753,20.606757],[105.705154,20.606225],[105.705273,20.605701],[105.70498,20.604985],[105.703963,20.603971],[105.70371,20.603514],[105.703651,20.602954],[105.704407,20.602014],[105.70603,20.601119],[105.70724,20.599802],[105.708071,20.598679],[105.709676,20.599568],[105.710333,20.599275],[105.71095,20.599237],[105.711557,20.598824],[105.712574,20.598792],[105.71325,20.598608],[105.714042,20.598157],[105.715198,20.597795],[105.716717,20.598293],[105.717366,20.597695],[105.718705,20.597052],[105.721649,20.599271],[105.723314,20.601511],[105.724265,20.602284],[105.725699,20.604264],[105.726867,20.605577],[105.726871,20.60473],[105.726991,20.604429],[105.72767,20.604046],[105.728855,20.603006],[105.729341,20.602739],[105.729787,20.601657],[105.730675,20.600977],[105.731024,20.600545],[105.731703,20.600278],[105.732423,20.599793],[105.734013,20.599708],[105.736382,20.598925],[105.737222,20.598311],[105.738952,20.598669],[105.740636,20.598757],[105.74284,20.599051],[105.743852,20.598369],[105.745062,20.596684],[105.746284,20.593613],[105.747371,20.591649],[105.747346,20.59135],[105.74798,20.591328],[105.748638,20.591137],[105.750314,20.590244],[105.752151,20.589781],[105.753374,20.588164],[105.753919,20.58763],[105.754515,20.585839],[105.755092,20.584585],[105.755551,20.584612],[105.75592,20.584378],[105.756317,20.583016],[105.757147,20.582603],[105.757326,20.58217],[105.759392,20.581472],[105.760448,20.580314],[105.763104,20.579031],[105.763439,20.578309],[105.76365,20.577396],[105.765226,20.575303],[105.765262,20.574757],[105.765789,20.573485],[105.766703,20.572477],[105.766749,20.572148],[105.767069,20.571712],[105.767512,20.570404],[105.76783,20.569867],[105.768289,20.568352],[105.768188,20.567614],[105.768533,20.566741],[105.768492,20.565934],[105.768664,20.565271],[105.77626,20.56473],[105.777292,20.564283],[105.778746,20.565804],[105.77972,20.565874],[105.781543,20.565614],[105.782145,20.564727],[105.782739,20.565419],[105.782894,20.565939],[105.784424,20.566515],[105.785297,20.566521],[105.786384,20.566359],[105.787104,20.566443],[105.787325,20.566626],[105.790243,20.566402],[105.790899,20.56683],[105.79156,20.567059],[105.792794,20.567149],[105.793804,20.567373],[105.794604,20.567358],[105.794824,20.568155],[105.795767,20.568745],[105.796091,20.56927],[105.796533,20.56965],[105.796519,20.570531],[105.79712,20.57136],[105.797012,20.57171],[105.797133,20.572018],[105.797075,20.572537],[105.79755,20.573135],[105.797772,20.573788],[105.797712,20.574015],[105.797555,20.574093],[105.796917,20.574172],[105.7972,20.574627],[105.797433,20.575532],[105.798756,20.576906],[105.798759,20.577121],[105.798421,20.577365],[105.798446,20.578327],[105.79876,20.578768],[105.799242,20.579885],[105.799127,20.580831],[105.799333,20.581848],[105.799469,20.581981],[105.800078,20.582031],[105.801115,20.583294],[105.801466,20.583963],[105.800955,20.584556],[105.801436,20.585201],[105.801356,20.58556],[105.801454,20.585885],[105.801329,20.586244],[105.800943,20.58671],[105.801161,20.588285],[105.800945,20.589282],[105.801351,20.590674],[105.80196,20.590978],[105.802229,20.591366],[105.802314,20.592262],[105.803098,20.592829],[105.803148,20.59338],[105.802931,20.594195],[105.803069,20.595437],[105.803596,20.595679],[105.803769,20.596157],[105.803386,20.597519],[105.803715,20.598802],[105.804099,20.599034],[105.804842,20.599245],[105.806178,20.599185],[105.806593,20.59885],[105.806847,20.597671],[105.807144,20.597323],[105.807492,20.597214],[105.807994,20.597253],[105.80866,20.598438],[105.808458,20.598494],[105.808831,20.599508],[105.807258,20.60008],[105.80764,20.601144],[105.808457,20.602235],[105.810839,20.603391],[105.810596,20.603748],[105.81105,20.604099],[105.810972,20.604167],[105.811347,20.604588],[105.809407,20.605293],[105.807888,20.606113],[105.806509,20.607624],[105.806119,20.608248],[105.805678,20.609417],[105.805682,20.610039],[105.806042,20.611031],[105.806605,20.611805],[105.807631,20.612654],[105.811543,20.615337],[105.812258,20.616038],[105.812873,20.617052],[105.812979,20.617936],[105.812814,20.61862],[105.813543,20.618749],[105.813898,20.618963],[105.814518,20.618546],[105.814885,20.618771],[105.814936,20.61958],[105.814848,20.619801],[105.814069,20.620645],[105.813865,20.620689],[105.81354,20.621014],[105.813664,20.621631],[105.813245,20.622392],[105.813508,20.622486],[105.813375,20.623132],[105.813399,20.62389],[105.81413,20.624194],[105.814634,20.624705],[105.814561,20.624939],[105.813117,20.625215],[105.813201,20.625927],[105.812192,20.625829],[105.811661,20.628126],[105.811104,20.628036],[105.81121,20.62892],[105.811639,20.630077],[105.81299,20.632436],[105.813341,20.633434],[105.813694,20.633411],[105.818837,20.637486],[105.82403,20.640265],[105.826402,20.641284],[105.826512,20.641521],[105.831664,20.644571],[105.8327,20.645546],[105.833745,20.647181],[105.834047,20.648017],[105.833746,20.649141],[105.832998,20.649886],[105.827752,20.651972],[105.826461,20.652806],[105.825322,20.653994],[105.825251,20.653948],[105.822434,20.657719],[105.822499,20.657777],[105.819524,20.660805],[105.819839,20.661008],[105.819862,20.661306],[105.82169,20.662148],[105.821889,20.662171],[105.821995,20.66205],[105.822375,20.662153],[105.823,20.662056],[105.823039,20.664468],[105.8261,20.663863],[105.826123,20.664224],[105.828877,20.663422],[105.828748,20.662938],[105.831298,20.662239],[105.831166,20.661512],[105.833311,20.66054],[105.833873,20.661813],[105.839589,20.65972],[105.839454,20.659367],[105.840499,20.659018],[105.840375,20.658533],[105.84064,20.658461],[105.840218,20.657175],[105.842975,20.656002],[105.843079,20.656188],[105.848324,20.65243],[105.849225,20.653247],[105.850485,20.65103],[105.85277,20.64816],[105.855105,20.646092],[105.856938,20.645093],[105.859258,20.64466],[105.861549,20.644862],[105.863281,20.645298],[105.865936,20.64552],[105.866626,20.645479],[105.867929,20.645311],[105.871807,20.644001],[105.874235,20.64343],[105.875913,20.643173],[105.877913,20.643107],[105.879413,20.643192],[105.880626,20.643407],[105.88365,20.644468],[105.892005,20.648515],[105.894666,20.650591],[105.895589,20.651505],[105.896486,20.65171],[105.896238,20.653875],[105.896131,20.660376],[105.895839,20.66607],[105.895922,20.6677],[105.896111,20.668822],[105.897781,20.668735],[105.898642,20.66839],[105.903216,20.664536],[105.90564,20.664663],[105.905447,20.668412],[105.907443,20.668944],[105.907594,20.668744],[105.913279,20.671763],[105.914748,20.672319],[105.914642,20.672709],[105.917423,20.674322],[105.918057,20.673231],[105.91999,20.6759],[105.920688,20.675994],[105.92653,20.677738],[105.929808,20.67909],[105.932129,20.679852],[105.934334,20.680277],[105.93935,20.680655],[105.940396,20.680954],[105.942115,20.681795],[105.942929,20.682037],[105.943524,20.681904],[105.945177,20.680199],[105.945585,20.679556],[105.946923,20.675854],[105.946764,20.668562],[105.946619,20.667336],[105.946009,20.666103],[105.943957,20.664389],[105.943423,20.663158],[105.943325,20.662033],[105.943478,20.659673],[105.943998,20.657561],[105.944425,20.656431],[105.944996,20.655563],[105.945806,20.654745],[105.946603,20.654247],[105.948126,20.653556],[105.950344,20.652779],[105.956648,20.651225],[105.958043,20.650756],[105.958206,20.651501],[105.957032,20.654729],[105.956881,20.656038],[105.95715,20.657174],[105.957906,20.658735],[105.960434,20.661308],[105.961479,20.662111],[105.963996,20.66365],[105.966333,20.664602],[105.967381,20.664933],[105.969149,20.66521],[105.973993,20.665428],[105.977498,20.665776],[105.97798,20.666584],[105.978646,20.669392],[105.978963,20.67173],[105.97846,20.673487],[105.978478,20.67383],[105.984769,20.680518],[105.985767,20.680661],[105.988699,20.682523],[105.988758,20.682779],[105.989257,20.683356],[105.990011,20.68458],[105.990457,20.684026],[105.990561,20.68367],[105.990422,20.683236],[105.990562,20.683055],[105.990347,20.682762],[105.990493,20.682678],[105.990418,20.682413],[105.991125,20.682217],[105.99257,20.681319],[105.993523,20.682505],[105.994775,20.681634],[105.992285,20.67858],[105.994469,20.677194],[105.997478,20.678356],[105.995987,20.681511],[105.995121,20.682414],[105.994,20.683169],[105.994499,20.684447],[105.993768,20.684093],[105.992409,20.687874],[105.99182,20.6892],[105.993093,20.689657],[105.992959,20.689967],[105.993192,20.690106],[105.998045,20.692315],[105.997615,20.693121],[105.998176,20.693386],[105.995734,20.69739],[105.996881,20.698227],[105.997854,20.698757],[105.998463,20.698954],[105.998751,20.699308],[106.001194,20.700636],[106.002295,20.70146],[106.00319,20.703634],[106.001871,20.703826],[105.997535,20.703952],[105.990737,20.703954],[105.988646,20.703228],[105.981176,20.699976],[105.979491,20.699532],[105.978248,20.699416],[105.976599,20.699558],[105.975081,20.699726],[105.973793,20.700109],[105.973259,20.700557],[105.97232,20.702802],[105.971974,20.704116],[105.970025,20.709002],[105.964152,20.724873],[105.964096,20.725262],[105.965367,20.727646],[105.968075,20.733576],[105.966831,20.742015],[105.967089,20.749016],[105.967096,20.757732],[105.96765,20.761323],[105.968774,20.765915],[105.969239,20.768685],[105.968322,20.771635],[105.967312,20.773871],[105.96561,20.775943],[105.963745,20.777537],[105.961053,20.778807],[105.956478,20.78017],[105.952437,20.78109],[105.941491,20.782603],[105.935246,20.78382],[105.931173,20.784918],[105.928739,20.785948],[105.926346,20.787147],[105.924828,20.788284],[105.922485,20.790954],[105.920753,20.793679],[105.918439,20.797803],[105.916937,20.801636],[105.914949,20.807747],[105.912779,20.813554],[105.91154,20.817825],[105.911269,20.819179],[105.910995,20.82285],[105.910969,20.826607],[105.911366,20.829788],[105.912036,20.833334],[105.91292,20.836838],[105.914052,20.838774],[105.916202,20.841577],[105.918809,20.843837],[105.923101,20.846471],[105.928349,20.848486],[105.930329,20.849489],[105.931922,20.850609],[105.933644,20.852607],[105.934895,20.854379],[105.935578,20.856192],[105.936064,20.859154],[105.936063,20.862214],[105.935816,20.865064],[105.935415,20.866004],[105.933681,20.868705],[105.932652,20.869958],[105.930773,20.87213],[105.928343,20.874016],[105.927855,20.874752],[105.926944,20.875655],[105.924962,20.878186],[105.918495,20.882237],[105.910142,20.886063],[105.901887,20.88945],[105.898582,20.890938],[105.896098,20.892687],[105.89467,20.893983],[105.893973,20.894934],[105.893794,20.895385],[105.893561,20.896352],[105.893511,20.897262],[105.893765,20.898908],[105.894063,20.899805],[105.894985,20.90123],[105.896153,20.902426],[105.902862,20.908144],[105.905636,20.909805],[105.912518,20.914478],[105.914203,20.916114],[105.914637,20.916801],[105.914956,20.917707],[105.915253,20.919419],[105.915254,20.920216],[105.915094,20.920885],[105.91456,20.921768],[105.913015,20.923551],[105.912005,20.924472],[105.908403,20.926375],[105.911175,20.931324],[105.913929,20.935739],[105.914774,20.937328],[105.912825,20.938344],[105.912146,20.938398],[105.911934,20.938917],[105.911703,20.938758],[105.909995,20.942163],[105.903087,20.94718],[105.90514,20.950787],[105.905702,20.953578],[105.905448,20.953658],[105.906149,20.955373],[105.906082,20.955892],[105.906492,20.958018],[105.907261,20.958096],[105.908028,20.961531],[105.908623,20.962927],[105.912045,20.96902],[105.91218,20.969328],[105.912326,20.970888],[105.913191,20.970797],[105.913366,20.972963],[105.913013,20.973694],[105.91417,20.973708],[105.914153,20.974066],[105.91435,20.974072],[105.91434,20.974413],[105.914509,20.974421],[105.914467,20.974602],[105.914809,20.974585],[105.914809,20.974835],[105.918354,20.97508],[105.918487,20.975752],[105.919819,20.975696],[105.91977,20.974731],[105.920305,20.974654],[105.922372,20.974673],[105.922495,20.974788],[105.922508,20.975708],[105.924307,20.975772],[105.924437,20.975688],[105.924398,20.974579],[105.930003,20.97262],[105.930207,20.972581],[105.932352,20.973602],[105.93625,20.969829],[105.938499,20.970209],[105.938924,20.969148],[105.939547,20.969042],[105.939776,20.967948],[105.947648,20.969279],[105.947771,20.968238],[105.948457,20.968387],[105.948368,20.967754],[105.948713,20.967669],[105.94868,20.967554],[105.948892,20.967459],[105.94865,20.967153],[105.948528,20.967218],[105.948426,20.967083],[105.948563,20.966992],[105.949577,20.967015],[105.949598,20.966649],[105.950022,20.966704],[105.950196,20.966776],[105.950197,20.966983],[105.950415,20.966983],[105.95042,20.966709],[105.951852,20.966592],[105.951948,20.96711],[105.952207,20.967108],[105.95235,20.967825],[105.953509,20.967681],[105.953848,20.968025],[105.954015,20.967853],[105.954822,20.967563],[105.955058,20.967596],[105.955091,20.967733],[105.955427,20.967698],[105.955364,20.967256],[105.95572,20.967172],[105.95594,20.967984],[105.956138,20.968188],[105.956788,20.967938],[105.95679,20.966138],[105.958575,20.966051],[105.958714,20.964838],[105.959335,20.964649],[105.959175,20.96416],[105.961106,20.963198],[105.96131,20.963208],[105.961632,20.963926],[105.962854,20.963514],[105.964023,20.963409],[105.964717,20.965884],[105.964477,20.965884],[105.964423,20.967954],[105.965201,20.967932],[105.964716,20.972463],[105.962451,20.973519],[105.963164,20.974782],[105.961322,20.975891],[105.962981,20.980219],[105.962333,20.981215],[105.96175,20.981444],[105.96233,20.982343],[105.962733,20.982283],[105.962867,20.982613],[105.963421,20.983084],[105.965093,20.98412],[105.965138,20.985046],[105.965104,20.985148],[105.963954,20.984508],[105.96334,20.985473],[105.963502,20.985573],[105.963275,20.985908],[105.963487,20.986025],[105.961345,20.988359],[105.9616,20.98916],[105.965062,20.991029],[105.965636,20.99041],[105.966642,20.991022],[105.968806,20.988665],[105.97223,20.989771],[105.972472,20.992005],[105.972278,20.993444],[105.971478,20.994482],[105.971401,20.995712],[105.971712,20.996005],[105.971471,20.996395],[105.971797,20.99662],[105.971729,20.99701],[105.971859,20.997142],[105.972996,20.996296],[105.973566,20.996307],[105.975779,20.998128],[105.97626,20.997843],[105.977211,20.998973],[105.97705,20.999088],[105.977491,20.999566],[105.978928,20.998285],[105.979792,20.997911],[105.980409,20.9979],[105.981424,20.997644],[105.982922,20.99703],[105.985224,20.996913],[105.987228,20.99744],[105.99011,20.999505],[105.991354,21.001028],[105.994018,21.000175],[105.994172,21.000667],[105.995663,21.000403],[105.996395,21.000407],[105.996476,21.000287],[105.998757,20.999934],[105.998838,21.000037],[105.999403,20.999825],[105.999426,20.999913],[105.999666,20.999864],[105.99996,20.999991],[106.000145,21.000995],[106.000349,21.000967],[106.000341,21.001205],[106.00085,21.001186],[105.999527,21.005468],[106.00119,21.005671],[106.001043,21.006975],[106.001225,21.007004],[106.001316,21.00748],[106.00224,21.007784],[106.004822,21.007969],[106.004864,21.008495],[106.008467,21.008274],[106.008902,21.010511],[106.010164,21.010789],[106.00966,21.012359],[106.008627,21.012219],[106.00639,21.011546],[106.005461,21.011515],[106.004463,21.011679],[106.004624,21.012252],[106.005425,21.013439],[106.004875,21.013815],[106.006164,21.015092],[106.003198,21.017521],[106.003931,21.018775],[106.003712,21.018853],[106.004654,21.022088],[106.006967,21.024255],[106.009408,21.024369],[106.006569,21.028614],[106.007411,21.028819],[106.007491,21.028694],[106.009361,21.029035],[106.009264,21.0295],[106.012843,21.030252],[106.015011,21.032756],[106.016089,21.034292],[106.016485,21.034568],[106.017475,21.036302],[106.018953,21.039067],[106.018728,21.039149],[106.018058,21.038228],[106.017614,21.038384],[106.018261,21.039968],[106.019318,21.039603],[106.019926,21.041358],[106.020128,21.041475],[106.019812,21.043874],[106.019789,21.045129],[106.020027,21.047622],[106.019314,21.047828],[106.013894,21.050954],[106.015248,21.052847],[106.013666,21.053781],[106.014319,21.055957],[106.013243,21.056374],[106.011048,21.056972],[106.011343,21.058197],[106.010144,21.057718],[106.009863,21.056008],[106.008225,21.055531],[106.008066,21.057958],[106.008205,21.058253],[106.007885,21.058553],[106.008606,21.059294],[106.008963,21.06037],[106.008602,21.060673],[106.009024,21.061564],[106.009567,21.062316],[106.009039,21.062772],[106.009149,21.062864],[106.008849,21.063384],[106.009003,21.063537],[106.008855,21.063921],[106.008623,21.064313],[106.006656,21.063029],[106.003035,21.067965],[106.002208,21.069549],[106.00125,21.069236],[106.000522,21.071001],[106.000448,21.071308],[106.000593,21.071383],[106.000383,21.07212],[105.9998,21.073377],[105.999447,21.073774],[105.999713,21.074096],[105.999635,21.074557],[105.9937,21.068927],[105.986917,21.06992],[105.980467,21.069935],[105.977088,21.070242],[105.968256,21.07212],[105.968856,21.073697],[105.967353,21.074531],[105.966202,21.075769],[105.963626,21.077567],[105.962066,21.077898],[105.959981,21.088385],[105.958025,21.091273],[105.954272,21.089625],[105.947243,21.085726],[105.945654,21.08502],[105.944723,21.08533],[105.940284,21.083334],[105.939867,21.085289],[105.940548,21.086474],[105.940519,21.086813],[105.940307,21.087186],[105.939909,21.087449],[105.939667,21.087876],[105.940049,21.088237],[105.939631,21.088583],[105.940713,21.089249],[105.939379,21.091482],[105.938212,21.093815],[105.936614,21.093137],[105.93612,21.094175],[105.93587,21.09521],[105.935604,21.095208],[105.934539,21.096607],[105.934945,21.097962],[105.934791,21.098359],[105.935297,21.098695],[105.936411,21.101662],[105.935331,21.101978],[105.935218,21.101889],[105.934251,21.103003],[105.934725,21.103481],[105.93404,21.104067],[105.93497,21.104932],[105.933904,21.106657],[105.930938,21.108797],[105.931356,21.109181],[105.93148,21.109622],[105.931438,21.110076],[105.931044,21.111035],[105.930398,21.111576],[105.930169,21.111995],[105.929336,21.112117],[105.928737,21.112064],[105.92895,21.11229],[105.92882,21.112456],[105.928555,21.112139],[105.927628,21.112429],[105.927331,21.11172],[105.924797,21.113247],[105.925721,21.114837],[105.925013,21.114935],[105.923794,21.115667],[105.921434,21.116386],[105.922246,21.11782],[105.921948,21.117968],[105.922523,21.118933],[105.922628,21.118878],[105.922683,21.118974],[105.922579,21.119027],[105.923172,21.119988],[105.923708,21.119864],[105.924039,21.120268],[105.923169,21.120824],[105.922522,21.121135],[105.922415,21.12054],[105.921463,21.11856],[105.919261,21.119039],[105.918759,21.118957],[105.917551,21.119134],[105.915601,21.118959],[105.915495,21.122059],[105.914915,21.121953],[105.914782,21.122858],[105.912775,21.126476],[105.914225,21.127497],[105.914549,21.127139],[105.914419,21.127017],[105.915079,21.12638],[105.915717,21.126973],[105.915561,21.127087],[105.919268,21.129914],[105.917862,21.132046],[105.918812,21.13269],[105.921902,21.135295],[105.923575,21.133121],[105.924579,21.133314],[105.924543,21.134122],[105.92519,21.134511],[105.925387,21.136293],[105.923822,21.138136],[105.926312,21.140493],[105.925929,21.140885],[105.926486,21.14161],[105.925983,21.14212],[105.926226,21.142295],[105.9264,21.143533],[105.92619,21.143528],[105.926711,21.144532],[105.925145,21.14511],[105.925587,21.146996],[105.923376,21.147284],[105.922077,21.151855],[105.919533,21.155434],[105.920311,21.156508],[105.921053,21.159642],[105.922889,21.161637],[105.92226,21.162224],[105.922526,21.163181],[105.922188,21.163519],[105.919683,21.163228],[105.919227,21.163284],[105.918419,21.165544],[105.91785,21.16598],[105.917218,21.167724],[105.917299,21.168778],[105.917864,21.169117],[105.917407,21.169493],[105.917255,21.169386],[105.917014,21.16967],[105.916859,21.171583],[105.918153,21.17159],[105.918102,21.173564],[105.921137,21.173764],[105.920818,21.176066],[105.921061,21.176483],[105.921645,21.177022],[105.920209,21.178335],[105.923684,21.18273],[105.917873,21.185515],[105.916246,21.186871],[105.91535,21.187268],[105.916134,21.188819],[105.913876,21.190142],[105.913099,21.19009],[105.912257,21.190251],[105.912334,21.192356],[105.907052,21.19247],[105.906944,21.193681],[105.906514,21.194912],[105.906787,21.194965],[105.906983,21.196366],[105.90765,21.197725],[105.909221,21.199945],[105.912298,21.201372],[105.91197,21.201843],[105.913273,21.202581],[105.913759,21.203098],[105.913743,21.203375],[105.913494,21.203645],[105.91204,21.20433],[105.910796,21.205327],[105.910135,21.206088],[105.909841,21.206818],[105.909992,21.20732],[105.910177,21.207523],[105.911257,21.20791],[105.912863,21.20821],[105.914823,21.208112],[105.915268,21.208204],[105.915528,21.208405],[105.915727,21.208857],[105.915744,21.209284],[105.915463,21.214864],[105.915052,21.217407],[105.914812,21.218019],[105.913956,21.219144],[105.913088,21.219972],[105.912404,21.220424],[105.911905,21.221001],[105.911487,21.221811],[105.911084,21.223651],[105.910492,21.224537],[105.909984,21.22488],[105.90928,21.224945],[105.906708,21.222935],[105.905825,21.222493],[105.905116,21.222403],[105.904382,21.222706],[105.903933,21.223361],[105.903804,21.223909],[105.903803,21.225358],[105.904027,21.226213],[105.904341,21.226745],[105.904442,21.227346],[105.905419,21.227284],[105.905325,21.227892],[105.906658,21.229096],[105.905588,21.230372],[105.905812,21.230537],[105.90563,21.230816],[105.906192,21.23129],[105.905887,21.231632],[105.90624,21.232044],[105.906728,21.232287],[105.907928,21.231652],[105.90856,21.231679],[105.909185,21.231476],[105.909343,21.232057],[105.909637,21.231917],[105.9115,21.231839],[105.912837,21.230962],[105.913631,21.232077],[105.91514,21.2321],[105.915667,21.232003],[105.91722,21.230896],[105.918037,21.231208],[105.918823,21.231009],[105.919008,21.231192],[105.919187,21.231193],[105.919544,21.230977],[105.920471,21.231823],[105.920785,21.232377],[105.920618,21.232808],[105.920715,21.234955],[105.920902,21.235054],[105.921302,21.234903],[105.921727,21.235002],[105.923387,21.236254],[105.926932,21.238295],[105.927869,21.23927],[105.92809,21.240153],[105.929107,21.240074],[105.929575,21.241423],[105.930172,21.241449],[105.930395,21.241691],[105.930381,21.24191],[105.930944,21.242036],[105.931244,21.241839],[105.931741,21.241886],[105.93202,21.24151],[105.932905,21.241696],[105.933061,21.242384],[105.933306,21.242409],[105.933808,21.242805],[105.933506,21.245441],[105.934933,21.24552],[105.935823,21.245343],[105.936705,21.244818],[105.93778,21.24349],[105.938145,21.243818],[105.938773,21.244709],[105.938989,21.245475],[105.93906,21.246365],[105.938947,21.246779],[105.938452,21.247642],[105.937523,21.249018],[105.936308,21.249868],[105.935041,21.251417],[105.932456,21.255819],[105.931836,21.257147],[105.930634,21.259059],[105.929834,21.260592],[105.925219,21.266654],[105.923841,21.268226],[105.923229,21.269405],[105.922444,21.272418],[105.922256,21.275589],[105.922321,21.280955],[105.922563,21.284433],[105.922882,21.286386],[105.923201,21.287535],[105.923327,21.287799],[105.924297,21.288823],[105.926394,21.29012],[105.927571,21.290639],[105.930192,21.291263],[105.930754,21.291588],[105.931169,21.291963],[105.931382,21.292403],[105.931563,21.292977],[105.931611,21.293759],[105.931351,21.294304],[105.930589,21.295014],[105.929675,21.295311],[105.928228,21.295207],[105.926816,21.29481],[105.925562,21.294237],[105.923686,21.293915],[105.921343,21.29391],[105.91913,21.294057],[105.917665,21.294397],[105.916949,21.294738],[105.916134,21.295511],[105.915772,21.296655],[105.916031,21.298281],[105.917662,21.303836],[105.917707,21.304883],[105.917336,21.305348],[105.91658,21.305563],[105.9154,21.305426],[105.913928,21.304571],[105.911186,21.302114],[105.909784,21.301672],[105.907705,21.301545],[105.905517,21.301805],[105.903344,21.302585],[105.901732,21.303542],[105.898416,21.30628],[105.897663,21.307109],[105.897198,21.307879],[105.896937,21.309523],[105.897904,21.312535],[105.898612,21.315734],[105.898782,21.317284],[105.898644,21.320146],[105.898961,21.321595],[105.899455,21.322594],[105.899516,21.323665],[105.899419,21.324177],[105.899028,21.32507],[105.897813,21.327022],[105.897425,21.327351],[105.896736,21.327512],[105.895698,21.327354],[105.893196,21.326309],[105.891284,21.325738],[105.890212,21.325724],[105.888071,21.325984],[105.885993,21.326597],[105.884625,21.327283],[105.883898,21.327473],[105.877802,21.32758],[105.875565,21.327885],[105.873766,21.328471],[105.871394,21.329661],[105.870903,21.329628],[105.870564,21.329462],[105.869526,21.327681],[105.86874,21.327033],[105.868484,21.326963],[105.868144,21.327078],[105.866819,21.328232],[105.866622,21.328461],[105.866309,21.329317],[105.865934,21.330723],[105.865852,21.333018],[105.865708,21.333557],[105.863206,21.336402],[105.86309,21.337574],[105.862948,21.337804],[105.862104,21.338239],[105.861574,21.338299],[105.859581,21.337936],[105.858583,21.338237],[105.858237,21.338469],[105.85767,21.339179],[105.856779,21.341673],[105.855782,21.342646],[105.85564,21.343184],[105.855724,21.344468],[105.856515,21.345963],[105.856873,21.346009],[105.857859,21.345334],[105.858368,21.345227],[105.858788,21.345454],[105.858647,21.345828],[105.85815,21.346337],[105.857026,21.346978],[105.855548,21.347577],[105.853066,21.348332],[105.852716,21.348587],[105.852315,21.349281],[105.852256,21.349939],[105.852621,21.350874],[105.854448,21.352097],[105.854648,21.35245],[105.854367,21.353337],[105.854115,21.353727],[105.853156,21.354559],[105.852016,21.355274],[105.851847,21.355528],[105.851682,21.356385],[105.851699,21.357451],[105.851969,21.358025],[105.852432,21.35858],[105.853689,21.359417],[105.853728,21.360041],[105.85336,21.36174],[105.853436,21.362507],[105.853993,21.36366],[105.854683,21.364619],[105.854811,21.364973],[105.854937,21.366584],[105.855346,21.367307],[105.855606,21.367627],[105.855997,21.367822],[105.856197,21.36786],[105.856934,21.367628],[105.857178,21.367686],[105.857911,21.368265],[105.858129,21.368627],[105.857894,21.371539],[105.858285,21.373827],[105.85849,21.374019],[105.858433,21.374604],[105.858258,21.374827],[105.857525,21.375103],[105.85645,21.376005],[105.855187,21.375947],[105.85307,21.37532],[105.851685,21.375413],[105.850353,21.375986],[105.849883,21.376323],[105.849135,21.377128],[105.84882,21.377775],[105.845555,21.377188],[105.844871,21.377256],[105.844609,21.376976],[105.84307,21.377445],[105.841678,21.377569],[105.8405,21.377171],[105.839878,21.377438],[105.839571,21.37743],[105.83883,21.376856],[105.838553,21.376483],[105.837712,21.376415],[105.837547,21.376712],[105.837262,21.376609],[105.837106,21.376091],[105.836699,21.37562],[105.836205,21.375347],[105.836027,21.374268],[105.835634,21.374024],[105.835084,21.3734],[105.833991,21.373721],[105.833948,21.372954],[105.833726,21.372967],[105.833592,21.373224],[105.833082,21.373486],[105.832456,21.373239],[105.831765,21.373353],[105.831527,21.373785],[105.831769,21.37426],[105.831266,21.374148],[105.830959,21.374587],[105.830607,21.374507],[105.830398,21.374628],[105.830736,21.375197],[105.83033,21.375704],[105.830182,21.375645],[105.829957,21.375242],[105.829784,21.375209],[105.829346,21.375434],[105.829228,21.375807],[105.828941,21.376083],[105.827808,21.376101],[105.827326,21.376453],[105.826864,21.37651],[105.826704,21.376649],[105.826323,21.376567],[105.82574,21.376809],[105.825319,21.37678],[105.824938,21.37716],[105.824496,21.377234],[105.823841,21.377708],[105.823457,21.378237],[105.822676,21.37826],[105.822049,21.377892],[105.821382,21.377943],[105.821064,21.379409],[105.820186,21.379494],[105.819689,21.379996],[105.819107,21.380046],[105.818888,21.380399],[105.818413,21.380643],[105.818318,21.381131],[105.817834,21.381297],[105.817343,21.381768],[105.816638,21.381941],[105.81648,21.383049],[105.816117,21.382764],[105.815824,21.383021],[105.81533,21.383007],[105.8148,21.383151],[105.814272,21.382906],[105.813659,21.382854],[105.813298,21.38221],[105.813453,21.381359],[105.813393,21.380989],[105.812751,21.380603],[105.81257,21.380717],[105.81208,21.381499],[105.811793,21.381593],[105.811556,21.381887],[105.810302,21.381837],[105.80901,21.38247],[105.807485,21.382968],[105.807156,21.382982],[105.806539,21.382712],[105.80615,21.382869],[105.805637,21.382881],[105.804983,21.382382],[105.804789,21.382398],[105.803633,21.383939],[105.80364,21.384148],[105.803944,21.384299],[105.803983,21.38444],[105.803101,21.384749],[105.802307,21.384577],[105.801687,21.384681],[105.801557,21.384795],[105.801496,21.385333],[105.801165,21.385421],[105.800871,21.38539],[105.800336,21.384917],[105.800186,21.384308],[105.79942,21.383108],[105.799448,21.382358],[105.798972,21.381504],[105.798633,21.381601],[105.79779,21.38237],[105.797412,21.382352],[105.797144,21.38256],[105.796665,21.382535],[105.796575,21.382275],[105.79703,21.382165],[105.797078,21.381936],[105.796616,21.381821],[105.796606,21.381486],[105.796817,21.381232],[105.796772,21.381089],[105.796597,21.381013],[105.796275,21.381232],[105.795936,21.38114],[105.795247,21.381234],[105.795324,21.380702],[105.794826,21.38015],[105.794805,21.379677],[105.794591,21.379829],[105.794275,21.379834],[105.793488,21.379392],[105.793284,21.379519],[105.792397,21.379553],[105.79225,21.379455],[105.79235,21.378991],[105.791783,21.378519],[105.791234,21.37856],[105.791072,21.378105],[105.790359,21.378068],[105.790175,21.377916],[105.790245,21.377617],[105.790054,21.377153],[105.789721,21.376975],[105.789757,21.376577],[105.789326,21.375994],[105.788865,21.375826],[105.787992,21.375849],[105.789666,21.373299],[105.787756,21.371867],[105.787182,21.372013],[105.786895,21.370772],[105.786079,21.371002],[105.785821,21.370454],[105.786872,21.366739],[105.786458,21.365804],[105.786527,21.364447],[105.786338,21.363349],[105.785844,21.362455],[105.78578,21.361099],[105.784674,21.35964],[105.785113,21.359206],[105.786345,21.357306],[105.786404,21.35679],[105.786128,21.35515],[105.785921,21.354732],[105.785234,21.354427],[105.783017,21.353867],[105.78525,21.348066],[105.785317,21.342888],[105.783094,21.342893],[105.7815,21.340969],[105.781055,21.340602],[105.780625,21.339857],[105.780164,21.339362],[105.779543,21.338883],[105.777826,21.338284],[105.776148,21.337053],[105.77605,21.336762],[105.776289,21.336128],[105.776243,21.335761],[105.774719,21.333299],[105.773513,21.331614],[105.773227,21.330611],[105.772597,21.329512],[105.772526,21.328871],[105.772292,21.328314],[105.772342,21.327171],[105.77196,21.32546],[105.770475,21.323943],[105.7695,21.32147],[105.768256,21.319622],[105.768028,21.318717],[105.767794,21.3183],[105.765871,21.317386],[105.765015,21.316301],[105.764083,21.315739],[105.763708,21.315052],[105.762643,21.31399],[105.761403,21.311514],[105.760233,21.308351],[105.76026,21.307663],[105.760776,21.306674],[105.758438,21.304195],[105.759344,21.303292],[105.756464,21.301647],[105.757039,21.300587],[105.756797,21.300546],[105.756304,21.299942],[105.755405,21.299971],[105.754489,21.298792],[105.754206,21.297951],[105.752811,21.297344],[105.752876,21.296987],[105.753183,21.296734],[105.753397,21.295454],[105.752916,21.29507],[105.752637,21.295274],[105.752117,21.295087],[105.750926,21.295674],[105.750543,21.295601],[105.7499,21.295702],[105.749487,21.29603],[105.748905,21.295713],[105.747613,21.294335],[105.746302,21.294447],[105.745673,21.294026],[105.745419,21.293722],[105.745214,21.292427],[105.744931,21.291905],[105.744699,21.291965],[105.744243,21.292437],[105.743677,21.29279],[105.743322,21.292929],[105.74306,21.292891],[105.742539,21.291817],[105.742582,21.291536],[105.74299,21.290894],[105.742811,21.290348],[105.742519,21.290281],[105.741969,21.290844],[105.741645,21.290953],[105.741042,21.290808],[105.740801,21.290472],[105.740879,21.28986],[105.742018,21.289518],[105.742545,21.289079],[105.742564,21.288252],[105.741957,21.287329],[105.741075,21.287377],[105.739635,21.287867],[105.739571,21.287458],[105.739883,21.286962],[105.739633,21.286708],[105.739402,21.286664],[105.738752,21.286964],[105.738625,21.287145],[105.739136,21.287844],[105.738151,21.288123],[105.737159,21.287411],[105.736588,21.287145],[105.736226,21.286735],[105.73625,21.286374],[105.736794,21.286087],[105.736874,21.28574],[105.736222,21.285272],[105.735807,21.284666],[105.735168,21.284478],[105.735098,21.284331],[105.735156,21.283433],[105.735987,21.28077],[105.735957,21.279545],[105.735683,21.279332],[105.734563,21.279411],[105.733898,21.279633],[105.733411,21.279455],[105.73342,21.277757],[105.732687,21.276317],[105.732696,21.275181],[105.732202,21.274966],[105.730637,21.275556],[105.73008,21.275624],[105.729279,21.275958],[105.728978,21.275931],[105.728764,21.275599],[105.72898,21.274286],[105.727946,21.273039],[105.727661,21.272916],[105.72735,21.272958],[105.726694,21.273463],[105.726371,21.273551],[105.72556,21.273216],[105.725227,21.272536],[105.72521,21.272112],[105.72573,21.271197],[105.727335,21.270949],[105.728801,21.27002],[105.729247,21.269602],[105.729314,21.269403],[105.729134,21.268926],[105.728658,21.268312],[105.728356,21.268247],[105.727805,21.268391],[105.727483,21.268294],[105.725567,21.266565],[105.724537,21.266103],[105.724444,21.265914],[105.723779,21.262693],[105.724682,21.258387],[105.724777,21.257278],[105.724168,21.25293],[105.723498,21.25177],[105.724509,21.25124],[105.724688,21.251282],[105.724699,21.251156],[105.725882,21.250906],[105.72587,21.250715],[105.726047,21.250661],[105.726006,21.250507],[105.726431,21.250487],[105.726372,21.25],[105.728811,21.249396],[105.729042,21.249186],[105.729197,21.248762],[105.728887,21.247045],[105.728102,21.245411],[105.726497,21.243091],[105.725366,21.242945],[105.725042,21.242775],[105.72499,21.242442],[105.725388,21.241966],[105.726275,21.241448],[105.727776,21.240867],[105.728496,21.24072],[105.729103,21.240802],[105.730463,21.241501],[105.732275,21.241953],[105.733687,21.241962],[105.734435,21.241719],[105.735423,21.240989],[105.735879,21.240491],[105.736548,21.239329],[105.737506,21.236826],[105.737585,21.23613],[105.737357,21.235707],[105.736634,21.235333],[105.735423,21.235177],[105.734824,21.23523],[105.733237,21.235855],[105.732854,21.23577],[105.732432,21.235438],[105.732243,21.235177],[105.732249,21.234857],[105.732829,21.233976],[105.73366,21.233324],[105.734586,21.233112],[105.733386,21.231767],[105.730053,21.228813],[105.724725,21.22472],[105.722082,21.227505],[105.721797,21.227266],[105.721621,21.226904],[105.721648,21.226081],[105.720495,21.224898],[105.719967,21.223416],[105.719676,21.223152],[105.718822,21.222955],[105.7182,21.223194],[105.717752,21.222761],[105.715681,21.224477],[105.713799,21.223164],[105.712715,21.222631],[105.71235,21.223173],[105.711713,21.222803],[105.71202,21.222281],[105.711639,21.222217],[105.711418,21.222493],[105.710644,21.221833],[105.711122,21.221396],[105.711196,21.221454],[105.711254,21.221095],[105.710999,21.220722],[105.711112,21.220614],[105.709889,21.219677],[105.709289,21.219801],[105.709062,21.219451],[105.708236,21.219565],[105.708057,21.219887],[105.707635,21.220123],[105.70753,21.220696],[105.707138,21.220812],[105.706864,21.220288],[105.706704,21.220234],[105.706316,21.220378],[105.705932,21.220762],[105.705932,21.221318],[105.705331,21.221219],[105.705098,21.221433],[105.704887,21.221404],[105.704464,21.220905],[105.703254,21.221279],[105.702503,21.219687],[105.702583,21.219502],[105.70219,21.218989],[105.702258,21.218897],[105.701766,21.2186],[105.701071,21.219714],[105.700727,21.219854],[105.700683,21.219735],[105.700125,21.219803],[105.700034,21.219695],[105.699531,21.219878],[105.699466,21.219724],[105.699292,21.219805],[105.698504,21.219643],[105.698574,21.218854],[105.698721,21.218596],[105.698564,21.218388],[105.69728,21.218423],[105.698214,21.213542],[105.697859,21.213578],[105.697613,21.21379],[105.69568,21.216013],[105.69335,21.221502],[105.693234,21.221409],[105.692876,21.221543],[105.69252,21.221268],[105.692333,21.221385],[105.692072,21.221267],[105.691972,21.220784],[105.691579,21.220421],[105.691265,21.220753],[105.690233,21.219879],[105.689644,21.2207],[105.68972,21.220761],[105.689613,21.220841],[105.689607,21.221119],[105.689033,21.221208],[105.688651,21.221502],[105.688691,21.222452],[105.688561,21.222631],[105.687944,21.222826],[105.68589,21.226447],[105.685869,21.229656],[105.685321,21.229798],[105.685283,21.230141],[105.684489,21.229841],[105.683811,21.229735],[105.683252,21.229829],[105.682728,21.230266],[105.682528,21.231179],[105.682765,21.231643],[105.683165,21.231893],[105.683855,21.231985],[105.686895,21.231944],[105.687829,21.232187],[105.688516,21.232635],[105.688863,21.23307],[105.688909,21.233503],[105.688698,21.233983],[105.688068,21.234619],[105.686536,21.235221],[105.684931,21.235467],[105.683347,21.235353],[105.682271,21.235051],[105.681464,21.234667],[105.680598,21.233744],[105.679544,21.230044],[105.678962,21.228755],[105.67862,21.228344],[105.677355,21.2273],[105.676707,21.227001],[105.676368,21.226974],[105.675853,21.227138],[105.67497,21.22765],[105.671647,21.230009],[105.671365,21.230384],[105.671378,21.230701],[105.671508,21.230866],[105.673465,21.232186],[105.675376,21.234067],[105.675374,21.234735],[105.674847,21.235968],[105.674626,21.23623],[105.674161,21.236456],[105.673678,21.236328],[105.673355,21.236073],[105.672947,21.235365],[105.67234,21.233771],[105.671589,21.233126],[105.670312,21.232801],[105.668847,21.233181],[105.668577,21.23345],[105.66858,21.236117],[105.667754,21.238055],[105.667489,21.238962],[105.667078,21.239427],[105.666489,21.239434],[105.666085,21.239241],[105.664948,21.237523],[105.664349,21.236766],[105.663703,21.236192],[105.662109,21.235173],[105.660655,21.23485],[105.658129,21.234616],[105.656639,21.234828],[105.656025,21.23509],[105.654513,21.236083],[105.654062,21.236511],[105.653152,21.237815],[105.652395,21.238101],[105.651536,21.238024],[105.650643,21.237753],[105.647712,21.236616],[105.645377,21.235158],[105.64467,21.234499],[105.644395,21.233828],[105.644266,21.232908],[105.644323,21.232021],[105.645219,21.227329],[105.645497,21.227038],[105.646156,21.226823],[105.647342,21.226867],[105.648799,21.227111],[105.649407,21.227016],[105.649862,21.226816],[105.650831,21.22607],[105.651458,21.22592],[105.65221,21.225991],[105.652642,21.22622],[105.653861,21.22755],[105.654425,21.22764],[105.655034,21.22736],[105.655873,21.226615],[105.65907,21.223128],[105.659143,21.222559],[105.658968,21.221629],[105.658129,21.220236],[105.656055,21.218952],[105.653343,21.217765],[105.647712,21.216484],[105.644963,21.215535],[105.644246,21.215631],[105.641698,21.216511],[105.64005,21.217484],[105.639188,21.217766],[105.637077,21.217975],[105.636739,21.217895],[105.636098,21.217497],[105.635821,21.216999],[105.635839,21.216046],[105.636019,21.215493],[105.637039,21.21394],[105.638375,21.212772],[105.639049,21.212358],[105.639364,21.211705],[105.639386,21.209258],[105.639566,21.207803],[105.639199,21.207307],[105.638347,21.207264],[105.63519,21.20821],[105.632445,21.208584],[105.631341,21.208864],[105.630363,21.209439],[105.629124,21.210866],[105.628846,21.210965],[105.627677,21.210764],[105.624184,21.208904],[105.62296,21.207914],[105.622765,21.207696],[105.622434,21.206708],[105.621637,21.206062],[105.620846,21.206051],[105.61998,21.206246],[105.618773,21.206838],[105.617996,21.207459],[105.617921,21.207685],[105.617194,21.208498],[105.616689,21.208764],[105.6161,21.208563],[105.615952,21.208246],[105.615221,21.207596],[105.615144,21.207348],[105.615502,21.206028],[105.616146,21.206118],[105.616339,21.206019],[105.616482,21.205733],[105.616539,21.204762],[105.61628,21.203884],[105.616214,21.202567],[105.619783,21.201908],[105.619862,21.201739],[105.619793,21.201098],[105.620806,21.200929],[105.620835,21.201406],[105.62221,21.200717],[105.62243,21.200762],[105.622656,21.200483],[105.621637,21.197539],[105.621609,21.197183],[105.621602,21.1959],[105.621989,21.195873],[105.621968,21.19568],[105.62215,21.195614],[105.622226,21.194864],[105.621595,21.195182],[105.621449,21.19496],[105.622018,21.194677],[105.623552,21.194253],[105.624282,21.193809],[105.62456,21.193485],[105.624913,21.191984],[105.624807,21.191822],[105.624733,21.190872],[105.624925,21.18948],[105.624749,21.188008],[105.624921,21.187653],[105.625504,21.187057],[105.626878,21.186127],[105.629134,21.184875],[105.627035,21.182966],[105.627908,21.181589],[105.628396,21.181787],[105.628714,21.181348],[105.628284,21.181195],[105.62823,21.180653],[105.627752,21.180791],[105.626428,21.181609],[105.625662,21.181766],[105.62521,21.181716],[105.62472,21.181473],[105.624356,21.18109],[105.624214,21.18072],[105.62428,21.180167],[105.62457,21.179664],[105.626441,21.178118],[105.626613,21.177841],[105.626528,21.176098],[105.626617,21.170604],[105.624328,21.173684],[105.592999,21.167685],[105.591071,21.167164],[105.575143,21.164304],[105.574892,21.161254],[105.574615,21.161162],[105.570892,21.161217],[105.570814,21.160368],[105.553919,21.159087],[105.538501,21.156209],[105.533334,21.155441],[105.528306,21.155139],[105.515302,21.156546],[105.502739,21.158543],[105.499917,21.158744],[105.495622,21.159405],[105.49337,21.160013],[105.491056,21.160833],[105.486595,21.162915],[105.474797,21.1718],[105.468835,21.176707],[105.467738,21.177982],[105.467641,21.181746],[105.467128,21.189392],[105.466854,21.190836],[105.466614,21.197184],[105.466349,21.20098],[105.464487,21.200745],[105.463893,21.201297],[105.46344,21.202073],[105.463033,21.203141],[105.464414,21.20342],[105.463893,21.206362],[105.462427,21.206027],[105.461393,21.208116],[105.463255,21.208704],[105.462083,21.214517],[105.462337,21.214603],[105.461432,21.217768],[105.459483,21.223538],[105.458549,21.225839],[105.451324,21.237628],[105.451673,21.237777],[105.451623,21.237873],[105.446356,21.244308],[105.445572,21.25178],[105.444413,21.258347],[105.443527,21.269851],[105.443188,21.271313],[105.440985,21.277744],[105.440056,21.280268],[105.43938,21.281639],[105.438185,21.283288],[105.435223,21.286576],[105.429627,21.288977],[105.420347,21.295355],[105.415875,21.297248],[105.405707,21.299961],[105.399575,21.302737],[105.392749,21.3056],[105.391958,21.305671],[105.387688,21.303523],[105.37516,21.295456],[105.374277,21.292172],[105.362164,21.284926],[105.357021,21.28973],[105.353871,21.279865],[105.352353,21.270062],[105.352493,21.259537],[105.354093,21.252023],[105.353579,21.249025],[105.353352,21.245105],[105.35201,21.239588],[105.347225,21.226375],[105.343738,21.219806],[105.339267,21.210042],[105.344052,21.20827],[105.344057,21.207725],[105.343775,21.206931],[105.339432,21.202931],[105.338622,21.201917],[105.337932,21.201304],[105.337514,21.201102],[105.336357,21.200988],[105.329159,21.204109],[105.325381,21.203402],[105.316408,21.198277],[105.302764,21.190739],[105.300165,21.186519],[105.292043,21.171967],[105.289614,21.173121],[105.288474,21.172676],[105.285352,21.171875],[105.285956,21.161184],[105.288444,21.158101],[105.294737,21.147799],[105.303516,21.1381],[105.307245,21.134435],[105.31001,21.128866],[105.313252,21.124436],[105.314378,21.122599],[105.314916,21.121131],[105.316762,21.117918],[105.318998,21.114966],[105.319735,21.113602],[105.320036,21.111425],[105.320177,21.11013],[105.32004,21.107247],[105.319124,21.101293],[105.31828,21.097061],[105.317792,21.095393],[105.316845,21.093092],[105.315094,21.089492],[105.314378,21.088365],[105.313503,21.087342],[105.310115,21.084],[105.306948,21.080278],[105.303805,21.075673],[105.299306,21.066731],[105.297483,21.061519],[105.294666,21.056737],[105.293987,21.05506],[105.293372,21.052658],[105.293477,21.050571],[105.293866,21.048708],[105.296986,21.035407],[105.297527,21.033913],[105.297875,21.033196],[105.30078,21.029298],[105.303762,21.024419],[105.304993,21.02267],[105.30648,21.02132],[105.312267,21.017156],[105.314377,21.015764],[105.31641,21.013649],[105.319847,21.018297],[105.320185,21.018353],[105.320316,21.018217],[105.320373,21.017691],[105.320668,21.017593],[105.320487,21.01833],[105.320791,21.018466],[105.321235,21.018267],[105.321657,21.018231],[105.322046,21.018585],[105.321334,21.019236],[105.321104,21.019731],[105.320365,21.019963],[105.320204,21.020113],[105.320226,21.020276],[105.321088,21.020458],[105.321742,21.020191],[105.322679,21.020739],[105.322877,21.020723],[105.322883,21.020457],[105.323763,21.0204],[105.324051,21.020631],[105.32427,21.021518],[105.324715,21.021567],[105.325704,21.021103],[105.326323,21.021575],[105.32649,21.021511],[105.327372,21.023802],[105.328116,21.023753],[105.328588,21.024069],[105.328899,21.0241],[105.329182,21.023612],[105.329677,21.023584],[105.330112,21.023084],[105.330501,21.022937],[105.331322,21.022956],[105.331372,21.02238],[105.331106,21.021735],[105.331141,21.021213],[105.330537,21.021163],[105.330156,21.020521],[105.329831,21.020393],[105.32956,21.019719],[105.329431,21.018648],[105.329074,21.018484],[105.328655,21.017573],[105.328861,21.016922],[105.328758,21.016654],[105.328503,21.016499],[105.32835,21.016553],[105.327798,21.017086],[105.327205,21.016896],[105.32667,21.016437],[105.326892,21.014564],[105.327756,21.013893],[105.327705,21.013726],[105.327182,21.0135],[105.326787,21.013106],[105.326799,21.012915],[105.327199,21.012331],[105.327106,21.012016],[105.326593,21.011303],[105.326268,21.011049],[105.325466,21.011248],[105.325144,21.010314],[105.325615,21.010313],[105.326074,21.010093],[105.326069,21.009954],[105.325669,21.009873],[105.325524,21.009719],[105.32569,21.009574],[105.326444,21.009499],[105.32648,21.008749],[105.326637,21.008842],[105.326741,21.009129],[105.326985,21.009178],[105.327332,21.009013],[105.327753,21.009234],[105.32827,21.008622],[105.32872,21.00865],[105.329255,21.008112],[105.329496,21.00803],[105.329855,21.008115],[105.330092,21.008416],[105.33026,21.008383],[105.33039,21.00815],[105.330659,21.00813],[105.330872,21.008723],[105.331261,21.008446],[105.332292,21.008598],[105.332377,21.008342],[105.333609,21.008531],[105.335147,21.009406],[105.334504,21.009902],[105.33429,21.010774],[105.335048,21.011004],[105.335278,21.011226],[105.335408,21.01171],[105.337224,21.011655],[105.338385,21.012005],[105.33859,21.012334],[105.338712,21.013106],[105.338905,21.013436],[105.339724,21.0131],[105.34026,21.013179],[105.343083,21.012723],[105.343761,21.013062],[105.344905,21.013305],[105.345697,21.013038],[105.345979,21.013067],[105.347205,21.013626],[105.347772,21.014159],[105.348971,21.01311],[105.349422,21.012564],[105.349788,21.011625],[105.350139,21.011166],[105.350781,21.009341],[105.351014,21.009024],[105.351905,21.007988],[105.353444,21.007239],[105.354012,21.007603],[105.35596,21.008075],[105.356416,21.008578],[105.357983,21.008569],[105.359069,21.008982],[105.35936,21.009374],[105.36017,21.009516],[105.361012,21.010522],[105.362158,21.010555],[105.362727,21.010761],[105.363176,21.010748],[105.363988,21.011435],[105.364503,21.011582],[105.365409,21.012254],[105.366031,21.012561],[105.368474,21.01272],[105.369621,21.013146],[105.372002,21.013582],[105.374086,21.014345],[105.375621,21.015053],[105.376877,21.015991],[105.378881,21.0191],[105.380839,21.020186],[105.383246,21.022005],[105.387476,21.024437],[105.387726,21.02295],[105.387052,21.020952],[105.386565,21.020123],[105.386594,21.01989],[105.386768,21.019358],[105.387844,21.018482],[105.390142,21.016111],[105.390765,21.015528],[105.39177,21.014941],[105.392101,21.013162],[105.392045,21.011039],[105.392262,21.010495],[105.392642,21.010079],[105.392433,21.00928],[105.392526,21.008587],[105.391855,21.007491],[105.391694,21.0069],[105.391867,21.006075],[105.392173,21.005518],[105.392682,21.005128],[105.393194,21.004505],[105.393618,21.003078],[105.396409,21.001705],[105.396815,21.001013],[105.397598,21.001067],[105.398908,21.000207],[105.399968,20.999798],[105.400812,20.999902],[105.401227,20.999413],[105.401723,20.998312],[105.403044,20.997993],[105.404002,20.998002],[105.405602,20.998373],[105.406216,20.998351],[105.406585,20.998216],[105.407673,20.998434],[105.408174,20.998025],[105.409226,20.998002],[105.410174,20.998216],[105.411585,20.998272],[105.411917,20.998875],[105.412637,20.998442],[105.412811,20.998133],[105.412757,20.997869],[105.413004,20.997703],[105.413358,20.997079],[105.413619,20.996993],[105.413861,20.99728],[105.414097,20.997895],[105.414457,20.997434],[105.415121,20.997331],[105.415456,20.997576],[105.415623,20.997935],[105.415746,20.997949],[105.415963,20.998269],[105.41631,20.998193],[105.416468,20.998546],[105.416532,20.998212],[105.416949,20.997645],[105.417248,20.997612],[105.417341,20.995509],[105.417621,20.995317],[105.418049,20.995438],[105.418301,20.995189],[105.418284,20.995073],[105.418084,20.995037],[105.418114,20.994893],[105.419088,20.994365],[105.418344,20.994236],[105.41823,20.99381],[105.418319,20.993503],[105.41816,20.993393],[105.418106,20.993121],[105.417957,20.993063],[105.417931,20.992582],[105.418258,20.992195],[105.41916,20.991689],[105.419569,20.990676],[105.419834,20.990689],[105.420012,20.990472],[105.419942,20.990163],[105.420154,20.989944],[105.420296,20.989104],[105.420998,20.987831],[105.421304,20.987625],[105.421156,20.987076],[105.421328,20.986552],[105.421076,20.986224],[105.420954,20.985524],[105.421295,20.985477],[105.421354,20.984959],[105.421731,20.984794],[105.421498,20.983869],[105.4217,20.983072],[105.421342,20.982682],[105.421518,20.982457],[105.422107,20.981911],[105.423738,20.982318],[105.424751,20.982403],[105.425716,20.982205],[105.426246,20.982278],[105.426829,20.982523],[105.427247,20.982493],[105.427775,20.982231],[105.428052,20.98159],[105.428146,20.980883],[105.430425,20.979486],[105.435665,20.9744],[105.43593,20.974035],[105.43609,20.973445],[105.437788,20.97053],[105.439094,20.96868],[105.439513,20.967432],[105.439721,20.967266],[105.439957,20.96664],[105.440656,20.966364],[105.441233,20.965766],[105.441342,20.965251],[105.442208,20.964308],[105.442442,20.963393],[105.443019,20.962392],[105.44272,20.961697],[105.44273,20.960847],[105.443714,20.959693],[105.4438,20.957975],[105.444427,20.957391],[105.444213,20.956854],[105.44432,20.956232],[105.44575,20.955144],[105.447115,20.954924],[105.448039,20.95494],[105.448898,20.954733],[105.450884,20.954021],[105.451948,20.953786],[105.452798,20.953418],[105.453613,20.95277],[105.45517,20.951884],[105.455411,20.951076],[105.457598,20.95025],[105.457653,20.949955],[105.458018,20.949397],[105.458985,20.948939],[105.458886,20.948656],[105.458974,20.948221],[105.459107,20.947904],[105.459584,20.947408],[105.460813,20.946937],[105.461393,20.946564],[105.462088,20.946644],[105.463814,20.946216],[105.465608,20.946214],[105.467392,20.946998],[105.467779,20.947543],[105.470136,20.948296],[105.470878,20.948885],[105.471227,20.949021],[105.472751,20.948636],[105.473842,20.948681],[105.475188,20.948472],[105.477821,20.948691],[105.478312,20.948898],[105.478415,20.948552],[105.479343,20.94776],[105.480659,20.947024],[105.480785,20.946855],[105.480843,20.945926],[105.481357,20.945627],[105.483251,20.943434],[105.483823,20.943285],[105.483936,20.942765],[105.485754,20.940734],[105.485469,20.940075],[105.485719,20.939389],[105.486192,20.93908],[105.48679,20.938884],[105.488073,20.93778],[105.488045,20.937525],[105.488159,20.937342],[105.488893,20.936483],[105.488443,20.935873],[105.488509,20.935567],[105.490391,20.933629],[105.490708,20.933559],[105.491138,20.93396],[105.491802,20.934101],[105.492286,20.933998],[105.492621,20.933498],[105.493839,20.933593],[105.494576,20.933139],[105.495245,20.932943],[105.495645,20.932333],[105.497407,20.931598],[105.497862,20.9316],[105.498288,20.930806],[105.498998,20.930299],[105.499621,20.930678],[105.501212,20.931005],[105.502358,20.931026],[105.502647,20.930728],[105.50299,20.929982],[105.503929,20.929266],[105.504405,20.928548],[105.504636,20.927576],[105.505515,20.926577],[105.506322,20.925996],[105.50905,20.924477],[105.51083,20.923174],[105.513168,20.922128],[105.514311,20.922276],[105.515013,20.92202],[105.516481,20.9221],[105.517482,20.921822],[105.519177,20.922553],[105.522218,20.921941],[105.522824,20.921525],[105.523821,20.920502],[105.524055,20.920195],[105.524149,20.919773],[105.524791,20.919197],[105.525294,20.918926],[105.526388,20.919263],[105.528087,20.920269],[105.529604,20.920668],[105.530112,20.921383],[105.531097,20.921991],[105.531971,20.922044],[105.532571,20.922356],[105.533609,20.923663],[105.534664,20.923925],[105.53644,20.925397],[105.537457,20.926011],[105.538071,20.926891],[105.538345,20.927823],[105.539515,20.926916],[105.541151,20.925215],[105.545885,20.923153],[105.547768,20.924372],[105.55104,20.925775],[105.551408,20.926204],[105.551465,20.926985],[105.552084,20.927407],[105.552695,20.927283],[105.553503,20.926558],[105.555007,20.927109],[105.556665,20.926834],[105.557855,20.926241],[105.558802,20.92559],[105.560348,20.92522],[105.56068,20.924666],[105.560871,20.925515],[105.561156,20.925815],[105.565344,20.927087],[105.565861,20.92727],[105.566259,20.927613],[105.566575,20.927622],[105.567093,20.927333],[105.567951,20.927481],[105.568604,20.927298],[105.571018,20.927912],[105.570453,20.929257],[105.570139,20.929734],[105.570759,20.930137],[105.571394,20.929479],[105.572475,20.929166],[105.573399,20.928401],[105.574062,20.929211],[105.574853,20.929844],[105.575557,20.930184],[105.575843,20.92932],[105.576076,20.929238],[105.576286,20.929219],[105.576719,20.929478],[105.577506,20.929228],[105.577535,20.929383],[105.578439,20.929125],[105.578937,20.928847],[105.579963,20.928755],[105.579892,20.92749],[105.580434,20.927654],[105.580815,20.927476],[105.580762,20.926931],[105.580853,20.926572],[105.581272,20.925782],[105.581108,20.925438],[105.580031,20.925052],[105.579881,20.925101],[105.579649,20.924833],[105.581152,20.923609],[105.581548,20.923953],[105.581787,20.923958],[105.582907,20.923074],[105.584292,20.922961],[105.584517,20.92276],[105.584031,20.921399],[105.581828,20.919822],[105.580971,20.920413],[105.580406,20.920257],[105.579383,20.920339],[105.578983,20.920836],[105.578873,20.920826],[105.578854,20.920489],[105.578507,20.920271],[105.578828,20.919987],[105.579231,20.91931],[105.579281,20.919032],[105.579045,20.918715],[105.580115,20.917769],[105.579784,20.917539],[105.579974,20.91731],[105.579413,20.917092],[105.579188,20.916703],[105.579439,20.916071],[105.579061,20.915931],[105.579075,20.915065],[105.57848,20.915236],[105.578226,20.915531],[105.577106,20.915406],[105.577015,20.915357],[105.577117,20.914887],[105.576951,20.914721],[105.575865,20.914312],[105.575307,20.913524],[105.57238,20.913503],[105.571645,20.91288],[105.570675,20.912723],[105.568994,20.911543],[105.567251,20.910886],[105.564222,20.909419],[105.562814,20.908869],[105.562683,20.909105],[105.562082,20.909355],[105.561703,20.90912],[105.56149,20.909175],[105.560557,20.909966],[105.559828,20.909779],[105.559305,20.909207],[105.558795,20.909053],[105.557525,20.907998],[105.5587,20.907039],[105.558566,20.906905],[105.558603,20.906715],[105.559983,20.905468],[105.559743,20.905306],[105.558225,20.906284],[105.557479,20.906614],[105.557097,20.906663],[105.556414,20.906302],[105.555965,20.90563],[105.555687,20.90498],[105.555454,20.904758],[105.556183,20.904028],[105.558408,20.90263],[105.55929,20.902241],[105.559722,20.901843],[105.559346,20.901515],[105.559434,20.901258],[105.560483,20.90109],[105.560622,20.900842],[105.561409,20.900564],[105.562321,20.899297],[105.563065,20.899223],[105.563331,20.899079],[105.563382,20.898507],[105.563168,20.89863],[105.561988,20.898598],[105.561472,20.898346],[105.560983,20.897899],[105.560873,20.897727],[105.560964,20.897644],[105.560667,20.897327],[105.560938,20.897123],[105.560974,20.896953],[105.560376,20.895545],[105.560286,20.895012],[105.560375,20.894727],[105.560167,20.894298],[105.559918,20.894114],[105.560102,20.892915],[105.559893,20.892619],[105.559944,20.892136],[105.559767,20.891863],[105.559859,20.891734],[105.559412,20.891288],[105.559608,20.890906],[105.559167,20.89046],[105.558898,20.890542],[105.558593,20.890315],[105.558175,20.890366],[105.55787,20.889838],[105.557657,20.889804],[105.55749,20.889915],[105.556917,20.889592],[105.556931,20.88928],[105.556731,20.888872],[105.556772,20.888496],[105.556369,20.888407],[105.556377,20.887884],[105.555593,20.887475],[105.55564,20.886939],[105.555527,20.886694],[105.554925,20.886378],[105.556024,20.885044],[105.55615,20.88371],[105.552693,20.88322],[105.552765,20.882745],[105.553274,20.882825],[105.553695,20.882589],[105.553765,20.882039],[105.553575,20.881657],[105.55373,20.881025],[105.553627,20.880471],[105.553833,20.879902],[105.554008,20.879763],[105.5547,20.879627],[105.556379,20.879564],[105.55936,20.880846],[105.559409,20.88009],[105.559959,20.879972],[105.56022,20.879547],[105.560128,20.879458],[105.559355,20.879501],[105.559142,20.879264],[105.559075,20.878646],[105.559614,20.878502],[105.559524,20.877452],[105.55969,20.877332],[105.560368,20.877434],[105.560598,20.877318],[105.56065,20.876825],[105.561266,20.875458],[105.56157,20.875514],[105.563026,20.876266],[105.563404,20.876056],[105.563166,20.875707],[105.563278,20.87445],[105.563042,20.873806],[105.56363,20.87379],[105.563699,20.873717],[105.563583,20.873247],[105.566912,20.872758],[105.567315,20.872513],[105.567341,20.872354],[105.567919,20.872579],[105.568802,20.871873],[105.568847,20.871483],[105.569672,20.870237],[105.570595,20.869853],[105.571232,20.869105],[105.571977,20.868885],[105.573143,20.869101],[105.573608,20.867693],[105.573918,20.867542],[105.574998,20.866249],[105.575636,20.866324],[105.575468,20.864009],[105.579399,20.861457],[105.580179,20.86256],[105.581094,20.860858],[105.582606,20.859176],[105.585413,20.857399],[105.585237,20.856989],[105.585502,20.856838],[105.585155,20.85644],[105.585326,20.856218],[105.585018,20.855747],[105.585105,20.85459],[105.585298,20.854263],[105.586276,20.853495],[105.5861,20.851236],[105.586922,20.850802],[105.587043,20.850529],[105.586977,20.850139],[105.587529,20.849818],[105.587681,20.849559],[105.587546,20.84915],[105.587016,20.849043],[105.587087,20.848098],[105.58674,20.847087],[105.585877,20.846683],[105.585966,20.846424],[105.586351,20.846232],[105.586222,20.845997],[105.585667,20.846018],[105.585768,20.845549],[105.585428,20.844882],[105.585566,20.844654],[105.585945,20.844738],[105.586139,20.844662],[105.586267,20.844072],[105.586862,20.844308],[105.587628,20.845486],[105.588098,20.845448],[105.588116,20.845097],[105.587776,20.84442],[105.587236,20.843974],[105.587582,20.843563],[105.587294,20.842853],[105.58672,20.842876],[105.586312,20.842679],[105.585605,20.842666],[105.585241,20.842342],[105.585246,20.84172],[105.585653,20.841217],[105.586053,20.841064],[105.586255,20.840799],[105.586264,20.840567],[105.586063,20.840266],[105.585481,20.84008],[105.58526,20.839642],[105.584727,20.839585],[105.584472,20.838878],[105.583525,20.838794],[105.58351,20.838024],[105.583239,20.837521],[105.582039,20.837249],[105.581452,20.836832],[105.581632,20.836034],[105.581136,20.835823],[105.580576,20.834528],[105.580356,20.833503],[105.580132,20.833281],[105.580449,20.832079],[105.580331,20.831565],[105.580374,20.830727],[105.57956,20.82895],[105.579603,20.828553],[105.579007,20.828016],[105.579547,20.827196],[105.579526,20.826818],[105.579265,20.826391],[105.577936,20.82538],[105.577313,20.824619],[105.576363,20.824049],[105.576146,20.823788],[105.576061,20.823319],[105.575393,20.822553],[105.574441,20.822087],[105.573459,20.822198],[105.570841,20.821677],[105.568786,20.822037],[105.568451,20.821867],[105.567476,20.822012],[105.567098,20.821832],[105.566166,20.821662],[105.564492,20.822558],[105.563472,20.822841],[105.562608,20.822939],[105.562084,20.822698],[105.561347,20.821468],[105.560759,20.820082],[105.560742,20.819814],[105.560112,20.818561],[105.559921,20.81787],[105.560052,20.817384],[105.560087,20.815973],[105.559615,20.814839],[105.559195,20.812431],[105.558168,20.811593],[105.55726,20.811186],[105.556033,20.810169],[105.554672,20.809413],[105.553186,20.808882],[105.550899,20.809218],[105.551401,20.808529],[105.551929,20.807295],[105.552401,20.806898],[105.553409,20.806464],[105.553929,20.8064],[105.554471,20.806501],[105.555781,20.806053],[105.557192,20.807395],[105.5582,20.807645],[105.55843,20.807883],[105.559158,20.808254],[105.560125,20.808523],[105.561774,20.808767],[105.563342,20.808803],[105.564294,20.809467],[105.565036,20.808977],[105.565781,20.808739],[105.566317,20.808412],[105.56799,20.808526],[105.569041,20.808354],[105.571575,20.808683],[105.573562,20.808355],[105.57478,20.807925],[105.575182,20.807933],[105.578238,20.809238],[105.581298,20.811575],[105.582601,20.811896],[105.583167,20.811833],[105.583173,20.812451],[105.583308,20.812722],[105.583149,20.814507],[105.583567,20.815952],[105.583509,20.816574],[105.583677,20.81738],[105.584625,20.818821],[105.585018,20.819136],[105.587168,20.819731],[105.587627,20.820175],[105.587742,20.820499],[105.587835,20.822736],[105.587328,20.823899],[105.587318,20.824898],[105.586888,20.825823],[105.586626,20.82609],[105.586627,20.826496],[105.587042,20.827797],[105.587283,20.829385],[105.587214,20.829724],[105.587672,20.830017],[105.588028,20.831299],[105.588419,20.831532],[105.588991,20.831508],[105.589818,20.831175],[105.590392,20.830636],[105.591904,20.830894],[105.593647,20.830446],[105.594723,20.830476],[105.595836,20.831025],[105.596682,20.831721],[105.597179,20.832724],[105.597718,20.833482],[105.597014,20.833754],[105.59721,20.83428],[105.596598,20.83467],[105.596541,20.834826],[105.596634,20.835746],[105.59711,20.836137],[105.596569,20.836864],[105.596606,20.837697],[105.596921,20.838294],[105.597768,20.838602],[105.597579,20.838997],[105.597092,20.839243],[105.597047,20.839595],[105.596526,20.840256],[105.5963,20.841519],[105.596715,20.841834],[105.597557,20.841128],[105.597832,20.841163],[105.597996,20.841323],[105.597954,20.84184],[105.600086,20.841099],[105.600536,20.840517],[105.601789,20.839381],[105.602898,20.837928],[105.60359,20.838216],[105.603837,20.838657],[105.60412,20.838786],[105.604523,20.838336],[105.605178,20.838368],[105.606043,20.838022],[105.606322,20.838052],[105.606941,20.838659],[105.607592,20.838039],[105.608208,20.837801],[105.608811,20.837947],[105.609517,20.837765],[105.609956,20.838027],[105.610716,20.837393],[105.610609,20.837293],[105.610923,20.836919],[105.610809,20.836775],[105.611673,20.835801],[105.612333,20.835488],[105.612727,20.835438],[105.613753,20.835766],[105.614013,20.835588],[105.614911,20.834565],[105.615347,20.83361],[105.615917,20.831792],[105.616851,20.831544],[105.617513,20.831513],[105.618874,20.831902],[105.617837,20.830452],[105.619608,20.830595],[105.620564,20.831089],[105.621645,20.831872],[105.624091,20.831814],[105.624874,20.832602],[105.625811,20.832777],[105.628473,20.834323],[105.632039,20.835319],[105.633751,20.836961],[105.633853,20.837629],[105.633781,20.838522],[105.634964,20.838604],[105.635219,20.838827],[105.635283,20.839073],[105.636155,20.839345],[105.636665,20.839372],[105.63644,20.838217],[105.635691,20.83741],[105.635632,20.836787],[105.635232,20.836101],[105.635346,20.835707],[105.635889,20.835637],[105.636155,20.835316],[105.635927,20.834077],[105.63538,20.833364],[105.635362,20.833022],[105.636033,20.832459],[105.636342,20.83196],[105.641676,20.833027],[105.642396,20.831066],[105.640923,20.830622],[105.640537,20.829935],[105.641417,20.829109],[105.641213,20.828775],[105.641773,20.828416],[105.642103,20.827579],[105.641875,20.826921],[105.641928,20.82609],[105.641255,20.825709],[105.640991,20.8254],[105.641016,20.824637],[105.641187,20.824131],[105.640817,20.823981],[105.640085,20.823958],[105.639899,20.824055],[105.638596,20.822816],[105.63717,20.822275],[105.637079,20.821931],[105.63654,20.821484],[105.635599,20.8215],[105.635143,20.821991],[105.634163,20.822172],[105.633616,20.821596],[105.633511,20.822146],[105.633121,20.822013],[105.633203,20.821803],[105.632799,20.820798],[105.632408,20.820875],[105.63147,20.820747],[105.630864,20.820895],[105.630231,20.820814],[105.630218,20.820659],[105.630535,20.820543],[105.630266,20.820145],[105.630379,20.819823],[105.630933,20.820325],[105.631726,20.820421],[105.632037,20.820317],[105.632243,20.819913],[105.632212,20.819716],[105.63146,20.819025],[105.631559,20.818601],[105.631062,20.817753],[105.631224,20.817115],[105.629777,20.816783],[105.629339,20.816562],[105.629345,20.816193],[105.628774,20.81608],[105.627956,20.81617],[105.627585,20.816615],[105.627493,20.816342],[105.627702,20.815883],[105.627616,20.815853],[105.627472,20.81606],[105.627062,20.815878],[105.627295,20.815291],[105.627215,20.814799],[105.627039,20.814704],[105.626846,20.814915],[105.626552,20.814906],[105.625937,20.81469],[105.626235,20.814292],[105.627016,20.814263],[105.627451,20.81451],[105.628034,20.81444],[105.628122,20.815311],[105.628226,20.815432],[105.629145,20.815528],[105.62951,20.81576],[105.630004,20.815667],[105.630475,20.815884],[105.630719,20.815792],[105.631236,20.814918],[105.63126,20.814607],[105.630864,20.814022],[105.630978,20.813879],[105.631925,20.813948],[105.63219,20.813754],[105.631824,20.812796],[105.63183,20.81164],[105.6317,20.811501],[105.631239,20.811487],[105.631118,20.811186],[105.631193,20.810869],[105.631529,20.810422],[105.632189,20.809865],[105.632326,20.809009],[105.632254,20.807927],[105.632666,20.807053],[105.632837,20.806064],[105.633062,20.805634],[105.633064,20.805298],[105.632752,20.80478],[105.632495,20.803986],[105.632506,20.802976],[105.633428,20.802591],[105.633931,20.802561],[105.634306,20.802392],[105.634174,20.802094],[105.634615,20.801021],[105.634659,20.800576],[105.634293,20.799331],[105.633236,20.797807],[105.633173,20.796162],[105.631598,20.794656],[105.630641,20.793918],[105.63065,20.793599],[105.630749,20.793477],[105.631663,20.793193],[105.633713,20.792924],[105.634522,20.793361],[105.634836,20.793776],[105.635421,20.795218],[105.63598,20.795311],[105.636379,20.795046],[105.637119,20.793793],[105.637435,20.793565],[105.640569,20.792727],[105.643501,20.79252],[105.645011,20.796473],[105.64528,20.7964],[105.64566,20.79652],[105.645906,20.796334],[105.645887,20.795613],[105.646327,20.795231],[105.646519,20.794565],[105.646308,20.793353],[105.646302,20.79232],[105.64826,20.792201],[105.648407,20.792032],[105.648305,20.791279],[105.648597,20.791144],[105.648653,20.790979],[105.648595,20.790523],[105.648245,20.789928],[105.648428,20.787783],[105.64803,20.786947],[105.64837,20.786205],[105.648264,20.785285],[105.64844,20.784842],[105.648197,20.784341],[105.648181,20.783516],[105.648351,20.782066],[105.648208,20.780884],[105.648359,20.780426],[105.648167,20.779551],[105.648469,20.778823],[105.648045,20.778389],[105.647794,20.777922],[105.647692,20.776612],[105.647772,20.776258],[105.648998,20.776387],[105.64941,20.776257],[105.64954,20.776017],[105.649085,20.775469],[105.648854,20.774858],[105.64921,20.771266],[105.649148,20.770848],[105.648727,20.770503],[105.649026,20.7698],[105.64836,20.769238],[105.648382,20.767776],[105.64889,20.765354],[105.649171,20.765018],[105.649713,20.76469],[105.649815,20.764475],[105.649475,20.763397],[105.649561,20.762491],[105.649282,20.762035],[105.650057,20.760407],[105.650293,20.75913],[105.65072,20.758764],[105.651009,20.758069],[105.650931,20.757582],[105.65108,20.756932],[105.650934,20.756211],[105.651308,20.755607],[105.651042,20.754207],[105.651254,20.753743],[105.651706,20.753707],[105.652132,20.753495],[105.652961,20.753445],[105.653452,20.753141],[105.653776,20.752653],[105.653783,20.751916],[105.653556,20.751252],[105.654023,20.749831],[105.654174,20.748363],[105.654396,20.74761],[105.654904,20.747063],[105.654968,20.746236],[105.655447,20.745601],[105.655556,20.745217],[105.65606,20.744489],[105.656501,20.744378],[105.65701,20.743784],[105.657482,20.742778],[105.657688,20.741013],[105.658181,20.740581],[105.658756,20.740364],[105.659284,20.740695],[105.659565,20.740665],[105.660215,20.740146],[105.660488,20.739679],[105.661188,20.739486],[105.661366,20.739263],[105.661455,20.7386],[105.662454,20.737893],[105.663808,20.736149],[105.664648,20.73579],[105.665583,20.73507],[105.666177,20.735017],[105.666665,20.735171],[105.667058,20.735052]]]}},{"type":"Feature","properties":{"id":"81297802B78295235973409","label":"바딘 · Ba Dinh (이전)","era":"2020","sourceName":"Ba Dinh","viewBounds":[105.80127860600004,21.01600400600006,105.85701490900004,21.05356506800007]},"geometry":{"type":"Polygon","coordinates":[[[105.857015,21.042733],[105.849154,21.053565],[105.842276,21.048667],[105.840114,21.050719],[105.836689,21.046764],[105.836242,21.041647],[105.831034,21.041715],[105.828497,21.03959],[105.815492,21.042577],[105.810866,21.046198],[105.806048,21.047607],[105.806288,21.037072],[105.801279,21.030222],[105.807139,21.0278],[105.806913,21.025589],[105.808757,21.025424],[105.809707,21.02692],[105.811824,21.022729],[105.810771,21.01862],[105.815813,21.016004],[105.820021,21.019203],[105.821076,21.023169],[105.819923,21.023612],[105.829404,21.03195],[105.830367,21.030018],[105.832463,21.031461],[105.841772,21.028135],[105.843932,21.03013],[105.845273,21.039423],[105.857015,21.042733]]]}},{"type":"Feature","properties":{"id":"81297802B21956500009646","label":"호안끼엠 · Hoan Kiem (이전)","era":"2020","sourceName":"Hoan Kiem","viewBounds":[105.84093050300004,21.018080955000073,105.86775985300005,21.04273301300003]},"geometry":{"type":"Polygon","coordinates":[[[105.841772,21.028135],[105.840931,21.021589],[105.842362,21.022419],[105.844388,21.01998],[105.854469,21.018081],[105.862043,21.018503],[105.86776,21.020913],[105.863189,21.033214],[105.857015,21.042733],[105.845273,21.039423],[105.843932,21.03013],[105.841772,21.028135]]]}},{"type":"Feature","properties":{"id":"81297802B85279913761146","label":"떠이호 · Tay Ho (이전)","era":"2020","sourceName":"Tay Ho","viewBounds":[105.79166332400007,21.039590169000064,105.84915372600005,21.097915741000065]},"geometry":{"type":"Polygon","coordinates":[[[105.849154,21.053565],[105.841669,21.073559],[105.842083,21.081584],[105.832889,21.088692],[105.825286,21.092511],[105.795995,21.097916],[105.791663,21.090233],[105.79333,21.090073],[105.793858,21.079425],[105.79617,21.080525],[105.799564,21.07981],[105.799956,21.073837],[105.80391,21.072314],[105.803154,21.068332],[105.805063,21.065894],[105.796648,21.057987],[105.799906,21.055428],[105.795,21.050323],[105.798204,21.047172],[105.801088,21.048854],[105.806597,21.054262],[105.80514,21.055343],[105.807978,21.056192],[105.808864,21.059235],[105.809095,21.052374],[105.806048,21.047607],[105.810866,21.046198],[105.815492,21.042577],[105.828497,21.03959],[105.831034,21.041715],[105.836242,21.041647],[105.836689,21.046764],[105.840114,21.050719],[105.842276,21.048667],[105.849154,21.053565]]]}},{"type":"Feature","properties":{"id":"81297802B92281690814663","label":"롱비엔 · Long Bien (이전)","era":"2020","sourceName":"Long Bien","viewBounds":[105.84166906300004,20.99432945700005,105.93892792900004,21.08158360400006]},"geometry":{"type":"Polygon","coordinates":[[[105.857015,21.042733],[105.863189,21.033214],[105.86776,21.020913],[105.873545,21.007583],[105.877903,21.004078],[105.882924,21.002328],[105.891067,21.000354],[105.900368,20.994329],[105.904443,21.000773],[105.903373,21.002515],[105.910044,21.004892],[105.914442,21.002057],[105.920444,21.004408],[105.919857,21.011984],[105.922638,21.012129],[105.922484,21.014178],[105.924186,21.014427],[105.923486,21.017191],[105.925705,21.017271],[105.925834,21.019786],[105.936522,21.020954],[105.934532,21.022599],[105.934759,21.02467],[105.927166,21.025702],[105.938928,21.039959],[105.931646,21.06002],[105.925884,21.07033],[105.916449,21.076655],[105.902016,21.078913],[105.893434,21.079293],[105.873642,21.068672],[105.864526,21.066816],[105.846482,21.079801],[105.842083,21.081584],[105.841669,21.073559],[105.849154,21.053565],[105.857015,21.042733]]]}},{"type":"Feature","properties":{"id":"81297802B81208073820584","label":"꺼우저이 · Cau Giay (이전)","era":"2020","sourceName":"Cau Giay","viewBounds":[105.76780791100003,21.001058147000037,105.81353920800007,21.059234837000076]},"geometry":{"type":"Polygon","coordinates":[[[105.806048,21.047607],[105.809095,21.052374],[105.808864,21.059235],[105.807978,21.056192],[105.80514,21.055343],[105.806597,21.054262],[105.801088,21.048854],[105.798204,21.047172],[105.795,21.050323],[105.793785,21.049546],[105.794591,21.04606],[105.791637,21.04606],[105.791427,21.049726],[105.78886,21.053001],[105.787059,21.049928],[105.787889,21.047301],[105.790101,21.047858],[105.79028,21.046048],[105.78639,21.046055],[105.786372,21.044294],[105.781814,21.04448],[105.780002,21.049375],[105.774702,21.048449],[105.767808,21.039587],[105.768595,21.036013],[105.773909,21.034263],[105.773473,21.032611],[105.781853,21.031288],[105.781821,21.029127],[105.784064,21.029278],[105.783282,21.020197],[105.789575,21.013181],[105.7884,21.012112],[105.790655,21.008145],[105.789143,21.00707],[105.792711,21.001058],[105.806068,21.007775],[105.811128,21.007016],[105.813539,21.00887],[105.804241,21.015703],[105.797714,21.024167],[105.801279,21.030222],[105.806288,21.037072],[105.806048,21.047607]]]}},{"type":"Feature","properties":{"id":"81297802B63935781650096","label":"동다 · Dong Da (이전)","era":"2020","sourceName":"Dong Da","viewBounds":[105.79771402300008,20.997292327000025,105.84270977400007,21.03195041200007]},"geometry":{"type":"Polygon","coordinates":[[[105.801279,21.030222],[105.797714,21.024167],[105.804241,21.015703],[105.813539,21.00887],[105.818193,21.001673],[105.820216,21.003136],[105.84271,20.997292],[105.841336,21.000372],[105.840931,21.021589],[105.841772,21.028135],[105.832463,21.031461],[105.830367,21.030018],[105.829404,21.03195],[105.819923,21.023612],[105.821076,21.023169],[105.820021,21.019203],[105.815813,21.016004],[105.810771,21.01862],[105.811824,21.022729],[105.809707,21.02692],[105.808757,21.025424],[105.806913,21.025589],[105.807139,21.0278],[105.801279,21.030222]]]}},{"type":"Feature","properties":{"id":"81297802B70315889029707","label":"하이바쯩 · Hai Ba Trung (이전)","era":"2020","sourceName":"Hai Ba Trung","viewBounds":[105.84093050300004,20.991022500000042,105.88292378000006,21.022419120000052]},"geometry":{"type":"Polygon","coordinates":[[[105.84271,20.997292],[105.841156,20.991559],[105.843146,20.991238],[105.844518,20.994266],[105.849156,20.991023],[105.851493,20.99155],[105.85049,20.992872],[105.852159,20.994056],[105.857175,20.993278],[105.859838,20.995456],[105.861334,20.994941],[105.861023,20.993044],[105.862583,20.993312],[105.862204,20.996503],[105.866643,20.995109],[105.866688,20.993796],[105.875768,20.99424],[105.875839,20.996992],[105.877765,20.997312],[105.878397,20.999502],[105.875347,21.001123],[105.875476,21.002336],[105.879512,21.000766],[105.882924,21.002328],[105.877903,21.004078],[105.873545,21.007583],[105.86776,21.020913],[105.862043,21.018503],[105.854469,21.018081],[105.844388,21.01998],[105.842362,21.022419],[105.840931,21.021589],[105.841336,21.000372],[105.84271,20.997292]]]}},{"type":"Feature","properties":{"id":"81297802B90742047749751","label":"호앙마이 · Hoang Mai (이전)","era":"2020","sourceName":"Hoang Mai","viewBounds":[105.80736737400008,20.945608226000047,105.90871927000006,21.002335678000065]},"geometry":{"type":"Polygon","coordinates":[[[105.900368,20.994329],[105.891067,21.000354],[105.882924,21.002328],[105.879512,21.000766],[105.875476,21.002336],[105.875347,21.001123],[105.878397,20.999502],[105.877765,20.997312],[105.875839,20.996992],[105.875768,20.99424],[105.866688,20.993796],[105.866643,20.995109],[105.862204,20.996503],[105.862583,20.993312],[105.861023,20.993044],[105.861334,20.994941],[105.859838,20.995456],[105.857175,20.993278],[105.852159,20.994056],[105.85049,20.992872],[105.851493,20.99155],[105.849156,20.991023],[105.844518,20.994266],[105.843146,20.991238],[105.841156,20.991559],[105.841057,20.985499],[105.836612,20.983548],[105.830577,20.992701],[105.826805,20.992621],[105.82394,20.989756],[105.824579,20.988414],[105.819282,20.985018],[105.818347,20.980734],[105.815685,20.983216],[105.813405,20.980704],[105.810859,20.981203],[105.808787,20.983999],[105.808106,20.979503],[105.809741,20.979222],[105.807367,20.9738],[105.815138,20.970284],[105.817956,20.971899],[105.824962,20.971797],[105.823775,20.968186],[105.817736,20.963017],[105.81678,20.959864],[105.820063,20.957449],[105.825888,20.956379],[105.831329,20.952714],[105.831425,20.954721],[105.835827,20.958716],[105.838998,20.957123],[105.842736,20.957739],[105.844155,20.951196],[105.858541,20.957259],[105.860357,20.953511],[105.863336,20.951513],[105.866277,20.950823],[105.866989,20.951939],[105.869995,20.950024],[105.873796,20.954758],[105.88605,20.945608],[105.902359,20.967998],[105.908719,20.981547],[105.907985,20.987148],[105.900368,20.994329]]]}},{"type":"Feature","properties":{"id":"81297802B66022953489908","label":"타인쑤언 · Thanh Xuan (이전)","era":"2020","sourceName":"Thanh Xuan","viewBounds":[105.79267626200004,20.980703611000024,105.84270977400007,21.008869725000068]},"geometry":{"type":"Polygon","coordinates":[[[105.792711,21.001058],[105.792676,20.999396],[105.79542,20.999133],[105.795366,20.995663],[105.7967,20.99524],[105.79544,20.991306],[105.79838,20.988196],[105.794514,20.985475],[105.796398,20.983301],[105.801092,20.984706],[105.799506,20.986714],[105.800998,20.987775],[105.808787,20.983999],[105.810859,20.981203],[105.813405,20.980704],[105.815685,20.983216],[105.818347,20.980734],[105.819282,20.985018],[105.824579,20.988414],[105.82394,20.989756],[105.826805,20.992621],[105.830577,20.992701],[105.836612,20.983548],[105.841057,20.985499],[105.841156,20.991559],[105.84271,20.997292],[105.820216,21.003136],[105.818193,21.001673],[105.813539,21.00887],[105.811128,21.007016],[105.806068,21.007775],[105.792711,21.001058]]]}},{"type":"Feature","properties":{"id":"81297802B46977673973725","label":"하동 · Ha Dong (이전)","era":"2020","sourceName":"Ha Dong","viewBounds":[105.70541180900005,20.91086425700007,105.80439710000007,20.996884496000064]},"geometry":{"type":"Polygon","coordinates":[[[105.734733,20.910864],[105.736668,20.91331],[105.741602,20.912707],[105.741894,20.915049],[105.750948,20.916555],[105.750867,20.92586],[105.749683,20.925633],[105.749429,20.929166],[105.751445,20.928609],[105.752284,20.931185],[105.757891,20.929737],[105.757673,20.932393],[105.761396,20.930149],[105.760646,20.928958],[105.767,20.922941],[105.776068,20.92708],[105.775411,20.929267],[105.783797,20.931374],[105.78579,20.934991],[105.785646,20.939344],[105.789418,20.939311],[105.788165,20.941086],[105.791264,20.941813],[105.794318,20.954976],[105.804397,20.958958],[105.791947,20.965674],[105.792926,20.967097],[105.790283,20.968945],[105.793255,20.970678],[105.794105,20.973535],[105.799939,20.974935],[105.798522,20.978129],[105.794986,20.980124],[105.796398,20.983301],[105.794514,20.985475],[105.78695,20.985489],[105.784909,20.986303],[105.790168,20.986327],[105.787194,20.986847],[105.784738,20.989233],[105.783532,20.986684],[105.780594,20.988565],[105.778014,20.984134],[105.775416,20.985942],[105.771313,20.985761],[105.76743,20.983142],[105.766002,20.984373],[105.764949,20.980269],[105.762453,20.979107],[105.759719,20.980603],[105.759624,20.982329],[105.757693,20.981071],[105.758059,20.984454],[105.756212,20.98888],[105.74468,20.993645],[105.743904,20.99543],[105.738639,20.994741],[105.737501,20.996884],[105.735496,20.995853],[105.73522,20.996861],[105.72971,20.994852],[105.731218,20.993123],[105.729849,20.991645],[105.730479,20.990366],[105.73304,20.990296],[105.735367,20.986505],[105.741527,20.984243],[105.740815,20.97435],[105.73886,20.970527],[105.743209,20.964266],[105.739473,20.962564],[105.73742,20.963318],[105.731345,20.959697],[105.730357,20.960863],[105.724932,20.955485],[105.725049,20.951139],[105.713237,20.944314],[105.711191,20.939352],[105.71373,20.935958],[105.706226,20.933526],[105.705412,20.931484],[105.708436,20.927437],[105.715852,20.928505],[105.72709,20.92454],[105.724537,20.915341],[105.734733,20.910864]]]}},{"type":"Feature","properties":{"id":"81297802B3906213091507","label":"박뜨리엠 · Bac Tu Liem (이전)","era":"2020","sourceName":"Bac Tu Liem","viewBounds":[105.71718254000007,21.037992994000035,105.80506289700008,21.104867339000066]},"geometry":{"type":"Polygon","coordinates":[[[105.795995,21.097916],[105.748738,21.097847],[105.737208,21.104867],[105.729462,21.09952],[105.72595,21.098981],[105.72495,21.096526],[105.727065,21.093317],[105.726222,21.085699],[105.727813,21.081835],[105.722511,21.073674],[105.719893,21.072306],[105.718671,21.074841],[105.717183,21.071295],[105.720603,21.069587],[105.728471,21.061496],[105.729623,21.056525],[105.733177,21.053992],[105.737245,21.044168],[105.738848,21.044967],[105.747024,21.04208],[105.753296,21.0381],[105.758464,21.037993],[105.761497,21.041692],[105.767808,21.039587],[105.774702,21.048449],[105.780002,21.049375],[105.781814,21.04448],[105.786372,21.044294],[105.78639,21.046055],[105.79028,21.046048],[105.790101,21.047858],[105.787889,21.047301],[105.787059,21.049928],[105.78886,21.053001],[105.791427,21.049726],[105.791637,21.04606],[105.794591,21.04606],[105.793785,21.049546],[105.795,21.050323],[105.799906,21.055428],[105.796648,21.057987],[105.805063,21.065894],[105.803154,21.068332],[105.80391,21.072314],[105.799956,21.073837],[105.799564,21.07981],[105.79617,21.080525],[105.793858,21.079425],[105.79333,21.090073],[105.791663,21.090233],[105.795995,21.097916]]]}},{"type":"Feature","properties":{"id":"81297802B23821385944469","label":"남뜨리엠 · Nam Tu Liem (이전)","era":"2020","sourceName":"Nam Tu Liem","viewBounds":[105.72619409600009,20.97910678200003,105.79837958100006,21.056524608000075]},"geometry":{"type":"Polygon","coordinates":[[[105.729623,21.056525],[105.726194,21.052353],[105.72839,21.050436],[105.727605,21.048064],[105.732369,21.045822],[105.734485,21.040454],[105.734029,21.037744],[105.738632,21.03641],[105.739082,21.034162],[105.736965,21.030582],[105.738813,21.028529],[105.73761,21.025842],[105.739146,21.024966],[105.738642,21.022772],[105.736782,21.023189],[105.73523,21.021628],[105.734319,21.022587],[105.730524,21.017496],[105.733786,21.015449],[105.732415,21.011936],[105.73319,21.008388],[105.735597,21.008075],[105.734231,21.003986],[105.73522,20.996861],[105.735496,20.995853],[105.737501,20.996884],[105.738639,20.994741],[105.743904,20.99543],[105.74468,20.993645],[105.756212,20.98888],[105.758059,20.984454],[105.757693,20.981071],[105.759624,20.982329],[105.759719,20.980603],[105.762453,20.979107],[105.764949,20.980269],[105.766002,20.984373],[105.76743,20.983142],[105.771313,20.985761],[105.775416,20.985942],[105.778014,20.984134],[105.780594,20.988565],[105.783532,20.986684],[105.784738,20.989233],[105.787194,20.986847],[105.790168,20.986327],[105.784909,20.986303],[105.78695,20.985489],[105.794514,20.985475],[105.79838,20.988196],[105.79544,20.991306],[105.7967,20.99524],[105.795366,20.995663],[105.79542,20.999133],[105.792676,20.999396],[105.792711,21.001058],[105.789143,21.00707],[105.790655,21.008145],[105.7884,21.012112],[105.789575,21.013181],[105.783282,21.020197],[105.784064,21.029278],[105.781821,21.029127],[105.781853,21.031288],[105.773473,21.032611],[105.773909,21.034263],[105.768595,21.036013],[105.767808,21.039587],[105.761497,21.041692],[105.758464,21.037993],[105.753296,21.0381],[105.747024,21.04208],[105.738848,21.044967],[105.737245,21.044168],[105.733177,21.053992],[105.729623,21.056525]]]}},{"type":"Feature","properties":{"id":"81297802B79469395018575","label":"Son Tay (이전)","era":"2020","sourceName":"Son Tay","viewBounds":[105.41467400600004,21.02071546800005,105.53785130200004,21.172670794000055]},"geometry":{"type":"Polygon","coordinates":[[[105.47139,21.020715],[105.488764,21.038932],[105.505773,21.024343],[105.509179,21.025211],[105.509585,21.027499],[105.511277,21.027151],[105.513039,21.030745],[105.516949,21.03301],[105.516981,21.035717],[105.520523,21.03603],[105.526689,21.043227],[105.529097,21.044157],[105.529179,21.04812],[105.535857,21.055273],[105.533928,21.055628],[105.534137,21.060753],[105.531259,21.061646],[105.529348,21.064387],[105.531955,21.069976],[105.535612,21.071595],[105.535634,21.072842],[105.537851,21.072682],[105.535084,21.074636],[105.531787,21.074695],[105.532138,21.08071],[105.523643,21.083984],[105.523114,21.087808],[105.524579,21.089314],[105.517651,21.090119],[105.516764,21.09217],[105.514342,21.090221],[105.510178,21.093918],[105.511428,21.095072],[105.507615,21.097376],[105.507183,21.095885],[105.501779,21.094921],[105.50073,21.09856],[105.503747,21.09949],[105.505948,21.103125],[105.505833,21.106453],[105.502689,21.106536],[105.50078,21.112425],[105.505143,21.119841],[105.504539,21.122604],[105.509682,21.125278],[105.511856,21.124342],[105.513834,21.129931],[105.515726,21.128102],[105.516921,21.129945],[105.519037,21.128547],[105.520269,21.131198],[105.524629,21.133836],[105.52076,21.13893],[105.51635,21.140272],[105.51557,21.144733],[105.51692,21.150642],[105.515566,21.156417],[105.492218,21.160942],[105.474009,21.172671],[105.469647,21.168585],[105.467849,21.169121],[105.467521,21.16369],[105.465984,21.162465],[105.467111,21.161324],[105.463195,21.159098],[105.464713,21.157665],[105.463638,21.155509],[105.46089,21.156578],[105.457488,21.152963],[105.458524,21.150822],[105.456966,21.145937],[105.451256,21.147809],[105.453903,21.145405],[105.45162,21.143652],[105.44895,21.144595],[105.449368,21.147092],[105.446296,21.146992],[105.445431,21.148969],[105.43992,21.148335],[105.435863,21.152032],[105.431509,21.152013],[105.421134,21.143976],[105.417947,21.143803],[105.419419,21.142454],[105.415804,21.138171],[105.416361,21.137068],[105.414674,21.13652],[105.415313,21.134611],[105.418688,21.134128],[105.41878,21.132463],[105.422415,21.130533],[105.425479,21.122027],[105.430371,21.119292],[105.430073,21.106675],[105.424158,21.105538],[105.424388,21.104585],[105.426729,21.105093],[105.42655,21.103714],[105.428943,21.104071],[105.434251,21.101001],[105.442194,21.104656],[105.44141,21.102736],[105.443351,21.098234],[105.441739,21.097155],[105.445322,21.095078],[105.439495,21.087069],[105.440367,21.083047],[105.438417,21.079924],[105.44204,21.074254],[105.439701,21.069534],[105.440794,21.066565],[105.445676,21.062012],[105.449798,21.063395],[105.454593,21.06785],[105.454346,21.064128],[105.459098,21.070493],[105.459959,21.06683],[105.457367,21.059896],[105.458651,21.05883],[105.460719,21.068923],[105.465682,21.07234],[105.464076,21.070123],[105.464373,21.067381],[105.461624,21.064471],[105.461534,21.059034],[105.458684,21.056248],[105.457767,21.032146],[105.465502,21.023945],[105.47139,21.020715]]]}},{"type":"Feature","properties":{"id":"81297802B94958861355476","label":"Ba Vi (이전)","era":"2020","sourceName":"Ba Vi","viewBounds":[105.28489858700004,21.007496523000043,105.47400851800006,21.30387781400003]},"geometry":{"type":"Polygon","coordinates":[[[105.443516,21.2649],[105.440333,21.279455],[105.436572,21.286547],[105.400432,21.303179],[105.39539,21.303878],[105.389321,21.302206],[105.370006,21.292018],[105.361189,21.284509],[105.356307,21.291517],[105.356177,21.260318],[105.347203,21.226103],[105.339022,21.209547],[105.341787,21.209016],[105.340962,21.208117],[105.332774,21.204075],[105.322797,21.201742],[105.303691,21.191584],[105.290816,21.165881],[105.285001,21.166316],[105.284899,21.162954],[105.29783,21.144835],[105.308515,21.13318],[105.31988,21.113613],[105.320273,21.109175],[105.316803,21.093525],[105.301413,21.071153],[105.294163,21.053418],[105.296837,21.03736],[105.304826,21.022067],[105.314252,21.016126],[105.31748,21.012216],[105.323215,21.016194],[105.324802,21.021569],[105.328749,21.017611],[105.326557,21.016405],[105.327479,21.014007],[105.324841,21.010361],[105.326058,21.009025],[105.333919,21.007971],[105.335359,21.009259],[105.334557,21.010416],[105.339119,21.013584],[105.342091,21.012793],[105.34795,21.013959],[105.351511,21.008683],[105.354804,21.007497],[105.366419,21.012717],[105.374252,21.013613],[105.380035,21.019772],[105.387406,21.024273],[105.386807,21.017718],[105.393694,21.014168],[105.397849,21.014949],[105.401601,21.013641],[105.410466,21.017957],[105.413688,21.013562],[105.417588,21.011475],[105.431408,21.014871],[105.435189,21.017183],[105.442996,21.01442],[105.450574,21.014427],[105.454792,21.011867],[105.458646,21.013368],[105.466212,21.009214],[105.467966,21.009872],[105.467927,21.013256],[105.47139,21.020715],[105.465502,21.023945],[105.457767,21.032146],[105.458684,21.056248],[105.461534,21.059034],[105.461624,21.064471],[105.464373,21.067381],[105.464076,21.070123],[105.465682,21.07234],[105.460719,21.068923],[105.458651,21.05883],[105.457367,21.059896],[105.459959,21.06683],[105.459098,21.070493],[105.454346,21.064128],[105.454593,21.06785],[105.449798,21.063395],[105.445676,21.062012],[105.440794,21.066565],[105.439701,21.069534],[105.44204,21.074254],[105.438417,21.079924],[105.440367,21.083047],[105.439495,21.087069],[105.445322,21.095078],[105.441739,21.097155],[105.443351,21.098234],[105.44141,21.102736],[105.442194,21.104656],[105.434251,21.101001],[105.428943,21.104071],[105.42655,21.103714],[105.426729,21.105093],[105.424388,21.104585],[105.424158,21.105538],[105.430073,21.106675],[105.430371,21.119292],[105.425479,21.122027],[105.422415,21.130533],[105.41878,21.132463],[105.418688,21.134128],[105.415313,21.134611],[105.414674,21.13652],[105.416361,21.137068],[105.415804,21.138171],[105.419419,21.142454],[105.417947,21.143803],[105.421134,21.143976],[105.431509,21.152013],[105.435863,21.152032],[105.43992,21.148335],[105.445431,21.148969],[105.446296,21.146992],[105.449368,21.147092],[105.44895,21.144595],[105.45162,21.143652],[105.453903,21.145405],[105.451256,21.147809],[105.456966,21.145937],[105.458524,21.150822],[105.457488,21.152963],[105.46089,21.156578],[105.463638,21.155509],[105.464713,21.157665],[105.463195,21.159098],[105.467111,21.161324],[105.465984,21.162465],[105.467521,21.16369],[105.467849,21.169121],[105.469647,21.168585],[105.474009,21.172671],[105.469561,21.176648],[105.466685,21.200553],[105.464428,21.201143],[105.463987,21.207214],[105.462246,21.207053],[105.46076,21.221165],[105.446011,21.245368],[105.443516,21.2649]]]}},{"type":"Feature","properties":{"id":"81297802B99190294686821","label":"Chuong My (이전)","era":"2020","sourceName":"Chuong My","viewBounds":[105.54984801200004,20.79243159300006,105.76122298800004,20.964555734000044]},"geometry":{"type":"Polygon","coordinates":[[[105.725049,20.951139],[105.715359,20.955746],[105.712334,20.955171],[105.708929,20.957894],[105.707349,20.956177],[105.704709,20.957539],[105.699643,20.955471],[105.69388,20.955633],[105.69528,20.964556],[105.692327,20.961616],[105.690027,20.962608],[105.685607,20.961005],[105.686169,20.95832],[105.682674,20.957564],[105.68314,20.955245],[105.679558,20.95425],[105.678872,20.950853],[105.676316,20.951792],[105.662967,20.94897],[105.651783,20.951647],[105.645033,20.951032],[105.642738,20.954072],[105.638238,20.952896],[105.638529,20.954121],[105.633716,20.954869],[105.63275,20.949496],[105.626228,20.94322],[105.625549,20.94095],[105.622505,20.939478],[105.623517,20.937564],[105.618676,20.936442],[105.618544,20.934417],[105.620553,20.93269],[105.61907,20.930371],[105.617324,20.930186],[105.615151,20.932964],[105.613029,20.931857],[105.615605,20.928154],[105.615105,20.925895],[105.609403,20.923272],[105.606239,20.924],[105.602269,20.922342],[105.602523,20.918265],[105.597932,20.91782],[105.597693,20.913123],[105.594257,20.913772],[105.592789,20.911432],[105.591215,20.91197],[105.591641,20.913205],[105.588411,20.913087],[105.587178,20.911254],[105.581998,20.910104],[105.582345,20.912301],[105.579047,20.916013],[105.567284,20.911154],[105.567628,20.902012],[105.563776,20.898342],[105.56321,20.895537],[105.561405,20.897189],[105.559964,20.890121],[105.557154,20.889261],[105.557337,20.88767],[105.555148,20.886077],[105.556321,20.879684],[105.559284,20.880964],[105.559593,20.877681],[105.561665,20.875565],[105.565872,20.875146],[105.56968,20.869983],[105.575288,20.867278],[105.575446,20.864298],[105.579377,20.861511],[105.578415,20.859991],[105.58011,20.858077],[105.582941,20.859505],[105.584926,20.85833],[105.583888,20.855756],[105.584752,20.848401],[105.586451,20.847528],[105.585491,20.84518],[105.588138,20.844885],[105.58528,20.842784],[105.586346,20.841019],[105.585295,20.839664],[105.580354,20.836148],[105.579482,20.826596],[105.574646,20.82234],[105.561734,20.820762],[105.558226,20.809515],[105.555789,20.806344],[105.549848,20.802742],[105.560868,20.801772],[105.565689,20.798114],[105.572784,20.795797],[105.58847,20.795286],[105.58661,20.809377],[105.583358,20.811818],[105.583556,20.815801],[105.585406,20.819271],[105.587837,20.820274],[105.587278,20.827502],[105.589382,20.831501],[105.594808,20.830669],[105.597679,20.83322],[105.596955,20.83863],[105.600946,20.841418],[105.603288,20.838583],[105.610128,20.837825],[105.616647,20.831467],[105.626378,20.832258],[105.631059,20.82937],[105.633476,20.830159],[105.632098,20.838141],[105.636074,20.838894],[105.636362,20.835127],[105.635045,20.833261],[105.637083,20.83032],[105.642054,20.827826],[105.640349,20.822176],[105.638291,20.82304],[105.63644,20.821588],[105.630882,20.82359],[105.633008,20.821352],[105.628909,20.819953],[105.63199,20.819772],[105.630685,20.81697],[105.628842,20.816494],[105.632048,20.813628],[105.63068,20.810617],[105.633036,20.807116],[105.632494,20.803073],[105.63434,20.801814],[105.631054,20.797456],[105.632973,20.795924],[105.630743,20.793637],[105.643157,20.792632],[105.64387,20.794121],[105.648351,20.792432],[105.648311,20.793669],[105.650715,20.794036],[105.650212,20.809497],[105.648601,20.813518],[105.657339,20.814682],[105.664168,20.813078],[105.663313,20.815362],[105.667429,20.812951],[105.66765,20.815796],[105.66951,20.814474],[105.669078,20.816747],[105.67191,20.814005],[105.679471,20.814573],[105.6822,20.812627],[105.681894,20.814218],[105.685987,20.814158],[105.686068,20.812758],[105.688384,20.812212],[105.694507,20.812361],[105.695235,20.8151],[105.697386,20.815331],[105.699439,20.81911],[105.696717,20.825871],[105.697225,20.827986],[105.70732,20.828513],[105.707716,20.829908],[105.710075,20.829905],[105.710868,20.826872],[105.707031,20.824287],[105.707756,20.818199],[105.710095,20.814367],[105.709441,20.809591],[105.725733,20.807408],[105.735319,20.808979],[105.744833,20.805228],[105.75496,20.813493],[105.75246,20.819636],[105.753364,20.82505],[105.761223,20.835588],[105.759497,20.837273],[105.738917,20.836714],[105.733474,20.840847],[105.734317,20.843491],[105.738025,20.846122],[105.750984,20.846638],[105.755564,20.848315],[105.756331,20.8503],[105.750589,20.856255],[105.743457,20.858262],[105.73626,20.86245],[105.728925,20.871053],[105.729005,20.875497],[105.734574,20.872858],[105.737973,20.875861],[105.739017,20.880523],[105.739214,20.887031],[105.736477,20.892091],[105.732411,20.893891],[105.727154,20.893021],[105.72726,20.901344],[105.730889,20.907935],[105.734733,20.910864],[105.724537,20.915341],[105.72709,20.92454],[105.715852,20.928505],[105.708436,20.927437],[105.705412,20.931484],[105.706226,20.933526],[105.71373,20.935958],[105.711191,20.939352],[105.713237,20.944314],[105.725049,20.951139]]]}},{"type":"Feature","properties":{"id":"81297802B64128830492510","label":"Dan Phuong (이전)","era":"2020","sourceName":"Dan Phuong","viewBounds":[105.62336257700008,21.065907199000037,105.73965891400007,21.175279875000058]},"geometry":{"type":"Polygon","coordinates":[[[105.737208,21.104867],[105.739659,21.10915],[105.734614,21.116194],[105.733322,21.122094],[105.723402,21.133171],[105.719445,21.134457],[105.718709,21.132482],[105.714426,21.129925],[105.708316,21.137121],[105.694039,21.140833],[105.678978,21.149792],[105.671721,21.156454],[105.648878,21.158952],[105.64281,21.162046],[105.637296,21.165208],[105.626651,21.17528],[105.628261,21.143616],[105.625001,21.139923],[105.623363,21.134544],[105.630596,21.125255],[105.625114,21.120744],[105.6246,21.118155],[105.630425,21.113224],[105.639608,21.109775],[105.638447,21.105561],[105.636328,21.10706],[105.634462,21.10133],[105.642959,21.096958],[105.646981,21.091251],[105.644577,21.08533],[105.646428,21.070024],[105.651803,21.068163],[105.659143,21.071951],[105.664128,21.065907],[105.666805,21.067544],[105.665881,21.068729],[105.664308,21.068037],[105.664238,21.070301],[105.667029,21.072529],[105.672644,21.070356],[105.67207,21.07154],[105.676852,21.075166],[105.675468,21.076544],[105.679483,21.080577],[105.677687,21.081518],[105.678712,21.084046],[105.686992,21.090239],[105.6897,21.088217],[105.696802,21.086688],[105.697266,21.083282],[105.701566,21.080451],[105.699195,21.074625],[105.704925,21.071504],[105.708232,21.071158],[105.709207,21.074054],[105.717183,21.071295],[105.718671,21.074841],[105.719893,21.072306],[105.722511,21.073674],[105.727813,21.081835],[105.726222,21.085699],[105.727065,21.093317],[105.72495,21.096526],[105.72595,21.098981],[105.729462,21.09952],[105.737208,21.104867]]]}},{"type":"Feature","properties":{"id":"81297802B58266448529829","label":"Dong Anh (이전)","era":"2020","sourceName":"Dong Anh","viewBounds":[105.73332240900004,21.066815665000036,105.92654854100005,21.206574783000065]},"geometry":{"type":"Polygon","coordinates":[[[105.795995,21.097916],[105.825286,21.092511],[105.832889,21.088692],[105.842083,21.081584],[105.846482,21.079801],[105.864526,21.066816],[105.873642,21.068672],[105.893434,21.079293],[105.902016,21.078913],[105.904637,21.082563],[105.905745,21.089852],[105.90269,21.09072],[105.89642,21.098472],[105.897736,21.101365],[105.899251,21.101185],[105.900196,21.106633],[105.901318,21.105498],[105.905492,21.113977],[105.915591,21.119993],[105.913207,21.125688],[105.919321,21.129909],[105.917992,21.13204],[105.922013,21.135353],[105.924683,21.133317],[105.925565,21.136126],[105.923736,21.138063],[105.926549,21.140506],[105.926042,21.146544],[105.923604,21.146944],[105.919594,21.155461],[105.922986,21.162744],[105.919181,21.163396],[105.917162,21.167793],[105.918383,21.173528],[105.921188,21.173785],[105.921602,21.177039],[105.920193,21.17839],[105.923553,21.182711],[105.915587,21.187166],[105.91612,21.188812],[105.913656,21.191559],[105.907196,21.192287],[105.905536,21.182882],[105.900625,21.182273],[105.901481,21.178181],[105.896351,21.177029],[105.898198,21.18333],[105.88927,21.185319],[105.887076,21.189852],[105.88059,21.187185],[105.877116,21.18669],[105.876164,21.187784],[105.876754,21.189098],[105.881684,21.189098],[105.886266,21.198963],[105.891958,21.202465],[105.887923,21.205697],[105.875509,21.201899],[105.871702,21.206575],[105.872725,21.200293],[105.871202,21.197795],[105.867704,21.197771],[105.866931,21.200602],[105.864694,21.200555],[105.859328,21.19526],[105.850953,21.190728],[105.845516,21.188848],[105.84009,21.19043],[105.834986,21.186218],[105.828657,21.188479],[105.81488,21.184267],[105.812727,21.1856],[105.815284,21.186694],[105.815252,21.18799],[105.811977,21.191013],[105.807956,21.190775],[105.800746,21.187408],[105.795297,21.192548],[105.790059,21.190587],[105.789301,21.188195],[105.791923,21.186053],[105.78957,21.183273],[105.791088,21.182593],[105.790455,21.180091],[105.788061,21.180171],[105.787932,21.178956],[105.783784,21.177303],[105.775426,21.178923],[105.771871,21.178181],[105.771344,21.16976],[105.770102,21.169503],[105.771411,21.14773],[105.77289,21.145423],[105.768186,21.138199],[105.763696,21.135465],[105.752489,21.135044],[105.753067,21.131796],[105.749802,21.13471],[105.750198,21.137265],[105.747283,21.137228],[105.745843,21.133647],[105.744322,21.13366],[105.74338,21.131221],[105.741929,21.132912],[105.740877,21.128841],[105.738413,21.128405],[105.735443,21.123851],[105.735963,21.121658],[105.733322,21.122094],[105.734614,21.116194],[105.739659,21.10915],[105.737208,21.104867],[105.748738,21.097847],[105.795995,21.097916]]]}},{"type":"Feature","properties":{"id":"81297802B60728672974675","label":"Gia Lam (이전)","era":"2020","sourceName":"Gia Lam","viewBounds":[105.88034090500008,20.92632829200005,106.02007249800005,21.12080825000004]},"geometry":{"type":"Polygon","coordinates":[[[105.902016,21.078913],[105.916449,21.076655],[105.925884,21.07033],[105.931646,21.06002],[105.938928,21.039959],[105.927166,21.025702],[105.934759,21.02467],[105.934532,21.022599],[105.936522,21.020954],[105.925834,21.019786],[105.925705,21.017271],[105.923486,21.017191],[105.924186,21.014427],[105.922484,21.014178],[105.922638,21.012129],[105.919857,21.011984],[105.920444,21.004408],[105.914442,21.002057],[105.910044,21.004892],[105.903373,21.002515],[105.904443,21.000773],[105.900368,20.994329],[105.907985,20.987148],[105.908719,20.981547],[105.902359,20.967998],[105.88605,20.945608],[105.880341,20.935101],[105.882171,20.931305],[105.887367,20.929349],[105.89992,20.92858],[105.908459,20.926328],[105.915079,20.937082],[105.904154,20.946651],[105.906511,20.958026],[105.912321,20.971085],[105.915177,20.972243],[105.915728,20.975503],[105.924779,20.976124],[105.92486,20.974364],[105.929833,20.972627],[105.932236,20.973507],[105.938621,20.967838],[105.948617,20.969329],[105.948587,20.967519],[105.955215,20.968484],[105.95515,20.966097],[105.956693,20.967502],[105.956386,20.966057],[105.964632,20.963145],[105.964749,20.972631],[105.962383,20.973949],[105.961894,20.98101],[105.965191,20.984179],[105.9613,20.988236],[105.961795,20.98973],[105.966612,20.991109],[105.969014,20.98858],[105.972445,20.989588],[105.97206,20.996675],[105.977525,20.998937],[105.984278,20.996691],[105.989253,20.998236],[105.991725,21.001025],[105.994051,21.000423],[105.994288,21.001403],[105.999381,20.999263],[106.001238,21.000026],[105.9991,21.006602],[106.007791,21.008335],[106.010232,21.011245],[106.009575,21.012401],[106.004935,21.011632],[106.004738,21.013917],[106.006821,21.016171],[106.004545,21.017257],[106.00438,21.021527],[106.006788,21.024316],[106.009408,21.024452],[106.006463,21.028847],[106.013038,21.030512],[106.01645,21.034337],[106.018421,21.04049],[106.020072,21.041205],[106.019899,21.047497],[106.014273,21.050709],[106.015133,21.052479],[106.013417,21.05346],[106.013788,21.055723],[106.010582,21.057736],[106.008189,21.055627],[106.007041,21.057691],[106.009503,21.062559],[106.008354,21.064628],[106.006276,21.062982],[105.999125,21.074385],[105.99335,21.068875],[105.967924,21.072114],[105.968638,21.073599],[105.961942,21.077911],[105.959986,21.088461],[105.957935,21.091387],[105.940277,21.083468],[105.939361,21.087725],[105.940955,21.089048],[105.939099,21.091796],[105.937921,21.091142],[105.935637,21.095258],[105.93484,21.097495],[105.936339,21.101457],[105.934236,21.102774],[105.934981,21.104943],[105.930957,21.108867],[105.931167,21.11098],[105.929301,21.112547],[105.928218,21.111159],[105.921725,21.114699],[105.920904,21.116055],[105.923293,21.120808],[105.918821,21.118908],[105.915623,21.118955],[105.915591,21.119993],[105.905492,21.113977],[105.901318,21.105498],[105.900196,21.106633],[105.899251,21.101185],[105.897736,21.101365],[105.89642,21.098472],[105.90269,21.09072],[105.905745,21.089852],[105.904637,21.082563],[105.902016,21.078913]]]}},{"type":"Feature","properties":{"id":"81297802B48396752750587","label":"Hoai Duc (이전)","era":"2020","sourceName":"Hoai Duc","viewBounds":[105.64647378200004,20.955485211000052,105.74320914400005,21.090239347000022]},"geometry":{"type":"Polygon","coordinates":[[[105.717183,21.071295],[105.709207,21.074054],[105.708232,21.071158],[105.704925,21.071504],[105.699195,21.074625],[105.701566,21.080451],[105.697266,21.083282],[105.696802,21.086688],[105.6897,21.088217],[105.686992,21.090239],[105.678712,21.084046],[105.677687,21.081518],[105.679483,21.080577],[105.675468,21.076544],[105.676852,21.075166],[105.67207,21.07154],[105.672644,21.070356],[105.667029,21.072529],[105.664238,21.070301],[105.664308,21.068037],[105.665881,21.068729],[105.666805,21.067544],[105.664128,21.065907],[105.665128,21.061266],[105.661156,21.058159],[105.655521,21.059533],[105.649875,21.064564],[105.646474,21.064445],[105.6508,21.043915],[105.654621,21.039532],[105.654566,21.037367],[105.665177,21.033032],[105.668857,21.024093],[105.677424,21.018709],[105.676967,21.008402],[105.66682,21.009736],[105.663303,21.006893],[105.667158,20.995105],[105.665176,20.982638],[105.667899,20.982372],[105.675857,20.986035],[105.681953,20.978256],[105.686069,20.976109],[105.683163,20.97014],[105.684249,20.969239],[105.686903,20.969506],[105.688979,20.97403],[105.693722,20.976956],[105.699408,20.977573],[105.710782,20.970905],[105.715759,20.962635],[105.724932,20.955485],[105.730357,20.960863],[105.731345,20.959697],[105.73742,20.963318],[105.739473,20.962564],[105.743209,20.964266],[105.73886,20.970527],[105.740815,20.97435],[105.741527,20.984243],[105.735367,20.986505],[105.73304,20.990296],[105.730479,20.990366],[105.729849,20.991645],[105.731218,20.993123],[105.72971,20.994852],[105.73522,20.996861],[105.734231,21.003986],[105.735597,21.008075],[105.73319,21.008388],[105.732415,21.011936],[105.733786,21.015449],[105.730524,21.017496],[105.734319,21.022587],[105.73523,21.021628],[105.736782,21.023189],[105.738642,21.022772],[105.739146,21.024966],[105.73761,21.025842],[105.738813,21.028529],[105.736965,21.030582],[105.739082,21.034162],[105.738632,21.03641],[105.734029,21.037744],[105.734485,21.040454],[105.732369,21.045822],[105.727605,21.048064],[105.72839,21.050436],[105.726194,21.052353],[105.729623,21.056525],[105.728471,21.061496],[105.720603,21.069587],[105.717183,21.071295]]]}},{"type":"Feature","properties":{"id":"81297802B91668671895601","label":"Me Linh (이전)","era":"2020","sourceName":"Me Linh","viewBounds":[105.61517754300007,21.121657672000026,105.79192333600008,21.23963098400003]},"geometry":{"type":"Polygon","coordinates":[[[105.635561,21.216461],[105.639216,21.211465],[105.638511,21.207144],[105.63154,21.208718],[105.628282,21.210969],[105.621055,21.205917],[105.616424,21.208233],[105.615178,21.207195],[105.616427,21.202235],[105.622392,21.200966],[105.621897,21.194705],[105.624171,21.193644],[105.624654,21.188016],[105.629816,21.184088],[105.628102,21.180856],[105.624539,21.18072],[105.626651,21.17528],[105.637296,21.165208],[105.64281,21.162046],[105.648878,21.158952],[105.671721,21.156454],[105.678978,21.149792],[105.694039,21.140833],[105.708316,21.137121],[105.714426,21.129925],[105.718709,21.132482],[105.719445,21.134457],[105.723402,21.133171],[105.733322,21.122094],[105.735963,21.121658],[105.735443,21.123851],[105.738413,21.128405],[105.740877,21.128841],[105.741929,21.132912],[105.74338,21.131221],[105.744322,21.13366],[105.745843,21.133647],[105.747283,21.137228],[105.750198,21.137265],[105.749802,21.13471],[105.753067,21.131796],[105.752489,21.135044],[105.763696,21.135465],[105.768186,21.138199],[105.77289,21.145423],[105.771411,21.14773],[105.770102,21.169503],[105.771344,21.16976],[105.771871,21.178181],[105.775426,21.178923],[105.783784,21.177303],[105.787932,21.178956],[105.788061,21.180171],[105.790455,21.180091],[105.791088,21.182593],[105.78957,21.183273],[105.791923,21.186053],[105.789301,21.188195],[105.790059,21.190587],[105.789006,21.19538],[105.787067,21.197436],[105.777956,21.200175],[105.771262,21.205284],[105.769163,21.21405],[105.763196,21.213108],[105.760569,21.21465],[105.757956,21.223045],[105.75383,21.221945],[105.750432,21.227785],[105.741569,21.231808],[105.735002,21.232844],[105.732199,21.230732],[105.731414,21.231496],[105.724263,21.225358],[105.721874,21.227922],[105.719372,21.222745],[105.715516,21.224705],[105.709208,21.219852],[105.703407,21.221315],[105.70165,21.218492],[105.700678,21.220141],[105.698659,21.219891],[105.697544,21.218495],[105.698255,21.212479],[105.693013,21.221278],[105.690426,21.220067],[105.688854,21.220895],[105.685604,21.228943],[105.682513,21.230376],[105.682989,21.231785],[105.688795,21.232756],[105.688641,21.23429],[105.685978,21.235516],[105.681904,21.234964],[105.678935,21.228549],[105.676166,21.226944],[105.671468,21.230405],[105.675292,21.233776],[105.67471,21.236248],[105.670087,21.232887],[105.668593,21.233545],[105.666761,21.239631],[105.663992,21.236334],[105.660104,21.234659],[105.656016,21.235078],[105.65118,21.237971],[105.644347,21.234168],[105.645265,21.227234],[105.651288,21.225693],[105.654369,21.227582],[105.658647,21.223196],[105.658573,21.22105],[105.655719,21.218822],[105.645361,21.215443],[105.638246,21.217801],[105.635561,21.216461]]]}},{"type":"Feature","properties":{"id":"81297802B48632704069528","label":"My Duc (이전)","era":"2020","sourceName":"My Duc","viewBounds":[105.64831107200007,20.56451542800005,105.81298094700009,20.829907714000058]},"geometry":{"type":"Polygon","coordinates":[[[105.648311,20.793669],[105.649689,20.760917],[105.657801,20.74143],[105.666564,20.734123],[105.661416,20.72379],[105.663632,20.717551],[105.669601,20.712757],[105.671521,20.70749],[105.681611,20.698473],[105.682531,20.695465],[105.680751,20.691148],[105.679465,20.691028],[105.678905,20.68376],[105.671938,20.680275],[105.66871,20.68024],[105.669444,20.675931],[105.673486,20.670197],[105.672238,20.668044],[105.67348,20.664895],[105.675312,20.663563],[105.677147,20.665133],[105.676887,20.67171],[105.679008,20.669336],[105.680058,20.661907],[105.678336,20.660547],[105.680907,20.652409],[105.67859,20.646667],[105.682094,20.640244],[105.686557,20.637916],[105.683569,20.635113],[105.684766,20.633],[105.678359,20.628408],[105.677007,20.629826],[105.673251,20.629194],[105.671086,20.632223],[105.668604,20.629227],[105.665699,20.63018],[105.663555,20.628133],[105.666751,20.62353],[105.665394,20.621333],[105.66619,20.616993],[105.673436,20.615892],[105.681594,20.617388],[105.682855,20.615882],[105.686425,20.615994],[105.690649,20.621313],[105.696989,20.619756],[105.698683,20.621767],[105.701228,20.621356],[105.704033,20.615628],[105.70366,20.610593],[105.705309,20.609208],[105.704038,20.602654],[105.708287,20.598696],[105.720194,20.596453],[105.722843,20.597781],[105.727347,20.605355],[105.732879,20.599619],[105.743119,20.598863],[105.747508,20.592195],[105.752344,20.589523],[105.764815,20.575877],[105.768582,20.56531],[105.777134,20.564515],[105.779698,20.566197],[105.78215,20.564855],[105.795459,20.567929],[105.799428,20.58163],[105.801728,20.584554],[105.801283,20.59322],[105.805422,20.59946],[105.807764,20.597313],[105.80852,20.599039],[105.80693,20.600581],[105.811628,20.60444],[105.806788,20.607094],[105.805819,20.610689],[105.812561,20.616236],[105.812981,20.618219],[105.807354,20.61749],[105.802464,20.612423],[105.79769,20.611952],[105.783774,20.618741],[105.777241,20.623783],[105.776782,20.624805],[105.779527,20.626734],[105.792452,20.62753],[105.797988,20.629592],[105.803105,20.634269],[105.802665,20.640828],[105.7914,20.647388],[105.78345,20.658296],[105.772287,20.668629],[105.756597,20.678952],[105.742993,20.690296],[105.742762,20.693813],[105.744595,20.695503],[105.755993,20.69826],[105.760772,20.702055],[105.763025,20.707125],[105.762439,20.718044],[105.765208,20.721262],[105.77089,20.723168],[105.769934,20.725927],[105.760783,20.73171],[105.754986,20.728644],[105.743539,20.727083],[105.732772,20.721541],[105.730843,20.72348],[105.733637,20.730035],[105.730667,20.736996],[105.711545,20.741795],[105.697346,20.742523],[105.697918,20.750909],[105.707003,20.752023],[105.714824,20.756794],[105.724916,20.768392],[105.726813,20.773823],[105.725229,20.778048],[105.716996,20.783193],[105.705647,20.798765],[105.709441,20.809591],[105.710095,20.814367],[105.707756,20.818199],[105.707031,20.824287],[105.710868,20.826872],[105.710075,20.829905],[105.707716,20.829908],[105.70732,20.828513],[105.697225,20.827986],[105.696717,20.825871],[105.699439,20.81911],[105.697386,20.815331],[105.695235,20.8151],[105.694507,20.812361],[105.688384,20.812212],[105.686068,20.812758],[105.685987,20.814158],[105.681894,20.814218],[105.6822,20.812627],[105.679471,20.814573],[105.67191,20.814005],[105.669078,20.816747],[105.66951,20.814474],[105.66765,20.815796],[105.667429,20.812951],[105.663313,20.815362],[105.664168,20.813078],[105.657339,20.814682],[105.648601,20.813518],[105.650212,20.809497],[105.650715,20.794036],[105.648311,20.793669]]]}},{"type":"Feature","properties":{"id":"81297802B25831565259333","label":"Phu Xuyen (이전)","era":"2020","sourceName":"Phu Xuyen","viewBounds":[105.79194398300007,20.65038336300006,106.00288877100007,20.807345523000038]},"geometry":{"type":"Polygon","coordinates":[[[106.002889,20.704364],[105.988984,20.703841],[105.978881,20.699324],[105.973161,20.700503],[105.964335,20.724991],[105.964906,20.728636],[105.969587,20.734293],[105.967498,20.749011],[105.967667,20.759429],[105.968435,20.769827],[105.963208,20.777456],[105.953912,20.781071],[105.932419,20.78534],[105.923549,20.791427],[105.917496,20.787439],[105.916658,20.788936],[105.913288,20.786887],[105.911272,20.775808],[105.916113,20.767448],[105.919736,20.764117],[105.906349,20.756821],[105.902872,20.752031],[105.898787,20.754725],[105.897802,20.753743],[105.893936,20.755179],[105.889856,20.751992],[105.887126,20.753939],[105.886799,20.756262],[105.891662,20.764885],[105.895315,20.767576],[105.896167,20.773069],[105.89343,20.772659],[105.892687,20.774198],[105.889462,20.772496],[105.886735,20.780601],[105.884785,20.780029],[105.883888,20.782523],[105.881769,20.781662],[105.879214,20.783488],[105.880845,20.784395],[105.877994,20.786479],[105.876422,20.785349],[105.868269,20.789901],[105.871602,20.794193],[105.869538,20.795225],[105.869805,20.796917],[105.852837,20.80193],[105.842786,20.796076],[105.834163,20.794991],[105.834258,20.800702],[105.832542,20.801026],[105.831645,20.806299],[105.826497,20.806125],[105.825332,20.807346],[105.817018,20.804684],[105.820628,20.795363],[105.818568,20.794259],[105.813891,20.801947],[105.810034,20.798872],[105.808571,20.796934],[105.809791,20.794817],[105.808462,20.792274],[105.810951,20.787206],[105.806297,20.780264],[105.802641,20.779768],[105.804389,20.778668],[105.805071,20.77562],[105.803614,20.775265],[105.803753,20.77154],[105.799505,20.770969],[105.796186,20.761641],[105.791944,20.762637],[105.79226,20.758213],[105.793881,20.758248],[105.793402,20.74967],[105.803307,20.750777],[105.807373,20.746156],[105.810587,20.744526],[105.811408,20.745712],[105.813324,20.744881],[105.815442,20.742072],[105.820557,20.739466],[105.82205,20.741745],[105.826089,20.737255],[105.83355,20.740258],[105.836616,20.740869],[105.836701,20.739787],[105.84428,20.741776],[105.845554,20.741142],[105.845792,20.737536],[105.850509,20.738318],[105.849516,20.73275],[105.854163,20.731563],[105.857355,20.72503],[105.855116,20.721601],[105.86014,20.718907],[105.860184,20.715267],[105.863873,20.714176],[105.868068,20.70948],[105.873682,20.710229],[105.872027,20.705889],[105.887566,20.696435],[105.889454,20.692307],[105.891336,20.692549],[105.891556,20.691229],[105.885506,20.689877],[105.884112,20.685538],[105.882732,20.685402],[105.883655,20.678178],[105.885706,20.679225],[105.886288,20.675732],[105.893912,20.679346],[105.894742,20.675217],[105.903731,20.670828],[105.905672,20.668363],[105.918122,20.673788],[105.919531,20.675822],[105.932356,20.680107],[105.943143,20.68194],[105.946688,20.67635],[105.946604,20.666449],[105.943013,20.662137],[105.944086,20.656679],[105.947612,20.653795],[105.958044,20.650383],[105.956824,20.656067],[105.95858,20.659516],[105.965872,20.664299],[105.977262,20.665482],[105.97846,20.673803],[105.984767,20.680488],[105.988449,20.682235],[105.992409,20.681169],[105.993068,20.68217],[105.994548,20.681004],[105.991794,20.678097],[105.994611,20.676507],[105.997735,20.677824],[105.993763,20.683005],[105.994403,20.68511],[105.993273,20.684447],[105.991846,20.689379],[105.998133,20.692278],[105.995876,20.697392],[106.002384,20.701872],[106.002889,20.704364]]]}},{"type":"Feature","properties":{"id":"81297802B65234108276491","label":"Phuc Tho (이전)","era":"2020","sourceName":"Phuc Tho","viewBounds":[105.50073025500006,21.04023710900003,105.66512791400004,21.178868540000053]},"geometry":{"type":"Polygon","coordinates":[[[105.626651,21.17528],[105.622121,21.178297],[105.614887,21.178869],[105.602134,21.172014],[105.59471,21.1664],[105.590617,21.161261],[105.579903,21.157227],[105.563545,21.154104],[105.538057,21.156206],[105.515566,21.156417],[105.51692,21.150642],[105.51557,21.144733],[105.51635,21.140272],[105.52076,21.13893],[105.524629,21.133836],[105.520269,21.131198],[105.519037,21.128547],[105.516921,21.129945],[105.515726,21.128102],[105.513834,21.129931],[105.511856,21.124342],[105.509682,21.125278],[105.504539,21.122604],[105.505143,21.119841],[105.50078,21.112425],[105.502689,21.106536],[105.505833,21.106453],[105.505948,21.103125],[105.503747,21.09949],[105.50073,21.09856],[105.501779,21.094921],[105.507183,21.095885],[105.507615,21.097376],[105.511428,21.095072],[105.510178,21.093918],[105.514342,21.090221],[105.516764,21.09217],[105.517651,21.090119],[105.524579,21.089314],[105.52727,21.089341],[105.528136,21.091434],[105.532218,21.089909],[105.539583,21.090988],[105.543269,21.095906],[105.545943,21.093647],[105.547422,21.095254],[105.549436,21.094921],[105.549899,21.096804],[105.554521,21.095929],[105.55793,21.101961],[105.562804,21.100319],[105.57568,21.099492],[105.575618,21.094281],[105.576801,21.093892],[105.575099,21.082344],[105.576189,21.081307],[105.58137,21.077878],[105.58328,21.074861],[105.593827,21.07752],[105.595009,21.074656],[105.607908,21.070128],[105.609648,21.072193],[105.61598,21.067096],[105.616851,21.069074],[105.624457,21.064834],[105.629219,21.060172],[105.634846,21.044552],[105.64301,21.044149],[105.64326,21.041044],[105.644551,21.044221],[105.647211,21.044145],[105.647329,21.04624],[105.648708,21.046325],[105.647294,21.041858],[105.648363,21.040237],[105.6508,21.043915],[105.646474,21.064445],[105.649875,21.064564],[105.655521,21.059533],[105.661156,21.058159],[105.665128,21.061266],[105.664128,21.065907],[105.659143,21.071951],[105.651803,21.068163],[105.646428,21.070024],[105.644577,21.08533],[105.646981,21.091251],[105.642959,21.096958],[105.634462,21.10133],[105.636328,21.10706],[105.638447,21.105561],[105.639608,21.109775],[105.630425,21.113224],[105.6246,21.118155],[105.625114,21.120744],[105.630596,21.125255],[105.623363,21.134544],[105.625001,21.139923],[105.628261,21.143616],[105.626651,21.17528]]]}},{"type":"Feature","properties":{"id":"81297802B41330613652559","label":"Quoc Oai (이전)","era":"2020","sourceName":"Quoc Oai","viewBounds":[105.47993605700009,20.910104362000027,105.72504880500009,21.046325213000046]},"geometry":{"type":"Polygon","coordinates":[[[105.725049,20.951139],[105.724932,20.955485],[105.715759,20.962635],[105.710782,20.970905],[105.699408,20.977573],[105.693722,20.976956],[105.688979,20.97403],[105.686903,20.969506],[105.684249,20.969239],[105.683163,20.97014],[105.686069,20.976109],[105.681953,20.978256],[105.675857,20.986035],[105.667899,20.982372],[105.665176,20.982638],[105.667158,20.995105],[105.663303,21.006893],[105.66682,21.009736],[105.676967,21.008402],[105.677424,21.018709],[105.668857,21.024093],[105.665177,21.033032],[105.654566,21.037367],[105.654621,21.039532],[105.6508,21.043915],[105.648363,21.040237],[105.647294,21.041858],[105.648708,21.046325],[105.647329,21.04624],[105.647211,21.044145],[105.644551,21.044221],[105.64326,21.041044],[105.64301,21.044149],[105.634846,21.044552],[105.63505,21.036742],[105.632454,21.036828],[105.632182,21.035831],[105.633903,21.03568],[105.630965,21.026978],[105.6345,21.024961],[105.628939,21.016717],[105.633191,21.013213],[105.635493,21.015274],[105.639769,21.011739],[105.639644,21.009421],[105.636777,21.01105],[105.634473,21.007977],[105.631123,21.009848],[105.627142,21.003318],[105.623629,21.006841],[105.617752,21.004624],[105.61531,21.007181],[105.60886,21.00523],[105.608009,21.003457],[105.606002,21.004762],[105.604992,21.002929],[105.601046,21.002735],[105.595928,21.008229],[105.597322,21.009445],[105.595494,21.01311],[105.594417,21.012853],[105.593376,21.007874],[105.590215,21.005735],[105.592161,21.003545],[105.584108,21.004303],[105.580747,21.001879],[105.580061,20.997764],[105.581804,20.995889],[105.579505,20.992148],[105.582524,20.990391],[105.580182,20.985364],[105.581688,20.983956],[105.57808,20.981739],[105.578326,20.985443],[105.576459,20.985366],[105.575067,20.982518],[105.576446,20.977403],[105.573983,20.977563],[105.574885,20.975644],[105.572858,20.974214],[105.571194,20.975842],[105.569027,20.975293],[105.569922,20.976948],[105.565871,20.977575],[105.56664,20.979173],[105.56182,20.982578],[105.556413,20.982232],[105.554405,20.98355],[105.55615,20.990974],[105.553657,20.990044],[105.551432,20.986317],[105.549085,20.987407],[105.547606,20.982666],[105.54215,20.979001],[105.537964,20.978707],[105.535061,20.980416],[105.535689,20.978926],[105.534077,20.978063],[105.530546,20.979438],[105.526893,20.973614],[105.523559,20.973166],[105.522619,20.971603],[105.523801,20.96954],[105.519249,20.973894],[105.511393,20.977404],[105.514364,20.978925],[105.51138,20.981099],[105.503586,20.979551],[105.502691,20.9712],[105.500326,20.967589],[105.491017,20.961867],[105.491553,20.956482],[105.48675,20.951527],[105.485184,20.946382],[105.479936,20.947776],[105.488773,20.937158],[105.488561,20.935398],[105.502009,20.930512],[105.506283,20.925856],[105.512917,20.922154],[105.515352,20.921841],[105.523633,20.928888],[105.528549,20.927123],[105.530998,20.930699],[105.533028,20.931015],[105.5453,20.928321],[105.559049,20.930736],[105.567444,20.92717],[105.572077,20.927251],[105.574627,20.929483],[105.581477,20.928204],[105.581519,20.924165],[105.57887,20.920666],[105.58096,20.917819],[105.579047,20.916013],[105.582345,20.912301],[105.581998,20.910104],[105.587178,20.911254],[105.588411,20.913087],[105.591641,20.913205],[105.591215,20.91197],[105.592789,20.911432],[105.594257,20.913772],[105.597693,20.913123],[105.597932,20.91782],[105.602523,20.918265],[105.602269,20.922342],[105.606239,20.924],[105.609403,20.923272],[105.615105,20.925895],[105.615605,20.928154],[105.613029,20.931857],[105.615151,20.932964],[105.617324,20.930186],[105.61907,20.930371],[105.620553,20.93269],[105.618544,20.934417],[105.618676,20.936442],[105.623517,20.937564],[105.622505,20.939478],[105.625549,20.94095],[105.626228,20.94322],[105.63275,20.949496],[105.633716,20.954869],[105.638529,20.954121],[105.638238,20.952896],[105.642738,20.954072],[105.645033,20.951032],[105.651783,20.951647],[105.662967,20.94897],[105.676316,20.951792],[105.678872,20.950853],[105.679558,20.95425],[105.68314,20.955245],[105.682674,20.957564],[105.686169,20.95832],[105.685607,20.961005],[105.690027,20.962608],[105.692327,20.961616],[105.69528,20.964556],[105.69388,20.955633],[105.699643,20.955471],[105.704709,20.957539],[105.707349,20.956177],[105.708929,20.957894],[105.712334,20.955171],[105.715359,20.955746],[105.725049,20.951139]]]}},{"type":"Feature","properties":{"id":"81297802B86407395704878","label":"Soc Son (이전)","era":"2020","sourceName":"Soc Son","viewBounds":[105.72319236200008,21.177029015000073,105.93813608200009,21.38527769500007]},"geometry":{"type":"Polygon","coordinates":[[[105.907196,21.192287],[105.902546,21.202173],[105.909533,21.200821],[105.913654,21.20266],[105.90997,21.207312],[105.915262,21.208359],[105.915724,21.214332],[105.909989,21.224787],[105.905315,21.222346],[105.903822,21.223283],[105.904343,21.227238],[105.906554,21.229272],[105.905479,21.230965],[105.906694,21.232072],[105.908997,21.231019],[105.909983,21.232114],[105.912806,21.230988],[105.913525,21.232233],[105.919761,21.231325],[105.921278,21.234632],[105.927518,21.23901],[105.926358,21.244661],[105.9354,21.245405],[105.938008,21.243367],[105.938136,21.247903],[105.922402,21.272888],[105.923133,21.287183],[105.926986,21.290374],[105.930671,21.291352],[105.931734,21.293995],[105.929708,21.295186],[105.922768,21.293972],[105.916887,21.294785],[105.915932,21.296895],[105.917952,21.304124],[105.916993,21.305672],[105.909068,21.30165],[105.90097,21.304198],[105.897357,21.30879],[105.899624,21.32482],[105.897586,21.327335],[105.89239,21.326334],[105.888918,21.325457],[105.871125,21.329797],[105.868321,21.327253],[105.862903,21.338004],[105.858059,21.338732],[105.855773,21.344127],[105.856503,21.345647],[105.859223,21.345354],[105.852797,21.348506],[105.852579,21.350752],[105.854715,21.352527],[105.85157,21.355933],[105.854468,21.367352],[105.858275,21.367977],[105.858738,21.374462],[105.856489,21.376457],[105.849464,21.374392],[105.847106,21.377578],[105.839409,21.377427],[105.835733,21.37392],[105.832042,21.373156],[105.830337,21.375777],[105.821546,21.378029],[105.815946,21.383052],[105.813799,21.382855],[105.812799,21.381101],[105.804938,21.382708],[105.801238,21.385278],[105.798784,21.381544],[105.796824,21.382502],[105.794616,21.379328],[105.790474,21.377906],[105.787997,21.375207],[105.790133,21.373261],[105.787303,21.371067],[105.78658,21.363513],[105.784691,21.359562],[105.786565,21.357242],[105.786537,21.353863],[105.792899,21.346531],[105.790596,21.344141],[105.783092,21.342782],[105.77669,21.337411],[105.77247,21.325661],[105.762527,21.313494],[105.757384,21.301231],[105.752925,21.297266],[105.753354,21.294924],[105.749394,21.295962],[105.745482,21.293792],[105.745025,21.291926],[105.743189,21.29284],[105.742874,21.290308],[105.740866,21.290308],[105.742656,21.288918],[105.74198,21.2873],[105.739695,21.287843],[105.739429,21.286672],[105.73822,21.288129],[105.736412,21.286901],[105.735165,21.283979],[105.73606,21.279629],[105.733633,21.279581],[105.732576,21.27507],[105.729245,21.275993],[105.72816,21.273166],[105.725409,21.272814],[105.729407,21.269255],[105.723192,21.266133],[105.724906,21.257251],[105.72333,21.251007],[105.729284,21.248723],[105.725115,21.242341],[105.727927,21.240799],[105.733438,21.242056],[105.735894,21.240642],[105.737036,21.235374],[105.734238,21.235531],[105.730089,21.238253],[105.735002,21.232844],[105.741569,21.231808],[105.750432,21.227785],[105.75383,21.221945],[105.757956,21.223045],[105.760569,21.21465],[105.763196,21.213108],[105.769163,21.21405],[105.771262,21.205284],[105.777956,21.200175],[105.787067,21.197436],[105.789006,21.19538],[105.790059,21.190587],[105.795297,21.192548],[105.800746,21.187408],[105.807956,21.190775],[105.811977,21.191013],[105.815252,21.18799],[105.815284,21.186694],[105.812727,21.1856],[105.81488,21.184267],[105.828657,21.188479],[105.834986,21.186218],[105.84009,21.19043],[105.845516,21.188848],[105.850953,21.190728],[105.859328,21.19526],[105.864694,21.200555],[105.866931,21.200602],[105.867704,21.197771],[105.871202,21.197795],[105.872725,21.200293],[105.871702,21.206575],[105.875509,21.201899],[105.887923,21.205697],[105.891958,21.202465],[105.886266,21.198963],[105.881684,21.189098],[105.876754,21.189098],[105.876164,21.187784],[105.877116,21.18669],[105.88059,21.187185],[105.887076,21.189852],[105.88927,21.185319],[105.898198,21.18333],[105.896351,21.177029],[105.901481,21.178181],[105.900625,21.182273],[105.905536,21.182882],[105.907196,21.192287]]]}},{"type":"Feature","properties":{"id":"81297802B69837826881440","label":"Thach That (이전)","era":"2020","sourceName":"Thach That","viewBounds":[105.39191566000005,20.945733846000053,105.63976922900008,21.101960510000026]},"geometry":{"type":"Polygon","coordinates":[[[105.393694,21.014168],[105.391916,21.007274],[105.393449,21.002875],[105.40327,20.998162],[105.409343,20.9989],[105.417898,20.997637],[105.421922,20.983803],[105.430149,20.980652],[105.433827,20.977177],[105.442242,20.96421],[105.44419,20.956422],[105.453295,20.953316],[105.461649,20.946718],[105.466012,20.945734],[105.471279,20.948736],[105.479936,20.947776],[105.485184,20.946382],[105.48675,20.951527],[105.491553,20.956482],[105.491017,20.961867],[105.500326,20.967589],[105.502691,20.9712],[105.503586,20.979551],[105.51138,20.981099],[105.514364,20.978925],[105.511393,20.977404],[105.519249,20.973894],[105.523801,20.96954],[105.522619,20.971603],[105.523559,20.973166],[105.526893,20.973614],[105.530546,20.979438],[105.534077,20.978063],[105.535689,20.978926],[105.535061,20.980416],[105.537964,20.978707],[105.54215,20.979001],[105.547606,20.982666],[105.549085,20.987407],[105.551432,20.986317],[105.553657,20.990044],[105.55615,20.990974],[105.554405,20.98355],[105.556413,20.982232],[105.56182,20.982578],[105.56664,20.979173],[105.565871,20.977575],[105.569922,20.976948],[105.569027,20.975293],[105.571194,20.975842],[105.572858,20.974214],[105.574885,20.975644],[105.573983,20.977563],[105.576446,20.977403],[105.575067,20.982518],[105.576459,20.985366],[105.578326,20.985443],[105.57808,20.981739],[105.581688,20.983956],[105.580182,20.985364],[105.582524,20.990391],[105.579505,20.992148],[105.581804,20.995889],[105.580061,20.997764],[105.580747,21.001879],[105.584108,21.004303],[105.592161,21.003545],[105.590215,21.005735],[105.593376,21.007874],[105.594417,21.012853],[105.595494,21.01311],[105.597322,21.009445],[105.595928,21.008229],[105.601046,21.002735],[105.604992,21.002929],[105.606002,21.004762],[105.608009,21.003457],[105.60886,21.00523],[105.61531,21.007181],[105.617752,21.004624],[105.623629,21.006841],[105.627142,21.003318],[105.631123,21.009848],[105.634473,21.007977],[105.636777,21.01105],[105.639644,21.009421],[105.639769,21.011739],[105.635493,21.015274],[105.633191,21.013213],[105.628939,21.016717],[105.6345,21.024961],[105.630965,21.026978],[105.633903,21.03568],[105.632182,21.035831],[105.632454,21.036828],[105.63505,21.036742],[105.634846,21.044552],[105.629219,21.060172],[105.624457,21.064834],[105.616851,21.069074],[105.61598,21.067096],[105.609648,21.072193],[105.607908,21.070128],[105.595009,21.074656],[105.593827,21.07752],[105.58328,21.074861],[105.58137,21.077878],[105.576189,21.081307],[105.575099,21.082344],[105.576801,21.093892],[105.575618,21.094281],[105.57568,21.099492],[105.562804,21.100319],[105.55793,21.101961],[105.554521,21.095929],[105.549899,21.096804],[105.549436,21.094921],[105.547422,21.095254],[105.545943,21.093647],[105.543269,21.095906],[105.539583,21.090988],[105.532218,21.089909],[105.528136,21.091434],[105.52727,21.089341],[105.524579,21.089314],[105.523114,21.087808],[105.523643,21.083984],[105.532138,21.08071],[105.531787,21.074695],[105.535084,21.074636],[105.537851,21.072682],[105.535634,21.072842],[105.535612,21.071595],[105.531955,21.069976],[105.529348,21.064387],[105.531259,21.061646],[105.534137,21.060753],[105.533928,21.055628],[105.535857,21.055273],[105.529179,21.04812],[105.529097,21.044157],[105.526689,21.043227],[105.520523,21.03603],[105.516981,21.035717],[105.516949,21.03301],[105.513039,21.030745],[105.511277,21.027151],[105.509585,21.027499],[105.509179,21.025211],[105.505773,21.024343],[105.488764,21.038932],[105.47139,21.020715],[105.467927,21.013256],[105.467966,21.009872],[105.466212,21.009214],[105.458646,21.013368],[105.454792,21.011867],[105.450574,21.014427],[105.442996,21.01442],[105.435189,21.017183],[105.431408,21.014871],[105.417588,21.011475],[105.413688,21.013562],[105.410466,21.017957],[105.401601,21.013641],[105.397849,21.014949],[105.393694,21.014168]]]}},{"type":"Feature","properties":{"id":"81297802B69083052749589","label":"Thanh Oai (이전)","era":"2020","sourceName":"Thanh Oai","viewBounds":[105.72715412800005,20.780263883000032,105.84158472300004,20.939344325000036]},"geometry":{"type":"Polygon","coordinates":[[[105.735319,20.808979],[105.739743,20.796907],[105.739079,20.793125],[105.745444,20.788324],[105.7493,20.791554],[105.750028,20.790829],[105.75143,20.792294],[105.753009,20.790425],[105.75445,20.791567],[105.757541,20.787319],[105.759561,20.789842],[105.762882,20.788009],[105.765871,20.782612],[105.767294,20.783118],[105.768752,20.787834],[105.775966,20.787656],[105.776485,20.790369],[105.779822,20.78878],[105.78214,20.791459],[105.784156,20.791697],[105.785347,20.789085],[105.788346,20.78938],[105.795949,20.783313],[105.806297,20.780264],[105.810951,20.787206],[105.808462,20.792274],[105.809791,20.794817],[105.808571,20.796934],[105.810034,20.798872],[105.813891,20.801947],[105.818568,20.794259],[105.820628,20.795363],[105.817018,20.804684],[105.825332,20.807346],[105.826497,20.806125],[105.831645,20.806299],[105.832542,20.801026],[105.834258,20.800702],[105.836696,20.800628],[105.83671,20.805651],[105.838914,20.805522],[105.839266,20.806728],[105.838917,20.813822],[105.841308,20.813629],[105.841585,20.814857],[105.836676,20.817923],[105.837015,20.823581],[105.827599,20.826917],[105.829331,20.82699],[105.828389,20.832181],[105.821932,20.84118],[105.823596,20.841611],[105.821986,20.856521],[105.819286,20.858518],[105.820295,20.860687],[105.825298,20.862079],[105.823142,20.866261],[105.823839,20.869722],[105.815216,20.870319],[105.81633,20.879743],[105.814143,20.880751],[105.815783,20.886192],[105.814131,20.887304],[105.81265,20.89319],[105.813027,20.895151],[105.815267,20.895357],[105.812437,20.898137],[105.816227,20.899565],[105.815808,20.902496],[105.807102,20.909539],[105.804735,20.909369],[105.803188,20.912462],[105.798166,20.912903],[105.797287,20.911485],[105.794527,20.915056],[105.791172,20.91527],[105.789382,20.919583],[105.791746,20.921328],[105.791738,20.927184],[105.801355,20.935321],[105.798753,20.936519],[105.798208,20.93924],[105.785646,20.939344],[105.78579,20.934991],[105.783797,20.931374],[105.775411,20.929267],[105.776068,20.92708],[105.767,20.922941],[105.760646,20.928958],[105.761396,20.930149],[105.757673,20.932393],[105.757891,20.929737],[105.752284,20.931185],[105.751445,20.928609],[105.749429,20.929166],[105.749683,20.925633],[105.750867,20.92586],[105.750948,20.916555],[105.741894,20.915049],[105.741602,20.912707],[105.736668,20.91331],[105.734733,20.910864],[105.730889,20.907935],[105.72726,20.901344],[105.727154,20.893021],[105.732411,20.893891],[105.736477,20.892091],[105.739214,20.887031],[105.739017,20.880523],[105.737973,20.875861],[105.734574,20.872858],[105.729005,20.875497],[105.728925,20.871053],[105.73626,20.86245],[105.743457,20.858262],[105.750589,20.856255],[105.756331,20.8503],[105.755564,20.848315],[105.750984,20.846638],[105.738025,20.846122],[105.734317,20.843491],[105.733474,20.840847],[105.738917,20.836714],[105.759497,20.837273],[105.761223,20.835588],[105.753364,20.82505],[105.75246,20.819636],[105.75496,20.813493],[105.744833,20.805228],[105.735319,20.808979]]]}},{"type":"Feature","properties":{"id":"81297802B95629282135268","label":"Thanh Tri (이전)","era":"2020","sourceName":"Thanh Tri","viewBounds":[105.78816506400005,20.895464349000065,105.91269038300004,20.98777487500007]},"geometry":{"type":"Polygon","coordinates":[[[105.88605,20.945608],[105.873796,20.954758],[105.869995,20.950024],[105.866989,20.951939],[105.866277,20.950823],[105.863336,20.951513],[105.860357,20.953511],[105.858541,20.957259],[105.844155,20.951196],[105.842736,20.957739],[105.838998,20.957123],[105.835827,20.958716],[105.831425,20.954721],[105.831329,20.952714],[105.825888,20.956379],[105.820063,20.957449],[105.81678,20.959864],[105.817736,20.963017],[105.823775,20.968186],[105.824962,20.971797],[105.817956,20.971899],[105.815138,20.970284],[105.807367,20.9738],[105.809741,20.979222],[105.808106,20.979503],[105.808787,20.983999],[105.800998,20.987775],[105.799506,20.986714],[105.801092,20.984706],[105.796398,20.983301],[105.794986,20.980124],[105.798522,20.978129],[105.799939,20.974935],[105.794105,20.973535],[105.793255,20.970678],[105.790283,20.968945],[105.792926,20.967097],[105.791947,20.965674],[105.804397,20.958958],[105.794318,20.954976],[105.791264,20.941813],[105.788165,20.941086],[105.789418,20.939311],[105.798208,20.93924],[105.798753,20.936519],[105.801355,20.935321],[105.791738,20.927184],[105.791746,20.921328],[105.789382,20.919583],[105.791172,20.91527],[105.794527,20.915056],[105.797287,20.911485],[105.798166,20.912903],[105.803188,20.912462],[105.804735,20.909369],[105.807102,20.909539],[105.815808,20.902496],[105.824756,20.903142],[105.826325,20.898714],[105.828975,20.897504],[105.829521,20.90113],[105.832813,20.901663],[105.833286,20.908759],[105.837212,20.908467],[105.839857,20.909985],[105.841225,20.90937],[105.839962,20.902691],[105.850955,20.899213],[105.855529,20.895464],[105.853742,20.901193],[105.85969,20.907056],[105.865217,20.90537],[105.867806,20.908963],[105.875145,20.906374],[105.875933,20.910096],[105.879049,20.912136],[105.88151,20.912119],[105.881157,20.909605],[105.888099,20.908326],[105.888305,20.906042],[105.890218,20.907841],[105.89201,20.907442],[105.89239,20.909121],[105.899454,20.905454],[105.907963,20.911497],[105.91269,20.917194],[105.912688,20.922101],[105.908459,20.926328],[105.89992,20.92858],[105.887367,20.929349],[105.882171,20.931305],[105.880341,20.935101],[105.88605,20.945608]]]}},{"type":"Feature","properties":{"id":"81297802B33733008951227","label":"Thuong Tin (이전)","era":"2020","sourceName":"Thuong Tin","viewBounds":[105.81243672800008,20.75199208400005,105.93617108400008,20.912136099000065]},"geometry":{"type":"Polygon","coordinates":[[[105.914866,20.883949],[105.896228,20.893938],[105.895429,20.898937],[105.899454,20.905454],[105.89239,20.909121],[105.89201,20.907442],[105.890218,20.907841],[105.888305,20.906042],[105.888099,20.908326],[105.881157,20.909605],[105.88151,20.912119],[105.879049,20.912136],[105.875933,20.910096],[105.875145,20.906374],[105.867806,20.908963],[105.865217,20.90537],[105.85969,20.907056],[105.853742,20.901193],[105.855529,20.895464],[105.850955,20.899213],[105.839962,20.902691],[105.841225,20.90937],[105.839857,20.909985],[105.837212,20.908467],[105.833286,20.908759],[105.832813,20.901663],[105.829521,20.90113],[105.828975,20.897504],[105.826325,20.898714],[105.824756,20.903142],[105.815808,20.902496],[105.816227,20.899565],[105.812437,20.898137],[105.815267,20.895357],[105.813027,20.895151],[105.81265,20.89319],[105.814131,20.887304],[105.815783,20.886192],[105.814143,20.880751],[105.81633,20.879743],[105.815216,20.870319],[105.823839,20.869722],[105.823142,20.866261],[105.825298,20.862079],[105.820295,20.860687],[105.819286,20.858518],[105.821986,20.856521],[105.823596,20.841611],[105.821932,20.84118],[105.828389,20.832181],[105.829331,20.82699],[105.827599,20.826917],[105.837015,20.823581],[105.836676,20.817923],[105.841585,20.814857],[105.841308,20.813629],[105.838917,20.813822],[105.839266,20.806728],[105.838914,20.805522],[105.83671,20.805651],[105.836696,20.800628],[105.834258,20.800702],[105.834163,20.794991],[105.842786,20.796076],[105.852837,20.80193],[105.869805,20.796917],[105.869538,20.795225],[105.871602,20.794193],[105.868269,20.789901],[105.876422,20.785349],[105.877994,20.786479],[105.880845,20.784395],[105.879214,20.783488],[105.881769,20.781662],[105.883888,20.782523],[105.884785,20.780029],[105.886735,20.780601],[105.889462,20.772496],[105.892687,20.774198],[105.89343,20.772659],[105.896167,20.773069],[105.895315,20.767576],[105.891662,20.764885],[105.886799,20.756262],[105.887126,20.753939],[105.889856,20.751992],[105.893936,20.755179],[105.897802,20.753743],[105.898787,20.754725],[105.902872,20.752031],[105.906349,20.756821],[105.919736,20.764117],[105.916113,20.767448],[105.911272,20.775808],[105.913288,20.786887],[105.916658,20.788936],[105.917496,20.787439],[105.923549,20.791427],[105.918955,20.798064],[105.912638,20.814554],[105.910961,20.820299],[105.910867,20.829041],[105.916852,20.842118],[105.933281,20.851543],[105.935624,20.856792],[105.936171,20.863613],[105.93131,20.873767],[105.924355,20.876647],[105.914866,20.883949]]]}},{"type":"Feature","properties":{"id":"81297802B95308085705563","label":"Ung Hoa (이전)","era":"2020","sourceName":"Ung Hoa","viewBounds":[105.69734559700004,20.611952083000062,105.90567160100005,20.809590610000043]},"geometry":{"type":"Polygon","coordinates":[[[105.709441,20.809591],[105.705647,20.798765],[105.716996,20.783193],[105.725229,20.778048],[105.726813,20.773823],[105.724916,20.768392],[105.714824,20.756794],[105.707003,20.752023],[105.697918,20.750909],[105.697346,20.742523],[105.711545,20.741795],[105.730667,20.736996],[105.733637,20.730035],[105.730843,20.72348],[105.732772,20.721541],[105.743539,20.727083],[105.754986,20.728644],[105.760783,20.73171],[105.769934,20.725927],[105.77089,20.723168],[105.765208,20.721262],[105.762439,20.718044],[105.763025,20.707125],[105.760772,20.702055],[105.755993,20.69826],[105.744595,20.695503],[105.742762,20.693813],[105.742993,20.690296],[105.756597,20.678952],[105.772287,20.668629],[105.78345,20.658296],[105.7914,20.647388],[105.802665,20.640828],[105.803105,20.634269],[105.797988,20.629592],[105.792452,20.62753],[105.779527,20.626734],[105.776782,20.624805],[105.777241,20.623783],[105.783774,20.618741],[105.79769,20.611952],[105.802464,20.612423],[105.807354,20.61749],[105.812981,20.618219],[105.815134,20.618773],[105.811734,20.627797],[105.814805,20.634304],[105.83151,20.644217],[105.83416,20.647682],[105.833706,20.649357],[105.826313,20.653438],[105.819621,20.660398],[105.822459,20.662686],[105.822419,20.66456],[105.827862,20.663779],[105.834071,20.660086],[105.834619,20.661334],[105.839997,20.659426],[105.840183,20.6567],[105.84847,20.651683],[105.849568,20.65256],[105.854877,20.64618],[105.857928,20.644909],[105.86642,20.64534],[105.878486,20.643024],[105.891209,20.648121],[105.896065,20.651842],[105.896135,20.669311],[105.902913,20.664907],[105.905395,20.665085],[105.905672,20.668363],[105.903731,20.670828],[105.894742,20.675217],[105.893912,20.679346],[105.886288,20.675732],[105.885706,20.679225],[105.883655,20.678178],[105.882732,20.685402],[105.884112,20.685538],[105.885506,20.689877],[105.891556,20.691229],[105.891336,20.692549],[105.889454,20.692307],[105.887566,20.696435],[105.872027,20.705889],[105.873682,20.710229],[105.868068,20.70948],[105.863873,20.714176],[105.860184,20.715267],[105.86014,20.718907],[105.855116,20.721601],[105.857355,20.72503],[105.854163,20.731563],[105.849516,20.73275],[105.850509,20.738318],[105.845792,20.737536],[105.845554,20.741142],[105.84428,20.741776],[105.836701,20.739787],[105.836616,20.740869],[105.83355,20.740258],[105.826089,20.737255],[105.82205,20.741745],[105.820557,20.739466],[105.815442,20.742072],[105.813324,20.744881],[105.811408,20.745712],[105.810587,20.744526],[105.807373,20.746156],[105.803307,20.750777],[105.793402,20.74967],[105.793881,20.758248],[105.79226,20.758213],[105.791944,20.762637],[105.796186,20.761641],[105.799505,20.770969],[105.803753,20.77154],[105.803614,20.775265],[105.805071,20.77562],[105.804389,20.778668],[105.802641,20.779768],[105.806297,20.780264],[105.795949,20.783313],[105.788346,20.78938],[105.785347,20.789085],[105.784156,20.791697],[105.78214,20.791459],[105.779822,20.78878],[105.776485,20.790369],[105.775966,20.787656],[105.768752,20.787834],[105.767294,20.783118],[105.765871,20.782612],[105.762882,20.788009],[105.759561,20.789842],[105.757541,20.787319],[105.75445,20.791567],[105.753009,20.790425],[105.75143,20.792294],[105.750028,20.790829],[105.7493,20.791554],[105.745444,20.788324],[105.739079,20.793125],[105.739743,20.796907],[105.735319,20.808979],[105.725733,20.807408],[105.709441,20.809591]]]}}]}