{"type":"FeatureCollection","features":[{"type":"Feature","properties":{"id":"VN48","label":"다낭시 · Đà Nẵng","era":"2025","sourceCode":"VN48","validOn":"2025-09-25","viewBounds":[107.21054000000015,14.951316000000133,108.739287,16.21554900000018]},"geometry":{"type":"MultiPolygon","coordinates":[[[[108.150337,15.002121],[108.150365,15.002483],[108.151276,15.003196],[108.151452,15.003489],[108.151176,15.006408],[108.151797,15.007899],[108.152092,15.009262],[108.151926,15.009786],[108.151358,15.010717],[108.151314,15.011466],[108.151436,15.012122],[108.151328,15.013016],[108.150585,15.014901],[108.150208,15.015563],[108.149413,15.017715],[108.149335,15.021447],[108.149042,15.022085],[108.148982,15.022523],[108.149423,15.022933],[108.150337,15.023372],[108.151604,15.025535],[108.152827,15.0271],[108.153022,15.027671],[108.152316,15.028656],[108.151019,15.029496],[108.150358,15.031363],[108.150581,15.03223],[108.149938,15.032881],[108.14966,15.033562],[108.149807,15.034015],[108.150179,15.034472],[108.151694,15.035949],[108.151891,15.036788],[108.151839,15.037298],[108.15106,15.038441],[108.150556,15.038556],[108.149665,15.039661],[108.149351,15.040364],[108.149431,15.041291],[108.149267,15.041648],[108.148269,15.042483],[108.147761,15.043314],[108.147277,15.043486],[108.146429,15.043494],[108.146275,15.043593],[108.146058,15.044363],[108.14635,15.045398],[108.146281,15.045721],[108.146958,15.046414],[108.148235,15.046457],[108.149019,15.046633],[108.148611,15.048964],[108.148998,15.049955],[108.149685,15.050784],[108.150107,15.050896],[108.150864,15.050743],[108.151589,15.05103],[108.151982,15.051544],[108.15228,15.051733],[108.153221,15.051788],[108.154202,15.052001],[108.15514,15.053098],[108.156535,15.053939],[108.157033,15.054437],[108.157878,15.056199],[108.157698,15.057302],[108.157764,15.05747],[108.158802,15.058602],[108.159292,15.059566],[108.159705,15.05984],[108.160417,15.05988],[108.161052,15.060122],[108.162346,15.061129],[108.163827,15.060037],[108.164696,15.059928],[108.166075,15.059429],[108.166643,15.059643],[108.167475,15.060602],[108.168321,15.061196],[108.169366,15.061497],[108.170231,15.061925],[108.17107,15.061799],[108.172201,15.061446],[108.173578,15.060832],[108.177237,15.060125],[108.177895,15.059227],[108.178663,15.058518],[108.180807,15.057402],[108.182543,15.056335],[108.182965,15.056193],[108.183303,15.05636],[108.183609,15.056348],[108.184255,15.055705],[108.184663,15.054585],[108.1853,15.053755],[108.186352,15.053124],[108.186738,15.052563],[108.187005,15.052373],[108.18921,15.051418],[108.191824,15.048862],[108.192292,15.04735],[108.192298,15.046755],[108.191874,15.045801],[108.193228,15.04341],[108.194038,15.042571],[108.194227,15.041891],[108.194399,15.040297],[108.195341,15.040427],[108.196219,15.040727],[108.196455,15.040967],[108.197297,15.042539],[108.198053,15.043288],[108.199056,15.043783],[108.199689,15.043921],[108.20137,15.042417],[108.202355,15.042475],[108.202986,15.041724],[108.203994,15.04013],[108.20463,15.039755],[108.205838,15.039369],[108.206278,15.038944],[108.206513,15.038406],[108.206786,15.038148],[108.208265,15.037493],[108.208522,15.037113],[108.208696,15.035444],[108.209338,15.034532],[108.209509,15.033845],[108.210118,15.033199],[108.211665,15.032324],[108.21342,15.031794],[108.213723,15.031897],[108.214787,15.032778],[108.215075,15.032781],[108.217216,15.032185],[108.217709,15.031382],[108.218577,15.03099],[108.220009,15.029619],[108.220694,15.029584],[108.222597,15.030854],[108.222885,15.030872],[108.223237,15.030261],[108.224246,15.02943],[108.224507,15.029354],[108.226061,15.029744],[108.226888,15.030772],[108.229065,15.03187],[108.230093,15.03255],[108.231406,15.032367],[108.232616,15.032367],[108.233416,15.032123],[108.233684,15.031804],[108.233922,15.031707],[108.235272,15.031993],[108.23691,15.031833],[108.239435,15.03227],[108.240659,15.033141],[108.240783,15.033382],[108.24059,15.034853],[108.241765,15.036479],[108.242716,15.038958],[108.242935,15.040726],[108.242951,15.042074],[108.242113,15.043316],[108.24104,15.044175],[108.239818,15.046148],[108.238434,15.046704],[108.237943,15.049326],[108.238146,15.05103],[108.239815,15.053492],[108.240409,15.056589],[108.240247,15.057672],[108.240381,15.058485],[108.241148,15.060978],[108.241597,15.062052],[108.241544,15.063865],[108.241988,15.064921],[108.241831,15.065338],[108.24094,15.066349],[108.240581,15.067327],[108.240594,15.069449],[108.240064,15.06993],[108.23962,15.070868],[108.23786,15.072983],[108.23653,15.074217],[108.236047,15.077037],[108.23581,15.077413],[108.235322,15.077723],[108.234965,15.078292],[108.236165,15.078998],[108.236863,15.079272],[108.238728,15.079509],[108.241828,15.08049],[108.24277,15.081262],[108.243349,15.081498],[108.244769,15.083062],[108.245155,15.083267],[108.249022,15.083808],[108.250343,15.084196],[108.251046,15.084284],[108.251592,15.085083],[108.252443,15.085426],[108.252772,15.085967],[108.253433,15.086253],[108.253445,15.087006],[108.253881,15.087827],[108.256091,15.089926],[108.256983,15.090308],[108.257402,15.090828],[108.256503,15.092471],[108.256226,15.093313],[108.256543,15.093747],[108.257232,15.094066],[108.257546,15.094519],[108.25789,15.094601],[108.25788,15.095696],[108.258003,15.096136],[108.25864,15.096711],[108.259064,15.09731],[108.259068,15.098257],[108.258322,15.099329],[108.258263,15.099667],[108.258471,15.101195],[108.258909,15.101348],[108.259651,15.102689],[108.259214,15.105312],[108.259542,15.105859],[108.258339,15.106698],[108.257304,15.107665],[108.257248,15.108487],[108.257053,15.109072],[108.257263,15.109945],[108.257193,15.111887],[108.257408,15.113208],[108.257077,15.115088],[108.257211,15.115778],[108.257399,15.116105],[108.258946,15.117916],[108.259419,15.118162],[108.261242,15.118524],[108.262111,15.119055],[108.26231,15.12002],[108.262518,15.120353],[108.262466,15.122077],[108.263228,15.124092],[108.264673,15.124354],[108.265059,15.124657],[108.265656,15.125568],[108.266518,15.126492],[108.267147,15.126603],[108.268346,15.126316],[108.268926,15.126547],[108.2693,15.127197],[108.269862,15.127628],[108.270048,15.127934],[108.270288,15.128998],[108.271939,15.128616],[108.272804,15.128925],[108.273512,15.128818],[108.273383,15.129933],[108.273466,15.130182],[108.273623,15.130307],[108.274345,15.130286],[108.27477,15.130454],[108.274992,15.130755],[108.275072,15.131462],[108.274637,15.133485],[108.274702,15.133897],[108.275396,15.134464],[108.275593,15.135048],[108.275376,15.135345],[108.274518,15.135982],[108.274388,15.136714],[108.274588,15.136861],[108.275205,15.13695],[108.276271,15.136574],[108.277996,15.137013],[108.278742,15.138601],[108.279121,15.139971],[108.279027,15.140348],[108.277974,15.140639],[108.277557,15.140977],[108.277596,15.141262],[108.278112,15.141684],[108.278104,15.141927],[108.277966,15.142035],[108.277514,15.14194],[108.27651,15.142204],[108.276372,15.142247],[108.276326,15.142455],[108.277016,15.142725],[108.277334,15.143286],[108.27738,15.144022],[108.277565,15.14415],[108.278556,15.143836],[108.279689,15.144173],[108.280206,15.144036],[108.280468,15.143785],[108.280752,15.143754],[108.281162,15.144081],[108.281151,15.144357],[108.280695,15.145047],[108.280695,15.145361],[108.281074,15.146328],[108.28172,15.147128],[108.282584,15.147687],[108.283691,15.14917],[108.28387,15.149634],[108.283992,15.150581],[108.283889,15.151117],[108.28349,15.15198],[108.282902,15.152569],[108.282783,15.152849],[108.282835,15.153174],[108.283291,15.153472],[108.284089,15.153657],[108.285435,15.153444],[108.28587,15.153503],[108.286148,15.153864],[108.286245,15.154259],[108.286007,15.155493],[108.286211,15.156004],[108.286636,15.156584],[108.288681,15.15722],[108.289646,15.157752],[108.28982,15.158012],[108.289802,15.158298],[108.288718,15.159956],[108.288851,15.160545],[108.290318,15.161266],[108.29099,15.161797],[108.291602,15.163162],[108.292321,15.164099],[108.293125,15.164898],[108.293317,15.165431],[108.293444,15.166513],[108.294923,15.168383],[108.296841,15.1695],[108.297219,15.170099],[108.297446,15.170242],[108.297771,15.170274],[108.298514,15.169775],[108.298976,15.16972],[108.299707,15.170026],[108.300513,15.170818],[108.301884,15.171258],[108.303128,15.17125],[108.304172,15.171016],[108.30461,15.171089],[108.304719,15.171233],[108.304577,15.171941],[108.305159,15.172774],[108.305179,15.173544],[108.306102,15.174511],[108.305587,15.174925],[108.304798,15.176034],[108.304041,15.177545],[108.301658,15.180496],[108.299916,15.181658],[108.299635,15.182047],[108.299649,15.182313],[108.300301,15.183268],[108.300394,15.183692],[108.300271,15.184078],[108.299821,15.184682],[108.299957,15.185601],[108.30122,15.186736],[108.302878,15.187529],[108.303313,15.188201],[108.303254,15.188774],[108.302421,15.189443],[108.302466,15.190506],[108.302327,15.190906],[108.3026,15.191268],[108.302177,15.193064],[108.301647,15.193576],[108.300805,15.19413],[108.300075,15.194322],[108.299181,15.194347],[108.297973,15.195039],[108.297423,15.195072],[108.296846,15.1949],[108.296207,15.194897],[108.295364,15.194333],[108.294993,15.194825],[108.294437,15.195091],[108.293243,15.195153],[108.292959,15.195383],[108.292909,15.195627],[108.293034,15.196914],[108.291258,15.197869],[108.291097,15.198632],[108.291217,15.199431],[108.292631,15.202397],[108.29368,15.202985],[108.294951,15.202846],[108.295953,15.203334],[108.296459,15.203352],[108.296802,15.20352],[108.298545,15.205209],[108.298768,15.206258],[108.300057,15.206732],[108.300795,15.207446],[108.301746,15.207762],[108.302511,15.208248],[108.3033,15.209039],[108.303853,15.209289],[108.304502,15.209801],[108.304802,15.210468],[108.305147,15.213058],[108.305739,15.213944],[108.306286,15.214508],[108.306419,15.214902],[108.306408,15.216215],[108.306761,15.217048],[108.306576,15.217443],[108.306783,15.218177],[108.307008,15.218797],[108.307651,15.219658],[108.308423,15.221176],[108.308136,15.221881],[108.308216,15.22296],[108.307861,15.224559],[108.307498,15.225443],[108.30651,15.225556],[108.306509,15.226497],[108.305372,15.227209],[108.304768,15.227395],[108.304327,15.227281],[108.303858,15.226772],[108.303209,15.226575],[108.301231,15.226333],[108.300752,15.225985],[108.299378,15.225944],[108.29894,15.226113],[108.297434,15.226176],[108.297222,15.226296],[108.297076,15.226668],[108.296902,15.226803],[108.296206,15.226953],[108.295253,15.227443],[108.293224,15.227788],[108.292814,15.228086],[108.292351,15.228211],[108.291535,15.227998],[108.290659,15.227512],[108.290325,15.227434],[108.288954,15.227525],[108.287499,15.227217],[108.286003,15.22669],[108.285702,15.227532],[108.285798,15.228687],[108.286387,15.229025],[108.286914,15.229793],[108.287762,15.230691],[108.288828,15.231262],[108.289172,15.231891],[108.289528,15.23224],[108.289522,15.233477],[108.289381,15.234065],[108.289224,15.234335],[108.288809,15.234597],[108.287173,15.235238],[108.286207,15.235449],[108.285803,15.235729],[108.285137,15.235594],[108.284465,15.235714],[108.283854,15.237358],[108.283363,15.237957],[108.282995,15.238889],[108.283111,15.239709],[108.282769,15.240776],[108.282393,15.241451],[108.281865,15.242057],[108.281667,15.24259],[108.281118,15.243264],[108.280967,15.243665],[108.281989,15.244421],[108.282924,15.244853],[108.28342,15.244941],[108.284939,15.244734],[108.287045,15.244812],[108.288192,15.245204],[108.289705,15.246245],[108.290495,15.246408],[108.291683,15.247543],[108.291272,15.248973],[108.291117,15.249157],[108.291198,15.249501],[108.291416,15.249806],[108.29257,15.250629],[108.292798,15.251496],[108.292605,15.251918],[108.293002,15.252831],[108.29477,15.254154],[108.295834,15.254406],[108.29687,15.254276],[108.297129,15.255193],[108.297274,15.255362],[108.299038,15.255553],[108.299544,15.255971],[108.300974,15.256458],[108.301408,15.256781],[108.301248,15.257662],[108.301539,15.257803],[108.302177,15.2577],[108.303053,15.258529],[108.303402,15.260202],[108.303776,15.261048],[108.304197,15.263108],[108.304901,15.264703],[108.304913,15.266046],[108.305326,15.266491],[108.305408,15.267367],[108.306011,15.267747],[108.306265,15.268104],[108.306064,15.26913],[108.305496,15.270113],[108.305133,15.272055],[108.305197,15.272551],[108.305531,15.273285],[108.305498,15.274138],[108.30521,15.274765],[108.304267,15.275366],[108.303884,15.277347],[108.303629,15.277681],[108.302911,15.277775],[108.301576,15.278176],[108.300884,15.278604],[108.299866,15.278725],[108.299379,15.278897],[108.302161,15.283565],[108.302563,15.284497],[108.30395,15.286589],[108.304998,15.287452],[108.305684,15.288493],[108.306998,15.28974],[108.311482,15.292246],[108.312219,15.293538],[108.31282,15.29415],[108.313044,15.295024],[108.313853,15.296075],[108.313875,15.297457],[108.314064,15.298047],[108.31437,15.298404],[108.315181,15.298548],[108.316675,15.299198],[108.317747,15.300061],[108.318635,15.30107],[108.318978,15.301222],[108.319805,15.301213],[108.320648,15.301563],[108.321974,15.301851],[108.322644,15.301389],[108.323643,15.301135],[108.323962,15.300761],[108.324264,15.300645],[108.325928,15.30034],[108.32813,15.300257],[108.329906,15.299972],[108.331255,15.299271],[108.332235,15.298504],[108.333563,15.298116],[108.335416,15.296917],[108.336158,15.296658],[108.337716,15.29648],[108.339003,15.297131],[108.339597,15.297688],[108.340811,15.297855],[108.342083,15.298506],[108.342385,15.298535],[108.342645,15.298448],[108.343757,15.297558],[108.345131,15.297357],[108.348217,15.297205],[108.350342,15.296492],[108.351475,15.295721],[108.352444,15.296574],[108.355155,15.296769],[108.355702,15.296708],[108.356497,15.296163],[108.357712,15.295871],[108.358985,15.295313],[108.359779,15.295217],[108.360632,15.295514],[108.361716,15.29545],[108.364261,15.294395],[108.364419,15.294741],[108.364324,15.295221],[108.364429,15.295681],[108.365327,15.297168],[108.365897,15.297641],[108.36771,15.297978],[108.371584,15.300074],[108.373625,15.300492],[108.37409,15.30071],[108.375043,15.301954],[108.376476,15.302173],[108.377659,15.302603],[108.378034,15.302789],[108.378285,15.303212],[108.378765,15.303414],[108.380017,15.303343],[108.381099,15.303534],[108.382674,15.303291],[108.383849,15.302688],[108.387439,15.302008],[108.387982,15.301541],[108.389532,15.300693],[108.39195,15.298696],[108.39277,15.298379],[108.393384,15.298443],[108.39454,15.299053],[108.395826,15.298994],[108.396582,15.299083],[108.397134,15.299353],[108.397603,15.299385],[108.398298,15.299874],[108.398827,15.300047],[108.400987,15.30025],[108.40159,15.300547],[108.402686,15.300278],[108.403236,15.300619],[108.403295,15.300822],[108.403316,15.304073],[108.402766,15.30574],[108.402858,15.306314],[108.403562,15.307111],[108.402812,15.307999],[108.402928,15.308598],[108.403236,15.308979],[108.403674,15.309183],[108.404627,15.30927],[108.405283,15.309566],[108.406066,15.310372],[108.406594,15.310698],[108.409654,15.30908],[108.410441,15.308175],[108.4133,15.308137],[108.414787,15.306634],[108.415665,15.306482],[108.416037,15.306697],[108.416355,15.307283],[108.417813,15.308036],[108.420381,15.310666],[108.421701,15.311456],[108.422201,15.312466],[108.422454,15.312707],[108.423296,15.313157],[108.424958,15.314352],[108.426036,15.315416],[108.426706,15.31574],[108.426739,15.31722],[108.427589,15.319264],[108.427685,15.320384],[108.428195,15.321713],[108.428132,15.322233],[108.430547,15.325564],[108.431562,15.325919],[108.434131,15.32586],[108.434102,15.324971],[108.434345,15.324389],[108.434787,15.323827],[108.435417,15.321994],[108.435824,15.319776],[108.435699,15.319238],[108.435432,15.318862],[108.43547,15.31717],[108.435656,15.316496],[108.436523,15.314659],[108.436686,15.314374],[108.437284,15.313859],[108.437437,15.313379],[108.439404,15.313187],[108.440747,15.312868],[108.44118,15.312892],[108.442423,15.312663],[108.443612,15.312027],[108.444332,15.311897],[108.445613,15.312179],[108.445983,15.312444],[108.447402,15.312374],[108.448448,15.311887],[108.450209,15.31049],[108.450621,15.30995],[108.451775,15.310439],[108.452988,15.310396],[108.453841,15.310159],[108.454802,15.310382],[108.45676,15.309768],[108.457464,15.309718],[108.457908,15.310096],[108.458082,15.31049],[108.458358,15.310506],[108.459243,15.310369],[108.459852,15.310066],[108.460432,15.309574],[108.46106,15.309449],[108.462812,15.309727],[108.464244,15.309595],[108.465442,15.310279],[108.465721,15.310638],[108.466137,15.31069],[108.468428,15.310741],[108.469764,15.309908],[108.470388,15.309813],[108.471383,15.310117],[108.47223,15.309995],[108.472582,15.310245],[108.473651,15.310464],[108.47414,15.310459],[108.474515,15.310096],[108.475032,15.310068],[108.475701,15.310408],[108.477182,15.311674],[108.477535,15.312451],[108.478,15.310529],[108.478022,15.30997],[108.478455,15.309409],[108.480787,15.308113],[108.482262,15.307991],[108.484232,15.308021],[108.484922,15.308312],[108.485874,15.308437],[108.486156,15.308578],[108.486614,15.309088],[108.487234,15.309373],[108.488074,15.310164],[108.488208,15.310724],[108.488526,15.311335],[108.490418,15.312603],[108.491104,15.313208],[108.49464,15.314746],[108.494906,15.314956],[108.495508,15.315966],[108.49584,15.317215],[108.497039,15.318429],[108.497308,15.320076],[108.497653,15.32089],[108.497763,15.322284],[108.498259,15.322672],[108.498817,15.323477],[108.499331,15.323862],[108.501177,15.324388],[108.502506,15.325206],[108.504107,15.325587],[108.505976,15.325809],[108.506751,15.326095],[108.507647,15.326181],[108.507973,15.326089],[108.509069,15.325012],[108.510594,15.32436],[108.511398,15.323843],[108.512338,15.323499],[108.513414,15.323349],[108.513938,15.323135],[108.514538,15.322396],[108.515477,15.321727],[108.51743,15.322791],[108.518177,15.322924],[108.519597,15.322806],[108.52022,15.322622],[108.520815,15.322274],[108.521684,15.322083],[108.523261,15.321164],[108.523734,15.321121],[108.524865,15.320613],[108.525678,15.320082],[108.526691,15.320135],[108.527553,15.321299],[108.528095,15.322789],[108.528536,15.323444],[108.530484,15.324332],[108.5307,15.325233],[108.530846,15.325426],[108.533012,15.327206],[108.53322,15.32755],[108.533241,15.331623],[108.534461,15.33091],[108.535657,15.33056],[108.537811,15.330484],[108.538934,15.331299],[108.540177,15.331141],[108.540884,15.331388],[108.541134,15.331916],[108.541139,15.332328],[108.541636,15.332352],[108.542192,15.332705],[108.543172,15.332632],[108.543728,15.33348],[108.54413,15.334597],[108.545021,15.334594],[108.545752,15.334411],[108.54626,15.33447],[108.546773,15.33484],[108.547805,15.335079],[108.548921,15.334894],[108.549776,15.334963],[108.551301,15.336101],[108.55185,15.336416],[108.552517,15.336593],[108.553775,15.336052],[108.556424,15.334446],[108.558486,15.334153],[108.559077,15.334159],[108.560158,15.334429],[108.563325,15.336042],[108.564717,15.337068],[108.568024,15.33861],[108.568624,15.339147],[108.570167,15.339866],[108.573259,15.341654],[108.575086,15.342047],[108.575587,15.342036],[108.576068,15.342223],[108.576292,15.342426],[108.577034,15.343907],[108.577258,15.344091],[108.579796,15.345275],[108.580289,15.34528],[108.58109,15.344959],[108.581412,15.344552],[108.582639,15.344039],[108.584457,15.344069],[108.585118,15.343952],[108.586257,15.343523],[108.586693,15.343251],[108.587436,15.341901],[108.588208,15.342992],[108.591861,15.346841],[108.592031,15.347158],[108.592503,15.346789],[108.593155,15.345769],[108.5941,15.345372],[108.594907,15.344482],[108.596552,15.343952],[108.59695,15.344006],[108.597289,15.344308],[108.599178,15.344876],[108.599526,15.344822],[108.601153,15.345157],[108.602735,15.345717],[108.602885,15.346086],[108.602179,15.347857],[108.602292,15.34868],[108.601771,15.350109],[108.601775,15.350392],[108.60201,15.350903],[108.602867,15.352146],[108.602919,15.352582],[108.60344,15.352445],[108.604398,15.352473],[108.604871,15.352141],[108.605696,15.352286],[108.606865,15.35213],[108.607299,15.35248],[108.608196,15.352879],[108.608419,15.352868],[108.608723,15.352568],[108.609157,15.352382],[108.610343,15.352399],[108.61107,15.353192],[108.611892,15.353355],[108.612811,15.353329],[108.614619,15.353024],[108.615114,15.353114],[108.617373,15.354358],[108.618119,15.355246],[108.618803,15.355749],[108.619196,15.355891],[108.620516,15.355714],[108.621625,15.356233],[108.622112,15.356735],[108.622297,15.357185],[108.622761,15.357602],[108.623224,15.357452],[108.624288,15.357618],[108.62493,15.357506],[108.627962,15.356158],[108.628172,15.356142],[108.628716,15.356484],[108.629356,15.356585],[108.629759,15.356882],[108.629996,15.357229],[108.630572,15.357551],[108.6328,15.359881],[108.633342,15.360704],[108.633767,15.362121],[108.634422,15.362998],[108.635201,15.363264],[108.636473,15.363374],[108.637548,15.363273],[108.640307,15.364302],[108.640985,15.36522],[108.641423,15.367211],[108.641978,15.367941],[108.644695,15.368142],[108.6465,15.367323],[108.647793,15.366924],[108.648732,15.366215],[108.649981,15.366047],[108.650694,15.366179],[108.651888,15.367531],[108.653342,15.367918],[108.655062,15.368816],[108.655117,15.367474],[108.655606,15.366607],[108.655861,15.366399],[108.656492,15.366151],[108.657064,15.366201],[108.657947,15.366041],[108.65956,15.366079],[108.659963,15.366664],[108.660183,15.366839],[108.660494,15.366862],[108.661276,15.368233],[108.661884,15.369948],[108.663053,15.368155],[108.664736,15.366553],[108.665382,15.366088],[108.667863,15.365026],[108.668674,15.364997],[108.669659,15.36525],[108.670037,15.36518],[108.671276,15.363936],[108.671598,15.363825],[108.672024,15.364059],[108.672531,15.364571],[108.673236,15.364784],[108.673594,15.365768],[108.674428,15.367265],[108.675768,15.368817],[108.676487,15.369206],[108.679749,15.369575],[108.679669,15.368609],[108.680264,15.366865],[108.684723,15.367601],[108.686526,15.369083],[108.68697,15.369198],[108.688593,15.369122],[108.68905,15.368681],[108.689626,15.368769],[108.690209,15.368276],[108.690607,15.368413],[108.690993,15.368785],[108.691645,15.368098],[108.6919,15.368025],[108.692448,15.368242],[108.69281,15.368182],[108.693456,15.368853],[108.694048,15.369274],[108.694649,15.369458],[108.695038,15.369718],[108.695176,15.370184],[108.697279,15.370079],[108.698527,15.369709],[108.700084,15.370897],[108.700343,15.371211],[108.700195,15.372153],[108.700653,15.372467],[108.701291,15.373175],[108.702821,15.371929],[108.704093,15.372071],[108.704864,15.371897],[108.706687,15.371017],[108.70994,15.370926],[108.710158,15.370833],[108.713478,15.372213],[108.713656,15.372212],[108.714516,15.371707],[108.715541,15.371727],[108.715997,15.37185],[108.71611,15.372149],[108.716577,15.372435],[108.718855,15.372509],[108.720064,15.373448],[108.720965,15.373856],[108.723195,15.375518],[108.723217,15.377222],[108.73012,15.385647],[108.73627,15.393679],[108.73671,15.394708],[108.736748,15.395622],[108.737294,15.396627],[108.738672,15.397702],[108.738782,15.398086],[108.739287,15.398639],[108.736882,15.400497],[108.734686,15.400994],[108.734691,15.401154],[108.735328,15.401066],[108.736266,15.400676],[108.736701,15.400677],[108.735343,15.401953],[108.733743,15.402959],[108.733362,15.403427],[108.732363,15.40412],[108.731167,15.405246],[108.73055,15.405553],[108.729153,15.406767],[108.728317,15.407699],[108.726563,15.409218],[108.725765,15.410311],[108.725173,15.410677],[108.724609,15.411214],[108.723183,15.412933],[108.722453,15.413404],[108.719061,15.416906],[108.716324,15.419288],[108.715477,15.420292],[108.713818,15.42173],[108.711819,15.423907],[108.711458,15.424086],[108.710965,15.424558],[108.710618,15.425076],[108.707401,15.428203],[108.706897,15.428955],[108.704659,15.431129],[108.703828,15.432416],[108.702568,15.433508],[108.701761,15.434676],[108.700807,15.435584],[108.699559,15.437153],[108.698203,15.438585],[108.697199,15.440151],[108.696261,15.442347],[108.695866,15.443781],[108.695908,15.44463],[108.696588,15.446847],[108.696665,15.446994],[108.697439,15.447286],[108.697869,15.447864],[108.697706,15.447891],[108.697704,15.44869],[108.697398,15.449236],[108.697345,15.449592],[108.697716,15.45064],[108.697442,15.450918],[108.697405,15.452047],[108.697998,15.452519],[108.698331,15.453001],[108.698469,15.453361],[108.698538,15.454395],[108.698692,15.454379],[108.698783,15.45392],[108.69892,15.45382],[108.69895,15.455027],[108.698563,15.455477],[108.698706,15.455855],[108.698916,15.455846],[108.699091,15.455614],[108.699195,15.455657],[108.699663,15.456798],[108.700139,15.457245],[108.700601,15.457261],[108.70086,15.456643],[108.70118,15.456694],[108.701627,15.457499],[108.701662,15.458217],[108.701044,15.459555],[108.700647,15.460931],[108.700101,15.46181],[108.700144,15.461984],[108.700436,15.462034],[108.700584,15.46238],[108.700451,15.462676],[108.700472,15.46316],[108.699988,15.463395],[108.69999,15.464238],[108.699834,15.464344],[108.699602,15.464198],[108.699555,15.463466],[108.699338,15.463371],[108.699105,15.463669],[108.69871,15.463812],[108.69842,15.464118],[108.698202,15.464593],[108.698089,15.465234],[108.698337,15.466244],[108.697903,15.466632],[108.698248,15.467467],[108.698219,15.467743],[108.697728,15.468255],[108.697282,15.469785],[108.696997,15.469663],[108.696833,15.468939],[108.696481,15.469093],[108.696375,15.469365],[108.696579,15.470084],[108.696563,15.471078],[108.696189,15.470998],[108.696039,15.471183],[108.696369,15.47164],[108.695607,15.471876],[108.694562,15.471913],[108.694333,15.472073],[108.69426,15.472488],[108.694348,15.472963],[108.694464,15.473077],[108.69485,15.473009],[108.694907,15.473715],[108.695247,15.474167],[108.695054,15.47435],[108.695077,15.474712],[108.694854,15.474862],[108.694926,15.475846],[108.694854,15.475938],[108.694701,15.47587],[108.694607,15.475421],[108.694807,15.474354],[108.694356,15.473635],[108.694187,15.473567],[108.693172,15.47619],[108.692198,15.479234],[108.69192,15.479432],[108.692043,15.479821],[108.692,15.480088],[108.692127,15.480262],[108.691912,15.480522],[108.692229,15.481271],[108.692065,15.48154],[108.692361,15.481694],[108.692268,15.482532],[108.691195,15.482969],[108.690787,15.483336],[108.689604,15.48394],[108.689396,15.484603],[108.689723,15.484902],[108.689685,15.485248],[108.689803,15.485498],[108.689526,15.485741],[108.689028,15.4856],[108.688821,15.485813],[108.688377,15.48581],[108.688111,15.486044],[108.68785,15.485991],[108.687943,15.486258],[108.68747,15.485999],[108.686939,15.486116],[108.686734,15.485953],[108.686618,15.486158],[108.68628,15.485915],[108.686249,15.485167],[108.686109,15.484921],[108.685697,15.484783],[108.684887,15.48489],[108.683974,15.483865],[108.683561,15.483592],[108.683302,15.482992],[108.683625,15.482851],[108.682913,15.482638],[108.682611,15.482725],[108.677761,15.481076],[108.677128,15.481774],[108.675873,15.483753],[108.673659,15.488887],[108.673369,15.491853],[108.674348,15.496051],[108.67695,15.503159],[108.677485,15.504255],[108.67817,15.505208],[108.679029,15.505968],[108.680072,15.505726],[108.681645,15.504951],[108.681872,15.505213],[108.682099,15.505281],[108.682116,15.505581],[108.682392,15.5059],[108.682207,15.506397],[108.681902,15.50679],[108.681157,15.508975],[108.680987,15.508952],[108.680865,15.50856],[108.679936,15.509048],[108.679177,15.511407],[108.67878,15.511879],[108.678152,15.512113],[108.676557,15.51324],[108.675631,15.514041],[108.675258,15.514618],[108.674679,15.515171],[108.674355,15.515343],[108.674109,15.515204],[108.673755,15.515441],[108.673474,15.515391],[108.673226,15.514754],[108.673334,15.514319],[108.672985,15.513737],[108.673067,15.513291],[108.673441,15.5125],[108.67386,15.511976],[108.674097,15.51118],[108.674884,15.510191],[108.675121,15.50915],[108.674969,15.508429],[108.674382,15.506884],[108.671827,15.503388],[108.670632,15.502452],[108.66822,15.500992],[108.665651,15.500119],[108.664689,15.499595],[108.66369,15.499379],[108.663306,15.499046],[108.662889,15.498318],[108.662683,15.497477],[108.662719,15.497238],[108.662899,15.497139],[108.660591,15.496351],[108.660102,15.49603],[108.659292,15.495782],[108.659165,15.495941],[108.659141,15.4967],[108.658911,15.497077],[108.657947,15.497869],[108.657446,15.498061],[108.653788,15.498333],[108.645477,15.500106],[108.641343,15.50137],[108.636312,15.503325],[108.633053,15.504779],[108.629479,15.506976],[108.628997,15.507112],[108.625563,15.509364],[108.625189,15.509507],[108.624211,15.510172],[108.623792,15.510627],[108.621496,15.512044],[108.621046,15.512548],[108.620637,15.512742],[108.619536,15.513712],[108.618856,15.514074],[108.617485,15.515537],[108.616306,15.516556],[108.615763,15.516851],[108.615004,15.517708],[108.614308,15.51817],[108.611761,15.521218],[108.611169,15.521549],[108.61041,15.522729],[108.608864,15.524242],[108.608469,15.524788],[108.608286,15.525301],[108.607456,15.526031],[108.606414,15.527198],[108.605229,15.52884],[108.60387,15.53025],[108.603254,15.531244],[108.602001,15.532492],[108.600924,15.534083],[108.599171,15.53568],[108.598844,15.536312],[108.598168,15.536663],[108.597404,15.537765],[108.595738,15.539247],[108.595153,15.540184],[108.594111,15.541055],[108.593367,15.542302],[108.592244,15.543158],[108.591823,15.544053],[108.590666,15.545032],[108.590342,15.54561],[108.588882,15.547433],[108.588425,15.548364],[108.587753,15.548848],[108.587233,15.549515],[108.586646,15.549747],[108.586027,15.550223],[108.585546,15.551112],[108.584939,15.551531],[108.584524,15.552296],[108.584126,15.55248],[108.583353,15.553141],[108.583025,15.553919],[108.581522,15.555337],[108.580809,15.556648],[108.580037,15.557099],[108.579558,15.557829],[108.578692,15.558602],[108.578328,15.559346],[108.577695,15.559963],[108.576986,15.561216],[108.575887,15.562201],[108.575234,15.563373],[108.574338,15.564147],[108.573476,15.565543],[108.572307,15.566766],[108.572065,15.567264],[108.57035,15.569405],[108.570087,15.570011],[108.567583,15.572638],[108.567068,15.573685],[108.566153,15.574596],[108.565289,15.575928],[108.56314,15.578599],[108.562171,15.579432],[108.560856,15.581617],[108.557606,15.585327],[108.556875,15.586897],[108.556112,15.587612],[108.554503,15.589514],[108.554048,15.59056],[108.552822,15.59192],[108.552131,15.593034],[108.551122,15.594075],[108.550079,15.595556],[108.549503,15.59663],[108.548092,15.59799],[108.547422,15.598979],[108.546732,15.599734],[108.54589,15.601467],[108.545195,15.602317],[108.545169,15.602518],[108.54466,15.603006],[108.543729,15.604325],[108.543291,15.604633],[108.542948,15.605341],[108.542628,15.605668],[108.542177,15.6059],[108.541867,15.606331],[108.541535,15.606875],[108.541167,15.607977],[108.540606,15.608434],[108.539643,15.609599],[108.539082,15.610504],[108.538382,15.61111],[108.537611,15.612684],[108.535183,15.615858],[108.534671,15.617024],[108.532661,15.619256],[108.532147,15.620288],[108.530166,15.622613],[108.529416,15.624029],[108.528115,15.625647],[108.527634,15.626507],[108.527067,15.627068],[108.526905,15.627529],[108.525627,15.629312],[108.525155,15.63028],[108.524174,15.63143],[108.523847,15.632208],[108.523117,15.63297],[108.522315,15.634221],[108.521959,15.634465],[108.52162,15.634929],[108.521354,15.635829],[108.520886,15.63613],[108.520095,15.637447],[108.517583,15.641005],[108.516643,15.642653],[108.515503,15.643924],[108.514907,15.644931],[108.514782,15.645391],[108.514433,15.645726],[108.514118,15.646408],[108.512375,15.648632],[108.512058,15.649313],[108.51023,15.652013],[108.509927,15.652693],[108.509559,15.653008],[108.509201,15.653677],[108.50818,15.655011],[108.507883,15.655776],[108.507186,15.656504],[108.505663,15.6591],[108.504807,15.660102],[108.503997,15.661591],[108.5036,15.661948],[108.503315,15.662773],[108.502402,15.663888],[108.501408,15.66586],[108.501007,15.666217],[108.499309,15.668996],[108.499073,15.66912],[108.498698,15.669593],[108.498531,15.670197],[108.496827,15.672589],[108.494756,15.676075],[108.494198,15.67676],[108.493909,15.677498],[108.493225,15.678672],[108.492592,15.679248],[108.492386,15.679767],[108.491339,15.681231],[108.490385,15.683009],[108.489536,15.683961],[108.48876,15.6857],[108.487771,15.686712],[108.487621,15.687332],[108.487154,15.687823],[108.486667,15.688743],[108.486253,15.689179],[108.485991,15.689864],[108.485511,15.690373],[108.485278,15.691022],[108.484288,15.692385],[108.484053,15.692919],[108.483532,15.693474],[108.482682,15.695355],[108.482283,15.695613],[108.481649,15.69684],[108.481132,15.6973],[108.480749,15.69823],[108.480098,15.699122],[108.478963,15.701226],[108.478599,15.701391],[108.478349,15.701684],[108.477974,15.702552],[108.477345,15.703393],[108.477148,15.703955],[108.476443,15.704704],[108.475845,15.705631],[108.475683,15.706135],[108.47482,15.707567],[108.47431,15.707993],[108.474071,15.708703],[108.473684,15.709163],[108.473208,15.710176],[108.472066,15.711756],[108.471158,15.713471],[108.470818,15.713773],[108.470505,15.714466],[108.469654,15.715393],[108.469334,15.716366],[108.468881,15.716753],[108.467641,15.718925],[108.466525,15.720385],[108.465797,15.721848],[108.464863,15.723182],[108.464368,15.723638],[108.464113,15.724349],[108.463788,15.724629],[108.463212,15.725854],[108.462798,15.726453],[108.462312,15.7269],[108.461519,15.728403],[108.460814,15.729255],[108.460286,15.730152],[108.460301,15.730428],[108.459032,15.732238],[108.458331,15.733517],[108.457964,15.733919],[108.457191,15.735503],[108.456295,15.736633],[108.455961,15.737423],[108.454686,15.739029],[108.452187,15.743473],[108.451577,15.74418],[108.451537,15.744436],[108.451043,15.745258],[108.450675,15.745652],[108.449899,15.747044],[108.449129,15.748138],[108.447653,15.75089],[108.446269,15.753256],[108.446109,15.753306],[108.445983,15.753907],[108.445468,15.754493],[108.445351,15.754964],[108.443749,15.757627],[108.4433,15.758597],[108.442686,15.759403],[108.442034,15.760966],[108.441729,15.761174],[108.441387,15.762053],[108.440675,15.763005],[108.440393,15.763858],[108.440116,15.763978],[108.439246,15.765285],[108.439041,15.765832],[108.437661,15.767842],[108.437535,15.768388],[108.435428,15.771654],[108.434972,15.772195],[108.43486,15.772818],[108.434373,15.77322],[108.433178,15.775093],[108.432794,15.776134],[108.432079,15.776886],[108.431552,15.778495],[108.431067,15.779016],[108.430915,15.779496],[108.430491,15.779992],[108.429551,15.781989],[108.429379,15.782028],[108.428685,15.783316],[108.427961,15.784259],[108.427321,15.785625],[108.426183,15.78738],[108.425614,15.788673],[108.425173,15.789355],[108.422026,15.796545],[108.42128,15.797668],[108.421141,15.798326],[108.420424,15.799549],[108.420354,15.800007],[108.419157,15.802181],[108.418986,15.802803],[108.418484,15.803754],[108.418264,15.804594],[108.417986,15.804944],[108.417307,15.807081],[108.416876,15.807876],[108.416775,15.808462],[108.416139,15.80965],[108.415937,15.810374],[108.415382,15.811446],[108.414878,15.812899],[108.414481,15.813454],[108.414205,15.814323],[108.413963,15.814623],[108.413864,15.814596],[108.414007,15.814011],[108.413901,15.813879],[108.413442,15.814566],[108.412876,15.814785],[108.413444,15.814721],[108.4139,15.813962],[108.413797,15.814429],[108.413854,15.81487],[108.414219,15.814578],[108.413608,15.816085],[108.413376,15.817249],[108.413005,15.818086],[108.41273,15.819366],[108.412331,15.820275],[108.412265,15.820749],[108.411417,15.823141],[108.411415,15.823427],[108.411131,15.823895],[108.410938,15.824582],[108.410905,15.825241],[108.410629,15.825547],[108.410516,15.825907],[108.410265,15.826828],[108.410245,15.827401],[108.409819,15.82844],[108.409752,15.829299],[108.409099,15.831432],[108.409055,15.832307],[108.40875,15.832698],[108.408776,15.833343],[108.408501,15.83372],[108.408469,15.834451],[108.40808,15.835073],[108.408103,15.83559],[108.407982,15.836036],[108.407645,15.836658],[108.407658,15.837273],[108.407196,15.838842],[108.407252,15.839195],[108.406964,15.839702],[108.40705,15.840519],[108.406786,15.840883],[108.406797,15.841528],[108.406466,15.842106],[108.40655,15.842721],[108.406305,15.843126],[108.406355,15.843928],[108.406017,15.844463],[108.405942,15.845324],[108.405543,15.846219],[108.405642,15.84682],[108.405232,15.848001],[108.405075,15.849401],[108.404807,15.849985],[108.404893,15.850686],[108.404607,15.851307],[108.404661,15.851885],[108.404454,15.852771],[108.404322,15.854264],[108.404434,15.855103],[108.404182,15.855999],[108.404207,15.856601],[108.404027,15.857349],[108.404082,15.857979],[108.403912,15.858397],[108.404027,15.859112],[108.403905,15.859744],[108.404195,15.862018],[108.405044,15.865],[108.405584,15.866295],[108.405574,15.866582],[108.405317,15.867145],[108.404298,15.867276],[108.404101,15.867049],[108.404158,15.866877],[108.404068,15.866806],[108.403665,15.866909],[108.402412,15.867864],[108.401453,15.868897],[108.399812,15.869954],[108.398308,15.870307],[108.396323,15.871155],[108.395895,15.871191],[108.395329,15.871042],[108.394819,15.870635],[108.393707,15.870552],[108.393161,15.870632],[108.392684,15.870424],[108.392442,15.870127],[108.392176,15.869286],[108.391847,15.869091],[108.391031,15.869003],[108.389497,15.86844],[108.389414,15.86806],[108.38893,15.876017],[108.389126,15.876006],[108.390081,15.876669],[108.389891,15.87763],[108.389998,15.878238],[108.390224,15.878656],[108.390289,15.880217],[108.390212,15.880976],[108.389374,15.881958],[108.388461,15.882675],[108.388151,15.883105],[108.387991,15.883168],[108.387808,15.883022],[108.387004,15.883912],[108.387114,15.884184],[108.386334,15.884627],[108.385916,15.885134],[108.385071,15.885748],[108.384907,15.885656],[108.38334,15.88711],[108.379884,15.889714],[108.380124,15.890262],[108.378431,15.891274],[108.378095,15.890954],[108.377702,15.891109],[108.376431,15.892272],[108.376554,15.892797],[108.376329,15.893052],[108.375847,15.893271],[108.375918,15.89309],[108.376352,15.892799],[108.376273,15.892615],[108.376094,15.892545],[108.373287,15.894124],[108.372977,15.893982],[108.371546,15.895225],[108.368779,15.896591],[108.36712,15.897773],[108.365771,15.898539],[108.365167,15.898738],[108.361203,15.901252],[108.360752,15.90139],[108.358768,15.902489],[108.356693,15.903911],[108.353,15.906089],[108.352556,15.906509],[108.350736,15.907573],[108.349529,15.908491],[108.348055,15.909402],[108.347434,15.909639],[108.347214,15.909887],[108.345099,15.911128],[108.343947,15.911891],[108.343158,15.912581],[108.3427,15.912703],[108.341416,15.913459],[108.339715,15.914798],[108.336509,15.917041],[108.335988,15.917262],[108.334545,15.918342],[108.332268,15.919793],[108.33131,15.920688],[108.330456,15.921205],[108.329133,15.922429],[108.328367,15.922865],[108.327846,15.923433],[108.326279,15.924553],[108.323528,15.926796],[108.323207,15.9272],[108.320445,15.929548],[108.319413,15.930595],[108.318285,15.931471],[108.317813,15.932063],[108.316317,15.933521],[108.315755,15.933928],[108.312419,15.937239],[108.309412,15.94049],[108.308082,15.941718],[108.305303,15.945038],[108.304986,15.945578],[108.300792,15.950591],[108.298929,15.953016],[108.298571,15.953644],[108.297979,15.954284],[108.297578,15.955169],[108.296833,15.955994],[108.296603,15.956531],[108.296195,15.95691],[108.29562,15.958008],[108.295017,15.958562],[108.294544,15.959525],[108.293832,15.960386],[108.293401,15.961224],[108.292878,15.961782],[108.29131,15.964169],[108.290984,15.964997],[108.290421,15.965578],[108.289426,15.967571],[108.288497,15.968751],[108.287621,15.970704],[108.286787,15.971682],[108.286536,15.972334],[108.285769,15.973218],[108.285569,15.974033],[108.285003,15.974626],[108.284832,15.975254],[108.283575,15.977148],[108.283341,15.978045],[108.282664,15.97878],[108.282283,15.979898],[108.281055,15.981796],[108.280627,15.982943],[108.280142,15.983513],[108.279566,15.98493],[108.278818,15.985955],[108.278624,15.986726],[108.276776,15.989581],[108.276463,15.990791],[108.276007,15.991315],[108.27577,15.992147],[108.275183,15.992957],[108.274338,15.995049],[108.273307,15.996832],[108.273139,15.997427],[108.272367,15.998479],[108.272322,15.99898],[108.270727,16.001714],[108.270029,16.00375],[108.268673,16.005978],[108.268155,16.007673],[108.267255,16.008684],[108.267003,16.010226],[108.266583,16.011121],[108.266251,16.011346],[108.265802,16.012929],[108.265249,16.013549],[108.264625,16.014657],[108.264221,16.015896],[108.263234,16.017822],[108.262751,16.0191],[108.261706,16.021037],[108.26043,16.02397],[108.260177,16.024815],[108.259561,16.025818],[108.258845,16.027348],[108.25816,16.028381],[108.257581,16.030444],[108.256514,16.032275],[108.255873,16.034167],[108.255075,16.035517],[108.254512,16.037322],[108.254017,16.037893],[108.25376,16.039091],[108.253264,16.039596],[108.253009,16.040307],[108.252905,16.041178],[108.252268,16.042105],[108.251801,16.04321],[108.251631,16.044293],[108.250556,16.04686],[108.249914,16.049259],[108.249652,16.049606],[108.249455,16.050813],[108.249154,16.051162],[108.248752,16.052592],[108.248669,16.054179],[108.248144,16.054935],[108.248016,16.055345],[108.247956,16.056473],[108.247391,16.058832],[108.247469,16.059328],[108.246981,16.060941],[108.246583,16.065046],[108.246575,16.065753],[108.246722,16.066276],[108.246598,16.067195],[108.246657,16.067749],[108.246428,16.068879],[108.24669,16.069783],[108.246647,16.071408],[108.24678,16.072295],[108.246668,16.073309],[108.247239,16.076234],[108.247315,16.077886],[108.247592,16.079114],[108.247557,16.079966],[108.247874,16.080629],[108.248293,16.083326],[108.248753,16.084839],[108.248806,16.085717],[108.249626,16.088112],[108.250301,16.089506],[108.251791,16.091758],[108.252246,16.093031],[108.252768,16.095316],[108.253552,16.096757],[108.255257,16.098852],[108.257958,16.100884],[108.259216,16.101455],[108.260792,16.101939],[108.262256,16.102032],[108.263399,16.101833],[108.263548,16.101878],[108.263661,16.102134],[108.263813,16.1021],[108.26404,16.101737],[108.264486,16.101556],[108.264568,16.101256],[108.264586,16.100886],[108.26435,16.100041],[108.264406,16.099718],[108.264695,16.099212],[108.265471,16.098419],[108.265501,16.098018],[108.265755,16.097663],[108.266112,16.097313],[108.266569,16.09717],[108.267361,16.096148],[108.267835,16.09583],[108.267848,16.095514],[108.267318,16.095169],[108.267384,16.095008],[108.267654,16.094973],[108.268227,16.095263],[108.269255,16.095402],[108.269483,16.095751],[108.269892,16.095858],[108.26963,16.096199],[108.269607,16.09655],[108.27018,16.097681],[108.270525,16.09792],[108.271212,16.098189],[108.273721,16.098804],[108.274726,16.098278],[108.27502,16.097834],[108.275948,16.097514],[108.276138,16.097329],[108.276303,16.097437],[108.276779,16.097295],[108.277027,16.097348],[108.277584,16.097696],[108.278028,16.097806],[108.278903,16.097697],[108.279556,16.097278],[108.27982,16.097568],[108.280251,16.097347],[108.280312,16.097744],[108.281263,16.09832],[108.281444,16.098534],[108.281459,16.098799],[108.281676,16.098954],[108.28189,16.0989],[108.2819,16.099021],[108.282417,16.099414],[108.283338,16.100439],[108.283781,16.101249],[108.284371,16.101942],[108.286074,16.103679],[108.286479,16.10393],[108.287337,16.10436],[108.288889,16.104427],[108.291632,16.105622],[108.292072,16.105649],[108.293196,16.105187],[108.294662,16.105704],[108.295162,16.105721],[108.295941,16.105312],[108.297348,16.10501],[108.299147,16.104409],[108.299917,16.103888],[108.300206,16.103432],[108.300558,16.102316],[108.300496,16.101424],[108.300977,16.100797],[108.300928,16.100512],[108.300514,16.100046],[108.30048,16.099852],[108.300641,16.098854],[108.301215,16.098587],[108.301671,16.097906],[108.302189,16.097848],[108.302903,16.096813],[108.303423,16.096408],[108.304478,16.095992],[108.305804,16.095958],[108.306002,16.095818],[108.306269,16.095829],[108.306858,16.096049],[108.3071,16.096375],[108.308517,16.096883],[108.309062,16.097569],[108.309496,16.097785],[108.310001,16.098336],[108.310207,16.09958],[108.310023,16.10055],[108.30952,16.101948],[108.309757,16.102374],[108.309563,16.102764],[108.309888,16.103096],[108.3092,16.104998],[108.3093,16.106523],[108.309821,16.108887],[108.310309,16.110212],[108.310671,16.11078],[108.311038,16.110947],[108.311123,16.111624],[108.311404,16.112178],[108.311755,16.112447],[108.312892,16.112847],[108.313542,16.112598],[108.314602,16.112415],[108.316314,16.112854],[108.316926,16.113233],[108.31858,16.114652],[108.319986,16.116344],[108.320782,16.116696],[108.321367,16.116597],[108.323676,16.115779],[108.325049,16.115865],[108.326523,16.115352],[108.32708,16.115773],[108.327731,16.11556],[108.328381,16.116022],[108.329096,16.115903],[108.329194,16.116224],[108.32949,16.116202],[108.329851,16.116351],[108.329961,16.116696],[108.330273,16.116882],[108.330365,16.117167],[108.330981,16.11708],[108.331032,16.117557],[108.331502,16.117579],[108.331641,16.118086],[108.33209,16.118388],[108.332676,16.118325],[108.333247,16.11849],[108.334518,16.11841],[108.335134,16.118305],[108.335826,16.117966],[108.336592,16.117948],[108.337866,16.117677],[108.338424,16.117811],[108.338411,16.118122],[108.338191,16.118287],[108.337898,16.118883],[108.337582,16.11915],[108.337791,16.119499],[108.338058,16.119531],[108.338207,16.119947],[108.338064,16.120283],[108.33812,16.120688],[108.337985,16.121079],[108.336909,16.121752],[108.336544,16.121752],[108.336148,16.122063],[108.335983,16.122531],[108.335512,16.122831],[108.335077,16.123769],[108.334292,16.124821],[108.334156,16.125199],[108.333677,16.125356],[108.333393,16.125917],[108.33308,16.125891],[108.332863,16.126222],[108.332203,16.126651],[108.332115,16.126915],[108.331722,16.127046],[108.331292,16.127531],[108.330963,16.128038],[108.330117,16.130057],[108.329729,16.131592],[108.329301,16.131903],[108.329259,16.132692],[108.328887,16.133002],[108.328441,16.133648],[108.327665,16.1351],[108.327021,16.135539],[108.326596,16.136394],[108.326189,16.136758],[108.326126,16.137088],[108.325721,16.137312],[108.325614,16.137967],[108.325738,16.138266],[108.325577,16.138402],[108.325079,16.138496],[108.324242,16.140467],[108.323796,16.140971],[108.323552,16.141123],[108.323259,16.141066],[108.32317,16.141335],[108.32291,16.141171],[108.322447,16.141265],[108.322253,16.141468],[108.321928,16.141559],[108.321865,16.141919],[108.321576,16.141823],[108.321312,16.142548],[108.320657,16.143153],[108.320408,16.14305],[108.319762,16.143579],[108.319558,16.143552],[108.319448,16.143274],[108.319211,16.143594],[108.318959,16.143353],[108.318741,16.14347],[108.318754,16.143159],[108.318649,16.143113],[108.318241,16.143513],[108.318404,16.143642],[108.318359,16.1439],[108.317945,16.1439],[108.317725,16.144417],[108.316458,16.144747],[108.315921,16.144427],[108.31578,16.144131],[108.315112,16.143675],[108.314324,16.14238],[108.313496,16.142363],[108.31286,16.142033],[108.312479,16.141412],[108.312334,16.140446],[108.312351,16.137759],[108.312686,16.135646],[108.311884,16.13499],[108.311749,16.134299],[108.311208,16.133183],[108.310431,16.132265],[108.309943,16.131939],[108.309823,16.130991],[108.309924,16.130016],[108.309883,16.129796],[108.309581,16.129466],[108.309764,16.12895],[108.309875,16.127814],[108.310169,16.127283],[108.310257,16.126303],[108.310517,16.125923],[108.310397,16.125047],[108.309682,16.124419],[108.308991,16.124083],[108.307215,16.12349],[108.305368,16.123124],[108.303547,16.124323],[108.303178,16.124442],[108.302954,16.124702],[108.3026,16.124636],[108.30097,16.125026],[108.30036,16.124984],[108.300087,16.125081],[108.299703,16.125603],[108.299219,16.125897],[108.298555,16.126989],[108.297659,16.127928],[108.297248,16.128206],[108.297128,16.128566],[108.296777,16.128858],[108.296644,16.129326],[108.29676,16.129625],[108.296572,16.129908],[108.296487,16.130597],[108.29578,16.130895],[108.295383,16.131546],[108.293361,16.133495],[108.293066,16.133996],[108.292072,16.134363],[108.2917,16.134756],[108.291052,16.134995],[108.290127,16.135547],[108.289622,16.135519],[108.28908,16.135707],[108.288727,16.136152],[108.287776,16.136946],[108.286461,16.137195],[108.286131,16.136976],[108.285534,16.137033],[108.285309,16.137184],[108.285125,16.137154],[108.284789,16.137412],[108.28403,16.137586],[108.283981,16.137859],[108.283686,16.137954],[108.283606,16.137607],[108.283099,16.137763],[108.282585,16.137436],[108.28156,16.137323],[108.28052,16.136599],[108.28016,16.136628],[108.279672,16.136326],[108.278749,16.136201],[108.278675,16.135891],[108.277838,16.135804],[108.27767,16.135539],[108.277131,16.135208],[108.277096,16.13486],[108.276367,16.133844],[108.275929,16.13366],[108.275777,16.133399],[108.275568,16.133297],[108.275023,16.133215],[108.274576,16.133403],[108.274255,16.133705],[108.273668,16.133757],[108.27269,16.134431],[108.272274,16.13438],[108.271034,16.134977],[108.27079,16.135201],[108.270437,16.136257],[108.270093,16.136697],[108.27015,16.136835],[108.270362,16.136831],[108.270311,16.137009],[108.270051,16.137161],[108.269639,16.137754],[108.269605,16.13799],[108.269932,16.138028],[108.269867,16.138266],[108.269414,16.138536],[108.269013,16.138491],[108.268846,16.138708],[108.269216,16.139132],[108.269739,16.139382],[108.269811,16.139682],[108.269705,16.139985],[108.268864,16.140263],[108.268663,16.140202],[108.268724,16.139842],[108.267949,16.140091],[108.267649,16.140296],[108.267414,16.140901],[108.26696,16.141231],[108.266259,16.141464],[108.265541,16.141962],[108.265307,16.142618],[108.265386,16.142889],[108.264591,16.143274],[108.264392,16.143757],[108.264425,16.144007],[108.264011,16.144501],[108.263069,16.144959],[108.262851,16.145178],[108.262631,16.146256],[108.262027,16.146502],[108.261875,16.146733],[108.261761,16.147007],[108.261651,16.148421],[108.261457,16.148825],[108.261129,16.149145],[108.260957,16.149972],[108.260542,16.150867],[108.259497,16.1518],[108.259022,16.152667],[108.258462,16.152461],[108.257841,16.152994],[108.257458,16.15315],[108.257222,16.153541],[108.256618,16.153492],[108.256297,16.153794],[108.254921,16.15371],[108.254228,16.154246],[108.253718,16.154454],[108.251614,16.15449],[108.250338,16.154868],[108.249164,16.155602],[108.248486,16.155448],[108.248124,16.155518],[108.246447,16.15497],[108.245785,16.15483],[108.245534,16.154891],[108.245418,16.154599],[108.244988,16.154132],[108.244576,16.153924],[108.244356,16.15359],[108.243854,16.153297],[108.243709,16.153048],[108.243132,16.152649],[108.242934,16.152329],[108.242429,16.152294],[108.241843,16.151787],[108.241722,16.151201],[108.241821,16.150891],[108.241649,16.15049],[108.240712,16.150245],[108.240292,16.149458],[108.239692,16.149079],[108.238213,16.149698],[108.237861,16.150068],[108.237743,16.150052],[108.237493,16.149854],[108.237412,16.14946],[108.237064,16.148927],[108.235635,16.148448],[108.235508,16.148205],[108.235122,16.148031],[108.234837,16.147612],[108.234427,16.147487],[108.234034,16.147642],[108.233534,16.148432],[108.233033,16.148756],[108.231935,16.150021],[108.231386,16.150077],[108.230498,16.14978],[108.230147,16.149116],[108.230182,16.148632],[108.230317,16.148164],[108.23091,16.147391],[108.23104,16.146773],[108.231504,16.146331],[108.231552,16.145844],[108.231227,16.144848],[108.231216,16.143785],[108.231786,16.143149],[108.231855,16.14282],[108.231651,16.142441],[108.231377,16.142314],[108.231083,16.142473],[108.230915,16.14198],[108.230022,16.141444],[108.229613,16.141343],[108.229537,16.141213],[108.229308,16.14047],[108.229519,16.139738],[108.229263,16.139222],[108.229364,16.13854],[108.229638,16.138291],[108.229648,16.137783],[108.229025,16.136871],[108.228721,16.136727],[108.228455,16.135586],[108.227895,16.135258],[108.227723,16.135015],[108.22775,16.134601],[108.227315,16.1342],[108.227046,16.134114],[108.226134,16.134477],[108.225748,16.134927],[108.22476,16.134778],[108.224609,16.134622],[108.224325,16.133073],[108.223488,16.132726],[108.223193,16.131878],[108.222631,16.131506],[108.222049,16.131307],[108.221718,16.131026],[108.221573,16.13072],[108.221585,16.130139],[108.22049,16.128858],[108.220788,16.127294],[108.221,16.126937],[108.220782,16.126291],[108.220923,16.125228],[108.220546,16.124565],[108.219908,16.124221],[108.218757,16.123952],[108.216954,16.124935],[108.215693,16.125154],[108.215217,16.125085],[108.214708,16.124806],[108.214257,16.124373],[108.213862,16.122957],[108.213714,16.122898],[108.213688,16.122412],[108.217907,16.110136],[108.219966,16.108742],[108.22185,16.095873],[108.217623,16.093742],[108.217243,16.093986],[108.21621,16.095214],[108.214851,16.096269],[108.213993,16.094386],[108.213714,16.092965],[108.213429,16.092639],[108.213474,16.092066],[108.213305,16.091631],[108.213015,16.091301],[108.21032,16.089447],[108.208579,16.089275],[108.207069,16.088884],[108.207006,16.088637],[108.207152,16.088117],[108.207286,16.088127],[108.207452,16.087166],[108.207502,16.085636],[108.207293,16.083989],[108.206581,16.081617],[108.205608,16.079589],[108.204585,16.077907],[108.203426,16.076384],[108.201482,16.074359],[108.201343,16.074038],[108.198599,16.073393],[108.195992,16.073092],[108.192799,16.07317],[108.189145,16.07361],[108.185902,16.074196],[108.182536,16.074999],[108.179408,16.075905],[108.178763,16.076393],[108.178483,16.076158],[108.178463,16.075945],[108.178074,16.076085],[108.178228,16.076314],[108.178143,16.076526],[108.174283,16.078026],[108.170553,16.079649],[108.164907,16.082644],[108.160276,16.085352],[108.151899,16.091238],[108.151657,16.091547],[108.151303,16.091686],[108.150778,16.09222],[108.150171,16.092582],[108.14882,16.094026],[108.147315,16.095109],[108.146432,16.096163],[108.144498,16.097625],[108.138269,16.104367],[108.135436,16.107811],[108.131662,16.112921],[108.131336,16.113585],[108.131084,16.114516],[108.13109,16.114936],[108.131378,16.116241],[108.131877,16.117199],[108.132244,16.117232],[108.133899,16.116921],[108.13458,16.117465],[108.134594,16.117732],[108.134125,16.118074],[108.134011,16.118372],[108.133439,16.118428],[108.133039,16.118806],[108.132635,16.118898],[108.13122,16.118785],[108.130167,16.119087],[108.129574,16.119727],[108.128367,16.121541],[108.127482,16.12249],[108.127029,16.123233],[108.126833,16.123341],[108.126555,16.12323],[108.126483,16.12305],[108.126585,16.122609],[108.126372,16.122306],[108.125926,16.122207],[108.124473,16.122219],[108.124236,16.122059],[108.123289,16.123413],[108.123703,16.123978],[108.124099,16.125012],[108.124652,16.125351],[108.124911,16.125304],[108.124752,16.125127],[108.124494,16.124228],[108.124685,16.124153],[108.125055,16.124564],[108.125367,16.124616],[108.12542,16.125144],[108.125332,16.12585],[108.124704,16.127567],[108.124043,16.128816],[108.123243,16.130929],[108.123762,16.13119],[108.123324,16.133191],[108.123103,16.134867],[108.123796,16.138675],[108.123741,16.138956],[108.122787,16.139825],[108.122972,16.140049],[108.123599,16.139514],[108.124249,16.139584],[108.125989,16.14211],[108.126481,16.142485],[108.127572,16.142067],[108.128944,16.141307],[108.130137,16.140806],[108.130701,16.140813],[108.131061,16.141103],[108.131394,16.141204],[108.132257,16.141052],[108.133059,16.140496],[108.133541,16.140374],[108.134301,16.140893],[108.136187,16.141095],[108.136992,16.141957],[108.137317,16.14287],[108.137943,16.143993],[108.139254,16.144686],[108.139438,16.145084],[108.139619,16.146214],[108.139428,16.146943],[108.138745,16.147823],[108.138396,16.147961],[108.137623,16.149712],[108.136908,16.151987],[108.136789,16.152944],[108.137039,16.15372],[108.13686,16.153985],[108.136986,16.154432],[108.136766,16.154889],[108.136864,16.155317],[108.136719,16.15557],[108.136799,16.157503],[108.137044,16.159315],[108.138183,16.161383],[108.139073,16.16257],[108.140934,16.164112],[108.142955,16.164828],[108.14569,16.164773],[108.146038,16.164636],[108.14646,16.164374],[108.146809,16.16396],[108.146706,16.162675],[108.147391,16.161614],[108.148781,16.160705],[108.149354,16.160677],[108.149806,16.160489],[108.152452,16.16088],[108.152819,16.160989],[108.15349,16.161505],[108.153969,16.163055],[108.153655,16.164455],[108.153671,16.164818],[108.152827,16.165251],[108.152303,16.16523],[108.15192,16.165369],[108.151174,16.167005],[108.15101,16.167912],[108.151276,16.168316],[108.151911,16.168615],[108.15222,16.169879],[108.153062,16.17107],[108.15349,16.171415],[108.153746,16.172064],[108.153977,16.172196],[108.15354,16.173593],[108.153528,16.174252],[108.153277,16.174313],[108.152934,16.174671],[108.152657,16.175448],[108.152922,16.175773],[108.152707,16.176264],[108.153103,16.177362],[108.153526,16.179269],[108.153478,16.179528],[108.15297,16.180216],[108.152713,16.180807],[108.15301,16.181821],[108.152896,16.182525],[108.153151,16.18275],[108.153083,16.18359],[108.153426,16.185118],[108.153728,16.185931],[108.15439,16.186473],[108.154378,16.186659],[108.154086,16.186993],[108.15413,16.187415],[108.155817,16.190429],[108.156325,16.190629],[108.159271,16.190277],[108.159859,16.190412],[108.160274,16.190857],[108.16055,16.190961],[108.161611,16.191024],[108.162938,16.1919],[108.1636,16.192943],[108.16393,16.193196],[108.163854,16.193503],[108.164035,16.193749],[108.164762,16.194034],[108.165484,16.193431],[108.166446,16.193006],[108.166783,16.193011],[108.16742,16.193288],[108.168141,16.193841],[108.169212,16.193462],[108.169967,16.193641],[108.171432,16.193744],[108.172902,16.193531],[108.173043,16.193701],[108.17341,16.193733],[108.173762,16.19411],[108.174437,16.194291],[108.174722,16.194654],[108.174984,16.194669],[108.175141,16.194882],[108.175493,16.194986],[108.175444,16.195317],[108.175655,16.195509],[108.175433,16.196473],[108.175773,16.196726],[108.175802,16.197256],[108.178278,16.19966],[108.178997,16.200127],[108.179384,16.200202],[108.179966,16.200089],[108.180837,16.199516],[108.181758,16.199622],[108.182661,16.199503],[108.183309,16.199231],[108.184011,16.199197],[108.185003,16.199387],[108.185968,16.20072],[108.18665,16.200992],[108.187016,16.200991],[108.187752,16.200626],[108.189123,16.200739],[108.191452,16.200719],[108.192169,16.199848],[108.192919,16.199392],[108.193541,16.199331],[108.194442,16.199427],[108.194651,16.199806],[108.194552,16.200142],[108.194763,16.200306],[108.194647,16.20111],[108.194332,16.201497],[108.193588,16.201996],[108.19372,16.2025],[108.193377,16.20359],[108.193499,16.204094],[108.193299,16.204284],[108.193598,16.204704],[108.193937,16.204575],[108.194201,16.204738],[108.194149,16.205201],[108.193762,16.206021],[108.194298,16.207661],[108.19483,16.20847],[108.194765,16.208724],[108.194922,16.208941],[108.194776,16.209115],[108.194934,16.209385],[108.194798,16.209555],[108.194953,16.209662],[108.194929,16.20977],[108.190567,16.208017],[108.177521,16.205757],[108.171074,16.201304],[108.170197,16.201315],[108.168457,16.20299],[108.164887,16.203707],[108.161224,16.205618],[108.157105,16.206177],[108.15622,16.205677],[108.155762,16.200361],[108.150749,16.201345],[108.147224,16.199591],[108.143723,16.198973],[108.140625,16.194809],[108.138351,16.193689],[108.137932,16.193231],[108.137189,16.192922],[108.136839,16.192579],[108.13622,16.191349],[108.135456,16.190526],[108.133988,16.189621],[108.132912,16.189061],[108.132464,16.188964],[108.13194,16.188182],[108.131338,16.18767],[108.125875,16.183927],[108.124953,16.183136],[108.1206,16.181598],[108.118919,16.181296],[108.118538,16.181346],[108.117083,16.182456],[108.116145,16.182784],[108.11496,16.182618],[108.113902,16.182199],[108.112635,16.182349],[108.111987,16.182025],[108.111365,16.181967],[108.110782,16.182281],[108.109482,16.183859],[108.108713,16.184246],[108.107788,16.185055],[108.106616,16.18533],[108.104959,16.186297],[108.104371,16.186178],[108.103702,16.185829],[108.103135,16.18581],[108.102172,16.186193],[108.101603,16.186645],[108.100902,16.186808],[108.10051,16.187129],[108.099186,16.186606],[108.094587,16.183423],[108.0938,16.182566],[108.093857,16.181647],[108.093658,16.180826],[108.092807,16.1803],[108.092165,16.180178],[108.091633,16.180293],[108.090215,16.18118],[108.089761,16.181278],[108.089313,16.181734],[108.08761,16.18176],[108.0869,16.182018],[108.086443,16.182426],[108.085971,16.182637],[108.085022,16.182316],[108.084373,16.18158],[108.083347,16.182122],[108.081382,16.182881],[108.080518,16.182976],[108.079558,16.18264],[108.078103,16.182784],[108.07647,16.183167],[108.075457,16.183551],[108.073682,16.182254],[108.073164,16.182204],[108.071578,16.18239],[108.070676,16.182137],[108.067541,16.183299],[108.064194,16.184146],[108.062687,16.182482],[108.061555,16.180492],[108.060659,16.179669],[108.059893,16.179279],[108.059352,16.179163],[108.058451,16.179275],[108.056197,16.180167],[108.053914,16.181597],[108.052475,16.182945],[108.051261,16.183169],[108.050022,16.183729],[108.049079,16.184558],[108.048147,16.185184],[108.046891,16.185754],[108.04617,16.186354],[108.044405,16.187314],[108.043916,16.187271],[108.042867,16.18774],[108.042426,16.188197],[108.041345,16.188819],[108.039786,16.189962],[108.039375,16.190129],[108.038459,16.190105],[108.038058,16.190626],[108.03655,16.191523],[108.036209,16.191554],[108.035207,16.191325],[108.034383,16.191367],[108.033106,16.190806],[108.031754,16.191257],[108.028236,16.193305],[108.027108,16.193004],[108.025722,16.19345],[108.02511,16.19303],[108.024784,16.193007],[108.023815,16.193424],[108.022296,16.193624],[108.0215,16.193997],[108.020715,16.193914],[108.019744,16.194377],[108.017786,16.194618],[108.015912,16.193929],[108.015178,16.194055],[108.013992,16.194891],[108.012773,16.196232],[108.011814,16.196677],[108.011664,16.197245],[108.010874,16.197754],[108.01026,16.198365],[108.008439,16.201092],[108.008414,16.201761],[108.007541,16.202722],[108.006864,16.203961],[108.006138,16.204593],[108.005641,16.205247],[108.005445,16.205315],[108.004973,16.205135],[108.003673,16.205027],[108.00009,16.20726],[107.999245,16.20755],[107.996375,16.208979],[107.995194,16.209886],[107.994221,16.209526],[107.993863,16.209576],[107.991692,16.211506],[107.991124,16.212162],[107.989858,16.213055],[107.989423,16.213553],[107.988269,16.214219],[107.988064,16.213736],[107.987506,16.213251],[107.986063,16.21222],[107.984967,16.211889],[107.984576,16.211163],[107.98423,16.210792],[107.983611,16.210293],[107.982704,16.209807],[107.982027,16.208377],[107.980831,16.208161],[107.980722,16.207732],[107.979786,16.20674],[107.979194,16.205579],[107.979198,16.205135],[107.979409,16.204573],[107.979371,16.203409],[107.978301,16.202543],[107.976694,16.200857],[107.974891,16.199731],[107.974075,16.199383],[107.972058,16.199035],[107.971092,16.196877],[107.970654,16.196325],[107.970042,16.195979],[107.96967,16.194158],[107.968279,16.193398],[107.967486,16.193131],[107.965244,16.193139],[107.964143,16.192665],[107.963479,16.191978],[107.961636,16.192007],[107.961161,16.191667],[107.960415,16.191535],[107.959982,16.191149],[107.959283,16.190925],[107.958126,16.190165],[107.956859,16.190015],[107.956426,16.189347],[107.956113,16.189172],[107.955164,16.189466],[107.953532,16.189665],[107.952129,16.190114],[107.951193,16.190118],[107.949818,16.190693],[107.949234,16.190987],[107.948187,16.192099],[107.947158,16.192576],[107.946305,16.193403],[107.944516,16.193979],[107.944158,16.19419],[107.943773,16.194664],[107.943067,16.194579],[107.941129,16.194759],[107.940023,16.194583],[107.939489,16.194614],[107.938605,16.194694],[107.938309,16.195248],[107.937889,16.195426],[107.936776,16.195291],[107.936214,16.195062],[107.935595,16.195312],[107.934535,16.195362],[107.933077,16.196196],[107.932076,16.197248],[107.930491,16.197725],[107.930198,16.197704],[107.929704,16.197417],[107.928355,16.199534],[107.927966,16.2006],[107.926638,16.201491],[107.925007,16.201852],[107.924522,16.202089],[107.923732,16.203347],[107.921658,16.205136],[107.920841,16.206604],[107.91863,16.208087],[107.917906,16.2083],[107.917122,16.209293],[107.916404,16.210635],[107.915839,16.211226],[107.915267,16.212079],[107.914889,16.21312],[107.913497,16.214537],[107.911199,16.215549],[107.910441,16.215418],[107.910108,16.215509],[107.909477,16.214786],[107.909123,16.214673],[107.908517,16.214117],[107.906074,16.214499],[107.905492,16.214238],[107.904766,16.213675],[107.904466,16.212953],[107.904384,16.211913],[107.904182,16.211184],[107.903776,16.210501],[107.903275,16.210078],[107.901138,16.209343],[107.900211,16.208906],[107.897782,16.207152],[107.896509,16.205975],[107.895503,16.205239],[107.894692,16.205112],[107.893626,16.205531],[107.892905,16.20566],[107.891326,16.206305],[107.890296,16.206348],[107.889968,16.206252],[107.889856,16.203614],[107.88886,16.202993],[107.888461,16.202362],[107.888161,16.201129],[107.888129,16.200347],[107.88752,16.20035],[107.886975,16.199806],[107.886736,16.199709],[107.883867,16.20007],[107.882925,16.19991],[107.880506,16.198841],[107.878636,16.198353],[107.87763,16.197223],[107.875597,16.196914],[107.875417,16.196785],[107.874697,16.195729],[107.874703,16.195099],[107.875997,16.193767],[107.87734,16.189992],[107.877346,16.189037],[107.876816,16.188412],[107.867433,16.182939],[107.86803,16.181294],[107.86917,16.180957],[107.870052,16.179967],[107.870717,16.179452],[107.871568,16.178362],[107.872336,16.177813],[107.873263,16.17589],[107.873992,16.17369],[107.874682,16.172649],[107.875024,16.171801],[107.875885,16.170641],[107.876246,16.169958],[107.876377,16.169286],[107.875937,16.168176],[107.876147,16.165721],[107.87577,16.164585],[107.87563,16.163087],[107.875044,16.161871],[107.874978,16.160688],[107.87454,16.159857],[107.873843,16.158938],[107.873479,16.157919],[107.868411,16.157522],[107.867189,16.157616],[107.865987,16.157405],[107.865228,16.157099],[107.864129,16.155871],[107.863487,16.155462],[107.862709,16.155273],[107.862165,16.155337],[107.861373,16.15522],[107.860108,16.15473],[107.859602,16.15428],[107.858731,16.153124],[107.858663,16.152442],[107.859349,16.149693],[107.860406,16.147677],[107.860468,16.1473],[107.859971,16.145375],[107.859812,16.145148],[107.858899,16.144565],[107.858307,16.143872],[107.85872,16.14307],[107.858302,16.142559],[107.857695,16.14035],[107.857599,16.138673],[107.857902,16.137752],[107.859289,16.13674],[107.85966,16.136252],[107.859887,16.135491],[107.860198,16.135182],[107.859841,16.134395],[107.859245,16.134006],[107.859351,16.133201],[107.858602,16.132673],[107.858469,16.131615],[107.857721,16.13009],[107.857393,16.12878],[107.856865,16.128276],[107.855989,16.127774],[107.85589,16.126551],[107.855411,16.125679],[107.854947,16.12529],[107.854893,16.124586],[107.854325,16.123107],[107.854351,16.122447],[107.85447,16.122183],[107.855443,16.121326],[107.85595,16.120333],[107.856183,16.114428],[107.855986,16.114129],[107.855439,16.113854],[107.855037,16.113275],[107.854588,16.113026],[107.853672,16.112037],[107.851971,16.111196],[107.851014,16.110895],[107.850579,16.110319],[107.849622,16.109721],[107.849164,16.108676],[107.848469,16.107792],[107.848044,16.107449],[107.847099,16.107032],[107.846535,16.106321],[107.845744,16.105727],[107.845523,16.105233],[107.845483,16.104645],[107.843937,16.104369],[107.843066,16.10376],[107.841289,16.103394],[107.840622,16.102764],[107.839348,16.102043],[107.838394,16.101848],[107.837979,16.101408],[107.837101,16.101134],[107.836695,16.100702],[107.836184,16.099761],[107.835087,16.098804],[107.834322,16.098409],[107.833945,16.098078],[107.832575,16.096284],[107.832249,16.095554],[107.832027,16.093923],[107.832289,16.09297],[107.829035,16.09186],[107.828453,16.091127],[107.826884,16.09004],[107.826667,16.088976],[107.826407,16.088612],[107.826352,16.088258],[107.825851,16.087794],[107.825514,16.086877],[107.825457,16.085643],[107.825597,16.084953],[107.825034,16.084792],[107.822898,16.08354],[107.822454,16.083021],[107.822411,16.081126],[107.822092,16.080358],[107.82199,16.079265],[107.821649,16.07782],[107.822128,16.076422],[107.822632,16.07587],[107.823522,16.074069],[107.824377,16.073048],[107.824868,16.070537],[107.824779,16.070114],[107.824277,16.069303],[107.822205,16.067625],[107.821624,16.066784],[107.820134,16.065108],[107.820042,16.064557],[107.820215,16.063882],[107.820205,16.062261],[107.819586,16.060785],[107.818645,16.0594],[107.818761,16.057387],[107.818053,16.056874],[107.81717,16.055977],[107.816735,16.05524],[107.816379,16.054219],[107.81597,16.053546],[107.815654,16.053249],[107.814899,16.052972],[107.812835,16.052748],[107.810948,16.053048],[107.809133,16.05293],[107.808504,16.053176],[107.805831,16.055161],[107.80527,16.055707],[107.804645,16.056822],[107.803985,16.057146],[107.802635,16.058121],[107.801827,16.059447],[107.801862,16.060055],[107.801353,16.060604],[107.800088,16.060921],[107.799387,16.061455],[107.798467,16.061591],[107.798141,16.061816],[107.797172,16.061688],[107.796403,16.062418],[107.79564,16.062382],[107.794357,16.0629],[107.793547,16.062825],[107.79312,16.064124],[107.792736,16.064476],[107.791856,16.064831],[107.791311,16.065421],[107.790681,16.065654],[107.789606,16.067021],[107.788857,16.067742],[107.788262,16.068128],[107.787077,16.067918],[107.785257,16.066264],[107.784036,16.065752],[107.783585,16.065429],[107.782938,16.064745],[107.781944,16.062874],[107.781553,16.06237],[107.781043,16.062621],[107.780411,16.062687],[107.77903,16.063263],[107.778884,16.063452],[107.778647,16.064397],[107.778154,16.064808],[107.776923,16.065523],[107.776417,16.065341],[107.775927,16.065471],[107.775216,16.066109],[107.7739,16.066911],[107.774492,16.065196],[107.77523,16.064604],[107.775533,16.063295],[107.775502,16.062268],[107.775171,16.060066],[107.774274,16.058519],[107.773373,16.058034],[107.772878,16.057527],[107.77185,16.056878],[107.771166,16.056022],[107.770661,16.055608],[107.770307,16.054719],[107.770262,16.05427],[107.770417,16.053728],[107.770076,16.051902],[107.769864,16.051408],[107.769464,16.051158],[107.768659,16.051146],[107.767787,16.051247],[107.767061,16.051486],[107.765798,16.051084],[107.765041,16.050357],[107.764725,16.050392],[107.764214,16.050047],[107.763222,16.049762],[107.761471,16.049494],[107.760535,16.048617],[107.759609,16.047407],[107.758375,16.045232],[107.757658,16.044259],[107.757587,16.043679],[107.757291,16.043407],[107.756355,16.043243],[107.754481,16.044006],[107.753426,16.042922],[107.752936,16.042712],[107.752061,16.042618],[107.751818,16.043006],[107.750855,16.043018],[107.749724,16.042987],[107.747764,16.04267],[107.746474,16.042196],[107.743802,16.041536],[107.74329,16.040425],[107.741648,16.039541],[107.741137,16.038897],[107.74087,16.038812],[107.73976,16.039078],[107.739147,16.039376],[107.738751,16.0393],[107.738976,16.038579],[107.736173,16.036901],[107.735704,16.036478],[107.735307,16.036362],[107.734551,16.036423],[107.734058,16.036208],[107.733573,16.035861],[107.732341,16.034544],[107.731249,16.033853],[107.730735,16.033106],[107.730419,16.032902],[107.730139,16.031757],[107.729969,16.031622],[107.729488,16.031493],[107.728253,16.030799],[107.726667,16.030559],[107.726226,16.029425],[107.726218,16.028635],[107.725753,16.028055],[107.725635,16.02748],[107.725807,16.02701],[107.725855,16.026137],[107.726621,16.025183],[107.727416,16.024562],[107.72766,16.024196],[107.727754,16.023443],[107.728158,16.022222],[107.727853,16.020883],[107.728188,16.018705],[107.728059,16.018192],[107.727641,16.01753],[107.726827,16.016718],[107.726494,16.015441],[107.727196,16.014118],[107.727297,16.013281],[107.726607,16.011757],[107.726079,16.011314],[107.725757,16.01056],[107.725241,16.009898],[107.72456,16.008094],[107.724036,16.0076],[107.722144,16.006702],[107.721045,16.005896],[107.720043,16.00511],[107.718514,16.003338],[107.717831,16.002715],[107.714573,16.000705],[107.713999,16.00042],[107.712596,16.000127],[107.711063,15.999492],[107.710587,15.998989],[107.709359,15.998733],[107.708811,15.997945],[107.707768,15.996886],[107.7078,15.996521],[107.707535,15.995349],[107.704928,15.994675],[107.704638,15.994703],[107.704275,15.995098],[107.703238,15.995458],[107.702911,15.995453],[107.702563,15.995177],[107.701355,15.994873],[107.699827,15.995188],[107.698758,15.994954],[107.697754,15.99509],[107.696204,15.994743],[107.695888,15.994744],[107.69543,15.994942],[107.694978,15.994875],[107.694427,15.995134],[107.693336,15.995397],[107.692077,15.99553],[107.691658,15.995804],[107.691381,15.996339],[107.691075,15.996564],[107.690359,15.996334],[107.689052,15.996789],[107.68697,15.996732],[107.684969,15.997399],[107.683538,15.997237],[107.682328,15.997283],[107.681446,15.998049],[107.67899,15.998674],[107.677937,15.998775],[107.677033,15.999098],[107.676375,16.000161],[107.676524,16.001065],[107.676506,16.004289],[107.675807,16.005182],[107.674564,16.005839],[107.67355,16.005996],[107.673025,16.006198],[107.672848,16.006455],[107.672082,16.009341],[107.672454,16.011056],[107.672412,16.011589],[107.672185,16.011851],[107.671267,16.012274],[107.669411,16.012889],[107.668607,16.013435],[107.668331,16.014184],[107.667963,16.014674],[107.666239,16.015996],[107.665359,16.016276],[107.664923,16.016752],[107.664564,16.018002],[107.664091,16.018655],[107.662917,16.018706],[107.661336,16.019113],[107.659638,16.01921],[107.657949,16.019561],[107.655871,16.019485],[107.653232,16.019154],[107.651964,16.019415],[107.651032,16.019171],[107.650709,16.019215],[107.650287,16.019574],[107.649783,16.020491],[107.648493,16.022132],[107.648097,16.022943],[107.647582,16.02345],[107.646565,16.023801],[107.645849,16.023678],[107.644739,16.023969],[107.643343,16.024721],[107.641762,16.025978],[107.641025,16.026297],[107.640954,16.027111],[107.638716,16.027977],[107.637387,16.028037],[107.635516,16.028637],[107.635257,16.029512],[107.633142,16.030368],[107.632306,16.03101],[107.631165,16.03098],[107.629732,16.030493],[107.628671,16.030733],[107.627274,16.031568],[107.624096,16.032239],[107.623698,16.032068],[107.623251,16.031293],[107.62281,16.031097],[107.621287,16.032062],[107.620349,16.033525],[107.620174,16.034157],[107.620186,16.037811],[107.620019,16.038629],[107.620429,16.039506],[107.620748,16.039888],[107.621712,16.040491],[107.622376,16.041733],[107.622462,16.042494],[107.622923,16.043041],[107.622771,16.043832],[107.622836,16.044027],[107.623654,16.044338],[107.624825,16.045397],[107.625389,16.046113],[107.625465,16.046415],[107.625349,16.0474],[107.625827,16.048277],[107.626108,16.049282],[107.625488,16.05003],[107.625366,16.050333],[107.625168,16.052009],[107.625563,16.052796],[107.624955,16.054251],[107.624863,16.055635],[107.623593,16.058053],[107.623236,16.058407],[107.622539,16.059567],[107.622377,16.060144],[107.621382,16.062082],[107.61973,16.064055],[107.615538,16.063004],[107.611288,16.060769],[107.610053,16.060802],[107.606087,16.060025],[107.604783,16.058862],[107.603799,16.059078],[107.603294,16.058827],[107.60168,16.057612],[107.601104,16.057412],[107.600603,16.057364],[107.599733,16.057056],[107.596848,16.057122],[107.596337,16.056567],[107.595752,16.056232],[107.593917,16.056533],[107.592612,16.057181],[107.589138,16.056705],[107.586691,16.056797],[107.582447,16.055607],[107.57885,16.054775],[107.574615,16.054318],[107.573817,16.05443],[107.572488,16.055528],[107.572056,16.055713],[107.57185,16.055676],[107.571422,16.055314],[107.568689,16.053681],[107.567608,16.052661],[107.566622,16.051948],[107.565394,16.052002],[107.56186,16.050752],[107.561054,16.050272],[107.560908,16.049792],[107.559925,16.048882],[107.559155,16.048407],[107.558683,16.047706],[107.5582,16.047738],[107.557859,16.047567],[107.557495,16.046744],[107.55756,16.045582],[107.557249,16.045103],[107.5565,16.044844],[107.554255,16.044905],[107.553183,16.044619],[107.552936,16.044404],[107.552772,16.043864],[107.552738,16.042928],[107.552249,16.041789],[107.552299,16.041601],[107.552726,16.041128],[107.553486,16.040764],[107.553709,16.040131],[107.553978,16.039756],[107.554164,16.03898],[107.5549,16.038211],[107.555163,16.037772],[107.555878,16.037399],[107.556748,16.035542],[107.556859,16.034459],[107.557291,16.032804],[107.558012,16.03199],[107.558492,16.031707],[107.560207,16.031432],[107.560353,16.031054],[107.560218,16.029441],[107.559771,16.028627],[107.559517,16.027137],[107.559282,16.026676],[107.558418,16.025971],[107.558392,16.025373],[107.558708,16.024747],[107.559598,16.023765],[107.559849,16.023154],[107.559905,16.022334],[107.560439,16.021904],[107.559483,16.021446],[107.559112,16.021024],[107.558755,16.019893],[107.558087,16.018948],[107.557546,16.017547],[107.556925,16.017235],[107.556296,16.01744],[107.555848,16.017347],[107.555299,16.016298],[107.554389,16.015452],[107.55399,16.014597],[107.553637,16.014796],[107.552709,16.014879],[107.551592,16.015282],[107.550985,16.015208],[107.550696,16.014975],[107.550491,16.013731],[107.54992,16.012642],[107.549769,16.011337],[107.548938,16.011268],[107.546365,16.010674],[107.544394,16.010658],[107.542595,16.011298],[107.541654,16.01139],[107.540361,16.011848],[107.538755,16.011975],[107.537911,16.01301],[107.534336,16.013319],[107.533974,16.013459],[107.532003,16.015237],[107.529898,16.015171],[107.52929,16.0156],[107.526069,16.015999],[107.525192,16.016498],[107.524152,16.016484],[107.523723,16.016662],[107.522537,16.01653],[107.521118,16.015585],[107.520365,16.015231],[107.519634,16.014914],[107.518638,16.014814],[107.517346,16.014779],[107.512826,16.016063],[107.511038,16.017114],[107.509208,16.018657],[107.507834,16.020242],[107.507071,16.021663],[107.506331,16.021971],[107.506212,16.024011],[107.505398,16.027064],[107.504959,16.027526],[107.504479,16.027805],[107.504375,16.028026],[107.504447,16.028242],[107.505142,16.028904],[107.505137,16.029574],[107.50441,16.029901],[107.503226,16.030717],[107.503145,16.031777],[107.50296,16.032225],[107.502395,16.032997],[107.501819,16.033484],[107.501384,16.033555],[107.501181,16.034293],[107.500725,16.034585],[107.499515,16.03475],[107.498781,16.034461],[107.498377,16.034404],[107.498051,16.034518],[107.497839,16.03574],[107.497033,16.037593],[107.496935,16.038057],[107.496154,16.039149],[107.494778,16.039321],[107.493951,16.03925],[107.492083,16.039945],[107.490883,16.040586],[107.489612,16.040598],[107.488644,16.041105],[107.488077,16.041002],[107.487418,16.041119],[107.486583,16.040857],[107.48631,16.040329],[107.486497,16.039538],[107.485329,16.038693],[107.485209,16.038045],[107.485352,16.037196],[107.484497,16.036499],[107.484264,16.035834],[107.484288,16.035484],[107.483801,16.035274],[107.482873,16.035136],[107.481965,16.03468],[107.481572,16.034644],[107.480716,16.035144],[107.480141,16.035296],[107.479504,16.035755],[107.478885,16.03582],[107.476776,16.034999],[107.475379,16.033604],[107.474818,16.033349],[107.47337,16.033018],[107.472328,16.030779],[107.471464,16.029755],[107.471184,16.029079],[107.470868,16.028656],[107.470041,16.02775],[107.469674,16.026759],[107.467994,16.025556],[107.467249,16.024591],[107.466703,16.023593],[107.46647,16.023402],[107.465607,16.023118],[107.465528,16.022137],[107.465596,16.019961],[107.465059,16.018498],[107.464263,16.015216],[107.462349,16.013659],[107.462015,16.013075],[107.461603,16.012721],[107.461183,16.01112],[107.460759,16.010648],[107.459823,16.009878],[107.458578,16.009333],[107.458271,16.009078],[107.458305,16.008848],[107.458575,16.008515],[107.45856,16.007892],[107.458133,16.007602],[107.457389,16.006155],[107.456734,16.005984],[107.456187,16.005481],[107.455939,16.004609],[107.455644,16.002268],[107.455605,15.999113],[107.454692,15.998774],[107.454056,15.998396],[107.453805,15.997123],[107.453724,15.995445],[107.453281,15.994819],[107.453075,15.994105],[107.451447,15.993262],[107.450818,15.991377],[107.450358,15.990952],[107.449472,15.990417],[107.44832,15.989952],[107.446917,15.990026],[107.445925,15.990572],[107.444965,15.990857],[107.444524,15.990885],[107.443564,15.990657],[107.44323,15.990383],[107.443691,15.989901],[107.443594,15.989035],[107.443732,15.987888],[107.444388,15.9872],[107.445095,15.986205],[107.44574,15.985124],[107.445991,15.984398],[107.446989,15.983308],[107.447267,15.982643],[107.447201,15.982137],[107.446621,15.98045],[107.444809,15.979117],[107.444194,15.978039],[107.443463,15.976207],[107.442609,15.975509],[107.442512,15.974742],[107.441961,15.9736],[107.441376,15.971671],[107.440801,15.970953],[107.440476,15.97075],[107.439936,15.970686],[107.44014,15.970119],[107.440193,15.969315],[107.439199,15.967499],[107.438669,15.966862],[107.43896,15.966109],[107.438952,15.964771],[107.438093,15.964329],[107.436571,15.963298],[107.436078,15.961836],[107.435187,15.961211],[107.434906,15.960304],[107.43467,15.958456],[107.434336,15.956991],[107.433765,15.956705],[107.432547,15.956733],[107.432934,15.95569],[107.432744,15.954865],[107.4328,15.954268],[107.432229,15.952225],[107.432215,15.951682],[107.431759,15.950671],[107.431586,15.947921],[107.431287,15.946685],[107.430897,15.94584],[107.430379,15.943582],[107.43012,15.943042],[107.42967,15.941227],[107.429033,15.940463],[107.428244,15.938637],[107.426806,15.936409],[107.427608,15.935064],[107.428109,15.934444],[107.428558,15.934107],[107.428805,15.933714],[107.428384,15.932398],[107.428414,15.931241],[107.428193,15.930387],[107.42793,15.930088],[107.426437,15.929216],[107.423211,15.926528],[107.422831,15.926338],[107.421985,15.926247],[107.421255,15.926564],[107.420737,15.92662],[107.419835,15.926606],[107.419663,15.926436],[107.419034,15.925145],[107.418522,15.923414],[107.418469,15.922965],[107.418686,15.922371],[107.418813,15.920997],[107.418693,15.919932],[107.418057,15.919588],[107.417768,15.919274],[107.41746,15.918098],[107.416666,15.916746],[107.416593,15.915468],[107.416294,15.914004],[107.415463,15.912364],[107.415002,15.91196],[107.41279,15.9116],[107.412172,15.911308],[107.410447,15.910808],[107.409263,15.909815],[107.40907,15.908439],[107.407983,15.906333],[107.407433,15.904997],[107.407085,15.904345],[107.406053,15.903175],[107.406091,15.902425],[107.40671,15.901109],[107.405242,15.900518],[107.404197,15.90038],[107.401643,15.899265],[107.401201,15.898],[107.400441,15.89654],[107.399768,15.895628],[107.398866,15.893965],[107.398274,15.89373],[107.395405,15.893697],[107.395087,15.893609],[107.394792,15.89336],[107.394293,15.892485],[107.391945,15.892587],[107.391092,15.892384],[107.389834,15.891763],[107.388622,15.892212],[107.387493,15.892339],[107.388509,15.891163],[107.388698,15.890598],[107.387775,15.890111],[107.387674,15.889553],[107.38745,15.889342],[107.386532,15.889262],[107.386083,15.889094],[107.385959,15.888004],[107.385136,15.886688],[107.384653,15.887351],[107.382882,15.888665],[107.381568,15.888504],[107.380314,15.88877],[107.38026,15.888855],[107.380609,15.889654],[107.380453,15.889809],[107.380112,15.889675],[107.379576,15.889826],[107.379019,15.890169],[107.378707,15.890679],[107.37872,15.890975],[107.379207,15.891406],[107.379345,15.891687],[107.379294,15.892055],[107.377536,15.892092],[107.377256,15.892721],[107.376817,15.893285],[107.375021,15.894361],[107.375123,15.895239],[107.374608,15.895474],[107.374449,15.896348],[107.373654,15.896196],[107.3713,15.897987],[107.370951,15.897946],[107.370069,15.897511],[107.368364,15.897132],[107.367699,15.896826],[107.366575,15.895952],[107.366114,15.895749],[107.365588,15.895834],[107.364934,15.896286],[107.364556,15.896247],[107.364486,15.895939],[107.364989,15.894729],[107.364944,15.894538],[107.364427,15.894203],[107.364032,15.89367],[107.364664,15.892802],[107.363855,15.892232],[107.362161,15.891599],[107.3616,15.891605],[107.361122,15.892453],[107.360737,15.892786],[107.360159,15.892983],[107.359613,15.892756],[107.358956,15.892082],[107.358103,15.892474],[107.357714,15.892508],[107.356655,15.892262],[107.35486,15.892915],[107.354155,15.892851],[107.352777,15.892197],[107.352511,15.89217],[107.352241,15.89234],[107.3521,15.892951],[107.351631,15.893488],[107.350984,15.893603],[107.350124,15.893409],[107.348951,15.893977],[107.348525,15.894024],[107.347813,15.89387],[107.347163,15.893324],[107.344063,15.891359],[107.342964,15.890493],[107.341672,15.890339],[107.34024,15.890934],[107.339288,15.890974],[107.338676,15.890849],[107.335676,15.88937],[107.33405,15.888097],[107.333522,15.887816],[107.333263,15.88783],[107.331705,15.888738],[107.329842,15.889385],[107.328814,15.890095],[107.326346,15.888748],[107.325322,15.888322],[107.323684,15.887115],[107.322833,15.88722],[107.320854,15.886924],[107.320299,15.885944],[107.319599,15.885169],[107.319202,15.884474],[107.318958,15.884244],[107.318005,15.883944],[107.317666,15.883675],[107.317163,15.883705],[107.316206,15.884695],[107.315824,15.884503],[107.315539,15.884219],[107.315415,15.883781],[107.315876,15.882585],[107.315737,15.880388],[107.314685,15.879094],[107.3143,15.878228],[107.312926,15.87688],[107.312166,15.876506],[107.312,15.875878],[107.31214,15.875086],[107.311937,15.874185],[107.312195,15.87346],[107.312139,15.873265],[107.311413,15.872886],[107.310047,15.871748],[107.309668,15.870528],[107.309268,15.870155],[107.308054,15.86929],[107.307148,15.868947],[107.304561,15.867301],[107.303897,15.866997],[107.303123,15.866838],[107.303011,15.86675],[107.303005,15.86617],[107.302854,15.865939],[107.301993,15.866241],[107.301087,15.867511],[107.298619,15.869283],[107.298428,15.869303],[107.29813,15.869174],[107.297967,15.868345],[107.29704,15.867781],[107.295979,15.866753],[107.294835,15.866048],[107.293587,15.866001],[107.293352,15.865926],[107.292952,15.865512],[107.29228,15.865543],[107.291764,15.86531],[107.291113,15.865609],[107.290071,15.865722],[107.289854,15.865653],[107.289763,15.865175],[107.288949,15.864552],[107.288784,15.863884],[107.288973,15.862834],[107.288527,15.861595],[107.28779,15.860856],[107.284999,15.85972],[107.284594,15.859372],[107.284211,15.858797],[107.283013,15.857734],[107.281445,15.857708],[107.280602,15.857956],[107.279855,15.858],[107.279119,15.858396],[107.278619,15.858395],[107.278222,15.858256],[107.277536,15.859279],[107.277057,15.861179],[107.276466,15.861664],[107.275673,15.861594],[107.273611,15.85999],[107.271608,15.859228],[107.270986,15.858828],[107.271007,15.858445],[107.271494,15.857807],[107.27175,15.856985],[107.27168,15.853988],[107.271433,15.853116],[107.270631,15.852321],[107.269856,15.851246],[107.268808,15.850949],[107.264679,15.850214],[107.263757,15.849761],[107.263334,15.849708],[107.262536,15.849831],[107.262281,15.85025],[107.261787,15.850413],[107.26076,15.85],[107.259065,15.848842],[107.257493,15.848699],[107.255991,15.847596],[107.25595,15.847174],[107.255501,15.846153],[107.25367,15.844695],[107.253105,15.843826],[107.252447,15.843287],[107.251097,15.841823],[107.250953,15.841586],[107.250733,15.840118],[107.249312,15.839523],[107.248414,15.838642],[107.248159,15.838513],[107.247498,15.838496],[107.246777,15.839155],[107.245819,15.839589],[107.244784,15.839809],[107.244222,15.839815],[107.243534,15.839553],[107.242665,15.839676],[107.241879,15.840013],[107.241182,15.840641],[107.239582,15.841686],[107.23667,15.842983],[107.234945,15.843667],[107.233987,15.843696],[107.2336,15.843575],[107.233221,15.843168],[107.232988,15.842645],[107.232389,15.84028],[107.232355,15.838497],[107.232021,15.837843],[107.23142,15.8377],[107.230076,15.838419],[107.229528,15.838515],[107.227713,15.837428],[107.2266,15.83616],[107.223676,15.835772],[107.221341,15.835616],[107.221674,15.833856],[107.221546,15.833517],[107.220862,15.83301],[107.220753,15.832694],[107.221494,15.830948],[107.221349,15.830716],[107.220629,15.830383],[107.220326,15.82977],[107.219406,15.82914],[107.218745,15.829081],[107.217684,15.828644],[107.217426,15.828772],[107.216745,15.829723],[107.216383,15.829858],[107.215993,15.829821],[107.215106,15.829375],[107.214609,15.82852],[107.213123,15.827531],[107.211588,15.827158],[107.210762,15.826725],[107.21054,15.826207],[107.210769,15.825679],[107.21105,15.825407],[107.212595,15.824594],[107.213417,15.824593],[107.214889,15.823997],[107.215348,15.823277],[107.216377,15.822586],[107.216774,15.821619],[107.217303,15.820843],[107.217378,15.820328],[107.217859,15.819774],[107.219187,15.817615],[107.220491,15.81493],[107.221186,15.814128],[107.221432,15.813474],[107.22158,15.811745],[107.221761,15.811319],[107.223188,15.809729],[107.223209,15.809337],[107.223612,15.808706],[107.224903,15.807438],[107.226129,15.805694],[107.227814,15.805103],[107.22832,15.804452],[107.228741,15.804574],[107.22895,15.804443],[107.228977,15.803785],[107.228774,15.803243],[107.227937,15.802345],[107.226597,15.801469],[107.225817,15.800569],[107.226219,15.799398],[107.226581,15.793952],[107.227159,15.793223],[107.227473,15.792586],[107.227382,15.791087],[107.228045,15.790306],[107.228589,15.786733],[107.229431,15.785147],[107.229868,15.783421],[107.22959,15.783094],[107.228772,15.782716],[107.228157,15.782782],[107.227667,15.783214],[107.227439,15.78327],[107.226587,15.783183],[107.225898,15.782897],[107.222794,15.780586],[107.220383,15.777676],[107.219109,15.776781],[107.218897,15.776353],[107.218901,15.775798],[107.219531,15.773776],[107.219708,15.772787],[107.219633,15.772271],[107.219165,15.771204],[107.218308,15.770268],[107.218432,15.768966],[107.218173,15.767879],[107.218178,15.767381],[107.218311,15.766959],[107.218781,15.766582],[107.218798,15.766314],[107.218376,15.765611],[107.218225,15.764037],[107.217308,15.762546],[107.217161,15.762046],[107.217065,15.76121],[107.217353,15.760534],[107.217334,15.760318],[107.216975,15.759687],[107.21553,15.759086],[107.21504,15.758483],[107.214552,15.758105],[107.212558,15.758183],[107.211796,15.757338],[107.211519,15.756785],[107.21133,15.756098],[107.211184,15.754344],[107.211834,15.751468],[107.211686,15.75058],[107.21166,15.749099],[107.212091,15.747813],[107.212036,15.747374],[107.212316,15.746749],[107.212328,15.746051],[107.212901,15.745166],[107.213112,15.744561],[107.212932,15.742593],[107.213378,15.740848],[107.213551,15.738665],[107.215822,15.74046],[107.216139,15.740572],[107.216307,15.74056],[107.217525,15.739142],[107.217842,15.739158],[107.219063,15.740031],[107.219866,15.740148],[107.220282,15.740341],[107.222499,15.742563],[107.223134,15.74287],[107.225725,15.742865],[107.227346,15.742582],[107.22802,15.742647],[107.228949,15.743002],[107.230163,15.742771],[107.230489,15.742806],[107.231431,15.74315],[107.232896,15.74335],[107.233263,15.743639],[107.233595,15.744131],[107.234042,15.7443],[107.234553,15.744253],[107.235807,15.743245],[107.236195,15.743202],[107.236756,15.743811],[107.237842,15.743748],[107.238522,15.744314],[107.239284,15.744611],[107.240304,15.744765],[107.241058,15.744657],[107.241555,15.74438],[107.241866,15.744356],[107.242911,15.745155],[107.24326,15.745264],[107.245419,15.745285],[107.2463,15.744937],[107.248092,15.744865],[107.248833,15.744577],[107.249592,15.744085],[107.24994,15.743717],[107.25014,15.74209],[107.250859,15.741424],[107.251816,15.740803],[107.252254,15.740217],[107.252411,15.739641],[107.253665,15.739284],[107.254425,15.738301],[107.253748,15.736006],[107.253672,15.735182],[107.253407,15.734676],[107.252717,15.734561],[107.25265,15.733823],[107.25253,15.733666],[107.25064,15.73211],[107.249718,15.731767],[107.249792,15.73057],[107.249965,15.730025],[107.249442,15.729038],[107.250534,15.727921],[107.250731,15.727352],[107.250636,15.727114],[107.249457,15.725901],[107.249409,15.725489],[107.249572,15.725176],[107.2506,15.723965],[107.25162,15.723205],[107.251739,15.722997],[107.251774,15.722279],[107.252517,15.721731],[107.253627,15.721672],[107.254893,15.721229],[107.25551,15.721246],[107.25702,15.721595],[107.257761,15.722233],[107.258328,15.722215],[107.258534,15.721813],[107.259258,15.721459],[107.25966,15.721],[107.260767,15.72072],[107.262165,15.71994],[107.263353,15.719683],[107.263651,15.719782],[107.264167,15.720207],[107.264823,15.720343],[107.265225,15.72099],[107.265423,15.721096],[107.26564,15.721124],[107.265977,15.720971],[107.266565,15.720528],[107.266992,15.718426],[107.266933,15.718158],[107.266546,15.71775],[107.266323,15.717107],[107.266452,15.715952],[107.266423,15.713872],[107.266234,15.712906],[107.266387,15.712265],[107.266174,15.712005],[107.265405,15.711618],[107.265511,15.711175],[107.266747,15.710815],[107.26741,15.710498],[107.267625,15.709886],[107.268897,15.709926],[107.269703,15.709189],[107.270089,15.708426],[107.270828,15.707773],[107.271114,15.706832],[107.271562,15.706606],[107.272727,15.70651],[107.27353,15.707691],[107.274118,15.70793],[107.275091,15.707717],[107.276534,15.707086],[107.276673,15.706905],[107.276565,15.704905],[107.276351,15.704524],[107.275538,15.704108],[107.275011,15.703295],[107.273943,15.703211],[107.272988,15.702814],[107.27218,15.702225],[107.272052,15.70182],[107.272078,15.701407],[107.272289,15.700957],[107.27271,15.700522],[107.273282,15.700397],[107.274904,15.700356],[107.275661,15.700169],[107.276322,15.699744],[107.276583,15.699281],[107.276353,15.698082],[107.276405,15.697717],[107.277179,15.696842],[107.277341,15.696446],[107.277342,15.695968],[107.276682,15.694888],[107.275294,15.693271],[107.274885,15.692462],[107.274237,15.691901],[107.274411,15.690967],[107.274381,15.690423],[107.273915,15.690124],[107.273899,15.689221],[107.272998,15.688083],[107.273383,15.687267],[107.273508,15.686255],[107.273784,15.685529],[107.274853,15.684634],[107.275645,15.684243],[107.276033,15.684209],[107.276344,15.683937],[107.276528,15.683236],[107.276297,15.681882],[107.274747,15.679466],[107.274624,15.678391],[107.274504,15.678165],[107.273662,15.67729],[107.272355,15.676293],[107.271899,15.675796],[107.271175,15.673897],[107.271237,15.672779],[107.271054,15.672411],[107.270804,15.672162],[107.26993,15.671729],[107.267663,15.670868],[107.26719,15.670484],[107.267222,15.670048],[107.268212,15.669207],[107.267746,15.668937],[107.267582,15.668592],[107.267532,15.667391],[107.267147,15.666642],[107.26696,15.66533],[107.265531,15.663838],[107.265173,15.663209],[107.265174,15.662808],[107.265643,15.661674],[107.265706,15.661231],[107.264943,15.659715],[107.264083,15.658373],[107.264924,15.657952],[107.264996,15.657778],[107.264948,15.656793],[107.265165,15.65581],[107.264828,15.65435],[107.266027,15.654493],[107.266649,15.654432],[107.266997,15.654136],[107.267315,15.653326],[107.268179,15.653885],[107.270217,15.654144],[107.271461,15.653994],[107.272239,15.653526],[107.272482,15.652639],[107.273302,15.652087],[107.273666,15.652071],[107.274379,15.652356],[107.275196,15.653238],[107.2756,15.653467],[107.276167,15.653443],[107.276818,15.653156],[107.27771,15.652429],[107.277831,15.652207],[107.277869,15.651764],[107.277494,15.651338],[107.277435,15.651016],[107.27827,15.650129],[107.278378,15.649823],[107.277806,15.649375],[107.277924,15.648369],[107.277847,15.648137],[107.276764,15.647186],[107.276289,15.646605],[107.27603,15.646106],[107.275633,15.644736],[107.275066,15.644282],[107.274484,15.644049],[107.274657,15.643479],[107.274827,15.64328],[107.27576,15.642846],[107.276517,15.641643],[107.27647,15.641231],[107.275652,15.640379],[107.275354,15.639605],[107.275335,15.63905],[107.275833,15.638351],[107.27611,15.63752],[107.275624,15.635037],[107.275902,15.634478],[107.27725,15.63312],[107.278743,15.632112],[107.282989,15.630197],[107.283858,15.628455],[107.28505,15.626925],[107.286009,15.626078],[107.287051,15.625565],[107.287759,15.624823],[107.289093,15.624534],[107.292057,15.623162],[107.293787,15.623678],[107.295535,15.623841],[107.297084,15.623758],[107.298832,15.623906],[107.300447,15.623656],[107.301318,15.623989],[107.303406,15.625453],[107.303672,15.625411],[107.304368,15.624993],[107.304777,15.624917],[107.310099,15.624799],[107.313077,15.62514],[107.315726,15.625992],[107.31652,15.626414],[107.317738,15.625913],[107.318686,15.625985],[107.319352,15.6255],[107.320201,15.625175],[107.320874,15.624427],[107.32108,15.624339],[107.321803,15.624149],[107.323846,15.624233],[107.323959,15.624141],[107.324073,15.623207],[107.324201,15.623148],[107.325404,15.623145],[107.326392,15.624178],[107.326979,15.624258],[107.327901,15.623988],[107.32877,15.62322],[107.330723,15.623209],[107.331146,15.623128],[107.332294,15.622542],[107.333538,15.622577],[107.334609,15.622183],[107.335413,15.621735],[107.33638,15.620864],[107.336399,15.619993],[107.336728,15.619349],[107.337961,15.618347],[107.338375,15.617399],[107.33859,15.616207],[107.338876,15.615858],[107.339784,15.615448],[107.340234,15.614911],[107.341342,15.614236],[107.342536,15.614002],[107.34329,15.614185],[107.343275,15.613373],[107.342776,15.611759],[107.342825,15.610647],[107.343075,15.609377],[107.342362,15.605775],[107.34174,15.603684],[107.341749,15.603362],[107.34184,15.603211],[107.342411,15.60299],[107.343813,15.603244],[107.345151,15.603176],[107.346499,15.602462],[107.348123,15.602194],[107.348465,15.601893],[107.350643,15.599136],[107.350787,15.598799],[107.351016,15.59633],[107.351766,15.59549],[107.352656,15.593071],[107.353559,15.591876],[107.353564,15.591436],[107.353109,15.589586],[107.353016,15.58825],[107.34967,15.587016],[107.347591,15.585837],[107.345865,15.584218],[107.345804,15.582671],[107.344866,15.581533],[107.344688,15.580454],[107.344891,15.579914],[107.345738,15.580102],[107.34658,15.579872],[107.346693,15.579536],[107.346613,15.579017],[107.345495,15.57824],[107.343833,15.577983],[107.343442,15.577742],[107.342672,15.57775],[107.342525,15.577328],[107.342456,15.576151],[107.342738,15.575467],[107.344233,15.574076],[107.34467,15.573438],[107.34475,15.572953],[107.344956,15.57264],[107.345722,15.572758],[107.34827,15.573992],[107.349564,15.573906],[107.350847,15.57342],[107.351614,15.572569],[107.352095,15.571507],[107.351992,15.570558],[107.351635,15.570071],[107.351769,15.569371],[107.352602,15.568973],[107.353695,15.569105],[107.355447,15.56972],[107.357277,15.570196],[107.359119,15.572214],[107.359553,15.572419],[107.360057,15.572318],[107.360585,15.571601],[107.361323,15.570924],[107.364738,15.570313],[107.364973,15.569313],[107.364604,15.568313],[107.364482,15.56737],[107.364564,15.566425],[107.364727,15.565563],[107.366105,15.560994],[107.36614,15.560325],[107.366021,15.560111],[107.365305,15.559575],[107.363676,15.558827],[107.362946,15.558118],[107.363528,15.557192],[107.363585,15.556833],[107.363445,15.556434],[107.363576,15.556074],[107.364566,15.555488],[107.364778,15.555121],[107.364265,15.553931],[107.364871,15.553566],[107.364787,15.552671],[107.364971,15.552101],[107.364129,15.551734],[107.364015,15.551514],[107.365359,15.551004],[107.366021,15.55013],[107.365949,15.549718],[107.364707,15.548411],[107.364513,15.548138],[107.364498,15.547893],[107.364551,15.547737],[107.366553,15.545995],[107.366736,15.545294],[107.36732,15.5446],[107.367385,15.542598],[107.367835,15.542297],[107.368457,15.542132],[107.369104,15.542143],[107.369365,15.541788],[107.37004,15.541524],[107.37124,15.538329],[107.371458,15.537992],[107.372209,15.5379],[107.372367,15.537695],[107.372984,15.535585],[107.372944,15.533243],[107.373108,15.532441],[107.374331,15.531615],[107.374474,15.531195],[107.37494,15.528776],[107.374943,15.527963],[107.374221,15.525234],[107.374988,15.524413],[107.374541,15.521968],[107.374919,15.521581],[107.375135,15.521125],[107.37576,15.520802],[107.376135,15.520025],[107.3774,15.518828],[107.378357,15.517474],[107.378513,15.516444],[107.378231,15.515491],[107.378064,15.514246],[107.377481,15.51253],[107.377732,15.512223],[107.378851,15.511751],[107.379643,15.511178],[107.380134,15.509698],[107.380294,15.50836],[107.380195,15.507782],[107.37984,15.507154],[107.379783,15.5057],[107.380444,15.505131],[107.380627,15.504636],[107.379958,15.503682],[107.379833,15.503062],[107.378582,15.501634],[107.378516,15.501412],[107.378747,15.501209],[107.38008,15.500704],[107.381174,15.498982],[107.381961,15.498467],[107.382259,15.498041],[107.381799,15.495745],[107.381655,15.494166],[107.381729,15.493725],[107.381902,15.493489],[107.384191,15.49323],[107.38601,15.492876],[107.386377,15.493308],[107.386716,15.494404],[107.386883,15.494456],[107.387518,15.494255],[107.388221,15.494525],[107.388595,15.495372],[107.388945,15.495741],[107.390549,15.495466],[107.392631,15.495877],[107.392815,15.495815],[107.392992,15.495523],[107.392977,15.495328],[107.392604,15.495033],[107.392495,15.494729],[107.392767,15.49428],[107.393397,15.494292],[107.394696,15.494923],[107.395325,15.494964],[107.395569,15.494764],[107.395937,15.493619],[107.39617,15.493401],[107.399135,15.492485],[107.399777,15.492568],[107.400468,15.493416],[107.402404,15.49303],[107.403629,15.49339],[107.404585,15.493463],[107.40562,15.493756],[107.406498,15.493718],[107.40774,15.494225],[107.408407,15.493945],[107.40885,15.493462],[107.409161,15.492871],[107.409346,15.491661],[107.409633,15.491496],[107.409952,15.491543],[107.411174,15.492376],[107.411936,15.49302],[107.41391,15.495101],[107.414499,15.495286],[107.414949,15.495267],[107.415536,15.494816],[107.41598,15.493698],[107.415801,15.49245],[107.41539,15.491553],[107.415432,15.491046],[107.415694,15.490677],[107.416556,15.490566],[107.417914,15.490633],[107.419229,15.49097],[107.419942,15.491612],[107.420573,15.492413],[107.421498,15.493219],[107.422134,15.49357],[107.424115,15.492479],[107.425178,15.491242],[107.425984,15.490588],[107.427034,15.490206],[107.428305,15.490632],[107.428581,15.490581],[107.429141,15.490202],[107.42951,15.490137],[107.429891,15.490306],[107.43049,15.49101],[107.431648,15.491666],[107.431871,15.492009],[107.431862,15.493873],[107.431283,15.496055],[107.431864,15.497249],[107.431702,15.497586],[107.430608,15.498351],[107.430359,15.498706],[107.430156,15.49923],[107.430415,15.499849],[107.431399,15.500942],[107.431898,15.501869],[107.433596,15.502897],[107.436854,15.503306],[107.438501,15.503718],[107.439959,15.503171],[107.442138,15.503155],[107.442959,15.502185],[107.445054,15.501942],[107.445638,15.502127],[107.445898,15.50243],[107.446145,15.503317],[107.446495,15.503762],[107.446752,15.503769],[107.447453,15.503073],[107.447935,15.502943],[107.448846,15.503268],[107.449742,15.503191],[107.451004,15.50397],[107.451246,15.503953],[107.451529,15.503666],[107.452595,15.503117],[107.452951,15.503208],[107.453523,15.503589],[107.453957,15.503584],[107.454894,15.502808],[107.455438,15.502898],[107.45591,15.502769],[107.457274,15.50138],[107.458147,15.501042],[107.458734,15.500672],[107.459708,15.499667],[107.459899,15.498791],[107.460572,15.498195],[107.461168,15.497967],[107.461679,15.498054],[107.462048,15.498616],[107.462307,15.499625],[107.462477,15.499852],[107.463002,15.500066],[107.463307,15.500015],[107.464549,15.499131],[107.466117,15.499161],[107.467214,15.498456],[107.468003,15.498411],[107.46937,15.498886],[107.470411,15.498874],[107.470804,15.498378],[107.470643,15.497311],[107.470918,15.496756],[107.471351,15.496514],[107.472402,15.496553],[107.473048,15.496209],[107.476269,15.493462],[107.477735,15.4913],[107.478101,15.491051],[107.478802,15.490912],[107.479869,15.491702],[107.480401,15.491723],[107.480924,15.491434],[107.481387,15.490794],[107.481408,15.490307],[107.481103,15.48992],[107.481173,15.489472],[107.482314,15.488013],[107.482552,15.487234],[107.482479,15.48635],[107.481873,15.48529],[107.481806,15.484028],[107.481577,15.483393],[107.481374,15.483173],[107.479878,15.482352],[107.478198,15.481988],[107.477771,15.481754],[107.47758,15.48146],[107.477357,15.480431],[107.477585,15.479287],[107.477561,15.478585],[107.477874,15.47801],[107.478135,15.477851],[107.479978,15.477811],[107.480398,15.477635],[107.480987,15.477043],[107.481167,15.477011],[107.481849,15.477223],[107.482466,15.477254],[107.483386,15.478039],[107.484786,15.478042],[107.485644,15.478522],[107.487361,15.478214],[107.487549,15.478317],[107.487872,15.478954],[107.488061,15.479067],[107.488574,15.479051],[107.489162,15.478787],[107.489763,15.478799],[107.490387,15.479012],[107.492755,15.479176],[107.493712,15.47841],[107.494869,15.478675],[107.495449,15.478582],[107.496148,15.477666],[107.496485,15.477022],[107.497085,15.47689],[107.497319,15.476668],[107.497957,15.475571],[107.49836,15.475773],[107.498896,15.475838],[107.499936,15.475357],[107.500742,15.475157],[107.502084,15.47538],[107.504568,15.475309],[107.505685,15.474732],[107.506872,15.47476],[107.507822,15.474498],[107.508896,15.4746],[107.509619,15.474478],[107.510097,15.474286],[107.511524,15.473366],[107.511815,15.473344],[107.512616,15.473684],[107.512993,15.473722],[107.513292,15.473607],[107.513729,15.473189],[107.51388,15.472866],[107.513945,15.470724],[107.514972,15.468408],[107.515122,15.46609],[107.51527,15.465465],[107.515538,15.465057],[107.516036,15.464732],[107.516724,15.464593],[107.517533,15.464683],[107.517814,15.464253],[107.517772,15.463589],[107.515997,15.461901],[107.515749,15.460886],[107.515851,15.460353],[107.516134,15.460243],[107.517373,15.460243],[107.517926,15.460796],[107.518238,15.460864],[107.518899,15.460519],[107.520045,15.459639],[107.520315,15.45835],[107.520664,15.457918],[107.521895,15.457596],[107.522462,15.457207],[107.522712,15.455389],[107.522757,15.453762],[107.522071,15.453248],[107.52186,15.452554],[107.521958,15.45195],[107.522819,15.450618],[107.522862,15.450192],[107.522209,15.448085],[107.522225,15.446413],[107.52376,15.444936],[107.52472,15.44426],[107.525061,15.443358],[107.525381,15.442921],[107.527023,15.442422],[107.527242,15.442224],[107.526366,15.440386],[107.526262,15.439706],[107.526506,15.439151],[107.527181,15.438225],[107.527231,15.437698],[107.526896,15.437329],[107.525985,15.436709],[107.524326,15.434977],[107.523935,15.433733],[107.523387,15.433029],[107.523171,15.432117],[107.52316,15.431168],[107.522773,15.429392],[107.522739,15.42902],[107.522928,15.428195],[107.522722,15.427509],[107.521415,15.426185],[107.519647,15.425543],[107.519283,15.425193],[107.519188,15.422325],[107.518804,15.420935],[107.518335,15.418121],[107.518376,15.4166],[107.518493,15.416144],[107.519159,15.415628],[107.519585,15.415456],[107.51987,15.414747],[107.5204,15.414177],[107.523382,15.411734],[107.526892,15.410482],[107.527598,15.409829],[107.528382,15.40866],[107.529198,15.408178],[107.529518,15.407836],[107.530311,15.406521],[107.530671,15.405464],[107.530884,15.40518],[107.531356,15.405169],[107.532239,15.405708],[107.533072,15.405837],[107.533651,15.406108],[107.533897,15.40602],[107.534788,15.405199],[107.536257,15.404451],[107.537131,15.404635],[107.537737,15.405047],[107.538164,15.405586],[107.538744,15.405789],[107.541048,15.405136],[107.542017,15.40526],[107.543264,15.405918],[107.54638,15.405337],[107.546712,15.405113],[107.546587,15.404155],[107.546717,15.403848],[107.54806,15.403505],[107.549816,15.401755],[107.550516,15.400704],[107.550945,15.400312],[107.552337,15.399278],[107.55448,15.398005],[107.555067,15.39733],[107.555376,15.39725],[107.555892,15.39748],[107.55696,15.39721],[107.557619,15.396715],[107.55886,15.396237],[107.559355,15.39582],[107.560072,15.3949],[107.560923,15.39443],[107.561902,15.394581],[107.564153,15.394552],[107.565204,15.394788],[107.567742,15.395909],[107.569557,15.396446],[107.570939,15.397967],[107.57127,15.398171],[107.571855,15.398187],[107.573483,15.397714],[107.573884,15.397728],[107.574187,15.398045],[107.574538,15.398748],[107.574742,15.400026],[107.575202,15.400556],[107.576822,15.401514],[107.581344,15.405812],[107.583596,15.40753],[107.589748,15.413019],[107.590408,15.413226],[107.592075,15.413049],[107.59249,15.413183],[107.592932,15.41355],[107.593317,15.413622],[107.593887,15.413524],[107.594996,15.412905],[107.595316,15.412849],[107.596,15.413128],[107.597551,15.414164],[107.599923,15.414687],[107.60103,15.415764],[107.601423,15.416347],[107.601711,15.417054],[107.601497,15.418211],[107.601525,15.418669],[107.602583,15.419888],[107.603313,15.421328],[107.603517,15.421414],[107.604302,15.421362],[107.606519,15.420774],[107.608085,15.420699],[107.60877,15.420448],[107.609083,15.420191],[107.609906,15.419005],[107.610019,15.417841],[107.610322,15.417556],[107.61094,15.41734],[107.611524,15.417306],[107.614571,15.417652],[107.615308,15.417608],[107.616732,15.417254],[107.619254,15.417293],[107.620334,15.417675],[107.62094,15.417684],[107.623397,15.416124],[107.623992,15.415485],[107.624008,15.414534],[107.625797,15.414774],[107.627024,15.41468],[107.627524,15.414757],[107.628839,15.415337],[107.62966,15.415507],[107.630006,15.415738],[107.630393,15.416248],[107.630748,15.4171],[107.631292,15.4175],[107.632553,15.417399],[107.633036,15.416833],[107.633819,15.416503],[107.634616,15.416403],[107.635269,15.416129],[107.636215,15.416398],[107.636709,15.416329],[107.637948,15.415708],[107.638218,15.415472],[107.638462,15.414981],[107.638807,15.413768],[107.639046,15.411971],[107.639747,15.411195],[107.641081,15.40911],[107.642126,15.408484],[107.642536,15.407939],[107.642602,15.407532],[107.642312,15.406576],[107.642457,15.405967],[107.643062,15.405564],[107.644229,15.405134],[107.645621,15.404348],[107.647422,15.402791],[107.649735,15.401097],[107.650739,15.39997],[107.651582,15.399397],[107.652058,15.398874],[107.652393,15.398702],[107.653436,15.398552],[107.654393,15.397801],[107.655166,15.396997],[107.655406,15.396529],[107.655416,15.39606],[107.655192,15.395032],[107.655494,15.394278],[107.655532,15.393447],[107.656699,15.391465],[107.657248,15.390806],[107.657779,15.390574],[107.657947,15.389604],[107.659058,15.389395],[107.659686,15.388998],[107.660207,15.388375],[107.66038,15.387843],[107.660439,15.386805],[107.661191,15.385832],[107.661556,15.384795],[107.661591,15.383553],[107.661101,15.380377],[107.661414,15.378922],[107.661366,15.378592],[107.660528,15.377028],[107.65984,15.375392],[107.659459,15.372963],[107.660039,15.371708],[107.660652,15.370799],[107.662866,15.3683],[107.663203,15.367643],[107.663482,15.366628],[107.664047,15.365633],[107.664049,15.365064],[107.663665,15.364621],[107.663598,15.364078],[107.663746,15.362707],[107.664027,15.362256],[107.664,15.361664],[107.663638,15.361075],[107.662641,15.358636],[107.662267,15.357341],[107.662453,15.356342],[107.662719,15.355722],[107.662831,15.35466],[107.663115,15.353988],[107.663554,15.353368],[107.664067,15.353068],[107.664424,15.35264],[107.666803,15.349149],[107.66772,15.348651],[107.668652,15.34835],[107.668754,15.346806],[107.668649,15.346253],[107.668741,15.345779],[107.66892,15.345538],[107.670933,15.344469],[107.672265,15.344021],[107.674313,15.343122],[107.676816,15.344021],[107.677457,15.342859],[107.677689,15.342197],[107.679222,15.339951],[107.679484,15.338504],[107.678868,15.336834],[107.6791,15.334542],[107.680277,15.333744],[107.681512,15.33326],[107.683074,15.330927],[107.684502,15.330261],[107.686543,15.326681],[107.688126,15.326226],[107.690198,15.326052],[107.691639,15.324796],[107.691988,15.322505],[107.692019,15.321555],[107.69267,15.319829],[107.692884,15.317494],[107.695606,15.315555],[107.696074,15.315344],[107.696683,15.314817],[107.697428,15.313882],[107.697547,15.313435],[107.701339,15.311773],[107.701858,15.311077],[107.702747,15.310343],[107.703065,15.309823],[107.704908,15.307828],[107.705625,15.306023],[107.706548,15.30473],[107.707361,15.304216],[107.707606,15.303939],[107.707896,15.30298],[107.709202,15.303769],[107.710572,15.304341],[107.711316,15.30456],[107.712936,15.304681],[107.71385,15.305351],[107.713993,15.305571],[107.715835,15.305466],[107.718483,15.305473],[107.719463,15.305598],[107.720467,15.305528],[107.720898,15.305734],[107.72253,15.307138],[107.722957,15.307319],[107.723774,15.307416],[107.723767,15.307891],[107.723972,15.307951],[107.725135,15.307811],[107.727651,15.308247],[107.72878,15.307981],[107.730392,15.308017],[107.730875,15.307342],[107.730961,15.30713],[107.730771,15.3061],[107.731266,15.30553],[107.731261,15.305158],[107.730882,15.304828],[107.729876,15.304725],[107.728669,15.303876],[107.727766,15.302983],[107.72785,15.301921],[107.72848,15.300307],[107.728861,15.30013],[107.72953,15.300065],[107.729831,15.299746],[107.729836,15.299306],[107.729402,15.298527],[107.729338,15.298184],[107.729664,15.297434],[107.730037,15.295853],[107.729942,15.295376],[107.728524,15.293835],[107.72799,15.292197],[107.728213,15.291134],[107.727504,15.290406],[107.727057,15.288586],[107.727181,15.288211],[107.728586,15.286474],[107.728279,15.284088],[107.729435,15.280585],[107.729344,15.279592],[107.728938,15.278669],[107.728939,15.277962],[107.729025,15.277024],[107.730094,15.273665],[107.729994,15.272797],[107.730265,15.271627],[107.73027,15.27049],[107.72984,15.269998],[107.728697,15.269151],[107.727363,15.268852],[107.727105,15.268626],[107.726969,15.268064],[107.72716,15.267612],[107.727414,15.267427],[107.727659,15.267348],[107.728793,15.267458],[107.729212,15.267128],[107.729453,15.266695],[107.729838,15.265295],[107.729897,15.26451],[107.729719,15.262945],[107.729805,15.262743],[107.730918,15.262012],[107.731733,15.261802],[107.732073,15.261434],[107.732185,15.261003],[107.732325,15.258124],[107.73186,15.257183],[107.731897,15.256963],[107.732498,15.256248],[107.732686,15.255586],[107.732625,15.255367],[107.732156,15.254895],[107.732189,15.253671],[107.732577,15.253227],[107.733817,15.253164],[107.734139,15.252969],[107.734164,15.252605],[107.733638,15.251512],[107.733692,15.25112],[107.734661,15.250639],[107.734951,15.250225],[107.734885,15.249748],[107.734624,15.249204],[107.734647,15.248982],[107.734905,15.248055],[107.735024,15.246751],[107.735524,15.245443],[107.735533,15.243329],[107.735295,15.241427],[107.736378,15.240697],[107.736551,15.240341],[107.737159,15.237735],[107.73728,15.237614],[107.73768,15.237579],[107.73833,15.237923],[107.738706,15.237937],[107.739035,15.237676],[107.739117,15.237424],[107.738982,15.236906],[107.738142,15.235796],[107.737582,15.235244],[107.736687,15.234893],[107.736627,15.234583],[107.736837,15.233666],[107.736618,15.233376],[107.736303,15.233308],[107.73601,15.233473],[107.735466,15.235194],[107.735193,15.235473],[107.734679,15.235482],[107.733722,15.234512],[107.733517,15.233532],[107.733661,15.231925],[107.73374,15.231745],[107.734604,15.231225],[107.735024,15.230561],[107.735563,15.23054],[107.736283,15.230818],[107.736755,15.230776],[107.73693,15.230616],[107.737151,15.229805],[107.737566,15.229253],[107.738006,15.229032],[107.738814,15.229273],[107.740396,15.230019],[107.742349,15.23032],[107.744788,15.230127],[107.746614,15.229731],[107.747194,15.229827],[107.747902,15.23032],[107.748503,15.231137],[107.750323,15.232011],[107.751225,15.233183],[107.751605,15.234199],[107.751993,15.234496],[107.753696,15.234833],[107.754142,15.235043],[107.755033,15.236552],[107.755346,15.236763],[107.755655,15.23673],[107.756575,15.235888],[107.757025,15.235308],[107.757835,15.235126],[107.760896,15.235462],[107.762264,15.235058],[107.763996,15.234205],[107.764496,15.234084],[107.766076,15.23405],[107.766604,15.2338],[107.766939,15.233408],[107.767277,15.233275],[107.76834,15.233262],[107.769172,15.232492],[107.769993,15.232037],[107.771072,15.231006],[107.771822,15.230826],[107.771515,15.230237],[107.771962,15.227744],[107.771909,15.227092],[107.772039,15.226876],[107.77367,15.225651],[107.773869,15.225032],[107.773751,15.224539],[107.774475,15.223397],[107.774995,15.223068],[107.775488,15.222969],[107.777208,15.221808],[107.777941,15.220852],[107.778419,15.22066],[107.779535,15.219678],[107.780657,15.219062],[107.781454,15.219017],[107.783411,15.218519],[107.785674,15.21824],[107.787259,15.218651],[107.788551,15.219208],[107.788699,15.219171],[107.790015,15.218244],[107.791366,15.217653],[107.794045,15.217018],[107.796172,15.217049],[107.799774,15.215886],[107.800894,15.215112],[107.801649,15.214192],[107.80222,15.213776],[107.804245,15.213371],[107.805986,15.213277],[107.806721,15.213039],[107.808961,15.211807],[107.809532,15.212188],[107.81147,15.212833],[107.812208,15.213569],[107.812465,15.213604],[107.813323,15.21302],[107.814761,15.21304],[107.815215,15.213187],[107.81663,15.215075],[107.817648,15.21587],[107.818139,15.216122],[107.819307,15.2162],[107.820803,15.215465],[107.822068,15.213994],[107.823806,15.213119],[107.825437,15.21251],[107.826624,15.211829],[107.828484,15.209576],[107.829961,15.208532],[107.832562,15.208127],[107.834965,15.208419],[107.835935,15.208113],[107.837524,15.207154],[107.837768,15.207143],[107.838436,15.207974],[107.839894,15.20878],[107.84036,15.208874],[107.842428,15.207816],[107.844777,15.207384],[107.8468,15.207416],[107.847729,15.206774],[107.848426,15.206958],[107.849266,15.207414],[107.850861,15.207451],[107.852909,15.20878],[107.853531,15.209431],[107.854382,15.210137],[107.854716,15.210284],[107.855465,15.209994],[107.856504,15.209293],[107.857335,15.20906],[107.858423,15.209269],[107.861571,15.210591],[107.863003,15.210522],[107.864473,15.210059],[107.865214,15.210272],[107.865916,15.210299],[107.867076,15.209868],[107.869898,15.21052],[107.871175,15.210533],[107.872257,15.210289],[107.872756,15.210082],[107.873129,15.209769],[107.87392,15.208275],[107.875331,15.206666],[107.875926,15.205411],[107.877689,15.204254],[107.878622,15.202814],[107.87922,15.201592],[107.87944,15.200435],[107.878994,15.198865],[107.880078,15.197145],[107.883486,15.196807],[107.885009,15.196458],[107.88606,15.195768],[107.887718,15.195016],[107.889833,15.193787],[107.891438,15.19455],[107.892266,15.194606],[107.892782,15.194924],[107.894509,15.197862],[107.896125,15.199433],[107.897678,15.201285],[107.898434,15.202613],[107.898566,15.203634],[107.898899,15.20426],[107.899499,15.204941],[107.901432,15.205977],[107.903271,15.206505],[107.904451,15.206432],[107.905642,15.206101],[107.906965,15.206538],[107.907986,15.206696],[107.908386,15.206613],[107.90873,15.206105],[107.908929,15.206022],[107.910085,15.206291],[107.911325,15.206825],[107.911567,15.207436],[107.911499,15.207867],[107.911842,15.208651],[107.912808,15.209069],[107.913219,15.209494],[107.91443,15.211948],[107.915779,15.211769],[107.918244,15.211171],[107.919347,15.210877],[107.920249,15.210378],[107.92124,15.210134],[107.928081,15.209769],[107.930472,15.208096],[107.931039,15.207429],[107.931156,15.206854],[107.930939,15.206056],[107.930948,15.20559],[107.931368,15.204517],[107.931379,15.204223],[107.931108,15.203064],[107.931433,15.202587],[107.933812,15.20058],[107.934024,15.199956],[107.933955,15.199348],[107.93365,15.198647],[107.933448,15.197407],[107.933524,15.195318],[107.934211,15.194269],[107.936287,15.19185],[107.93707,15.190645],[107.94002,15.190439],[107.941392,15.190075],[107.942759,15.189269],[107.944429,15.187933],[107.945612,15.188121],[107.946607,15.187976],[107.947059,15.187732],[107.948285,15.186557],[107.948881,15.184956],[107.949586,15.183991],[107.949832,15.183309],[107.949524,15.181698],[107.949431,15.17987],[107.950396,15.177271],[107.950366,15.175121],[107.95139,15.175117],[107.953567,15.174553],[107.955833,15.174168],[107.958166,15.173497],[107.958896,15.172924],[107.960187,15.173098],[107.96056,15.173026],[107.962701,15.172062],[107.964359,15.17031],[107.965793,15.169345],[107.968516,15.169195],[107.96979,15.168623],[107.970822,15.167806],[107.971106,15.167745],[107.97304,15.168093],[107.973541,15.168067],[107.976507,15.167316],[107.978366,15.166584],[107.981535,15.16659],[107.982149,15.16619],[107.982441,15.164697],[107.983005,15.163651],[107.984861,15.161846],[107.985583,15.160693],[107.986131,15.159479],[107.989335,15.158158],[107.990591,15.157353],[107.99185,15.156823],[107.99281,15.156819],[107.994785,15.157355],[107.997138,15.156738],[107.997506,15.156709],[107.998752,15.156943],[107.999339,15.156685],[107.999871,15.156111],[107.999739,15.155081],[107.999868,15.154487],[107.999982,15.151984],[107.999564,15.150854],[108.000572,15.149767],[108.002064,15.147132],[108.002079,15.146062],[108.002719,15.145073],[108.003567,15.142762],[108.00382,15.142593],[108.004514,15.142528],[108.004693,15.142211],[108.004597,15.14142],[108.004245,15.140517],[108.003269,15.139855],[108.002508,15.13872],[108.002414,15.137471],[108.00215,15.136443],[108.001808,15.135803],[108.000655,15.134375],[108.000568,15.133783],[108.00064,15.132578],[108.000983,15.131034],[108.000822,15.130057],[108.00046,15.129668],[107.9991,15.12922],[107.998802,15.129009],[107.998405,15.128342],[107.998304,15.127268],[107.998519,15.125903],[107.999417,15.123976],[108.000193,15.123007],[108.000522,15.122773],[108.001321,15.122369],[108.002403,15.122167],[108.002678,15.121504],[108.001986,15.120313],[108.002238,15.119714],[108.002261,15.119141],[108.002155,15.118831],[107.998981,15.117607],[107.997577,15.11661],[107.995977,15.114756],[107.994685,15.112073],[107.993358,15.11109],[107.993042,15.110664],[107.992964,15.110378],[107.993054,15.10837],[107.992924,15.107526],[107.992168,15.105185],[107.991166,15.103119],[107.989864,15.101818],[107.989257,15.100664],[107.988675,15.099138],[107.988566,15.098753],[107.988571,15.096975],[107.98882,15.09581],[107.988685,15.095626],[107.985503,15.093876],[107.983384,15.092183],[107.983202,15.091813],[107.98315,15.091283],[107.983447,15.089442],[107.981437,15.087567],[107.980333,15.08695],[107.979612,15.085718],[107.97935,15.084485],[107.978547,15.08275],[107.978088,15.082195],[107.978226,15.080758],[107.978744,15.080059],[107.978762,15.07927],[107.978445,15.078687],[107.976614,15.076503],[107.975814,15.075223],[107.975338,15.073882],[107.975332,15.073423],[107.975475,15.073106],[107.97626,15.072278],[107.976532,15.071673],[107.97647,15.070426],[107.97619,15.069326],[107.974443,15.068905],[107.971536,15.066792],[107.970931,15.066743],[107.970196,15.066953],[107.968528,15.0658],[107.964793,15.065633],[107.964347,15.065453],[107.963213,15.064493],[107.960674,15.063322],[107.960001,15.062685],[107.957519,15.059248],[107.957207,15.059052],[107.955341,15.058589],[107.953951,15.056184],[107.953395,15.05546],[107.953051,15.055092],[107.95169,15.054207],[107.950395,15.053603],[107.950108,15.053315],[107.949997,15.052838],[107.950154,15.052226],[107.950534,15.051857],[107.951237,15.051525],[107.952227,15.050795],[107.95352,15.048462],[107.954485,15.047862],[107.95768,15.045283],[107.959645,15.043293],[107.959727,15.042862],[107.958637,15.038138],[107.956942,15.037458],[107.95679,15.03731],[107.95679,15.037107],[107.959202,15.034263],[107.960017,15.032953],[107.960323,15.032057],[107.96078,15.03131],[107.961194,15.030086],[107.961546,15.029771],[107.962804,15.029217],[107.962937,15.02906],[107.963173,15.028328],[107.963325,15.026893],[107.964076,15.02515],[107.964636,15.022969],[107.965149,15.021851],[107.966661,15.020111],[107.967043,15.019258],[107.968275,15.017736],[107.969431,15.016873],[107.970203,15.014928],[107.971296,15.014333],[107.971993,15.014218],[107.972265,15.013995],[107.972256,15.013307],[107.971862,15.012576],[107.972071,15.012048],[107.972541,15.011908],[107.972984,15.01195],[107.9738,15.012608],[107.976436,15.011274],[107.977889,15.011092],[107.978923,15.010368],[107.980604,15.010303],[107.981933,15.010458],[107.982949,15.010344],[107.982963,15.009211],[107.983227,15.008018],[107.983128,15.007245],[107.983238,15.006713],[107.986181,15.003047],[107.986946,15.001475],[107.987296,15.001174],[107.988431,15.000767],[107.989869,14.999506],[107.990954,14.99909],[107.99178,14.999051],[107.99253,14.99928],[107.994754,15.000847],[107.9957,15.000939],[107.998441,15.000827],[107.999677,15.001288],[108.000771,15.002201],[108.003574,15.002252],[108.005578,15.001354],[108.00705,15.000499],[108.007693,14.999891],[108.008244,14.998977],[108.008489,14.997124],[108.009818,14.998334],[108.011975,14.998977],[108.012622,14.999447],[108.014173,15.000007],[108.014278,15.000252],[108.014536,15.000442],[108.015139,15.000531],[108.015534,15.000762],[108.016403,15.00161],[108.01683,15.002355],[108.017099,15.002584],[108.018139,15.000803],[108.019023,14.999805],[108.019364,14.999739],[108.020112,14.999887],[108.020605,14.999739],[108.022413,14.998602],[108.024135,14.998177],[108.026528,14.998325],[108.029105,14.99792],[108.029603,14.997754],[108.030401,14.997128],[108.031124,14.99675],[108.033254,14.99612],[108.035921,14.995052],[108.03991,14.993963],[108.047529,14.992295],[108.048368,14.991786],[108.049587,14.990393],[108.049789,14.989926],[108.048903,14.988644],[108.048696,14.986525],[108.050477,14.98522],[108.052801,14.982762],[108.054951,14.981006],[108.055775,14.979602],[108.059936,14.9746],[108.060621,14.974003],[108.060255,14.973148],[108.060417,14.972128],[108.061122,14.971932],[108.065964,14.971294],[108.070689,14.969668],[108.07218,14.969384],[108.07291,14.969453],[108.073536,14.969849],[108.074284,14.969938],[108.075061,14.970194],[108.075467,14.970004],[108.075728,14.969555],[108.076139,14.969247],[108.076678,14.969063],[108.077013,14.969123],[108.077618,14.968287],[108.078397,14.96767],[108.080633,14.966809],[108.081283,14.966271],[108.082218,14.962689],[108.082493,14.960724],[108.082804,14.959902],[108.08363,14.958973],[108.084463,14.95754],[108.085208,14.95674],[108.086425,14.955741],[108.091772,14.952596],[108.092739,14.952354],[108.095147,14.953016],[108.095942,14.952855],[108.097146,14.952334],[108.097704,14.952427],[108.09855,14.952842],[108.100438,14.952713],[108.101097,14.952613],[108.102126,14.952172],[108.106271,14.951316],[108.106945,14.951507],[108.107798,14.952095],[108.10965,14.954857],[108.11157,14.955129],[108.112281,14.955339],[108.11274,14.955963],[108.113165,14.956291],[108.114621,14.95683],[108.115432,14.957304],[108.115926,14.957741],[108.116582,14.958662],[108.117183,14.959112],[108.117845,14.959334],[108.119054,14.959457],[108.120254,14.95912],[108.120878,14.959069],[108.121813,14.959246],[108.123798,14.959986],[108.124613,14.95995],[108.125,14.959795],[108.125232,14.960274],[108.124653,14.960863],[108.125112,14.961093],[108.126627,14.961188],[108.127003,14.960937],[108.127332,14.960332],[108.128486,14.959781],[108.129003,14.959315],[108.130927,14.959073],[108.133385,14.959285],[108.134004,14.959687],[108.134721,14.960402],[108.135817,14.962006],[108.136225,14.961532],[108.137154,14.960901],[108.137946,14.959823],[108.140971,14.959149],[108.142036,14.9592],[108.144565,14.959926],[108.146471,14.96062],[108.148709,14.961174],[108.149022,14.961365],[108.149696,14.96264],[108.150622,14.963298],[108.151223,14.964069],[108.152379,14.964743],[108.153288,14.966124],[108.155324,14.967582],[108.155506,14.967976],[108.155399,14.968733],[108.155499,14.969],[108.157793,14.971244],[108.160866,14.972325],[108.161792,14.972958],[108.16292,14.97448],[108.162948,14.975254],[108.161694,14.976594],[108.160991,14.976967],[108.160235,14.977698],[108.159846,14.978152],[108.159309,14.97935],[108.159303,14.980554],[108.159012,14.982434],[108.158492,14.983096],[108.158328,14.985121],[108.158527,14.986452],[108.158475,14.986671],[108.157625,14.98774],[108.157522,14.988083],[108.157552,14.988734],[108.157918,14.98934],[108.157998,14.989945],[108.157912,14.991465],[108.157717,14.991947],[108.156824,14.993274],[108.155588,14.993746],[108.155079,14.994313],[108.154338,14.99462],[108.153254,14.997789],[108.153227,14.998978],[108.152927,14.999474],[108.152847,14.999939],[108.152482,15.000385],[108.150868,15.001438],[108.150337,15.002121]]],[[[108.210378,16.220841],[108.209858,16.222453],[108.20821,16.223555],[108.207654,16.22411],[108.207354,16.224037],[108.206698,16.225048],[108.205433,16.225622],[108.203502,16.225694],[108.203438,16.225239],[108.202737,16.224884],[108.202209,16.224256],[108.202091,16.223272],[108.201517,16.22279],[108.201226,16.222034],[108.200279,16.221287],[108.19945,16.21963],[108.200024,16.21828],[108.199835,16.217563],[108.200021,16.217099],[108.199329,16.216753],[108.199311,16.216325],[108.198755,16.215441],[108.198746,16.214039],[108.199256,16.2126],[108.199839,16.211999],[108.200549,16.211617],[108.201068,16.21148],[108.20145,16.211936],[108.202552,16.212136],[108.203258,16.212017],[108.20477,16.210952],[108.206691,16.21006],[108.207986,16.21066],[108.208427,16.211211],[108.207863,16.212582],[108.208742,16.213752],[108.209579,16.214631],[108.209441,16.215457],[108.210039,16.216347],[108.210601,16.217824],[108.210907,16.219168],[108.210952,16.220292],[108.210378,16.220841]]],[[[108.390498,15.875224],[108.390326,15.873939],[108.390793,15.873952],[108.391332,15.874445],[108.391562,15.874949],[108.391541,15.875146],[108.391032,15.875733],[108.390269,15.875859],[108.390206,15.875584],[108.390498,15.875224]]],[[[108.476071,15.932892],[108.473102,15.933913],[108.471184,15.933639],[108.470901,15.933091],[108.471938,15.931926],[108.472451,15.930938],[108.47373,15.930905],[108.475934,15.931322],[108.476822,15.932054],[108.476071,15.932892]]],[[[108.476065,15.943898],[108.477846,15.939155],[108.479399,15.93764],[108.481568,15.939375],[108.483086,15.941916],[108.484413,15.946174],[108.485611,15.947345],[108.48513,15.948684],[108.48408,15.949123],[108.482116,15.948443],[108.480198,15.948728],[108.479465,15.948225],[108.477862,15.944903],[108.476065,15.943898]]],[[[108.417227,15.972891],[108.41709,15.972606],[108.416858,15.972606],[108.417018,15.972211],[108.417432,15.972139],[108.41784,15.972367],[108.418251,15.973219],[108.41786,15.973018],[108.417766,15.972749],[108.417227,15.972891]]],[[[108.420874,15.974052],[108.420669,15.973201],[108.42108,15.97296],[108.421485,15.97296],[108.422832,15.971769],[108.42382,15.972109],[108.423882,15.973028],[108.423204,15.97352],[108.422262,15.973871],[108.420874,15.974052]]],[[[108.443544,15.973894],[108.443185,15.972267],[108.442361,15.972075],[108.44251,15.970984],[108.44404,15.969162],[108.447602,15.966989],[108.449474,15.970326],[108.450433,15.970896],[108.450928,15.973727],[108.452644,15.975545],[108.452454,15.977689],[108.450676,15.979621],[108.449113,15.980037],[108.447602,15.97732],[108.445649,15.976094],[108.443544,15.973894]]],[[[108.704277,15.458136],[108.70434,15.45843],[108.704214,15.458901],[108.703814,15.459839],[108.703557,15.459991],[108.703599,15.459728],[108.703178,15.45951],[108.703136,15.459332],[108.70333,15.458247],[108.703451,15.458004],[108.703562,15.458014],[108.703783,15.45842],[108.703988,15.45845],[108.704041,15.458222],[108.704277,15.458136]]],[[[108.689893,15.500904],[108.689778,15.500883],[108.689704,15.500458],[108.689283,15.500478],[108.689083,15.500742],[108.689125,15.501157],[108.68902,15.501147],[108.688578,15.500508],[108.687368,15.49989],[108.687452,15.498724],[108.686989,15.498136],[108.68721,15.497679],[108.68781,15.497608],[108.68802,15.497689],[108.688062,15.499008],[108.688325,15.499231],[108.689104,15.499545],[108.690198,15.49987],[108.691314,15.499129],[108.691871,15.49916],[108.691924,15.499352],[108.69144,15.499626],[108.691345,15.499819],[108.690672,15.499951],[108.689893,15.500904]]],[[[108.687084,15.505527],[108.686563,15.50611],[108.686405,15.506115],[108.686447,15.505796],[108.686142,15.505847],[108.686247,15.505431],[108.686011,15.505664],[108.685847,15.505649],[108.685532,15.505198],[108.685989,15.504726],[108.686858,15.50428],[108.686847,15.504483],[108.687152,15.504792],[108.687147,15.504899],[108.686889,15.50499],[108.687084,15.505527]]],[[[108.690385,15.812261],[108.693277,15.811133],[108.696924,15.811422],[108.698066,15.812257],[108.698157,15.813905],[108.697426,15.814564],[108.695535,15.814469],[108.692745,15.818211],[108.692094,15.817822],[108.692026,15.816356],[108.690324,15.814283],[108.690385,15.812261]]],[[[108.540138,15.903988],[108.541435,15.903829],[108.542076,15.902704],[108.543274,15.903577],[108.541908,15.904149],[108.541992,15.90492],[108.541466,15.904476],[108.541161,15.906146],[108.54174,15.906453],[108.540932,15.908793],[108.541435,15.910373],[108.542305,15.910634],[108.541557,15.911168],[108.543579,15.912168],[108.542953,15.913906],[108.542076,15.913667],[108.540764,15.91152],[108.535332,15.909657],[108.53434,15.907839],[108.532852,15.906874],[108.532661,15.904715],[108.533409,15.903556],[108.536354,15.902591],[108.540138,15.903988]]],[[[108.53614,15.958118],[108.533295,15.957752],[108.522636,15.960601],[108.51873,15.962473],[108.516472,15.962595],[108.511589,15.965342],[108.50943,15.970061],[108.510628,15.973825],[108.506203,15.976576],[108.504761,15.978895],[108.502556,15.978913],[108.501144,15.976484],[108.497253,15.975425],[108.49585,15.973782],[108.493881,15.973873],[108.491043,15.9679],[108.488747,15.967371],[108.487396,15.967864],[108.484344,15.96664],[108.484238,15.964814],[108.48719,15.962349],[108.488693,15.963517],[108.489967,15.963189],[108.493149,15.95603],[108.496017,15.956377],[108.497528,15.96034],[108.500252,15.960778],[108.502846,15.959317],[108.503937,15.960833],[108.504692,15.960705],[108.505035,15.959974],[108.503395,15.958221],[108.5075,15.957327],[108.508217,15.955336],[108.507828,15.954076],[108.509476,15.950222],[108.509682,15.945939],[108.50808,15.945246],[108.508224,15.944387],[108.513084,15.942908],[108.513351,15.939895],[108.514595,15.938744],[108.52037,15.939036],[108.522301,15.934945],[108.524734,15.932552],[108.528275,15.932717],[108.530136,15.930799],[108.531403,15.926307],[108.533829,15.925467],[108.534958,15.922581],[108.54084,15.923165],[108.539688,15.923896],[108.539505,15.925594],[108.537773,15.928041],[108.537315,15.930799],[108.53862,15.934845],[108.540726,15.937233],[108.539742,15.93716],[108.539185,15.938036],[108.539063,15.940008],[108.53756,15.941972],[108.536789,15.94451],[108.536568,15.950366],[108.538521,15.954659],[108.538483,15.956327],[108.53614,15.958118]]],[[[112.494825,16.011121],[112.495747,16.011664],[112.5,16.014949],[112.509333,16.017033],[112.513874,16.017589],[112.524334,16.020875],[112.534489,16.02373],[112.543447,16.028345],[112.55075,16.033704],[112.562647,16.046184],[112.571026,16.053729],[112.580301,16.05965],[112.587901,16.064129],[112.594901,16.069344],[112.596123,16.070798],[112.596601,16.073713],[112.596167,16.0762],[112.59512,16.077672],[112.592564,16.079443],[112.590304,16.08049],[112.585465,16.080815],[112.580321,16.080708],[112.569582,16.080788],[112.568218,16.080499],[112.566395,16.079492],[112.56427,16.078631],[112.560482,16.077927],[112.550782,16.075658],[112.54775,16.074659],[112.539251,16.071206],[112.530761,16.068638],[112.52257,16.065923],[112.513731,16.063698],[112.5,16.058558],[112.489607,16.056814],[112.475771,16.055127],[112.473801,16.05477],[112.471153,16.053822],[112.464913,16.051192],[112.459139,16.049226],[112.451745,16.046157],[112.448163,16.04448],[112.4455,16.042858],[112.44403,16.041412],[112.44248,16.039313],[112.440602,16.034424],[112.439419,16.030199],[112.4394,16.027526],[112.439657,16.02584],[112.440525,16.023731],[112.443492,16.019924],[112.444111,16.018306],[112.444615,16.015906],[112.445715,16.014577],[112.447589,16.012989],[112.451027,16.010738],[112.453459,16.009761],[112.457002,16.008693],[112.462755,16.007985],[112.468745,16.008167],[112.47427,16.007684],[112.475045,16.007897],[112.476248,16.008441],[112.477853,16.009722],[112.479137,16.010266],[112.48051,16.010537],[112.487188,16.010268],[112.492718,16.010452],[112.494825,16.011121]]],[[[111.5557,16.191868],[111.557317,16.189328],[111.559564,16.187246],[111.564628,16.184639],[111.570886,16.182893],[111.581619,16.181134],[111.590866,16.181397],[111.599227,16.184256],[111.610577,16.189412],[111.621333,16.195145],[111.629701,16.200021],[111.632095,16.202319],[111.635387,16.205768],[111.639281,16.210657],[111.642571,16.213241],[111.648248,16.216106],[111.654814,16.21695],[111.661381,16.218083],[111.669734,16.218057],[111.673316,16.218622],[111.678691,16.220334],[111.683767,16.221471],[111.685263,16.222907],[111.687062,16.225495],[111.687069,16.227513],[111.685878,16.228093],[111.678484,16.228282],[111.67454,16.227841],[111.669163,16.225841],[111.667491,16.224868],[111.665605,16.224189],[111.654236,16.222717],[111.646175,16.220724],[111.633628,16.215285],[111.628838,16.210111],[111.62405,16.205226],[111.621752,16.204383],[111.615734,16.199184],[111.612093,16.197478],[111.594995,16.192464],[111.589233,16.191731],[111.587201,16.191736],[111.583395,16.19346],[111.580672,16.196355],[111.579878,16.197569],[111.578902,16.197942],[111.57779,16.197574],[111.576296,16.196652],[111.573493,16.195935],[111.571969,16.196184],[111.569783,16.197632],[111.568845,16.19904],[111.568851,16.201057],[111.569461,16.205956],[111.572465,16.213153],[111.572804,16.214626],[111.572774,16.2169],[111.570236,16.221842],[111.569582,16.222373],[111.567474,16.223366],[111.566458,16.223368],[111.564762,16.222326],[111.563539,16.221248],[111.55994,16.214628],[111.556634,16.20599],[111.556026,16.201956],[111.555411,16.195328],[111.5557,16.191868]]],[[[111.75978,16.217209],[111.771647,16.221842],[111.774135,16.222696],[111.78189,16.22607],[111.785477,16.227787],[111.789074,16.2321],[111.794465,16.237271],[111.802846,16.243873],[111.806445,16.248474],[111.808551,16.252792],[111.808238,16.259704],[111.807713,16.266639],[111.804759,16.274148],[111.800311,16.281087],[111.794666,16.287165],[111.788498,16.291198],[111.786329,16.291811],[111.773505,16.293877],[111.758884,16.294507],[111.748734,16.293678],[111.741268,16.292262],[111.738025,16.292671],[111.735299,16.292283],[111.732328,16.290732],[111.728723,16.289422],[111.718575,16.289168],[111.711063,16.288793],[111.705526,16.288715],[111.697984,16.289237],[111.696459,16.290267],[111.691427,16.291566],[111.671425,16.289355],[111.670973,16.289172],[111.669195,16.287805],[111.668708,16.287672],[111.668395,16.287673],[111.667822,16.287977],[111.667285,16.288598],[111.666921,16.288833],[111.666574,16.288851],[111.662034,16.28763],[111.657391,16.287348],[111.64693,16.282478],[111.634972,16.27588],[111.626,16.269562],[111.614036,16.260656],[111.596694,16.249169],[111.58324,16.239977],[111.577561,16.236243],[111.569784,16.22963],[111.568069,16.227817],[111.568149,16.226808],[111.569221,16.226235],[111.571733,16.224272],[111.572621,16.22378],[111.573764,16.223532],[111.577962,16.225602],[111.580572,16.226515],[111.581651,16.22706],[111.582925,16.228281],[111.583311,16.229748],[111.584459,16.231214],[111.585771,16.232303],[111.590388,16.235631],[111.602942,16.243094],[111.610718,16.249129],[111.615805,16.253729],[111.631049,16.262336],[111.636129,16.26434],[111.638819,16.265774],[111.646587,16.268635],[111.65287,16.273807],[111.657951,16.276098],[111.659627,16.277391],[111.661245,16.279549],[111.663479,16.280416],[111.66543,16.281843],[111.666931,16.284434],[111.668614,16.284915],[111.669319,16.284427],[111.682443,16.282654],[111.690794,16.281185],[111.701532,16.279996],[111.71002,16.278321],[111.713872,16.278864],[111.716752,16.280233],[111.721013,16.280105],[111.725105,16.27934],[111.735552,16.280169],[111.737383,16.280804],[111.741227,16.281591],[111.758531,16.280376],[111.76599,16.280061],[111.770363,16.27964],[111.774339,16.2783],[111.779832,16.274055],[111.784446,16.268745],[111.786516,16.263834],[111.787382,16.256621],[111.785858,16.248551],[111.783746,16.242502],[111.773864,16.233309],[111.767281,16.22843],[111.755033,16.224148],[111.752068,16.224635],[111.750222,16.224713],[111.746979,16.224177],[111.745086,16.22223],[111.742789,16.22073],[111.739508,16.220742],[111.736227,16.221042],[111.732359,16.223651],[111.728484,16.224529],[111.725828,16.224868],[111.72371,16.224546],[111.720425,16.223403],[111.720119,16.221385],[111.720713,16.220807],[111.726967,16.217613],[111.733371,16.214781],[111.737989,16.213537],[111.742467,16.214386],[111.752018,16.215795],[111.75978,16.217209]]],[[[112.679653,16.331572],[112.677884,16.332474],[112.672663,16.332444],[112.669041,16.33065],[112.667507,16.328811],[112.667151,16.32637],[112.668141,16.324044],[112.673116,16.319903],[112.680649,16.316714],[112.68895,16.314517],[112.698789,16.314302],[112.704945,16.31604],[112.706036,16.318033],[112.705822,16.321638],[112.702911,16.324727],[112.696409,16.327317],[112.68541,16.328998],[112.679653,16.331572]]],[[[112.458288,16.393213],[112.454943,16.393589],[112.452363,16.393639],[112.449884,16.393452],[112.446351,16.392469],[112.445148,16.391894],[112.444279,16.391246],[112.440127,16.386776],[112.438838,16.385068],[112.435336,16.379243],[112.43101,16.371437],[112.424627,16.361701],[112.422191,16.3585],[112.419147,16.35525],[112.415492,16.35201],[112.410379,16.347985],[112.40443,16.343743],[112.401001,16.341541],[112.39821,16.339987],[112.380778,16.331517],[112.377598,16.330204],[112.361642,16.324204],[112.356589,16.322058],[112.351477,16.319703],[112.348436,16.318116],[112.343564,16.315072],[112.338521,16.312384],[112.335255,16.310116],[112.333014,16.308189],[112.331549,16.306621],[112.328821,16.302765],[112.327727,16.300824],[112.327425,16.299783],[112.327174,16.298162],[112.327086,16.296493],[112.327565,16.294446],[112.328526,16.292915],[112.329966,16.291396],[112.331507,16.290323],[112.333846,16.289242],[112.336756,16.288247],[112.340358,16.287436],[112.344373,16.286783],[112.349674,16.286168],[112.353268,16.285948],[112.35709,16.286106],[112.363969,16.286929],[112.373638,16.288322],[112.383833,16.289964],[112.39778,16.291823],[112.402885,16.292716],[112.410391,16.294457],[112.423633,16.298012],[112.431337,16.299274],[112.440905,16.30042],[112.443783,16.301009],[112.457717,16.305907],[112.468288,16.309275],[112.474544,16.311429],[112.47919,16.313357],[112.480993,16.3144],[112.482708,16.315596],[112.484258,16.3169],[112.48595,16.31854],[112.487175,16.31992],[112.488274,16.321426],[112.489219,16.323078],[112.490096,16.324936],[112.491996,16.32938],[112.492677,16.331399],[112.493127,16.3342],[112.493539,16.340478],[112.493657,16.344179],[112.493183,16.351583],[112.492619,16.35413],[112.489613,16.361745],[112.488187,16.364687],[112.485758,16.368326],[112.481759,16.373344],[112.473452,16.382655],[112.466307,16.38951],[112.464563,16.390781],[112.462505,16.391882],[112.460382,16.392711],[112.458288,16.393213]]],[[[111.972818,16.32478],[111.97667,16.324625],[111.980441,16.32478],[112.015186,16.337653],[112.023431,16.339733],[112.028988,16.339204],[112.035497,16.337886],[112.051587,16.333796],[112.068762,16.330966],[112.071196,16.331604],[112.073764,16.332923],[112.077054,16.335404],[112.079462,16.33742],[112.081291,16.339627],[112.082029,16.343081],[112.081548,16.347113],[112.081147,16.34944],[112.080573,16.351308],[112.073764,16.355023],[112.063387,16.359316],[112.031206,16.367526],[112.005394,16.366512],[111.991916,16.363474],[111.979173,16.359615],[111.970651,16.354557],[111.966398,16.351378],[111.956978,16.344015],[111.946815,16.331404],[111.944652,16.327029],[111.944412,16.324858],[111.944973,16.322531],[111.945776,16.321911],[111.947702,16.321445],[111.95491,16.322755],[111.961584,16.323694],[111.968324,16.325245],[111.972818,16.32478]]],[[[112.560558,16.376707],[112.559159,16.380817],[112.552238,16.382644],[112.540497,16.380252],[112.535996,16.379147],[112.534477,16.377979],[112.529317,16.369686],[112.526669,16.36254],[112.522989,16.353735],[112.523756,16.343637],[112.525889,16.339031],[112.532058,16.336981],[112.540053,16.338733],[112.552357,16.355036],[112.557865,16.367642],[112.560558,16.376707]]],[[[112.647877,16.421357],[112.642008,16.426503],[112.638105,16.428108],[112.635925,16.42922],[112.617075,16.431907],[112.614369,16.430748],[112.612556,16.427289],[112.613715,16.422853],[112.616889,16.417005],[112.621366,16.412955],[112.628075,16.410073],[112.634683,16.409626],[112.639422,16.410132],[112.645604,16.411672],[112.649598,16.414019],[112.64999,16.417357],[112.647877,16.421357]]],[[[111.597119,16.505902],[111.595317,16.514172],[111.594959,16.516721],[111.594848,16.520247],[111.594569,16.521633],[111.594153,16.52274],[111.59349,16.523778],[111.592791,16.524534],[111.592184,16.525015],[111.591297,16.525439],[111.590377,16.525679],[111.589592,16.52573],[111.588379,16.525525],[111.58727,16.525142],[111.58598,16.524327],[111.584689,16.523271],[111.583508,16.522042],[111.582637,16.520864],[111.582142,16.519899],[111.581189,16.517435],[111.580209,16.514783],[111.580058,16.513994],[111.580055,16.511452],[111.580363,16.509591],[111.583165,16.503407],[111.583681,16.5025],[111.585116,16.500586],[111.585296,16.500114],[111.585253,16.499864],[111.5848,16.499266],[111.583151,16.49862],[111.580067,16.496413],[111.578504,16.494915],[111.577183,16.493328],[111.575476,16.490166],[111.573719,16.487874],[111.573022,16.486707],[111.569863,16.478948],[111.569128,16.476576],[111.568982,16.475513],[111.568974,16.474067],[111.569264,16.467775],[111.569627,16.463262],[111.569879,16.461979],[111.570573,16.45963],[111.572028,16.456006],[111.573405,16.453789],[111.575184,16.451749],[111.577589,16.449507],[111.579626,16.448099],[111.581395,16.447347],[111.584326,16.446386],[111.589959,16.445016],[111.59377,16.444281],[111.599581,16.443476],[111.602558,16.443472],[111.605119,16.443853],[111.607828,16.444557],[111.609332,16.445392],[111.611044,16.446672],[111.611569,16.446824],[111.621742,16.446587],[111.625466,16.4467],[111.626298,16.446964],[111.626966,16.447597],[111.62753,16.448429],[111.628501,16.450095],[111.628732,16.450955],[111.62863,16.453667],[111.628397,16.454533],[111.626853,16.457154],[111.625346,16.459015],[111.623828,16.460351],[111.61741,16.46459],[111.613887,16.46628],[111.612003,16.467389],[111.610634,16.46835],[111.60943,16.469468],[111.603984,16.476442],[111.599515,16.484738],[111.597035,16.488571],[111.595485,16.490634],[111.594932,16.491559],[111.594729,16.492298],[111.594649,16.493486],[111.594686,16.494628],[111.594838,16.495373],[111.597008,16.498789],[111.597339,16.499518],[111.597516,16.500296],[111.597496,16.503031],[111.597119,16.505902]]],[[[111.690018,16.572917],[111.689045,16.579509],[111.688795,16.580438],[111.688428,16.581145],[111.687924,16.581655],[111.687262,16.582001],[111.684976,16.582439],[111.680839,16.582802],[111.678666,16.582595],[111.675914,16.581809],[111.672914,16.580648],[111.665607,16.578215],[111.661177,16.57585],[111.658296,16.575194],[111.657316,16.574709],[111.656281,16.573709],[111.654784,16.57151],[111.654076,16.570682],[111.648769,16.566721],[111.647761,16.566263],[111.646592,16.565921],[111.642706,16.565284],[111.640719,16.564446],[111.639546,16.563425],[111.637312,16.560627],[111.636254,16.559834],[111.634774,16.559525],[111.633525,16.559426],[111.632786,16.559579],[111.631521,16.559533],[111.629213,16.559174],[111.619441,16.555884],[111.61611,16.554427],[111.614986,16.553625],[111.613179,16.552043],[111.609698,16.548503],[111.607719,16.546613],[111.607089,16.546167],[111.606142,16.545872],[111.605113,16.545896],[111.603814,16.546241],[111.600453,16.54744],[111.599215,16.547676],[111.597527,16.547608],[111.596117,16.547115],[111.59468,16.546105],[111.593413,16.544897],[111.592726,16.543919],[111.592253,16.542786],[111.591998,16.541633],[111.59199,16.540418],[111.592337,16.538079],[111.592729,16.536683],[111.593466,16.535169],[111.594398,16.533756],[111.595993,16.532227],[111.597156,16.530809],[111.599055,16.528984],[111.599939,16.52833],[111.600849,16.527868],[111.603091,16.52704],[111.605023,16.526488],[111.607201,16.526171],[111.610291,16.526199],[111.61281,16.526419],[111.615843,16.527083],[111.617582,16.527804],[111.619501,16.529275],[111.621654,16.530555],[111.622867,16.531478],[111.624282,16.531804],[111.625558,16.53154],[111.626707,16.531027],[111.630007,16.528636],[111.631864,16.52703],[111.632821,16.526495],[111.634221,16.52608],[111.635972,16.525772],[111.639061,16.525502],[111.640601,16.52561],[111.643304,16.526553],[111.645132,16.528171],[111.646123,16.529422],[111.646808,16.531849],[111.646753,16.535209],[111.646438,16.537318],[111.645774,16.539482],[111.644155,16.543502],[111.643877,16.544534],[111.643921,16.545494],[111.644322,16.546869],[111.644632,16.547504],[111.64518,16.548076],[111.64648,16.548744],[111.647955,16.549045],[111.652241,16.548535],[111.654726,16.548551],[111.657209,16.548749],[111.658277,16.549048],[111.659388,16.549541],[111.660664,16.550221],[111.662293,16.551289],[111.664162,16.551911],[111.665908,16.552228],[111.667449,16.552116],[111.670048,16.551479],[111.672385,16.550669],[111.67374,16.54996],[111.676615,16.548224],[111.677678,16.547365],[111.679568,16.544629],[111.679856,16.543892],[111.679918,16.54317],[111.679527,16.540869],[111.678956,16.539285],[111.678229,16.538145],[111.676158,16.535614],[111.675036,16.534052],[111.674035,16.532462],[111.673438,16.531243],[111.673054,16.53016],[111.672815,16.528958],[111.672785,16.527734],[111.67293,16.526582],[111.673258,16.52565],[111.673968,16.524505],[111.674844,16.523421],[111.676178,16.522059],[111.677473,16.521111],[111.682507,16.518367],[111.684537,16.516908],[111.685565,16.515974],[111.686472,16.514949],[111.687279,16.513769],[111.687951,16.512472],[111.688206,16.511708],[111.688317,16.510797],[111.688149,16.507907],[111.687393,16.504045],[111.686315,16.500302],[111.68576,16.496675],[111.685883,16.495881],[111.686201,16.49502],[111.687477,16.492733],[111.687959,16.492212],[111.688427,16.491928],[111.691132,16.490953],[111.692627,16.491055],[111.694311,16.491719],[111.697219,16.493383],[111.700013,16.495366],[111.705449,16.500477],[111.707734,16.50241],[111.709161,16.503296],[111.71063,16.50387],[111.713051,16.504199],[111.714273,16.504162],[111.715481,16.503969],[111.716689,16.503506],[111.719015,16.501915],[111.719567,16.501323],[111.720064,16.500419],[111.720813,16.497874],[111.721148,16.495359],[111.721202,16.491788],[111.7209,16.486923],[111.719044,16.478889],[111.718738,16.476962],[111.718589,16.475023],[111.718745,16.474012],[111.719837,16.471688],[111.721588,16.469627],[111.723008,16.468461],[111.72711,16.465993],[111.727851,16.465358],[111.728271,16.464764],[111.728576,16.463843],[111.728563,16.463125],[111.727077,16.458073],[111.726836,16.456111],[111.727,16.455172],[111.727475,16.453793],[111.728748,16.451674],[111.729238,16.451128],[111.73003,16.450563],[111.730678,16.450285],[111.731769,16.450069],[111.73515,16.449912],[111.736245,16.450129],[111.737582,16.450567],[111.742408,16.452768],[111.747365,16.455768],[111.753474,16.459017],[111.755143,16.460181],[111.758043,16.462493],[111.758928,16.463303],[111.75962,16.464142],[111.760442,16.465452],[111.762051,16.468479],[111.764871,16.474339],[111.767695,16.479129],[111.773432,16.487601],[111.780632,16.496449],[111.781844,16.498281],[111.782757,16.499962],[111.783592,16.501977],[111.78423,16.504058],[111.784544,16.505749],[111.784731,16.507869],[111.784761,16.509683],[111.78461,16.511023],[111.784202,16.512745],[111.783604,16.514554],[111.782348,16.516982],[111.780372,16.52016],[111.777543,16.524313],[111.774152,16.528968],[111.773136,16.531157],[111.772404,16.533917],[111.771528,16.535623],[111.77027,16.537189],[111.768429,16.538675],[111.76419,16.540986],[111.761413,16.542302],[111.757952,16.543689],[111.755948,16.54477],[111.751957,16.547388],[111.749482,16.549173],[111.742523,16.55503],[111.741132,16.555851],[111.739639,16.556525],[111.737473,16.55726],[111.735655,16.557715],[111.731254,16.558365],[111.726809,16.558554],[111.720978,16.557915],[111.720212,16.558084],[111.71934,16.558446],[111.717886,16.559504],[111.716523,16.560821],[111.713031,16.565474],[111.711645,16.56694],[111.710742,16.567484],[111.707484,16.568811],[111.706506,16.569328],[111.7014,16.573583],[111.700379,16.573713],[111.699466,16.573476],[111.696146,16.570826],[111.694558,16.56987],[111.692914,16.569428],[111.691925,16.569609],[111.691126,16.570194],[111.690509,16.571299],[111.690018,16.572917]]],[[[112.554556,16.529767],[112.550016,16.530367],[112.543901,16.53064],[112.540007,16.530146],[112.530616,16.527536],[112.525545,16.524474],[112.52361,16.521418],[112.52349,16.519404],[112.524653,16.518011],[112.527546,16.51723],[112.547227,16.519336],[112.553969,16.520345],[112.557212,16.521789],[112.558529,16.523921],[112.558429,16.526084],[112.556989,16.528419],[112.554556,16.529767]]],[[[112.728773,16.695526],[112.725061,16.695722],[112.722495,16.69547],[112.717732,16.694488],[112.715592,16.69381],[112.713689,16.693047],[112.712388,16.692328],[112.710742,16.691202],[112.707969,16.689118],[112.705939,16.687376],[112.704064,16.68548],[112.702626,16.683639],[112.701738,16.682246],[112.701348,16.681242],[112.70127,16.679378],[112.701443,16.677855],[112.70179,16.677015],[112.702475,16.676041],[112.703336,16.675339],[112.704416,16.674786],[112.705364,16.67455],[112.709425,16.674197],[112.710689,16.673853],[112.711414,16.673511],[112.711727,16.673141],[112.712133,16.672066],[112.712571,16.669662],[112.712922,16.668446],[112.713401,16.66751],[112.713926,16.666876],[112.714663,16.66632],[112.71647,16.665453],[112.720167,16.664151],[112.721226,16.663666],[112.722198,16.663042],[112.723878,16.661596],[112.726376,16.657148],[112.727257,16.654914],[112.727396,16.653201],[112.72734,16.65126],[112.727,16.649576],[112.726154,16.647228],[112.726067,16.644604],[112.726337,16.643701],[112.726787,16.642849],[112.730095,16.638632],[112.730515,16.637932],[112.730797,16.637162],[112.730966,16.636272],[112.73096,16.635236],[112.730474,16.63183],[112.730411,16.63043],[112.730556,16.628845],[112.730958,16.62771],[112.732688,16.62538],[112.735324,16.623201],[112.737292,16.621992],[112.740888,16.62055],[112.743204,16.619345],[112.745238,16.617879],[112.746476,16.616573],[112.747016,16.615457],[112.747632,16.612966],[112.748573,16.610128],[112.748676,16.608096],[112.748382,16.605361],[112.748434,16.603847],[112.748774,16.602293],[112.749417,16.601335],[112.750956,16.600099],[112.752259,16.599459],[112.756789,16.598711],[112.758782,16.598088],[112.759663,16.597553],[112.760414,16.59692],[112.760922,16.596343],[112.761329,16.595617],[112.761776,16.593911],[112.761802,16.591647],[112.76042,16.581282],[112.759841,16.575911],[112.760678,16.566911],[112.761247,16.558075],[112.762084,16.550667],[112.762267,16.546914],[112.762149,16.544168],[112.7615,16.541065],[112.760613,16.537956],[112.759977,16.536253],[112.759279,16.534991],[112.758341,16.533637],[112.755931,16.530908],[112.753823,16.529099],[112.751682,16.527797],[112.749033,16.52669],[112.7436,16.524793],[112.738364,16.522688],[112.73568,16.521417],[112.733561,16.519993],[112.731843,16.518464],[112.729717,16.516115],[112.721948,16.506196],[112.720148,16.503672],[112.718911,16.501653],[112.717614,16.49914],[112.715936,16.495458],[112.712839,16.48778],[112.711606,16.484244],[112.707813,16.471948],[112.706152,16.467292],[112.701496,16.458466],[112.696357,16.448137],[112.692179,16.440871],[112.690088,16.437542],[112.689195,16.435561],[112.688805,16.433743],[112.688709,16.431519],[112.688963,16.42981],[112.689543,16.42833],[112.690508,16.426991],[112.691705,16.425977],[112.693192,16.425309],[112.695023,16.424899],[112.696862,16.424892],[112.699202,16.425313],[112.705121,16.426929],[112.707631,16.427804],[112.710061,16.429041],[112.712899,16.430715],[112.71666,16.433192],[112.719351,16.435144],[112.727745,16.442686],[112.734274,16.449284],[112.73639,16.451819],[112.739683,16.456097],[112.746149,16.465188],[112.749027,16.469681],[112.751001,16.473417],[112.754001,16.479899],[112.761141,16.494675],[112.764325,16.501958],[112.767179,16.509028],[112.772678,16.524688],[112.773992,16.528879],[112.77486,16.532439],[112.775609,16.536166],[112.776942,16.544927],[112.777288,16.548385],[112.777335,16.553719],[112.777256,16.554978],[112.776796,16.55756],[112.776697,16.559561],[112.776878,16.565204],[112.776732,16.577834],[112.776984,16.591109],[112.776801,16.594628],[112.776378,16.598677],[112.775996,16.600996],[112.775435,16.603007],[112.774502,16.605317],[112.772816,16.608701],[112.76955,16.614027],[112.764528,16.621844],[112.763281,16.62409],[112.76264,16.625642],[112.761984,16.627814],[112.761771,16.62956],[112.761807,16.632862],[112.762557,16.636306],[112.762508,16.638156],[112.762159,16.639376],[112.760957,16.641369],[112.760278,16.643051],[112.75997,16.644419],[112.759476,16.648641],[112.759045,16.650117],[112.758483,16.651415],[112.757506,16.652894],[112.755271,16.655747],[112.748895,16.664399],[112.743505,16.671408],[112.742262,16.672747],[112.740027,16.674472],[112.737303,16.676956],[112.735266,16.679027],[112.734272,16.680328],[112.733466,16.68226],[112.733158,16.684044],[112.733464,16.686236],[112.733991,16.687997],[112.734374,16.690794],[112.734349,16.691917],[112.733964,16.692935],[112.732475,16.694185],[112.730861,16.695012],[112.728773,16.695526]]],[[[111.717343,16.592418],[111.714546,16.594068],[111.711004,16.595142],[111.707581,16.595389],[111.701833,16.594819],[111.698773,16.594122],[111.694977,16.592602],[111.693383,16.591192],[111.693012,16.590132],[111.693006,16.588364],[111.694838,16.585557],[111.700076,16.582519],[111.705059,16.577339],[111.714187,16.571715],[111.71908,16.56719],[111.722441,16.563501],[111.723865,16.563072],[111.725351,16.563122],[111.72725,16.564889],[111.728175,16.567753],[111.727256,16.571849],[111.725228,16.577272],[111.724045,16.584014],[111.723401,16.585486],[111.721154,16.588739],[111.719546,16.590514],[111.717343,16.592418]]],[[[112.640397,16.597362],[112.638525,16.597621],[112.635689,16.597667],[112.627651,16.596229],[112.622572,16.594562],[112.621102,16.593781],[112.619844,16.592586],[112.617078,16.589267],[112.616423,16.587951],[112.616492,16.586629],[112.617452,16.585767],[112.618015,16.585685],[112.619062,16.585755],[112.620518,16.58652],[112.624999,16.589237],[112.627892,16.590111],[112.631883,16.590864],[112.638656,16.591313],[112.641165,16.591915],[112.643304,16.592663],[112.6438,16.59294],[112.644277,16.593544],[112.644385,16.593974],[112.644212,16.594649],[112.643786,16.595255],[112.643197,16.596006],[112.64265,16.596397],[112.641095,16.597156],[112.640397,16.597362]]],[[[112.206114,16.783571],[112.206265,16.781638],[112.20604,16.774765],[112.206275,16.772796],[112.20716,16.770362],[112.208744,16.767368],[112.210083,16.765477],[112.211219,16.764476],[112.215298,16.762019],[112.216736,16.761357],[112.218276,16.76083],[112.220796,16.760259],[112.228467,16.759446],[112.230328,16.759375],[112.232366,16.759488],[112.233173,16.759664],[112.234113,16.760069],[112.235125,16.760689],[112.235898,16.761341],[112.236418,16.761967],[112.237088,16.763185],[112.237626,16.764629],[112.238478,16.768503],[112.238639,16.769712],[112.238596,16.770502],[112.238369,16.771194],[112.23704,16.773422],[112.236489,16.773969],[112.235333,16.774709],[112.22977,16.777508],[112.228563,16.77855],[112.227385,16.779981],[112.226563,16.78129],[112.225296,16.785278],[112.224601,16.786558],[112.223333,16.788123],[112.221072,16.790168],[112.218866,16.791771],[112.209834,16.797703],[112.207563,16.799655],[112.206666,16.80006],[112.205931,16.800236],[112.204703,16.800365],[112.20371,16.80033],[112.202919,16.800122],[112.202299,16.799777],[112.201529,16.799164],[112.201078,16.798587],[112.20032,16.796858],[112.200409,16.794934],[112.200789,16.793149],[112.201269,16.791887],[112.203173,16.788551],[112.205717,16.784526],[112.206114,16.783571]]],[[[112.355615,16.853501],[112.353316,16.85451],[112.347585,16.857639],[112.345723,16.858196],[112.343389,16.858552],[112.34133,16.85867],[112.33922,16.858476],[112.333573,16.857128],[112.331401,16.856751],[112.32925,16.856712],[112.323945,16.856911],[112.323106,16.856873],[112.322191,16.856644],[112.321249,16.856243],[112.318187,16.854547],[112.316832,16.853597],[112.314286,16.851056],[112.313305,16.849844],[112.312421,16.848505],[112.31148,16.84653],[112.311074,16.844543],[112.310847,16.840655],[112.311057,16.837849],[112.311418,16.836555],[112.312014,16.835522],[112.312949,16.834326],[112.31561,16.831403],[112.316727,16.829838],[112.317768,16.827418],[112.318084,16.825226],[112.318657,16.82341],[112.319438,16.821965],[112.320327,16.821139],[112.321398,16.820915],[112.323344,16.820928],[112.331991,16.82204],[112.336402,16.821987],[112.337428,16.821694],[112.338493,16.821203],[112.340881,16.819771],[112.343311,16.818582],[112.344173,16.81803],[112.344483,16.817683],[112.344812,16.817025],[112.345041,16.816085],[112.34473,16.814801],[112.343613,16.812027],[112.343364,16.810664],[112.343394,16.809997],[112.343634,16.809098],[112.343995,16.808605],[112.344718,16.807909],[112.34568,16.807474],[112.346884,16.807155],[112.34987,16.807605],[112.350606,16.807449],[112.351748,16.806985],[112.352475,16.806249],[112.354202,16.8036],[112.355335,16.802452],[112.35745,16.801034],[112.360453,16.799537],[112.361503,16.798829],[112.361813,16.798483],[112.362139,16.797753],[112.36395,16.791466],[112.36461,16.78963],[112.365177,16.788449],[112.366079,16.787337],[112.366665,16.786885],[112.367612,16.786638],[112.368836,16.786654],[112.369784,16.787028],[112.371775,16.788319],[112.373542,16.789954],[112.374725,16.791297],[112.375425,16.792406],[112.376065,16.793878],[112.377043,16.797783],[112.378461,16.80654],[112.379063,16.812927],[112.379077,16.820976],[112.379276,16.82784],[112.379042,16.831633],[112.378562,16.83499],[112.377612,16.838723],[112.376167,16.842543],[112.374572,16.845332],[112.373724,16.846396],[112.372847,16.847226],[112.371493,16.848158],[112.370282,16.848721],[112.366249,16.849817],[112.360755,16.851916],[112.355615,16.853501]]],[[[112.277421,16.998968],[112.266143,17.0],[112.260701,17.003512],[112.259146,17.004359],[112.256678,17.005466],[112.252976,17.006801],[112.250338,17.007387],[112.247093,17.007973],[112.244421,17.008201],[112.241886,17.008266],[112.239248,17.008234],[112.236966,17.008038],[112.233957,17.00755],[112.232098,17.006996],[112.227432,17.00501],[112.218604,17.0],[112.213464,16.999236],[112.211322,16.998576],[112.206086,16.997296],[112.202039,16.995971],[112.198537,16.994664],[112.196741,16.993879],[112.194845,16.992783],[112.194033,16.992115],[112.192775,16.990418],[112.192195,16.988042],[112.192043,16.985876],[112.191586,16.984456],[112.191023,16.983203],[112.190241,16.98187],[112.188799,16.979968],[112.186319,16.97723],[112.186139,16.976748],[112.186204,16.975823],[112.186438,16.975182],[112.187537,16.973592],[112.18939,16.972299],[112.191419,16.971349],[112.19383,16.970734],[112.19728,16.969545],[112.198724,16.96889],[112.200142,16.967998],[112.200889,16.967312],[112.201446,16.966523],[112.202663,16.963583],[112.203285,16.962518],[112.204149,16.961835],[112.205863,16.960949],[112.206688,16.960955],[112.207623,16.961141],[112.211504,16.962358],[112.217333,16.962504],[112.21863,16.96268],[112.219893,16.963013],[112.221874,16.963744],[112.224375,16.964986],[112.225919,16.965854],[112.229621,16.968305],[112.232354,16.96922],[112.236249,16.968782],[112.242344,16.967449],[112.245349,16.967342],[112.249012,16.967433],[112.251246,16.967733],[112.253151,16.968225],[112.258193,16.970436],[112.260544,16.971223],[112.263452,16.971736],[112.266174,16.971839],[112.268571,16.971384],[112.269739,16.970987],[112.270625,16.970486],[112.271592,16.969526],[112.274366,16.966128],[112.275158,16.965373],[112.276636,16.964572],[112.279556,16.96341],[112.280499,16.962853],[112.281567,16.961518],[112.282537,16.959598],[112.283004,16.958932],[112.284204,16.957767],[112.285504,16.956967],[112.286697,16.956653],[112.287482,16.956687],[112.288424,16.957006],[112.289492,16.95767],[112.29193,16.95867],[112.29301,16.958919],[112.294313,16.95895],[112.297222,16.958595],[112.29933,16.958135],[112.307727,16.955376],[112.30815,16.955104],[112.308563,16.954526],[112.308736,16.954065],[112.30878,16.953376],[112.308077,16.951499],[112.307707,16.950824],[112.306103,16.949346],[112.305611,16.948712],[112.305408,16.947539],[112.305546,16.946845],[112.305796,16.946405],[112.306214,16.946085],[112.307114,16.945668],[112.30975,16.944941],[112.312163,16.944562],[112.316074,16.944404],[112.317137,16.944195],[112.317862,16.943868],[112.318748,16.94303],[112.320075,16.941171],[112.321943,16.937401],[112.322566,16.935754],[112.323145,16.930359],[112.323172,16.926377],[112.322417,16.923592],[112.320002,16.916262],[112.319472,16.914188],[112.319254,16.912713],[112.319284,16.911643],[112.319555,16.910299],[112.32001,16.908918],[112.320668,16.907704],[112.32174,16.906587],[112.325041,16.904286],[112.326485,16.903579],[112.327801,16.903294],[112.330964,16.903112],[112.338753,16.903131],[112.339703,16.903406],[112.342556,16.904877],[112.343133,16.905413],[112.343408,16.90584],[112.343848,16.907254],[112.344052,16.910164],[112.343766,16.913232],[112.343693,16.915412],[112.343923,16.916408],[112.344606,16.917398],[112.345335,16.918041],[112.347029,16.917911],[112.347794,16.917617],[112.349552,16.91624],[112.350766,16.915927],[112.352713,16.915939],[112.354147,16.916363],[112.35539,16.917611],[112.358646,16.918776],[112.359491,16.919338],[112.359973,16.919945],[112.360477,16.92103],[112.360555,16.921883],[112.360374,16.922865],[112.359585,16.924809],[112.359048,16.925368],[112.358063,16.926075],[112.350063,16.930809],[112.348093,16.932296],[112.346875,16.933493],[112.345727,16.935325],[112.343839,16.939487],[112.3418,16.943304],[112.340658,16.945831],[112.339065,16.948698],[112.336179,16.953355],[112.335201,16.954565],[112.333981,16.955758],[112.332437,16.956937],[112.329907,16.958118],[112.328046,16.959643],[112.324321,16.96224],[112.314866,16.967617],[112.309695,16.970381],[112.307649,16.971675],[112.306639,16.972607],[112.305292,16.974112],[112.300043,16.98061],[112.297811,16.982873],[112.296226,16.984214],[112.295393,16.984731],[112.294462,16.985046],[112.292067,16.985311],[112.290996,16.985583],[112.288148,16.987443],[112.285587,16.990726],[112.283802,16.993948],[112.281967,16.996182],[112.279327,16.998371],[112.278578,16.998718],[112.277421,16.998968]]],[[[111.482547,17.068019],[111.48968,17.070635],[111.496304,17.074231],[111.502079,17.07701],[111.5087,17.079297],[111.514477,17.080768],[111.519744,17.082729],[111.52518,17.084526],[111.530617,17.08763],[111.535374,17.090081],[111.537413,17.091715],[111.540302,17.093185],[111.54319,17.093676],[111.553894,17.094493],[111.557631,17.095473],[111.56018,17.096781],[111.561539,17.098251],[111.562049,17.100212],[111.561539,17.102335],[111.56018,17.105766],[111.557971,17.108708],[111.553554,17.112955],[111.550662,17.114755],[111.540468,17.118676],[111.534691,17.119983],[111.528914,17.120963],[111.523987,17.121125],[111.51889,17.120799],[111.515322,17.120308],[111.510904,17.119327],[111.505642,17.118837],[111.501565,17.11802],[111.497657,17.11655],[111.485424,17.112465],[111.480497,17.110668],[111.472172,17.1074],[111.467245,17.10593],[111.461468,17.103316],[111.45841,17.100865],[111.455692,17.098251],[111.452634,17.094984],[111.451615,17.091552],[111.451445,17.087957],[111.452643,17.085325],[111.455012,17.081257],[111.458422,17.077485],[111.460971,17.075036],[111.4642,17.072587],[111.468957,17.069974],[111.473034,17.068506],[111.477961,17.067691],[111.482547,17.068019]]]]}},{"type":"Feature","properties":{"id":"81297802B62948768430814","label":"호이안 · Hoi An (이전)","era":"2020","sourceName":"Hoi An","viewBounds":[108.28933814600003,15.854253388000075,108.39367343400005,15.921738534000042]},"geometry":{"type":"MultiPolygon","coordinates":[[[[108.696136,15.814446],[108.692712,15.817924],[108.690723,15.812273],[108.697704,15.811574],[108.69799,15.814072],[108.696136,15.814446]]],[[[108.543074,15.911979],[108.542303,15.913949],[108.540295,15.911522],[108.535117,15.909885],[108.532338,15.90702],[108.532677,15.90349],[108.535888,15.902043],[108.539885,15.903851],[108.542246,15.903013],[108.540723,15.909124],[108.543074,15.911979]]],[[[108.305599,15.866835],[108.304508,15.861013],[108.313706,15.856319],[108.318496,15.856597],[108.319793,15.854253],[108.320825,15.854878],[108.320162,15.857143],[108.328179,15.859689],[108.339875,15.859272],[108.346505,15.862415],[108.367423,15.858909],[108.393673,15.876227],[108.389651,15.881994],[108.380228,15.88987],[108.329744,15.921739],[108.326655,15.913151],[108.329993,15.912097],[108.329444,15.910813],[108.324194,15.910785],[108.323685,15.906436],[108.318582,15.906737],[108.315093,15.912066],[108.312628,15.912766],[108.30838,15.911288],[108.293501,15.899782],[108.293073,15.895139],[108.289338,15.886365],[108.297614,15.878946],[108.298565,15.875562],[108.30125,15.875304],[108.30096,15.872999],[108.30596,15.87182],[108.313345,15.874505],[108.310784,15.868338],[108.305599,15.866835]]],[[[108.473679,15.930856],[108.476602,15.932338],[108.47186,15.933585],[108.473679,15.930856]]],[[[108.485184,15.94817],[108.484098,15.949272],[108.479956,15.948474],[108.478551,15.94488],[108.47627,15.944565],[108.478875,15.938015],[108.482565,15.941572],[108.485184,15.94817]]],[[[108.423416,15.971873],[108.423377,15.973307],[108.420444,15.97367],[108.423416,15.971873]]],[[[108.502997,15.979221],[108.495393,15.97379],[108.493157,15.973981],[108.490527,15.967782],[108.486887,15.968139],[108.483948,15.966592],[108.484174,15.964736],[108.486958,15.962274],[108.490182,15.962607],[108.493034,15.955686],[108.49559,15.956029],[108.497876,15.959924],[108.502497,15.959027],[108.503903,15.960697],[108.502754,15.958434],[108.506666,15.957264],[108.508208,15.952224],[108.508865,15.946278],[108.507357,15.944489],[108.512255,15.942823],[108.51374,15.938625],[108.51893,15.938761],[108.524098,15.932279],[108.526461,15.932579],[108.529395,15.930852],[108.530808,15.925905],[108.533014,15.925427],[108.534077,15.9224],[108.540466,15.923099],[108.537047,15.929624],[108.540338,15.936869],[108.536483,15.944308],[108.536276,15.94959],[108.538667,15.956222],[108.535063,15.958399],[108.526068,15.959591],[108.511799,15.965066],[108.509293,15.970077],[108.510792,15.973646],[108.502997,15.979221]]],[[[108.447103,15.967451],[108.452082,15.976222],[108.452009,15.97825],[108.449514,15.9804],[108.442314,15.971819],[108.447103,15.967451]]]]}},{"type":"Feature","properties":{"id":"81297802B70720207353538","label":"디엔반 · Dien Ban (이전)","era":"2020","sourceName":"Dien Ban","viewBounds":[108.12839540200008,15.830414553000026,108.32999317300005,15.976776508000057]},"geometry":{"type":"Polygon","coordinates":[[[108.144711,15.850248],[108.152643,15.850608],[108.161364,15.846493],[108.168861,15.833319],[108.183078,15.833256],[108.189589,15.83146],[108.193743,15.83441],[108.210476,15.834375],[108.210331,15.837795],[108.215968,15.838589],[108.216169,15.836928],[108.22399,15.8418],[108.231106,15.84007],[108.23466,15.846017],[108.237255,15.847337],[108.244046,15.839702],[108.239966,15.832978],[108.241921,15.831005],[108.245372,15.830415],[108.247247,15.830669],[108.24787,15.835084],[108.251348,15.836151],[108.254505,15.840025],[108.253934,15.847321],[108.25706,15.854919],[108.260012,15.857184],[108.272055,15.861572],[108.279105,15.866591],[108.305599,15.866835],[108.310784,15.868338],[108.313345,15.874505],[108.30596,15.87182],[108.30096,15.872999],[108.30125,15.875304],[108.298565,15.875562],[108.297614,15.878946],[108.289338,15.886365],[108.293073,15.895139],[108.293501,15.899782],[108.30838,15.911288],[108.312628,15.912766],[108.315093,15.912066],[108.318582,15.906737],[108.323685,15.906436],[108.324194,15.910785],[108.329444,15.910813],[108.329993,15.912097],[108.326655,15.913151],[108.329744,15.921739],[108.304133,15.94568],[108.289243,15.96724],[108.282796,15.964028],[108.273947,15.963616],[108.273108,15.959737],[108.270156,15.96004],[108.270458,15.961742],[108.268363,15.963871],[108.268657,15.967128],[108.26148,15.965804],[108.25544,15.976777],[108.253879,15.976678],[108.253685,15.975349],[108.240732,15.972329],[108.239768,15.968709],[108.230474,15.961282],[108.229901,15.957279],[108.224782,15.956593],[108.221924,15.950328],[108.22262,15.94703],[108.216551,15.948157],[108.216277,15.946125],[108.210682,15.942788],[108.202434,15.955258],[108.206004,15.962188],[108.202672,15.963764],[108.197696,15.96332],[108.19592,15.964796],[108.195442,15.963079],[108.191484,15.963145],[108.190775,15.961421],[108.186836,15.962766],[108.186452,15.965305],[108.184303,15.965277],[108.184795,15.959329],[108.180466,15.953877],[108.18029,15.949487],[108.181849,15.946204],[108.178918,15.939767],[108.171875,15.939853],[108.168834,15.941819],[108.166429,15.948446],[108.165182,15.948782],[108.165372,15.951447],[108.161424,15.9501],[108.153888,15.953104],[108.150722,15.94893],[108.149076,15.937952],[108.146949,15.933464],[108.148019,15.93117],[108.15131,15.931683],[108.152393,15.928837],[108.149958,15.922662],[108.147542,15.920286],[108.140631,15.918506],[108.133514,15.914239],[108.134429,15.909562],[108.138561,15.903756],[108.139049,15.900152],[108.135697,15.900483],[108.13914,15.897106],[108.137846,15.892587],[108.131112,15.893811],[108.128395,15.890446],[108.129926,15.888497],[108.132682,15.889143],[108.133811,15.88475],[108.13608,15.885437],[108.136653,15.884366],[108.134694,15.882324],[108.139194,15.876147],[108.136286,15.870904],[108.13696,15.867819],[108.14223,15.868967],[108.143809,15.867018],[108.149336,15.865356],[108.149459,15.863529],[108.147086,15.863264],[108.147327,15.85478],[108.144711,15.850248]]]}},{"type":"Feature","properties":{"id":"81297802B11134761285152","label":"Duy Xuyen (이전)","era":"2020","sourceName":"Duy Xuyen","viewBounds":[108.04026328100008,15.713872244000072,108.41242815000004,15.876226924000036]},"geometry":{"type":"Polygon","coordinates":[[[108.046347,15.764835],[108.052407,15.760895],[108.054843,15.763944],[108.066113,15.76321],[108.070308,15.757355],[108.07095,15.749992],[108.072998,15.748907],[108.076604,15.74206],[108.076309,15.736166],[108.081421,15.736386],[108.089675,15.732476],[108.097212,15.731831],[108.106338,15.733498],[108.116432,15.739909],[108.122739,15.736757],[108.133114,15.735041],[108.136828,15.736416],[108.138515,15.735753],[108.141998,15.728332],[108.147354,15.725533],[108.150621,15.721677],[108.168523,15.713872],[108.169592,15.718551],[108.172076,15.721762],[108.172257,15.725777],[108.175012,15.729849],[108.180659,15.735044],[108.18788,15.73412],[108.191929,15.738689],[108.193,15.745014],[108.194587,15.746452],[108.20327,15.747155],[108.205864,15.745978],[108.209268,15.740053],[108.218426,15.73834],[108.231374,15.744977],[108.241867,15.752521],[108.250074,15.754989],[108.25999,15.764543],[108.26651,15.768459],[108.267622,15.773317],[108.266316,15.782931],[108.262503,15.786055],[108.261552,15.793598],[108.27118,15.802513],[108.27048,15.809296],[108.273777,15.81669],[108.272451,15.81996],[108.274466,15.822019],[108.278925,15.822998],[108.279529,15.82462],[108.28335,15.825432],[108.283397,15.828576],[108.289925,15.825385],[108.292108,15.829363],[108.2997,15.829097],[108.299961,15.824011],[108.303435,15.825121],[108.30678,15.822423],[108.310887,15.821911],[108.311083,15.814978],[108.314724,15.822564],[108.31895,15.820915],[108.320209,15.815308],[108.324283,15.813267],[108.329419,15.816618],[108.332194,15.821612],[108.331497,15.82469],[108.335846,15.825003],[108.338704,15.828801],[108.344738,15.830202],[108.34652,15.827383],[108.349874,15.82627],[108.356274,15.825931],[108.35736,15.827242],[108.363679,15.826295],[108.36993,15.828231],[108.371575,15.82554],[108.374756,15.826271],[108.376855,15.821927],[108.381143,15.824661],[108.380535,15.829051],[108.384176,15.831057],[108.387847,15.829673],[108.389795,15.826582],[108.39169,15.827614],[108.392448,15.826614],[108.392189,15.822473],[108.395652,15.818635],[108.395945,15.81437],[108.399023,15.810355],[108.40572,15.817141],[108.412428,15.819569],[108.404595,15.851576],[108.404396,15.867052],[108.396255,15.871911],[108.393673,15.876227],[108.367423,15.858909],[108.346505,15.862415],[108.339875,15.859272],[108.328179,15.859689],[108.320162,15.857143],[108.320825,15.854878],[108.319793,15.854253],[108.318496,15.856597],[108.313706,15.856319],[108.304508,15.861013],[108.305599,15.866835],[108.279105,15.866591],[108.272055,15.861572],[108.260012,15.857184],[108.25706,15.854919],[108.253934,15.847321],[108.254505,15.840025],[108.251348,15.836151],[108.24787,15.835084],[108.247247,15.830669],[108.245372,15.830415],[108.241921,15.831005],[108.239966,15.832978],[108.244046,15.839702],[108.237255,15.847337],[108.23466,15.846017],[108.231106,15.84007],[108.22399,15.8418],[108.216169,15.836928],[108.215968,15.838589],[108.210331,15.837795],[108.210476,15.834375],[108.193743,15.83441],[108.189589,15.83146],[108.183078,15.833256],[108.168861,15.833319],[108.161364,15.846493],[108.152643,15.850608],[108.144711,15.850248],[108.142149,15.847163],[108.132595,15.842207],[108.116663,15.842558],[108.109593,15.838478],[108.093903,15.824376],[108.084194,15.823554],[108.072866,15.817154],[108.07029,15.814504],[108.066082,15.801025],[108.058997,15.790316],[108.046266,15.783832],[108.040263,15.777201],[108.040583,15.772115],[108.046347,15.764835]]]}}]}