{"type":"FeatureCollection","features":[{"type":"Feature","properties":{"id":"VN56","label":"카인호아성 · Khánh Hòa","era":"2025","sourceCode":"VN56","validOn":"2025-09-25","viewBounds":[108.551542,11.306942,109.461776,12.869069]},"geometry":{"type":"MultiPolygon","coordinates":[[[[108.958891,11.315448],[108.959157,11.315655],[108.95949,11.315615],[108.959642,11.315394],[108.959832,11.315392],[108.959959,11.31555],[108.960421,11.315613],[108.960795,11.315966],[108.961129,11.315938],[108.961354,11.316123],[108.96192,11.316274],[108.962265,11.315752],[108.962356,11.316217],[108.962519,11.316404],[108.963187,11.316432],[108.963395,11.317111],[108.963657,11.317198],[108.96375,11.316995],[108.963885,11.316981],[108.964156,11.317535],[108.964423,11.317457],[108.964511,11.317766],[108.96479,11.317999],[108.965005,11.317954],[108.965099,11.31825],[108.965309,11.318365],[108.965608,11.318493],[108.965974,11.318295],[108.966022,11.318498],[108.965892,11.318743],[108.966273,11.31938],[108.966604,11.319555],[108.966778,11.319519],[108.967027,11.319831],[108.967568,11.319758],[108.967616,11.320312],[108.967832,11.320841],[108.968347,11.321259],[108.968474,11.321564],[108.968873,11.321741],[108.96908,11.322115],[108.969233,11.322163],[108.969881,11.321965],[108.970351,11.322362],[108.970617,11.322255],[108.970743,11.322502],[108.970993,11.322529],[108.971038,11.322829],[108.971451,11.32326],[108.971861,11.324105],[108.972279,11.32449],[108.972804,11.324697],[108.972964,11.325146],[108.974307,11.326311],[108.974518,11.327546],[108.975338,11.328572],[108.976148,11.328724],[108.976461,11.328928],[108.978007,11.329428],[108.97886,11.329371],[108.97889,11.329584],[108.978722,11.329608],[108.978692,11.329771],[108.979091,11.329902],[108.979216,11.330071],[108.979485,11.330086],[108.979887,11.329763],[108.98028,11.329703],[108.981124,11.329916],[108.981608,11.330266],[108.981891,11.329896],[108.982068,11.329917],[108.982687,11.33038],[108.983128,11.331608],[108.983354,11.331779],[108.983593,11.331704],[108.98398,11.332082],[108.984685,11.332262],[108.98538,11.333477],[108.985657,11.33344],[108.986514,11.334238],[108.987218,11.334515],[108.987605,11.335367],[108.987832,11.335401],[108.988102,11.335829],[108.988691,11.336051],[108.988861,11.336267],[108.988835,11.337705],[108.9887,11.338338],[108.988969,11.33882],[108.989399,11.339261],[108.989997,11.340549],[108.990139,11.341544],[108.99036,11.341953],[108.990322,11.342185],[108.990059,11.342351],[108.990067,11.342543],[108.99044,11.343586],[108.990662,11.343722],[108.990938,11.343312],[108.991168,11.343152],[108.99171,11.343136],[108.991823,11.342865],[108.992144,11.342962],[108.992378,11.343289],[108.992318,11.343622],[108.992584,11.343815],[108.993085,11.345125],[108.993006,11.34535],[108.99273,11.345419],[108.992642,11.345562],[108.992379,11.347393],[108.992874,11.348118],[108.993463,11.348189],[108.993314,11.3485],[108.993658,11.349168],[108.993848,11.349184],[108.994092,11.349492],[108.994449,11.349697],[108.995073,11.349761],[108.995471,11.349941],[108.996156,11.34983],[108.996482,11.35003],[108.997001,11.3501],[108.997551,11.349581],[108.997921,11.349639],[108.998335,11.348779],[108.998732,11.348561],[108.999001,11.348626],[108.999356,11.348252],[109.000136,11.347934],[109.000231,11.348284],[109.000605,11.34845],[109.000672,11.348668],[109.000967,11.348553],[109.001181,11.348698],[109.001245,11.349047],[109.001038,11.349341],[109.001226,11.349736],[109.001461,11.349739],[109.001398,11.350433],[109.001704,11.350579],[109.001806,11.350845],[109.001585,11.35122],[109.001647,11.35148],[109.001377,11.351753],[109.001543,11.352525],[109.001458,11.35299],[109.001889,11.352914],[109.002276,11.353129],[109.002446,11.352843],[109.003126,11.352618],[109.003172,11.352946],[109.003518,11.352854],[109.003816,11.353293],[109.003793,11.353859],[109.004217,11.354179],[109.004384,11.353983],[109.004801,11.354166],[109.005033,11.354991],[109.004908,11.355253],[109.005182,11.355477],[109.006704,11.355622],[109.007748,11.355489],[109.008443,11.354952],[109.008252,11.354448],[109.00831,11.354139],[109.008918,11.353937],[109.00917,11.354018],[109.009227,11.354227],[109.008922,11.354484],[109.008922,11.354757],[109.010588,11.355157],[109.01103,11.35549],[109.011119,11.355708],[109.012514,11.355829],[109.013408,11.356158],[109.013672,11.356064],[109.013991,11.356165],[109.014016,11.355816],[109.014783,11.356126],[109.015115,11.356481],[109.015075,11.356694],[109.015229,11.35685],[109.014977,11.357011],[109.015264,11.356974],[109.015543,11.357186],[109.015931,11.357218],[109.016495,11.357629],[109.016466,11.358082],[109.016827,11.358617],[109.01731,11.358955],[109.017686,11.359781],[109.017882,11.3599],[109.018791,11.359929],[109.019029,11.360179],[109.018915,11.360672],[109.019188,11.360789],[109.019102,11.361106],[109.019291,11.361255],[109.019256,11.361492],[109.019531,11.361821],[109.019417,11.362248],[109.019548,11.362411],[109.019511,11.362678],[109.019899,11.362632],[109.019727,11.363025],[109.020227,11.363083],[109.020159,11.363328],[109.020664,11.363136],[109.020741,11.363213],[109.020108,11.363522],[109.020194,11.363655],[109.020541,11.363739],[109.020527,11.363835],[109.019909,11.363948],[109.019957,11.364324],[109.019666,11.364533],[109.019217,11.36446],[109.019085,11.364785],[109.019405,11.365344],[109.020142,11.365475],[109.020266,11.366372],[109.020226,11.36714],[109.02038,11.367506],[109.020282,11.367786],[109.020496,11.368083],[109.020355,11.368388],[109.020686,11.368459],[109.020722,11.368647],[109.020154,11.368884],[109.019882,11.369253],[109.019248,11.369505],[109.019496,11.369894],[109.019236,11.370102],[109.018749,11.370063],[109.01869,11.369841],[109.018212,11.369507],[109.0181,11.369624],[109.018196,11.369898],[109.01802,11.369898],[109.017769,11.369518],[109.017498,11.369624],[109.016968,11.369212],[109.016777,11.36938],[109.016973,11.369913],[109.016881,11.370058],[109.016564,11.369556],[109.016261,11.369732],[109.015902,11.369586],[109.015376,11.369615],[109.015256,11.369834],[109.015396,11.370079],[109.015071,11.370608],[109.015304,11.3707],[109.01537,11.37086],[109.015023,11.371357],[109.015329,11.372226],[109.015278,11.372335],[109.01472,11.372624],[109.014301,11.37224],[109.013774,11.372262],[109.013303,11.372038],[109.01319,11.372382],[109.012661,11.372781],[109.012536,11.373273],[109.011935,11.373225],[109.011566,11.37348],[109.011253,11.373969],[109.0099,11.378096],[109.009507,11.378834],[109.009379,11.379451],[109.008726,11.380889],[109.008624,11.381411],[109.007662,11.383815],[109.007071,11.386215],[109.006736,11.388394],[109.00658,11.390954],[109.005922,11.393453],[109.005938,11.394278],[109.006143,11.39522],[109.006942,11.398107],[109.00761,11.399685],[109.007305,11.401606],[109.00644,11.402679],[109.005921,11.405105],[109.006203,11.40746],[109.006022,11.41046],[109.006409,11.411292],[109.00729,11.412638],[109.007132,11.412581],[109.006755,11.412022],[109.006603,11.412042],[109.006584,11.412369],[109.0061,11.411958],[109.006055,11.411779],[109.005486,11.411848],[109.00661,11.412495],[109.006751,11.412459],[109.006697,11.412133],[109.007604,11.413545],[109.008115,11.414069],[109.008371,11.414772],[109.008616,11.414995],[109.010002,11.415699],[109.011106,11.415986],[109.011762,11.416741],[109.012589,11.419075],[109.012866,11.420579],[109.013174,11.421351],[109.01319,11.422787],[109.013872,11.424111],[109.013982,11.42504],[109.014095,11.427892],[109.013779,11.428708],[109.013995,11.430257],[109.013847,11.430903],[109.013564,11.43148],[109.013676,11.432565],[109.013446,11.434251],[109.013134,11.435258],[109.012682,11.435813],[109.012716,11.436565],[109.012294,11.437466],[109.012341,11.438277],[109.008748,11.442284],[109.008403,11.443011],[109.008302,11.443641],[109.008641,11.445158],[109.009569,11.446802],[109.01027,11.447557],[109.010508,11.448162],[109.010961,11.448526],[109.01171,11.450151],[109.011867,11.450972],[109.012175,11.45135],[109.012406,11.452084],[109.012921,11.452597],[109.013031,11.453527],[109.013433,11.454179],[109.013142,11.455224],[109.013817,11.455996],[109.013966,11.456579],[109.013782,11.456904],[109.01322,11.457065],[109.013521,11.457196],[109.013604,11.457369],[109.013529,11.457933],[109.013699,11.458675],[109.013599,11.459321],[109.013684,11.459635],[109.014205,11.460084],[109.014396,11.461258],[109.01408,11.462022],[109.013942,11.463027],[109.014081,11.465696],[109.014162,11.466232],[109.014524,11.466671],[109.014697,11.467106],[109.01488,11.468242],[109.014836,11.469747],[109.015385,11.4711],[109.015368,11.471917],[109.015005,11.472967],[109.015146,11.47424],[109.01487,11.475777],[109.014653,11.476868],[109.01405,11.478701],[109.013701,11.481434],[109.012938,11.485623],[109.012052,11.489657],[109.011658,11.49443],[109.011661,11.497876],[109.011465,11.500253],[109.011568,11.503131],[109.011775,11.5039],[109.011597,11.505184],[109.011664,11.506746],[109.01185,11.509192],[109.012295,11.511679],[109.012233,11.512373],[109.01286,11.515165],[109.012843,11.515806],[109.013973,11.520161],[109.015122,11.523393],[109.016221,11.526143],[109.017215,11.527867],[109.018124,11.529189],[109.019227,11.530376],[109.02552,11.535176],[109.025795,11.535211],[109.026669,11.534728],[109.026669,11.535244],[109.028956,11.537234],[109.029185,11.538972],[109.030353,11.540463],[109.030637,11.540987],[109.03159,11.544145],[109.032447,11.546458],[109.033043,11.547594],[109.03358,11.548519],[109.03481,11.549141],[109.035457,11.549644],[109.036248,11.550738],[109.0362,11.551088],[109.035447,11.551046],[109.035433,11.550609],[109.034899,11.550631],[109.034375,11.550319],[109.033523,11.55022],[109.032423,11.550614],[109.030843,11.551719],[109.030353,11.552193],[109.028262,11.554946],[109.027284,11.556526],[109.026361,11.558809],[109.024981,11.562851],[109.0246,11.565127],[109.02456,11.567057],[109.025073,11.571355],[109.025712,11.573921],[109.026895,11.576695],[109.027841,11.578574],[109.030074,11.58212],[109.031094,11.583449],[109.032654,11.585157],[109.034066,11.586495],[109.034918,11.587129],[109.036647,11.587995],[109.041612,11.588846],[109.044022,11.588924],[109.044855,11.588764],[109.046166,11.588926],[109.047952,11.588721],[109.048264,11.5886],[109.04899,11.587279],[109.049859,11.588424],[109.051256,11.588827],[109.051343,11.588234],[109.051583,11.587835],[109.052994,11.586738],[109.053884,11.583327],[109.054987,11.58387],[109.056185,11.584275],[109.0573,11.584406],[109.058074,11.584317],[109.059221,11.583974],[109.05953,11.583705],[109.060222,11.583387],[109.060453,11.583031],[109.060682,11.582927],[109.063848,11.581798],[109.065334,11.58162],[109.067381,11.581755],[109.071263,11.582816],[109.071564,11.582452],[109.072428,11.582957],[109.072584,11.583597],[109.074907,11.585152],[109.076149,11.585771],[109.077241,11.586153],[109.079043,11.586587],[109.085414,11.587423],[109.090275,11.587646],[109.092133,11.587454],[109.094497,11.586818],[109.097846,11.585325],[109.098907,11.5847],[109.099374,11.584339],[109.099584,11.583986],[109.101128,11.583017],[109.10235,11.582043],[109.105196,11.58025],[109.106403,11.579626],[109.112968,11.578263],[109.118167,11.575355],[109.121293,11.574136],[109.123875,11.572869],[109.124868,11.571463],[109.125796,11.570598],[109.126415,11.569613],[109.126427,11.569405],[109.126264,11.569254],[109.126199,11.568957],[109.125856,11.568659],[109.125835,11.568265],[109.126849,11.567729],[109.127495,11.567067],[109.127294,11.566206],[109.127567,11.565686],[109.128088,11.565156],[109.127598,11.56392],[109.127514,11.563193],[109.127752,11.563023],[109.12826,11.563124],[109.128367,11.562867],[109.128524,11.562869],[109.129248,11.563742],[109.129801,11.564161],[109.13041,11.564951],[109.130621,11.565351],[109.130176,11.565326],[109.13017,11.565489],[109.130957,11.566548],[109.130773,11.566605],[109.130376,11.566351],[109.130052,11.566525],[109.129557,11.567159],[109.129404,11.568035],[109.130084,11.568669],[109.1305,11.570069],[109.130337,11.570117],[109.129643,11.569519],[109.129067,11.569466],[109.128133,11.569804],[109.127557,11.570459],[109.127609,11.570675],[109.12782,11.570627],[109.127876,11.57092],[109.128166,11.571259],[109.128455,11.571201],[109.128766,11.571648],[109.129313,11.572065],[109.129539,11.572552],[109.129537,11.572841],[109.129338,11.572996],[109.12914,11.572982],[109.128973,11.573195],[109.129476,11.573999],[109.128438,11.5749],[109.128441,11.575339],[109.128672,11.575964],[109.129919,11.578274],[109.131283,11.577633],[109.133006,11.579257],[109.13409,11.579355],[109.134119,11.579515],[109.133995,11.57962],[109.132975,11.579469],[109.132793,11.57957],[109.131888,11.580788],[109.132212,11.581089],[109.132382,11.580916],[109.133121,11.581577],[109.132997,11.581719],[109.133787,11.582276],[109.134145,11.582328],[109.134456,11.582086],[109.135042,11.581297],[109.135199,11.579393],[109.135403,11.579766],[109.135455,11.580185],[109.135288,11.581233],[109.134709,11.582047],[109.134795,11.58235],[109.13529,11.582735],[109.136019,11.582926],[109.136745,11.582932],[109.137585,11.582651],[109.138252,11.582876],[109.139369,11.583727],[109.139336,11.586609],[109.139476,11.586862],[109.139636,11.588037],[109.140272,11.589424],[109.141052,11.592724],[109.142256,11.59569],[109.144583,11.599907],[109.146103,11.603697],[109.146572,11.604601],[109.146797,11.60603],[109.146639,11.607598],[109.147248,11.610557],[109.147434,11.611071],[109.148732,11.61302],[109.148952,11.61385],[109.150053,11.615896],[109.150391,11.616936],[109.150805,11.617708],[109.151292,11.618199],[109.15221,11.619821],[109.152676,11.620322],[109.152883,11.620365],[109.153345,11.62009],[109.154032,11.620333],[109.154142,11.620838],[109.154572,11.621703],[109.155446,11.622528],[109.155848,11.622468],[109.155967,11.622753],[109.156542,11.622903],[109.156664,11.623192],[109.157271,11.623778],[109.160121,11.624571],[109.160391,11.624474],[109.16093,11.624538],[109.162126,11.624197],[109.162996,11.623396],[109.164558,11.622669],[109.164981,11.622222],[109.165819,11.621677],[109.165959,11.62141],[109.166141,11.621378],[109.166303,11.62153],[109.166168,11.622098],[109.16637,11.622771],[109.166111,11.62363],[109.166859,11.624662],[109.167112,11.625388],[109.166916,11.626899],[109.166699,11.627464],[109.166715,11.627973],[109.166986,11.629006],[109.166998,11.629573],[109.1673,11.629927],[109.167308,11.630505],[109.167155,11.630776],[109.167258,11.631391],[109.167654,11.631918],[109.167971,11.634046],[109.168448,11.63588],[109.168759,11.636208],[109.169145,11.636252],[109.169439,11.637337],[109.170184,11.638975],[109.171007,11.641992],[109.171765,11.645758],[109.172326,11.647143],[109.173148,11.648178],[109.173922,11.648541],[109.174029,11.648736],[109.173378,11.650213],[109.172672,11.652477],[109.172635,11.653197],[109.173456,11.656682],[109.173893,11.659948],[109.173867,11.660724],[109.173163,11.663146],[109.173177,11.663417],[109.174145,11.664731],[109.175403,11.667031],[109.175875,11.668773],[109.177211,11.671231],[109.177269,11.673203],[109.176663,11.675548],[109.176683,11.676019],[109.177011,11.676976],[109.17821,11.677729],[109.178289,11.677421],[109.181098,11.67767],[109.181001,11.67731],[109.181188,11.677044],[109.181222,11.676618],[109.181798,11.676815],[109.182046,11.677068],[109.182366,11.677874],[109.182514,11.677968],[109.182883,11.677812],[109.183122,11.678003],[109.183392,11.679169],[109.183643,11.679379],[109.183882,11.679825],[109.185486,11.681012],[109.185837,11.681125],[109.187425,11.682467],[109.187933,11.682702],[109.188204,11.682505],[109.189232,11.683159],[109.189448,11.683498],[109.189473,11.683809],[109.189735,11.684148],[109.189757,11.685021],[109.189088,11.686003],[109.188926,11.686771],[109.188687,11.686857],[109.188465,11.686739],[109.188253,11.687351],[109.188042,11.687352],[109.188015,11.688107],[109.187759,11.688354],[109.187706,11.689722],[109.187837,11.690172],[109.187722,11.690819],[109.187908,11.691225],[109.188247,11.691601],[109.18904,11.69153],[109.189718,11.692436],[109.189865,11.692523],[109.189964,11.692416],[109.190019,11.69266],[109.190864,11.692838],[109.192148,11.692413],[109.192567,11.693132],[109.192705,11.693657],[109.192593,11.693879],[109.193203,11.694048],[109.193463,11.694288],[109.193656,11.694267],[109.193855,11.694637],[109.193841,11.695497],[109.19344,11.6955],[109.193092,11.695689],[109.192951,11.695907],[109.192867,11.696867],[109.192969,11.697856],[109.192799,11.698266],[109.192878,11.698634],[109.193076,11.698924],[109.193494,11.698847],[109.193675,11.699243],[109.194573,11.69996],[109.194986,11.700008],[109.195109,11.70015],[109.195676,11.699835],[109.196016,11.699076],[109.196262,11.699078],[109.196538,11.69983],[109.196248,11.700037],[109.196295,11.700314],[109.196757,11.70044],[109.197019,11.700897],[109.196892,11.700996],[109.196701,11.700767],[109.19688,11.70118],[109.196724,11.701387],[109.196756,11.701745],[109.196899,11.701925],[109.197119,11.701857],[109.19752,11.702388],[109.197593,11.702609],[109.197387,11.70314],[109.197434,11.703363],[109.197594,11.703546],[109.198,11.703611],[109.198112,11.703851],[109.198047,11.704284],[109.198306,11.704445],[109.198036,11.704871],[109.198129,11.70525],[109.198962,11.705846],[109.19931,11.705713],[109.199734,11.705877],[109.200402,11.705796],[109.200656,11.70555],[109.200773,11.705594],[109.200793,11.705766],[109.200856,11.705488],[109.20116,11.705406],[109.201256,11.705601],[109.201078,11.706083],[109.201326,11.705877],[109.201322,11.70605],[109.201515,11.706103],[109.201827,11.705845],[109.202362,11.705675],[109.20259,11.705839],[109.202108,11.706311],[109.202482,11.70616],[109.20283,11.706191],[109.202837,11.70638],[109.202566,11.70673],[109.203055,11.706634],[109.203353,11.707108],[109.203442,11.707499],[109.20319,11.707666],[109.203352,11.708129],[109.203312,11.70834],[109.202983,11.708442],[109.202958,11.708651],[109.202765,11.708761],[109.201827,11.708947],[109.20195,11.709415],[109.201722,11.70967],[109.201526,11.709662],[109.201382,11.709437],[109.201063,11.709535],[109.201042,11.709678],[109.200874,11.709724],[109.200977,11.709872],[109.200749,11.710017],[109.200952,11.710095],[109.20096,11.710226],[109.200727,11.710311],[109.200626,11.710154],[109.200531,11.710703],[109.200236,11.710481],[109.200232,11.710901],[109.199901,11.711138],[109.199931,11.711533],[109.200237,11.711816],[109.200389,11.712276],[109.200622,11.712429],[109.200758,11.713005],[109.200891,11.712748],[109.200997,11.712801],[109.201228,11.712498],[109.201605,11.712927],[109.201424,11.71344],[109.201157,11.713456],[109.20102,11.713221],[109.200675,11.713329],[109.200352,11.713711],[109.200181,11.714386],[109.199806,11.71457],[109.199676,11.714762],[109.199295,11.714724],[109.198979,11.71516],[109.198914,11.715855],[109.199047,11.716294],[109.199334,11.716533],[109.199571,11.717137],[109.199947,11.71738],[109.200297,11.718151],[109.200479,11.718864],[109.200256,11.719434],[109.200303,11.719628],[109.199831,11.719688],[109.198485,11.719562],[109.197944,11.720212],[109.196987,11.720485],[109.196331,11.720496],[109.195364,11.72108],[109.194848,11.721539],[109.194985,11.721816],[109.194828,11.722214],[109.193541,11.724308],[109.191983,11.725544],[109.192871,11.725171],[109.193618,11.724585],[109.195594,11.722169],[109.195814,11.721641],[109.196246,11.721412],[109.197265,11.721383],[109.197402,11.723134],[109.197001,11.724065],[109.196587,11.724581],[109.196755,11.725698],[109.197363,11.726318],[109.198089,11.726624],[109.198699,11.726693],[109.199351,11.726443],[109.199523,11.726239],[109.199683,11.725533],[109.199597,11.724594],[109.200124,11.723971],[109.199785,11.723567],[109.19986,11.723272],[109.200616,11.722601],[109.201171,11.722279],[109.201489,11.720945],[109.202055,11.72082],[109.202682,11.720347],[109.202974,11.720512],[109.20371,11.720304],[109.204607,11.719676],[109.204208,11.718953],[109.204305,11.718813],[109.204578,11.718756],[109.20479,11.718048],[109.204811,11.717515],[109.204444,11.716736],[109.204445,11.716214],[109.204713,11.715816],[109.204727,11.715573],[109.20565,11.714539],[109.205755,11.714622],[109.206303,11.714513],[109.206578,11.714794],[109.206634,11.715098],[109.206891,11.715316],[109.206903,11.71561],[109.207016,11.715396],[109.207176,11.715632],[109.207282,11.716475],[109.207755,11.716875],[109.207871,11.716666],[109.208197,11.716894],[109.208798,11.71639],[109.208866,11.716196],[109.208993,11.716344],[109.209073,11.715879],[109.209319,11.71612],[109.209513,11.716632],[109.209921,11.716405],[109.210217,11.716772],[109.210347,11.716511],[109.210496,11.716623],[109.210665,11.71658],[109.211059,11.717135],[109.211116,11.717953],[109.21144,11.719191],[109.211895,11.71945],[109.212028,11.719202],[109.212285,11.719424],[109.213099,11.719163],[109.213611,11.720029],[109.214092,11.720162],[109.214526,11.719973],[109.214687,11.719712],[109.215545,11.719695],[109.215767,11.719346],[109.215918,11.719379],[109.216055,11.719618],[109.216237,11.71958],[109.21654,11.719906],[109.216917,11.71991],[109.217092,11.719775],[109.217221,11.71943],[109.217202,11.718959],[109.217584,11.71908],[109.217601,11.718858],[109.217757,11.718702],[109.217699,11.718472],[109.218071,11.717977],[109.21833,11.717144],[109.218811,11.717312],[109.218884,11.717048],[109.219128,11.716837],[109.2198,11.717458],[109.220402,11.716836],[109.221152,11.716754],[109.221033,11.717375],[109.22111,11.717539],[109.221324,11.71752],[109.22167,11.717258],[109.221519,11.717635],[109.221868,11.718412],[109.221862,11.718973],[109.222158,11.719087],[109.222177,11.719194],[109.22212,11.719338],[109.22193,11.719321],[109.221982,11.719708],[109.222101,11.719588],[109.222304,11.719616],[109.222367,11.719902],[109.222596,11.720146],[109.223158,11.720014],[109.223275,11.720641],[109.223628,11.720454],[109.223777,11.720782],[109.224108,11.72085],[109.22423,11.721051],[109.224422,11.720629],[109.224502,11.720655],[109.224453,11.720938],[109.224733,11.721062],[109.224963,11.720851],[109.225524,11.720812],[109.2258,11.720354],[109.225809,11.720738],[109.226044,11.720876],[109.226551,11.720771],[109.227179,11.721005],[109.227337,11.720859],[109.227761,11.721124],[109.22812,11.720836],[109.228641,11.721369],[109.228609,11.721688],[109.22871,11.721839],[109.229425,11.722167],[109.229732,11.722628],[109.229764,11.723081],[109.229923,11.723324],[109.230391,11.723719],[109.230853,11.723769],[109.231034,11.723913],[109.230904,11.724447],[109.231215,11.724482],[109.231596,11.724308],[109.231762,11.724481],[109.231761,11.72475],[109.231986,11.724845],[109.232237,11.725395],[109.23208,11.726434],[109.232336,11.726458],[109.232422,11.726157],[109.23256,11.726165],[109.232591,11.726928],[109.232452,11.727023],[109.232327,11.726948],[109.232228,11.727194],[109.233002,11.727206],[109.233331,11.727362],[109.233501,11.727624],[109.233483,11.727819],[109.232746,11.728504],[109.232506,11.728959],[109.232396,11.729645],[109.23254,11.730102],[109.23228,11.730871],[109.232621,11.732149],[109.232274,11.732805],[109.232402,11.733008],[109.232118,11.733065],[109.231941,11.733269],[109.231828,11.733845],[109.231594,11.734277],[109.23161,11.73517],[109.231206,11.735846],[109.231125,11.737393],[109.230925,11.737897],[109.230956,11.738794],[109.231274,11.739115],[109.231529,11.739735],[109.231304,11.739934],[109.231429,11.740877],[109.231215,11.741803],[109.231036,11.742085],[109.231039,11.742967],[109.230739,11.743415],[109.23068,11.743801],[109.230304,11.744123],[109.230409,11.744803],[109.230715,11.745],[109.230801,11.745213],[109.230565,11.746105],[109.230368,11.746225],[109.23028,11.746452],[109.230605,11.746557],[109.230995,11.746986],[109.23111,11.747481],[109.231046,11.747824],[109.23071,11.748165],[109.229725,11.748295],[109.229493,11.747821],[109.22925,11.748038],[109.229031,11.747842],[109.228965,11.747998],[109.228765,11.74796],[109.228542,11.747756],[109.228143,11.747844],[109.227043,11.747248],[109.226559,11.746558],[109.226233,11.74578],[109.226025,11.745521],[109.225648,11.745322],[109.224531,11.745454],[109.223467,11.745901],[109.223444,11.746502],[109.222937,11.746907],[109.222528,11.74678],[109.221681,11.747188],[109.221282,11.747251],[109.220894,11.747058],[109.220762,11.747306],[109.220712,11.74831],[109.220941,11.74897],[109.221596,11.749378],[109.222572,11.749459],[109.222686,11.749751],[109.222875,11.749809],[109.223074,11.750766],[109.223522,11.751119],[109.224125,11.751169],[109.225215,11.752144],[109.225653,11.752189],[109.225967,11.751761],[109.226434,11.751673],[109.226769,11.751707],[109.227276,11.751986],[109.227771,11.752632],[109.228027,11.753599],[109.227774,11.753876],[109.228067,11.754226],[109.227915,11.754454],[109.227989,11.755065],[109.227887,11.755699],[109.227691,11.755744],[109.22766,11.755973],[109.227423,11.756162],[109.226778,11.756369],[109.226549,11.756332],[109.226146,11.756867],[109.225961,11.756783],[109.225644,11.756978],[109.225384,11.756729],[109.225078,11.756799],[109.224507,11.756251],[109.224156,11.75612],[109.223695,11.755422],[109.223197,11.755394],[109.222496,11.754183],[109.222512,11.753918],[109.22196,11.753968],[109.220976,11.754356],[109.221239,11.75468],[109.221235,11.755343],[109.221551,11.755405],[109.221771,11.755589],[109.221552,11.756225],[109.221341,11.755975],[109.221105,11.756273],[109.220925,11.756053],[109.220612,11.756084],[109.22051,11.755668],[109.22003,11.755002],[109.219158,11.754378],[109.216957,11.755761],[109.217124,11.755947],[109.217136,11.756366],[109.216908,11.756755],[109.216953,11.757121],[109.216582,11.757691],[109.216631,11.758025],[109.216435,11.758002],[109.216092,11.75757],[109.215827,11.757637],[109.215575,11.757288],[109.214985,11.756922],[109.213318,11.757728],[109.212954,11.758389],[109.212309,11.758741],[109.21209,11.758709],[109.211699,11.759323],[109.211454,11.760008],[109.211293,11.760631],[109.211505,11.76078],[109.211406,11.761024],[109.211852,11.761208],[109.211929,11.761461],[109.212259,11.761647],[109.212398,11.762006],[109.21342,11.762309],[109.213687,11.763246],[109.214558,11.763933],[109.214745,11.764333],[109.214689,11.764606],[109.214179,11.764753],[109.213681,11.765994],[109.212891,11.767155],[109.212816,11.767549],[109.212494,11.76749],[109.212599,11.767832],[109.212353,11.76783],[109.212531,11.768463],[109.212475,11.768681],[109.21227,11.768777],[109.212185,11.76944],[109.212328,11.770328],[109.212117,11.770495],[109.212279,11.770876],[109.212198,11.771175],[109.211567,11.771406],[109.211017,11.771347],[109.210501,11.771689],[109.210195,11.773052],[109.209673,11.77306],[109.20911,11.773282],[109.207874,11.773487],[109.207925,11.773992],[109.207665,11.774363],[109.207578,11.774828],[109.206317,11.774507],[109.204286,11.775139],[109.203699,11.775474],[109.20283,11.776182],[109.201178,11.777959],[109.201204,11.778118],[109.201879,11.778828],[109.201982,11.77906],[109.201944,11.779683],[109.201426,11.779929],[109.200991,11.780555],[109.200536,11.780699],[109.199561,11.780498],[109.198417,11.78135],[109.19676,11.783176],[109.195228,11.784521],[109.195237,11.784843],[109.194957,11.784767],[109.194768,11.784844],[109.194656,11.785275],[109.19314,11.785918],[109.192519,11.785748],[109.192317,11.785954],[109.192491,11.786274],[109.19241,11.786537],[109.192328,11.786682],[109.191942,11.786795],[109.190113,11.785981],[109.189644,11.785622],[109.188992,11.785951],[109.188829,11.786321],[109.189273,11.786365],[109.189471,11.786623],[109.189708,11.787618],[109.189194,11.78799],[109.187552,11.788758],[109.18745,11.789412],[109.187585,11.789537],[109.187807,11.789474],[109.187884,11.790173],[109.188061,11.790147],[109.18818,11.790398],[109.187768,11.791245],[109.187467,11.791574],[109.187232,11.791632],[109.187099,11.791405],[109.186791,11.791853],[109.18573,11.796742],[109.185317,11.801514],[109.185286,11.803072],[109.185375,11.805315],[109.185758,11.807337],[109.186597,11.80896],[109.187866,11.810576],[109.188237,11.810763],[109.188455,11.810729],[109.188863,11.810284],[109.189075,11.810273],[109.189015,11.81049],[109.188599,11.810927],[109.187954,11.811215],[109.187851,11.811779],[109.188064,11.811955],[109.188484,11.811791],[109.188824,11.811866],[109.189419,11.811654],[109.189768,11.811158],[109.190089,11.811174],[109.190157,11.811387],[109.190397,11.811547],[109.191021,11.811459],[109.191141,11.811179],[109.191041,11.810757],[109.191765,11.810297],[109.192465,11.810378],[109.193039,11.810279],[109.193783,11.809945],[109.195168,11.809847],[109.195399,11.81029],[109.19519,11.810639],[109.195392,11.810726],[109.195443,11.81092],[109.19493,11.811312],[109.195162,11.81199],[109.195039,11.812343],[109.194774,11.812544],[109.194515,11.812382],[109.194174,11.812565],[109.193953,11.813113],[109.194039,11.813289],[109.193618,11.813428],[109.193539,11.813749],[109.193346,11.813861],[109.193059,11.813775],[109.192843,11.813854],[109.192524,11.814108],[109.192492,11.814324],[109.191909,11.814632],[109.191598,11.814458],[109.190985,11.814554],[109.190481,11.814363],[109.189679,11.814339],[109.189122,11.814096],[109.18923,11.813679],[109.188932,11.813376],[109.188118,11.813074],[109.187213,11.813166],[109.186256,11.813518],[109.185636,11.813461],[109.184573,11.813897],[109.183612,11.814768],[109.182939,11.815742],[109.182532,11.816132],[109.181966,11.816307],[109.181468,11.817566],[109.181145,11.818972],[109.180968,11.820518],[109.180908,11.822862],[109.181413,11.82686],[109.182161,11.827906],[109.182319,11.828447],[109.181841,11.828849],[109.181521,11.829754],[109.181737,11.830047],[109.182307,11.830274],[109.18346,11.829768],[109.183646,11.829798],[109.183808,11.830021],[109.184243,11.82993],[109.184293,11.830116],[109.184482,11.830046],[109.184768,11.830182],[109.184703,11.830637],[109.184823,11.83076],[109.184376,11.831002],[109.184155,11.830938],[109.183979,11.831486],[109.18349,11.831351],[109.183418,11.831691],[109.182615,11.831862],[109.182366,11.832187],[109.181833,11.832549],[109.181155,11.832581],[109.181094,11.832952],[109.180693,11.833374],[109.180402,11.833944],[109.179263,11.833838],[109.179068,11.833936],[109.178822,11.834353],[109.178795,11.835021],[109.179056,11.835478],[109.179475,11.835765],[109.179834,11.836399],[109.179812,11.836579],[109.179314,11.837311],[109.179266,11.838301],[109.178967,11.83861],[109.178354,11.838816],[109.177932,11.839517],[109.177794,11.840777],[109.177495,11.841466],[109.177688,11.841849],[109.177614,11.842022],[109.177806,11.842263],[109.178139,11.842141],[109.178272,11.842339],[109.177946,11.842863],[109.177486,11.842814],[109.177388,11.842905],[109.177545,11.84431],[109.177981,11.845507],[109.179959,11.84928],[109.181413,11.851024],[109.182455,11.850849],[109.182684,11.851039],[109.183068,11.851044],[109.183436,11.851517],[109.183316,11.851677],[109.183004,11.851495],[109.182496,11.85164],[109.181756,11.85127],[109.181572,11.851288],[109.180423,11.852634],[109.180108,11.853218],[109.179727,11.854426],[109.179727,11.855399],[109.179871,11.855975],[109.182147,11.859928],[109.182649,11.860602],[109.183011,11.860645],[109.183009,11.860797],[109.182779,11.86101],[109.182887,11.861252],[109.188277,11.86649],[109.189359,11.867376],[109.189649,11.868364],[109.189463,11.868706],[109.189424,11.869326],[109.189603,11.869772],[109.191523,11.871384],[109.191672,11.871446],[109.191853,11.871262],[109.192199,11.871563],[109.192325,11.872169],[109.191997,11.87217],[109.191811,11.872368],[109.191896,11.87264],[109.191602,11.87266],[109.191471,11.872784],[109.191218,11.873724],[109.191404,11.874773],[109.191111,11.874965],[109.190985,11.87529],[109.190821,11.875321],[109.190516,11.875122],[109.189978,11.875327],[109.189543,11.875933],[109.189027,11.876283],[109.189036,11.87657],[109.188701,11.876404],[109.188546,11.876478],[109.188553,11.876779],[109.188118,11.876487],[109.187527,11.876719],[109.187297,11.876339],[109.186526,11.876105],[109.184712,11.872953],[109.183696,11.872038],[109.183555,11.871526],[109.182456,11.86951],[109.18266,11.868649],[109.18202,11.868384],[109.181151,11.868285],[109.180894,11.86867],[109.180508,11.86994],[109.180349,11.869977],[109.179876,11.86975],[109.179632,11.869023],[109.179186,11.868718],[109.178794,11.868082],[109.178695,11.8675],[109.178817,11.866841],[109.17864,11.86635],[109.178166,11.866289],[109.177729,11.865737],[109.177652,11.865362],[109.177806,11.864697],[109.177531,11.864358],[109.177511,11.864146],[109.176991,11.864088],[109.176878,11.86424],[109.176931,11.864538],[109.176751,11.864523],[109.176596,11.864709],[109.176633,11.864338],[109.17643,11.864339],[109.17681,11.864026],[109.176731,11.863773],[109.176443,11.863504],[109.1761,11.863352],[109.175697,11.863412],[109.175139,11.863828],[109.17489,11.864215],[109.173553,11.864293],[109.173266,11.864431],[109.172848,11.864145],[109.17227,11.864342],[109.171723,11.864081],[109.171143,11.864439],[109.171403,11.864142],[109.171372,11.863584],[109.170947,11.863198],[109.170285,11.863148],[109.170128,11.862846],[109.170134,11.862444],[109.170525,11.861888],[109.172214,11.860856],[109.172382,11.860289],[109.172326,11.859696],[109.17214,11.859385],[109.171906,11.859588],[109.171626,11.859259],[109.171828,11.858983],[109.171369,11.858742],[109.171306,11.858559],[109.171456,11.85833],[109.171176,11.858071],[109.170843,11.858108],[109.170454,11.858501],[109.17022,11.858328],[109.170459,11.857936],[109.169956,11.857617],[109.169746,11.857332],[109.169511,11.856353],[109.169026,11.856044],[109.167988,11.855805],[109.167737,11.855587],[109.167547,11.854549],[109.167388,11.854284],[109.167521,11.854179],[109.167616,11.854291],[109.167961,11.85404],[109.167759,11.853679],[109.168448,11.8531],[109.168747,11.85351],[109.168907,11.852896],[109.168551,11.852309],[109.167979,11.851848],[109.166809,11.851402],[109.166644,11.851703],[109.165516,11.852682],[109.16515,11.853385],[109.164808,11.853746],[109.163057,11.854384],[109.162945,11.854926],[109.162513,11.855392],[109.162163,11.855403],[109.161815,11.855072],[109.161723,11.854735],[109.161484,11.854743],[109.161527,11.85405],[109.162062,11.85342],[109.162183,11.85235],[109.162718,11.85141],[109.162884,11.850692],[109.162825,11.850467],[109.16165,11.849452],[109.161861,11.847918],[109.161756,11.847654],[109.161294,11.847446],[109.160723,11.846741],[109.160473,11.846338],[109.16049,11.845991],[109.160277,11.845641],[109.1603,11.845363],[109.160741,11.844854],[109.161138,11.843599],[109.161022,11.842735],[109.160728,11.841996],[109.15971,11.840677],[109.159729,11.840335],[109.159621,11.84015],[109.158606,11.839866],[109.158471,11.840078],[109.157834,11.839784],[109.157887,11.839605],[109.158226,11.839341],[109.157719,11.839447],[109.157422,11.839064],[109.157049,11.838856],[109.156355,11.837742],[109.155958,11.836783],[109.155651,11.836587],[109.155663,11.836286],[109.155315,11.835685],[109.155243,11.835002],[109.155525,11.834442],[109.154924,11.834034],[109.155388,11.83315],[109.15508,11.83214],[109.154566,11.831727],[109.153519,11.830456],[109.152674,11.829808],[109.152572,11.827804],[109.15216,11.826713],[109.151919,11.826484],[109.151605,11.826703],[109.151144,11.826135],[109.151391,11.825718],[109.15015,11.825068],[109.149944,11.824645],[109.149885,11.824107],[109.149194,11.824114],[109.14926,11.822815],[109.150091,11.822757],[109.149958,11.822048],[109.14897,11.82153],[109.147655,11.821071],[109.146826,11.82098],[109.146543,11.821059],[109.146562,11.821973],[109.146093,11.822175],[109.14558,11.822195],[109.145424,11.821172],[109.144863,11.820761],[109.144586,11.820379],[109.144254,11.819251],[109.144076,11.819344],[109.144124,11.820346],[109.138606,11.821025],[109.137654,11.818578],[109.13734,11.818462],[109.137159,11.817965],[109.13682,11.817925],[109.136975,11.818581],[109.136301,11.818847],[109.136122,11.818463],[109.13567,11.818578],[109.135328,11.818802],[109.135406,11.819128],[109.13359,11.819923],[109.134337,11.821564],[109.133718,11.821786],[109.13346,11.821348],[109.13172,11.821597],[109.132154,11.823469],[109.130041,11.823156],[109.129897,11.821882],[109.129306,11.821949],[109.12778,11.823914],[109.12508,11.826909],[109.124869,11.826761],[109.124178,11.82745],[109.12258,11.829728],[109.122535,11.829971],[109.120372,11.833426],[109.118876,11.83268],[109.118425,11.834264],[109.119769,11.834288],[109.119694,11.83584],[109.120121,11.835814],[109.121199,11.836092],[109.119757,11.840212],[109.118318,11.839599],[109.117962,11.841145],[109.119158,11.842112],[109.118764,11.84263],[109.118376,11.842343],[109.117833,11.842834],[109.118199,11.843226],[109.116661,11.84516],[109.116051,11.844683],[109.115467,11.845709],[109.116102,11.845938],[109.115167,11.849129],[109.115937,11.849163],[109.115822,11.849643],[109.114917,11.849606],[109.114819,11.849818],[109.11485,11.849953],[109.11542,11.849893],[109.11552,11.850462],[109.116354,11.850294],[109.116447,11.850784],[109.114642,11.851151],[109.114699,11.852392],[109.114425,11.85249],[109.113562,11.852253],[109.113398,11.852835],[109.113402,11.85338],[109.115021,11.853414],[109.115168,11.854094],[109.113638,11.854108],[109.113657,11.855148],[109.114915,11.85514],[109.11499,11.855796],[109.111829,11.856033],[109.112046,11.85669],[109.115563,11.856183],[109.115932,11.858511],[109.115329,11.858659],[109.115412,11.859062],[109.116306,11.858831],[109.116614,11.859865],[109.116935,11.859751],[109.11739,11.86124],[109.114813,11.861863],[109.115094,11.86295],[109.115607,11.862866],[109.115833,11.863823],[109.116042,11.863785],[109.116597,11.865754],[109.115176,11.866135],[109.11545,11.867344],[109.114176,11.867678],[109.114451,11.868453],[109.116266,11.867889],[109.116415,11.868332],[109.11578,11.868557],[109.11604,11.869245],[109.115807,11.869322],[109.116153,11.870303],[109.111965,11.872004],[109.112166,11.87249],[109.112382,11.872492],[109.11256,11.872907],[109.117189,11.870968],[109.117505,11.871641],[109.11818,11.871338],[109.118401,11.871845],[109.119109,11.871431],[109.120054,11.871844],[109.121047,11.874242],[109.120469,11.874463],[109.120893,11.875638],[109.121416,11.876114],[109.12166,11.876818],[109.122029,11.876695],[109.12232,11.877541],[109.121292,11.877874],[109.12169,11.878947],[109.122847,11.878584],[109.123154,11.879328],[109.122046,11.87966],[109.122376,11.880887],[109.122756,11.880795],[109.123291,11.882663],[109.122368,11.882854],[109.122499,11.883542],[109.121029,11.883805],[109.121168,11.884611],[109.120758,11.884751],[109.120921,11.885485],[109.121146,11.885431],[109.121812,11.887369],[109.124668,11.886441],[109.124895,11.886561],[109.125152,11.887699],[109.123622,11.888187],[109.124031,11.8892],[109.124199,11.889146],[109.124586,11.88983],[109.125457,11.889794],[109.125295,11.890035],[109.126233,11.893251],[109.125158,11.893566],[109.125348,11.894183],[109.125765,11.894126],[109.126056,11.89444],[109.126317,11.894334],[109.126625,11.894825],[109.126935,11.89468],[109.127466,11.895776],[109.127217,11.895879],[109.127672,11.896965],[109.12784,11.896941],[109.128038,11.897793],[109.128501,11.89776],[109.128683,11.89877],[109.129179,11.898776],[109.129142,11.899949],[109.128287,11.89996],[109.128298,11.900808],[109.129017,11.901623],[109.128787,11.901826],[109.129418,11.902763],[109.130275,11.903684],[109.129617,11.904497],[109.130251,11.905025],[109.129814,11.905564],[109.130114,11.905796],[109.12918,11.906683],[109.129174,11.907404],[109.129709,11.907505],[109.129399,11.908016],[109.129123,11.907935],[109.128928,11.908259],[109.129109,11.908465],[109.129104,11.908673],[109.128589,11.909341],[109.128473,11.909283],[109.128226,11.909577],[109.128977,11.910277],[109.129845,11.909215],[109.130373,11.909258],[109.130634,11.909396],[109.130669,11.909134],[109.130536,11.908818],[109.130685,11.908565],[109.131412,11.90854],[109.132647,11.909086],[109.133351,11.910031],[109.133692,11.910195],[109.133701,11.9104],[109.134777,11.910858],[109.13599,11.911024],[109.137167,11.910952],[109.138753,11.910533],[109.139152,11.910245],[109.139484,11.910294],[109.139478,11.909996],[109.140018,11.909849],[109.140247,11.909951],[109.140858,11.909564],[109.140962,11.909285],[109.14079,11.908889],[109.141016,11.908901],[109.141078,11.908798],[109.140319,11.908087],[109.140709,11.907559],[109.1408,11.907636],[109.141322,11.90706],[109.140252,11.906356],[109.140622,11.905893],[109.14166,11.906617],[109.141837,11.906303],[109.141151,11.905882],[109.141617,11.905131],[109.141911,11.90527],[109.142499,11.904509],[109.14218,11.904224],[109.142655,11.904023],[109.142769,11.903378],[109.142469,11.903103],[109.143008,11.902461],[109.143125,11.90244],[109.143963,11.903034],[109.144232,11.903035],[109.144516,11.902701],[109.144336,11.902276],[109.142429,11.900337],[109.142423,11.899706],[109.142167,11.899583],[109.141663,11.899571],[109.141587,11.89836],[109.141848,11.898356],[109.142403,11.897747],[109.143627,11.897712],[109.143627,11.899376],[109.144856,11.899223],[109.14486,11.898231],[109.145848,11.898172],[109.145914,11.897889],[109.146144,11.897758],[109.146099,11.896632],[109.146815,11.89664],[109.146929,11.896486],[109.146786,11.895972],[109.147142,11.895834],[109.147111,11.895691],[109.146927,11.895732],[109.146837,11.895542],[109.147527,11.895327],[109.147736,11.895648],[109.150107,11.895781],[109.150102,11.897019],[109.149989,11.897012],[109.149817,11.899258],[109.149954,11.899263],[109.15018,11.897314],[109.151415,11.897739],[109.151771,11.897097],[109.152397,11.897429],[109.152224,11.897747],[109.1532,11.898335],[109.153589,11.897889],[109.155383,11.899849],[109.154708,11.900447],[109.155307,11.901369],[109.156122,11.901012],[109.156363,11.901477],[109.155371,11.901976],[109.155098,11.901433],[109.154854,11.901547],[109.155147,11.902084],[109.153533,11.902987],[109.153173,11.902387],[109.152946,11.90249],[109.153319,11.903048],[109.151284,11.904224],[109.151122,11.903975],[109.151451,11.903737],[109.151127,11.903179],[109.150584,11.90334],[109.150499,11.903465],[109.150648,11.903986],[109.151251,11.904876],[109.152269,11.905676],[109.152311,11.905906],[109.15259,11.906076],[109.152803,11.905931],[109.152932,11.906066],[109.152471,11.906513],[109.152821,11.907046],[109.153217,11.906728],[109.153369,11.906875],[109.153901,11.906339],[109.154169,11.906541],[109.154478,11.906266],[109.154697,11.906485],[109.154532,11.906638],[109.154625,11.906893],[109.153699,11.907736],[109.153869,11.907902],[109.154569,11.907396],[109.154728,11.907563],[109.154364,11.907941],[109.155081,11.908537],[109.155552,11.907757],[109.155965,11.908043],[109.155716,11.908441],[109.155875,11.908543],[109.156131,11.908202],[109.156302,11.908339],[109.156051,11.908757],[109.156071,11.90899],[109.156687,11.909479],[109.15662,11.909704],[109.156754,11.909838],[109.157415,11.909032],[109.157715,11.909266],[109.157557,11.909549],[109.157923,11.909831],[109.157994,11.910072],[109.158359,11.910306],[109.158558,11.910162],[109.158828,11.910399],[109.158644,11.910713],[109.158832,11.910836],[109.159063,11.91046],[109.160092,11.909341],[109.160186,11.909418],[109.160968,11.908498],[109.160576,11.908258],[109.162664,11.905764],[109.163377,11.90644],[109.164237,11.905552],[109.164854,11.906038],[109.16519,11.905741],[109.166589,11.907185],[109.167468,11.908336],[109.166241,11.909269],[109.167334,11.910215],[109.166537,11.910936],[109.166627,11.911039],[109.165451,11.91162],[109.165011,11.911196],[109.164121,11.911773],[109.163325,11.912011],[109.163243,11.911677],[109.161598,11.912514],[109.160093,11.912864],[109.160443,11.913579],[109.160884,11.913684],[109.160718,11.913887],[109.160925,11.914176],[109.16193,11.913322],[109.162511,11.914232],[109.163072,11.913912],[109.163244,11.914241],[109.16316,11.914298],[109.163513,11.91491],[109.162143,11.915685],[109.162254,11.915906],[109.161648,11.916234],[109.161934,11.916381],[109.162579,11.9173],[109.162347,11.917437],[109.16246,11.917728],[109.162564,11.917643],[109.162757,11.917826],[109.163033,11.917588],[109.163132,11.917674],[109.163244,11.917576],[109.163418,11.91777],[109.16277,11.918415],[109.162933,11.91853],[109.163101,11.918409],[109.163387,11.918583],[109.163178,11.919146],[109.163378,11.919144],[109.164534,11.917648],[109.164684,11.91774],[109.165387,11.916745],[109.166573,11.915573],[109.167521,11.916461],[109.167312,11.916687],[109.167787,11.917398],[109.167186,11.917955],[109.168136,11.918764],[109.168432,11.918502],[109.168795,11.918733],[109.169018,11.918587],[109.169275,11.918844],[109.168384,11.919681],[109.168641,11.919959],[109.168553,11.92008],[109.168877,11.920432],[109.16984,11.919321],[109.170145,11.919527],[109.17044,11.919195],[109.171224,11.91994],[109.171357,11.919831],[109.171505,11.919927],[109.171629,11.920409],[109.171537,11.921169],[109.171906,11.922061],[109.171769,11.922297],[109.171943,11.922538],[109.17094,11.923805],[109.171218,11.924065],[109.172029,11.924464],[109.172233,11.924193],[109.172484,11.92343],[109.174519,11.924657],[109.174746,11.924358],[109.175419,11.925176],[109.174825,11.925707],[109.175817,11.926723],[109.176766,11.925988],[109.177229,11.92611],[109.177957,11.926755],[109.178363,11.927792],[109.178775,11.928312],[109.178857,11.928716],[109.179358,11.928915],[109.180004,11.929656],[109.180779,11.930223],[109.180823,11.930375],[109.180676,11.930558],[109.180882,11.930795],[109.181087,11.930591],[109.181296,11.930674],[109.181332,11.931038],[109.1821,11.931818],[109.182274,11.932561],[109.182138,11.932761],[109.17939,11.935377],[109.179478,11.935819],[109.179861,11.936315],[109.180705,11.93696],[109.180815,11.936897],[109.181007,11.937059],[109.18093,11.937166],[109.181303,11.937495],[109.181512,11.937342],[109.181776,11.937617],[109.18147,11.938056],[109.181817,11.937997],[109.182766,11.938475],[109.183366,11.938623],[109.185826,11.938578],[109.186644,11.938784],[109.188373,11.939591],[109.188746,11.939924],[109.189968,11.940316],[109.190074,11.94074],[109.189918,11.941158],[109.188616,11.941975],[109.187194,11.94155],[109.186961,11.941003],[109.186724,11.941109],[109.186539,11.940932],[109.186092,11.941338],[109.186079,11.941553],[109.187054,11.941829],[109.186663,11.942597],[109.186481,11.942532],[109.186155,11.943269],[109.18445,11.942748],[109.183794,11.943964],[109.183883,11.944205],[109.184618,11.944367],[109.184345,11.945345],[109.184388,11.94604],[109.184738,11.946019],[109.184781,11.945032],[109.18496,11.94499],[109.18496,11.944369],[109.187155,11.944172],[109.187264,11.944721],[109.187399,11.944708],[109.187447,11.94516],[109.187195,11.945213],[109.187115,11.945743],[109.186496,11.945818],[109.186579,11.946482],[109.184452,11.946802],[109.184349,11.947476],[109.186291,11.946947],[109.186747,11.948054],[109.186524,11.948164],[109.187077,11.948835],[109.187537,11.948587],[109.187771,11.949058],[109.187614,11.949169],[109.187964,11.949591],[109.18814,11.949488],[109.188539,11.950023],[109.189004,11.949677],[109.189255,11.950085],[109.188266,11.950762],[109.188649,11.951206],[109.189694,11.950477],[109.190222,11.951278],[109.189184,11.951902],[109.18948,11.952348],[109.189253,11.952487],[109.189324,11.952735],[109.187769,11.953779],[109.187892,11.95392],[109.188895,11.953198],[109.189097,11.953465],[109.189412,11.953259],[109.189654,11.953584],[109.189774,11.953552],[109.19047,11.954636],[109.190825,11.955539],[109.189739,11.956042],[109.189582,11.956213],[109.190348,11.956017],[109.190781,11.957272],[109.190601,11.957392],[109.191051,11.958299],[109.190184,11.958731],[109.190137,11.959197],[109.191844,11.958398],[109.192774,11.959957],[109.192317,11.960194],[109.192645,11.960667],[109.192655,11.960871],[109.193283,11.961682],[109.193631,11.961494],[109.194102,11.962358],[109.193344,11.962967],[109.193655,11.963285],[109.194344,11.962694],[109.194663,11.96304],[109.194233,11.963543],[109.194396,11.963767],[109.195848,11.964461],[109.197774,11.964739],[109.197534,11.965193],[109.196658,11.965977],[109.19583,11.967805],[109.196838,11.96798],[109.196727,11.968822],[109.196923,11.968902],[109.196851,11.969268],[109.195625,11.969077],[109.195428,11.969101],[109.195402,11.969205],[109.197256,11.969507],[109.197219,11.970196],[109.197058,11.970209],[109.197031,11.97041],[109.196172,11.970383],[109.196338,11.97118],[109.197009,11.971088],[109.197121,11.97177],[109.196577,11.971878],[109.196686,11.972488],[109.197285,11.97223],[109.19788,11.973712],[109.197814,11.973773],[109.198149,11.97437],[109.198456,11.974232],[109.198745,11.974737],[109.198488,11.974907],[109.198863,11.975498],[109.199244,11.975292],[109.199601,11.975736],[109.199927,11.975576],[109.200423,11.976261],[109.200619,11.976122],[109.200965,11.976535],[109.20087,11.976667],[109.201045,11.977035],[109.200831,11.977171],[109.201624,11.978436],[109.20188,11.978312],[109.201292,11.976848],[109.202408,11.976234],[109.203633,11.978811],[109.203424,11.978942],[109.203665,11.979435],[109.203346,11.979629],[109.203628,11.980268],[109.20321,11.980484],[109.203542,11.981074],[109.201861,11.982088],[109.201826,11.982279],[109.20216,11.982568],[109.203424,11.982085],[109.20402,11.981705],[109.205092,11.981572],[109.205893,11.981146],[109.206915,11.980891],[109.20763,11.980759],[109.207805,11.980829],[109.207916,11.981084],[109.207677,11.981402],[109.206498,11.981644],[109.206615,11.982711],[109.206399,11.982845],[109.206897,11.983584],[109.206518,11.983882],[109.205329,11.98435],[109.206717,11.984358],[109.206733,11.98472],[109.206507,11.985275],[109.206408,11.985274],[109.206198,11.986277],[109.205483,11.986323],[109.205439,11.986514],[109.205494,11.986999],[109.205232,11.988565],[109.205655,11.989041],[109.205132,11.98883],[109.204359,11.989406],[109.202298,11.989665],[109.200977,11.989958],[109.198723,11.990923],[109.19852,11.991186],[109.198545,11.991588],[109.198195,11.991967],[109.198801,11.992914],[109.198007,11.993265],[109.1983,11.993726],[109.198055,11.993857],[109.1979,11.993655],[109.197593,11.993864],[109.197624,11.994022],[109.198345,11.994153],[109.197967,11.995115],[109.197263,11.99519],[109.197246,11.996058],[109.197706,11.996021],[109.197883,11.997257],[109.198028,11.997232],[109.198219,11.998116],[109.198801,11.997879],[109.199453,11.998935],[109.199654,11.99885],[109.199737,11.998972],[109.199816,11.999237],[109.199631,11.999394],[109.200509,12.001078],[109.201481,12.00363],[109.201321,12.004036],[109.201932,12.005295],[109.201845,12.00557],[109.20149,12.005974],[109.201489,12.006166],[109.201583,12.006633],[109.202209,12.007414],[109.202445,12.008468],[109.202332,12.009078],[109.202608,12.0103],[109.202388,12.010406],[109.20247,12.01147],[109.202155,12.011545],[109.202358,12.01281],[109.202602,12.013421],[109.20291,12.0137],[109.202851,12.013829],[109.20381,12.01438],[109.203397,12.015123],[109.203165,12.016041],[109.203543,12.016201],[109.203489,12.016645],[109.203627,12.016704],[109.203477,12.017255],[109.203244,12.017254],[109.203168,12.017712],[109.203277,12.017792],[109.202907,12.018636],[109.202426,12.018576],[109.202143,12.019571],[109.202158,12.020357],[109.201863,12.02089],[109.200942,12.022071],[109.200388,12.02201],[109.20029,12.022095],[109.200309,12.022258],[109.200781,12.022816],[109.199979,12.024658],[109.199753,12.02486],[109.199572,12.02459],[109.199132,12.024981],[109.199379,12.025288],[109.198845,12.025796],[109.19905,12.026102],[109.197612,12.027153],[109.197439,12.027013],[109.196526,12.027805],[109.195688,12.02689],[109.194534,12.02769],[109.193214,12.02812],[109.192433,12.029009],[109.192401,12.029302],[109.192605,12.029662],[109.192531,12.029865],[109.192114,12.030359],[109.191413,12.030797],[109.189244,12.033226],[109.188785,12.033443],[109.188173,12.033468],[109.18698,12.034493],[109.18273,12.036437],[109.182271,12.036699],[109.182348,12.036878],[109.182031,12.0371],[109.181941,12.037025],[109.180654,12.037758],[109.179569,12.038157],[109.178875,12.038889],[109.177464,12.039954],[109.177548,12.040098],[109.177218,12.040347],[109.177037,12.040148],[109.176599,12.040301],[109.176385,12.040114],[109.175696,12.040669],[109.175535,12.040557],[109.174733,12.042009],[109.174264,12.042629],[109.174003,12.04246],[109.173607,12.043122],[109.174287,12.043553],[109.173919,12.044115],[109.173662,12.043955],[109.173402,12.044355],[109.173252,12.044282],[109.172674,12.044655],[109.172253,12.045102],[109.171988,12.045426],[109.171455,12.046647],[109.171025,12.046988],[109.170828,12.047456],[109.170825,12.047829],[109.170704,12.04783],[109.170663,12.048851],[109.171131,12.048908],[109.171162,12.049683],[109.172337,12.049953],[109.172403,12.050126],[109.172197,12.051843],[109.172794,12.051904],[109.17282,12.053482],[109.17344,12.053487],[109.17351,12.054581],[109.173404,12.057071],[109.17261,12.057103],[109.172612,12.058064],[109.172363,12.05817],[109.172401,12.059074],[109.171955,12.059186],[109.172199,12.059762],[109.172484,12.059706],[109.172755,12.060612],[109.172937,12.060599],[109.173077,12.06116],[109.172892,12.061542],[109.172962,12.062393],[109.172476,12.062409],[109.172426,12.062648],[109.172162,12.06279],[109.172162,12.062876],[109.172657,12.062927],[109.172779,12.063617],[109.172719,12.063836],[109.172602,12.063864],[109.171814,12.063663],[109.171774,12.064165],[109.171946,12.064606],[109.172411,12.064858],[109.172254,12.065029],[109.172398,12.065288],[109.173395,12.06584],[109.174467,12.066957],[109.176378,12.068211],[109.176713,12.068299],[109.178608,12.068297],[109.178603,12.069072],[109.17834,12.069156],[109.178481,12.069803],[109.178443,12.071166],[109.178296,12.071265],[109.178113,12.072484],[109.177858,12.075697],[109.177555,12.07757],[109.177415,12.07757],[109.1774,12.077669],[109.177432,12.078656],[109.176062,12.08253],[109.176106,12.083663],[109.176404,12.083701],[109.176484,12.083845],[109.176552,12.084463],[109.176469,12.084878],[109.176239,12.085451],[109.17499,12.086992],[109.174422,12.087878],[109.174501,12.088073],[109.172916,12.08954],[109.172598,12.089237],[109.170545,12.090909],[109.168746,12.091708],[109.167447,12.091893],[109.166247,12.092545],[109.164063,12.09421],[109.163498,12.094752],[109.163613,12.094953],[109.163077,12.095552],[109.162527,12.094989],[109.162358,12.095074],[109.162299,12.095188],[109.162537,12.095649],[109.162177,12.09597],[109.162328,12.096279],[109.161932,12.096671],[109.161536,12.096956],[109.161319,12.096725],[109.160153,12.097707],[109.159842,12.097375],[109.159366,12.097716],[109.159192,12.097564],[109.157733,12.098631],[109.15722,12.099072],[109.156102,12.100478],[109.156254,12.100651],[109.155894,12.10113],[109.155589,12.100877],[109.155316,12.101171],[109.155374,12.101234],[109.154752,12.101942],[109.155084,12.102229],[109.15429,12.103279],[109.153483,12.102807],[109.153116,12.103285],[109.153944,12.103721],[109.153963,12.104116],[109.153689,12.104884],[109.153719,12.105635],[109.154035,12.105643],[109.154015,12.105882],[109.154123,12.106008],[109.154766,12.10624],[109.154563,12.106585],[109.154962,12.106899],[109.154679,12.107399],[109.155176,12.10748],[109.155363,12.10778],[109.155839,12.107419],[109.156293,12.107625],[109.156886,12.107163],[109.157176,12.107458],[109.156656,12.108035],[109.158201,12.110909],[109.158305,12.111293],[109.158224,12.11178],[109.158667,12.112376],[109.158607,12.112538],[109.158081,12.112822],[109.15808,12.112946],[109.158446,12.11336],[109.159179,12.11281],[109.159478,12.113243],[109.158891,12.113774],[109.158851,12.113918],[109.159024,12.114158],[109.159884,12.113456],[109.160001,12.113495],[109.160422,12.114502],[109.161068,12.115214],[109.16166,12.115333],[109.161943,12.116598],[109.162656,12.11622],[109.162788,12.116718],[109.162622,12.116822],[109.163488,12.118244],[109.162736,12.118707],[109.162987,12.118929],[109.163872,12.118839],[109.163865,12.118457],[109.164417,12.118336],[109.166723,12.118504],[109.166819,12.118734],[109.167755,12.118301],[109.167918,12.118569],[109.169356,12.118298],[109.16939,12.118158],[109.169924,12.118076],[109.169926,12.117923],[109.17104,12.117895],[109.171084,12.118536],[109.171288,12.118566],[109.172493,12.117815],[109.173272,12.117572],[109.174634,12.117408],[109.174086,12.116544],[109.174966,12.115813],[109.176309,12.115535],[109.17675,12.115079],[109.17703,12.113999],[109.17757,12.113228],[109.177417,12.112749],[109.177954,12.112427],[109.178521,12.112632],[109.179796,12.11243],[109.180031,12.112192],[109.181328,12.111617],[109.181564,12.111284],[109.18185,12.109841],[109.181688,12.109837],[109.18166,12.109562],[109.181845,12.109541],[109.18168,12.108395],[109.181282,12.108393],[109.181194,12.108216],[109.180907,12.108262],[109.180364,12.107242],[109.17919,12.105777],[109.176622,12.103652],[109.176269,12.103557],[109.176515,12.103167],[109.176216,12.10282],[109.175257,12.103704],[109.174331,12.102665],[109.173344,12.103443],[109.172531,12.102911],[109.171382,12.101822],[109.17152,12.101412],[109.17272,12.099421],[109.172939,12.098705],[109.173253,12.098161],[109.17442,12.096677],[109.174784,12.096028],[109.176381,12.09425],[109.176856,12.094464],[109.177034,12.093977],[109.176889,12.093823],[109.177669,12.092049],[109.177771,12.091341],[109.177529,12.091263],[109.17771,12.088863],[109.177825,12.087774],[109.178272,12.086311],[109.178292,12.085546],[109.178526,12.08561],[109.17856,12.085463],[109.1784,12.084687],[109.178629,12.083828],[109.178644,12.081618],[109.178834,12.080768],[109.179031,12.080444],[109.179187,12.079348],[109.179746,12.078134],[109.179713,12.077378],[109.179862,12.076862],[109.180166,12.076443],[109.180739,12.07659],[109.181136,12.075301],[109.181543,12.075457],[109.181771,12.074854],[109.181412,12.074768],[109.181485,12.07405],[109.181873,12.074149],[109.182393,12.071942],[109.182553,12.069867],[109.182841,12.06898],[109.183006,12.067594],[109.183158,12.062304],[109.183371,12.06054],[109.183644,12.060033],[109.183426,12.059991],[109.183541,12.058872],[109.183474,12.057293],[109.183613,12.055971],[109.183876,12.055883],[109.183819,12.055134],[109.183963,12.052437],[109.184048,12.051462],[109.184355,12.050215],[109.185095,12.05034],[109.18537,12.050998],[109.185323,12.051654],[109.185802,12.051714],[109.185757,12.052074],[109.186079,12.052154],[109.186355,12.052739],[109.186484,12.053302],[109.186418,12.054127],[109.186535,12.054974],[109.186015,12.055061],[109.186038,12.055265],[109.187497,12.054999],[109.188082,12.054482],[109.188391,12.054664],[109.188849,12.054521],[109.189389,12.053732],[109.189629,12.05384],[109.189825,12.053132],[109.19038,12.052038],[109.190151,12.051809],[109.190384,12.051342],[109.190704,12.051494],[109.19225,12.049065],[109.191994,12.048966],[109.192916,12.047163],[109.192904,12.045633],[109.193056,12.044974],[109.192972,12.044493],[109.193243,12.0435],[109.193461,12.043585],[109.193684,12.043256],[109.195424,12.043461],[109.196661,12.043317],[109.19733,12.042909],[109.197671,12.04284],[109.19812,12.043039],[109.198493,12.042946],[109.198617,12.043125],[109.199383,12.04292],[109.199871,12.042699],[109.200274,12.04233],[109.201187,12.040808],[109.20238,12.036281],[109.20256,12.035062],[109.202542,12.032001],[109.202426,12.031115],[109.20258,12.029839],[109.20371,12.026185],[109.204785,12.023501],[109.206065,12.019145],[109.20674,12.018073],[109.206702,12.017209],[109.206993,12.015325],[109.207101,12.013101],[109.20689,12.012023],[109.206365,12.011073],[109.206663,12.010387],[109.206604,12.009861],[109.205799,12.007683],[109.205799,12.005772],[109.206288,12.004268],[109.206191,12.003383],[109.20593,12.002454],[109.206077,12.000789],[109.206056,12.000394],[109.205689,11.999459],[109.205792,11.998971],[109.207029,11.995899],[109.207319,11.995774],[109.20862,11.990161],[109.209371,11.990169],[109.211479,11.989878],[109.212178,11.989412],[109.212448,11.988751],[109.212099,11.988095],[109.212107,11.987536],[109.211351,11.985002],[109.21098,11.984364],[109.210718,11.982601],[109.211418,11.982003],[109.212208,11.980157],[109.211999,11.980026],[109.210076,11.980527],[109.209883,11.980422],[109.209816,11.980142],[109.210036,11.979978],[109.211916,11.97942],[109.212048,11.979299],[109.212042,11.979094],[109.212999,11.978691],[109.212925,11.977815],[109.212798,11.977657],[109.212498,11.97623],[109.212638,11.976063],[109.213211,11.975858],[109.213229,11.975414],[109.212697,11.97475],[109.212436,11.974092],[109.212396,11.973475],[109.212165,11.973175],[109.212451,11.972826],[109.213996,11.97196],[109.21449,11.970803],[109.214347,11.970118],[109.215197,11.966228],[109.214834,11.964142],[109.215119,11.962567],[109.214395,11.961052],[109.214711,11.959443],[109.214672,11.959058],[109.214462,11.958708],[109.213828,11.958369],[109.213722,11.958206],[109.214172,11.957315],[109.214143,11.956841],[109.21388,11.956165],[109.213146,11.955271],[109.212931,11.954754],[109.211712,11.954248],[109.20777,11.954144],[109.206793,11.953682],[109.206322,11.953295],[109.205399,11.951992],[109.204111,11.951628],[109.204925,11.951328],[109.205008,11.95119],[109.206093,11.950929],[109.210239,11.948497],[109.210347,11.948326],[109.21034,11.947852],[109.210521,11.9476],[109.211602,11.947229],[109.213107,11.94598],[109.213723,11.94531],[109.214159,11.944796],[109.214641,11.943847],[109.214756,11.942684],[109.214983,11.942524],[109.214996,11.942285],[109.215177,11.942152],[109.215296,11.941794],[109.215511,11.940892],[109.215744,11.93864],[109.215548,11.938165],[109.215044,11.938009],[109.215256,11.937079],[109.214045,11.934511],[109.213952,11.93316],[109.213492,11.931914],[109.213516,11.930901],[109.213838,11.929576],[109.21384,11.928286],[109.213712,11.92803],[109.212752,11.927499],[109.211356,11.927482],[109.211172,11.927725],[109.211226,11.928165],[109.211112,11.92822],[109.209299,11.928533],[109.208832,11.928512],[109.207067,11.928238],[109.205558,11.927779],[109.205154,11.92791],[109.204981,11.927631],[109.205016,11.927455],[109.205333,11.927391],[109.205434,11.927201],[109.205306,11.92699],[109.205057,11.926875],[109.205094,11.926266],[109.205218,11.926184],[109.205701,11.926388],[109.206099,11.926133],[109.207603,11.924044],[109.209131,11.921401],[109.209692,11.920749],[109.210667,11.919057],[109.211202,11.916562],[109.210959,11.916505],[109.210461,11.915489],[109.208974,11.91536],[109.207605,11.915499],[109.207254,11.911905],[109.204763,11.912146],[109.204532,11.910051],[109.204125,11.910038],[109.204124,11.909607],[109.204437,11.909161],[109.204253,11.907479],[109.206745,11.904386],[109.206677,11.902622],[109.206775,11.901636],[109.206611,11.901593],[109.206577,11.900283],[109.206153,11.900269],[109.205748,11.899022],[109.205709,11.897515],[109.206849,11.896895],[109.206977,11.896716],[109.206967,11.895192],[109.205024,11.895276],[109.204313,11.889195],[109.20409,11.888949],[109.203725,11.88903],[109.203473,11.888845],[109.203343,11.888168],[109.203066,11.887747],[109.20311,11.88752],[109.203835,11.88704],[109.204108,11.885239],[109.203085,11.883884],[109.202582,11.882799],[109.202428,11.8822],[109.202545,11.882009],[109.202604,11.881322],[109.202497,11.880903],[109.202736,11.880617],[109.203106,11.880649],[109.203328,11.880059],[109.203627,11.879935],[109.203759,11.87962],[109.204632,11.87941],[109.205017,11.879902],[109.205739,11.880038],[109.205669,11.880468],[109.205831,11.880757],[109.206738,11.881028],[109.206771,11.881167],[109.20754,11.881252],[109.207526,11.881455],[109.211075,11.881896],[109.211036,11.882308],[109.213273,11.882711],[109.215458,11.882886],[109.216977,11.882728],[109.21851,11.882152],[109.218681,11.882046],[109.218725,11.881765],[109.219259,11.881792],[109.21985,11.881551],[109.220204,11.881194],[109.220147,11.880722],[109.220639,11.880563],[109.220861,11.880158],[109.221036,11.879322],[109.221006,11.878383],[109.221286,11.87814],[109.222086,11.878366],[109.223264,11.878349],[109.223278,11.878128],[109.222967,11.878122],[109.222961,11.87786],[109.223913,11.877858],[109.223918,11.880034],[109.228473,11.880022],[109.228457,11.87422],[109.228737,11.87421],[109.228748,11.880021],[109.229285,11.88002],[109.229289,11.880183],[109.232733,11.880099],[109.23381,11.879612],[109.234017,11.879444],[109.234212,11.878998],[109.234569,11.878704],[109.234497,11.878551],[109.234654,11.878343],[109.235264,11.878374],[109.235698,11.878214],[109.235837,11.877688],[109.237726,11.876256],[109.238256,11.876063],[109.238892,11.876172],[109.239276,11.876117],[109.240192,11.874831],[109.240302,11.874464],[109.240241,11.874124],[109.240766,11.872981],[109.240538,11.872305],[109.240017,11.872061],[109.239491,11.871329],[109.239473,11.870363],[109.239847,11.869286],[109.240136,11.869216],[109.240481,11.869351],[109.241629,11.868698],[109.242373,11.867488],[109.242782,11.867311],[109.242925,11.866615],[109.24315,11.866511],[109.244522,11.866657],[109.244638,11.866756],[109.244784,11.866697],[109.245374,11.865538],[109.24634,11.865017],[109.246529,11.865099],[109.24711,11.864464],[109.247179,11.864296],[109.246974,11.864046],[109.24751,11.863265],[109.24798,11.863613],[109.248037,11.863409],[109.248165,11.863371],[109.248287,11.86359],[109.248173,11.863711],[109.248347,11.863768],[109.248545,11.863593],[109.248788,11.863739],[109.249305,11.863266],[109.249422,11.862566],[109.248837,11.862063],[109.248175,11.861959],[109.248283,11.861398],[109.248069,11.861259],[109.247913,11.860844],[109.247691,11.860774],[109.247578,11.860592],[109.247683,11.859809],[109.247879,11.859563],[109.247712,11.858317],[109.247396,11.857958],[109.246811,11.856386],[109.246895,11.855889],[109.247271,11.855662],[109.247708,11.854312],[109.248215,11.854177],[109.248701,11.853644],[109.248691,11.853296],[109.248412,11.852997],[109.248311,11.852628],[109.248495,11.852345],[109.248876,11.852285],[109.249126,11.852638],[109.249493,11.852604],[109.24938,11.852838],[109.249467,11.852965],[109.249897,11.85292],[109.250254,11.853209],[109.250606,11.853276],[109.250788,11.85372],[109.250996,11.853845],[109.250849,11.854466],[109.251684,11.854878],[109.251858,11.855257],[109.25178,11.85554],[109.251173,11.85543],[109.250939,11.855543],[109.250792,11.855781],[109.250721,11.856216],[109.250889,11.856858],[109.250798,11.857106],[109.250899,11.857557],[109.251132,11.857688],[109.251175,11.85784],[109.250559,11.858663],[109.250648,11.859128],[109.250428,11.85992],[109.250705,11.860274],[109.251247,11.860638],[109.251925,11.860389],[109.252466,11.860679],[109.254428,11.863564],[109.254616,11.864475],[109.256448,11.865407],[109.257187,11.865653],[109.258765,11.865935],[109.259481,11.865906],[109.26015,11.865624],[109.260506,11.865058],[109.261171,11.86447],[109.261082,11.864159],[109.261192,11.864082],[109.261256,11.86355],[109.260807,11.863541],[109.260754,11.86329],[109.260931,11.863177],[109.261203,11.863323],[109.261465,11.863211],[109.261691,11.862859],[109.261785,11.862381],[109.262029,11.862215],[109.262502,11.861363],[109.262856,11.861096],[109.26371,11.861425],[109.263986,11.861289],[109.264032,11.861774],[109.264346,11.862105],[109.264978,11.861929],[109.265272,11.861441],[109.265313,11.86168],[109.265574,11.861718],[109.265899,11.862771],[109.2664,11.863144],[109.267428,11.863036],[109.268313,11.862572],[109.268806,11.862052],[109.268772,11.861474],[109.268919,11.861301],[109.269168,11.861314],[109.26944,11.861555],[109.269499,11.861717],[109.269323,11.861758],[109.269316,11.861907],[109.269734,11.862137],[109.27039,11.861998],[109.27088,11.86221],[109.271433,11.862112],[109.271844,11.862266],[109.271799,11.862588],[109.272074,11.862787],[109.272032,11.86316],[109.271725,11.86332],[109.271288,11.863249],[109.271114,11.863531],[109.271566,11.864024],[109.271342,11.864114],[109.27131,11.864287],[109.271717,11.865167],[109.271097,11.865271],[109.271084,11.865357],[109.271449,11.865618],[109.271611,11.866019],[109.272057,11.866547],[109.271929,11.866711],[109.272258,11.867038],[109.273083,11.86751],[109.27354,11.867668],[109.273659,11.867585],[109.273837,11.867811],[109.274129,11.869086],[109.274277,11.869213],[109.273934,11.86933],[109.273902,11.869575],[109.274275,11.869795],[109.275173,11.870751],[109.275183,11.871006],[109.275353,11.871027],[109.275505,11.871396],[109.275669,11.871359],[109.275764,11.871817],[109.276113,11.872265],[109.276541,11.87254],[109.276744,11.872822],[109.277064,11.872845],[109.278372,11.873808],[109.278713,11.873616],[109.279173,11.873819],[109.279322,11.874307],[109.27899,11.874563],[109.279122,11.875176],[109.279545,11.875916],[109.280712,11.877291],[109.280729,11.877607],[109.280504,11.877911],[109.280917,11.878651],[109.280585,11.878811],[109.280575,11.878926],[109.28069,11.879242],[109.281008,11.87956],[109.281092,11.880173],[109.280622,11.880117],[109.280383,11.880524],[109.279873,11.879987],[109.279621,11.880674],[109.279273,11.880506],[109.279078,11.880677],[109.278757,11.880713],[109.27857,11.881076],[109.277542,11.880514],[109.277195,11.88064],[109.277094,11.881048],[109.277831,11.882746],[109.277791,11.882927],[109.277441,11.882935],[109.276638,11.882461],[109.276318,11.882421],[109.275578,11.882608],[109.274269,11.882332],[109.273598,11.882375],[109.272696,11.882188],[109.272297,11.882253],[109.272354,11.882559],[109.273211,11.883741],[109.274051,11.884492],[109.27525,11.885948],[109.275194,11.886662],[109.27558,11.887008],[109.27552,11.887228],[109.275104,11.886958],[109.27486,11.887176],[109.274878,11.887435],[109.275196,11.887838],[109.275125,11.888297],[109.274697,11.888333],[109.274368,11.88813],[109.273923,11.887811],[109.273399,11.88721],[109.272451,11.886992],[109.271539,11.887213],[109.271075,11.887497],[109.270696,11.888021],[109.270725,11.888241],[109.271237,11.888685],[109.271408,11.889346],[109.271212,11.889546],[109.270764,11.889677],[109.270597,11.89002],[109.270015,11.889825],[109.270178,11.890257],[109.270031,11.890404],[109.269072,11.890093],[109.269026,11.890241],[109.269424,11.891123],[109.269188,11.891638],[109.268738,11.892056],[109.268512,11.892504],[109.26825,11.892493],[109.267836,11.891936],[109.267535,11.891819],[109.267078,11.89195],[109.266853,11.892188],[109.266694,11.89278],[109.266769,11.893135],[109.267294,11.893467],[109.267595,11.893369],[109.267886,11.893447],[109.267924,11.89371],[109.268132,11.893774],[109.268726,11.894371],[109.269062,11.894249],[109.269355,11.894647],[109.269573,11.895557],[109.269413,11.895585],[109.268993,11.895138],[109.268846,11.895247],[109.268797,11.895744],[109.268464,11.89602],[109.267762,11.896094],[109.267103,11.895974],[109.267383,11.896392],[109.267283,11.896747],[109.267393,11.896926],[109.267839,11.896897],[109.267688,11.897118],[109.267714,11.89766],[109.267519,11.897817],[109.267609,11.898072],[109.267317,11.898117],[109.266842,11.898582],[109.265244,11.899494],[109.264619,11.899984],[109.263953,11.900733],[109.263838,11.901058],[109.263925,11.901475],[109.262911,11.901666],[109.262529,11.902441],[109.261949,11.903968],[109.261848,11.904566],[109.262038,11.905313],[109.262511,11.905813],[109.262369,11.905954],[109.262132,11.905749],[109.262033,11.905809],[109.261921,11.907063],[109.261705,11.907425],[109.261472,11.907462],[109.261239,11.907303],[109.26084,11.9079],[109.260257,11.909895],[109.258898,11.915664],[109.258485,11.919577],[109.258507,11.924424],[109.259106,11.926441],[109.260639,11.930081],[109.261466,11.93171],[109.264581,11.934842],[109.266048,11.935958],[109.266761,11.936296],[109.268237,11.936668],[109.268878,11.936704],[109.270136,11.936422],[109.270851,11.936003],[109.271104,11.935532],[109.271206,11.93497],[109.270825,11.934898],[109.270561,11.934545],[109.270914,11.934273],[109.271033,11.934301],[109.271202,11.934779],[109.271651,11.934514],[109.271917,11.934621],[109.272545,11.934482],[109.27291,11.935067],[109.272517,11.935806],[109.272948,11.936119],[109.273183,11.936062],[109.273652,11.935287],[109.273936,11.935045],[109.274038,11.935046],[109.274114,11.93528],[109.274454,11.935187],[109.274528,11.935609],[109.274332,11.935895],[109.274299,11.936338],[109.273973,11.936919],[109.273725,11.936975],[109.273981,11.937695],[109.2744,11.938275],[109.274142,11.938824],[109.274189,11.939386],[109.274933,11.940189],[109.275736,11.942253],[109.275708,11.943242],[109.276041,11.944038],[109.276177,11.944825],[109.276596,11.945463],[109.276934,11.945719],[109.278067,11.945917],[109.278347,11.945738],[109.278568,11.944926],[109.278849,11.944701],[109.278956,11.945102],[109.279516,11.945315],[109.279459,11.946157],[109.279634,11.946302],[109.279835,11.946249],[109.280751,11.945412],[109.281281,11.94523],[109.28166,11.944754],[109.281867,11.944755],[109.28259,11.946054],[109.282988,11.947582],[109.282215,11.948725],[109.282231,11.949078],[109.282358,11.949246],[109.282786,11.94942],[109.283215,11.949857],[109.28407,11.949687],[109.284131,11.949872],[109.284103,11.950579],[109.283226,11.950602],[109.282923,11.950735],[109.282766,11.950924],[109.282659,11.951527],[109.282888,11.952372],[109.283339,11.952517],[109.284011,11.954438],[109.284013,11.954773],[109.283819,11.954773],[109.283666,11.954234],[109.283153,11.95424],[109.282932,11.954086],[109.282367,11.953278],[109.281575,11.952847],[109.280246,11.952537],[109.279436,11.951848],[109.279048,11.951023],[109.278382,11.950735],[109.277469,11.950672],[109.276574,11.950849],[109.275911,11.951218],[109.275637,11.951503],[109.275616,11.951685],[109.275848,11.952021],[109.275536,11.952086],[109.275282,11.952333],[109.275126,11.952351],[109.275254,11.952103],[109.27514,11.951739],[109.27447,11.95162],[109.272646,11.952767],[109.271541,11.953965],[109.270873,11.954994],[109.270352,11.956134],[109.270132,11.957018],[109.270299,11.957831],[109.270633,11.958413],[109.271202,11.958666],[109.271627,11.958316],[109.271918,11.958274],[109.272191,11.958935],[109.272573,11.959032],[109.272722,11.959242],[109.272462,11.959829],[109.272192,11.959993],[109.271334,11.959219],[109.27113,11.959728],[109.270898,11.959731],[109.270848,11.959124],[109.270681,11.95903],[109.270559,11.959166],[109.270769,11.960233],[109.270677,11.960732],[109.271287,11.962477],[109.271515,11.965749],[109.271992,11.966615],[109.271786,11.966899],[109.271946,11.967508],[109.271824,11.968953],[109.272411,11.970038],[109.272259,11.970528],[109.271891,11.970711],[109.271713,11.970959],[109.272013,11.971409],[109.271926,11.971612],[109.271766,11.971669],[109.271711,11.97199],[109.271477,11.972048],[109.271193,11.971771],[109.27074,11.97198],[109.269805,11.972023],[109.269619,11.972213],[109.269746,11.972859],[109.27046,11.974112],[109.270525,11.97443],[109.270433,11.974897],[109.270024,11.975074],[109.269306,11.974698],[109.268718,11.97527],[109.268254,11.975334],[109.267955,11.975526],[109.26729,11.974773],[109.266611,11.974776],[109.265889,11.974232],[109.26451,11.974482],[109.264341,11.97466],[109.264125,11.975369],[109.263516,11.975911],[109.263374,11.976212],[109.263496,11.976554],[109.263091,11.976704],[109.263035,11.977539],[109.262901,11.977868],[109.262432,11.978263],[109.262166,11.978213],[109.262019,11.978317],[109.26143,11.97773],[109.261136,11.978101],[109.260723,11.978214],[109.260732,11.978625],[109.259871,11.979101],[109.258402,11.978724],[109.257906,11.979098],[109.257525,11.978756],[109.256881,11.978787],[109.255045,11.979652],[109.25324,11.98081],[109.251735,11.982026],[109.24887,11.984898],[109.247155,11.986314],[109.246323,11.987397],[109.245885,11.988178],[109.244296,11.990379],[109.243156,11.992561],[109.241401,11.995244],[109.235131,12.003777],[109.229859,12.010045],[109.227503,12.013578],[109.22529,12.017344],[109.223609,12.019752],[109.222813,12.021643],[109.221689,12.023782],[109.218258,12.029388],[109.216075,12.034008],[109.212069,12.043119],[109.205171,12.056397],[109.203431,12.060319],[109.202271,12.063288],[109.197857,12.078481],[109.195496,12.088706],[109.195,12.092414],[109.194882,12.0944],[109.194831,12.101663],[109.194662,12.104097],[109.194646,12.107268],[109.194819,12.110446],[109.195706,12.115393],[109.196206,12.116678],[109.196732,12.117573],[109.197771,12.117964],[109.198501,12.118453],[109.199178,12.118608],[109.200092,12.118327],[109.200566,12.118306],[109.202423,12.118617],[109.205633,12.117875],[109.206149,12.11791],[109.206798,12.118145],[109.207139,12.1185],[109.207322,12.1193],[109.207724,12.12003],[109.209055,12.120584],[109.209329,12.121081],[109.210643,12.12238],[109.211545,12.122996],[109.211873,12.123016],[109.21206,12.124228],[109.211902,12.124722],[109.211992,12.124985],[109.211453,12.125494],[109.211636,12.125705],[109.211531,12.126154],[109.211961,12.126915],[109.211925,12.12753],[109.211772,12.127825],[109.211902,12.128123],[109.212236,12.128287],[109.212509,12.128921],[109.212625,12.129036],[109.212931,12.129028],[109.21308,12.129254],[109.212976,12.129646],[109.21314,12.1298],[109.212896,12.1305],[109.213045,12.130953],[109.212712,12.131338],[109.212792,12.131873],[109.213583,12.134523],[109.21388,12.134847],[109.214049,12.136555],[109.214371,12.137814],[109.2164,12.139642],[109.217411,12.140144],[109.219508,12.140163],[109.220449,12.140373],[109.22072,12.14022],[109.221692,12.140529],[109.222259,12.140519],[109.222407,12.140694],[109.222477,12.140474],[109.222695,12.140565],[109.222702,12.140406],[109.22324,12.140235],[109.223128,12.140385],[109.223494,12.140456],[109.223578,12.140829],[109.223734,12.140978],[109.223597,12.141937],[109.223495,12.141925],[109.223305,12.141452],[109.223222,12.141474],[109.22339,12.142154],[109.223119,12.142971],[109.223115,12.143819],[109.222722,12.145023],[109.222891,12.145692],[109.223025,12.147943],[109.223153,12.148396],[109.223507,12.148418],[109.22354,12.148529],[109.2232,12.148882],[109.222646,12.150072],[109.222586,12.151145],[109.222878,12.15135],[109.22241,12.151584],[109.222228,12.152509],[109.221841,12.152721],[109.221206,12.153829],[109.220861,12.154121],[109.220845,12.154394],[109.220423,12.154276],[109.218918,12.155716],[109.218235,12.156123],[109.214153,12.157307],[109.212168,12.158646],[109.21009,12.159213],[109.209975,12.159084],[109.210176,12.159009],[109.210051,12.158909],[109.209216,12.158596],[109.208989,12.158639],[109.208206,12.159625],[109.207124,12.160275],[109.207012,12.160657],[109.206607,12.161014],[109.202717,12.162664],[109.201216,12.163609],[109.20095,12.163876],[109.202165,12.165278],[109.202061,12.165548],[109.200979,12.165881],[109.198602,12.165628],[109.198148,12.166013],[109.197984,12.166464],[109.198135,12.168115],[109.200348,12.167539],[109.200941,12.167667],[109.201013,12.167793],[109.200585,12.168275],[109.200802,12.170209],[109.198485,12.170355],[109.197844,12.170175],[109.197874,12.170375],[109.198732,12.170871],[109.199587,12.1717],[109.200621,12.171187],[109.200937,12.172307],[109.201329,12.172888],[109.202104,12.172847],[109.202269,12.173165],[109.202998,12.172844],[109.203751,12.172182],[109.203846,12.172054],[109.203616,12.171732],[109.205094,12.171404],[109.205534,12.171779],[109.205658,12.172277],[109.205587,12.172851],[109.205291,12.173158],[109.205255,12.17391],[109.205622,12.174742],[109.206192,12.175033],[109.207019,12.174827],[109.207201,12.175354],[109.207445,12.17551],[109.207699,12.175551],[109.207984,12.175342],[109.208313,12.175454],[109.207997,12.175883],[109.207718,12.176025],[109.207689,12.176399],[109.207946,12.177193],[109.208654,12.178278],[109.208973,12.179108],[109.208993,12.179302],[109.208603,12.179609],[109.208961,12.180361],[109.208528,12.181239],[109.208461,12.181645],[109.208595,12.18216],[109.208894,12.182485],[109.208642,12.182959],[109.208679,12.18314],[109.209489,12.184403],[109.209082,12.185679],[109.208134,12.187303],[109.207151,12.188109],[109.20571,12.189731],[109.204821,12.190295],[109.208504,12.194216],[109.210174,12.194249],[109.210554,12.194643],[109.211139,12.194656],[109.211861,12.193924],[109.21588,12.197683],[109.217546,12.199328],[109.217812,12.199773],[109.218021,12.200521],[109.218082,12.202993],[109.218544,12.20377],[109.216663,12.205648],[109.216763,12.207053],[109.215244,12.207195],[109.215341,12.207585],[109.215851,12.207638],[109.215914,12.207924],[109.216106,12.207933],[109.216053,12.208304],[109.21567,12.208723],[109.216246,12.209531],[109.216638,12.209708],[109.217147,12.209363],[109.217415,12.209385],[109.217605,12.209558],[109.217273,12.21083],[109.217104,12.210888],[109.216924,12.211386],[109.216579,12.211663],[109.215797,12.211499],[109.215324,12.211528],[109.214965,12.211885],[109.213057,12.213032],[109.212964,12.213216],[109.212688,12.213318],[109.211842,12.214017],[109.211488,12.213916],[109.210934,12.214335],[109.210482,12.214716],[109.210482,12.214875],[109.210853,12.215268],[109.210776,12.215371],[109.211468,12.216047],[109.211326,12.216163],[109.210233,12.215128],[109.210162,12.215346],[109.207013,12.218525],[109.205601,12.220333],[109.203691,12.222909],[109.20211,12.225525],[109.200698,12.228314],[109.199646,12.230903],[109.198788,12.233452],[109.198184,12.235713],[109.197301,12.24106],[109.197065,12.244213],[109.19695,12.252918],[109.197127,12.255023],[109.197691,12.256391],[109.198193,12.25652],[109.198571,12.257523],[109.198606,12.258043],[109.199077,12.259469],[109.198993,12.259651],[109.198633,12.259784],[109.199865,12.263558],[109.200417,12.263817],[109.200784,12.264403],[109.202046,12.265494],[109.202475,12.265662],[109.202804,12.265614],[109.203495,12.265984],[109.204172,12.265823],[109.20472,12.266331],[109.205142,12.266052],[109.205827,12.266475],[109.206235,12.267385],[109.206638,12.267607],[109.206821,12.267391],[109.206577,12.267181],[109.206612,12.267086],[109.207023,12.267458],[109.206714,12.26778],[109.206797,12.269581],[109.206974,12.270247],[109.206933,12.270709],[109.20678,12.270966],[109.206285,12.271127],[109.206697,12.271297],[109.20677,12.271479],[109.206374,12.272492],[109.206914,12.272823],[109.206932,12.273],[109.206634,12.27317],[109.206292,12.273162],[109.20616,12.272761],[109.205466,12.27257],[109.205138,12.272223],[109.204319,12.272359],[109.20332,12.273709],[109.20293,12.274542],[109.202645,12.275821],[109.202656,12.276222],[109.202916,12.27687],[109.202878,12.277377],[109.203239,12.278872],[109.202937,12.281498],[109.204812,12.286104],[109.206746,12.290072],[109.207045,12.290533],[109.207728,12.291063],[109.208164,12.291156],[109.209361,12.291023],[109.210661,12.29118],[109.212204,12.291882],[109.214809,12.293401],[109.215127,12.292883],[109.215617,12.292391],[109.216128,12.292001],[109.217014,12.291626],[109.217939,12.291499],[109.219654,12.291802],[109.220836,12.291684],[109.220861,12.291885],[109.219669,12.292038],[109.218371,12.291755],[109.217076,12.291854],[109.216254,12.292201],[109.215776,12.292567],[109.215013,12.293522],[109.216033,12.293844],[109.216441,12.294174],[109.217788,12.294794],[109.219866,12.295437],[109.222938,12.294521],[109.222303,12.292448],[109.221986,12.292102],[109.222003,12.291859],[109.222173,12.291744],[109.222434,12.291796],[109.222559,12.291981],[109.223161,12.294307],[109.22465,12.294339],[109.224945,12.294836],[109.225148,12.294946],[109.226263,12.295046],[109.226443,12.294915],[109.226376,12.294434],[109.226516,12.294285],[109.227512,12.293973],[109.228684,12.293919],[109.228929,12.293786],[109.228976,12.293542],[109.229323,12.293478],[109.229892,12.293546],[109.230955,12.293931],[109.232538,12.294049],[109.234411,12.294603],[109.234865,12.294827],[109.235107,12.295337],[109.235319,12.295405],[109.235674,12.295264],[109.23601,12.294464],[109.236359,12.294401],[109.236594,12.294526],[109.236826,12.295041],[109.236758,12.295344],[109.23604,12.296024],[109.235092,12.296247],[109.23498,12.296929],[109.235154,12.297377],[109.235613,12.297862],[109.235848,12.297946],[109.236051,12.297867],[109.236094,12.297633],[109.236311,12.297616],[109.236564,12.297773],[109.236653,12.298055],[109.236497,12.298673],[109.236674,12.299036],[109.237006,12.299346],[109.23735,12.299434],[109.237754,12.299213],[109.238264,12.299219],[109.2393,12.299833],[109.239249,12.300242],[109.238854,12.300599],[109.2395,12.300904],[109.239953,12.301505],[109.239836,12.301923],[109.239941,12.302078],[109.239887,12.302335],[109.24034,12.302302],[109.2404,12.302094],[109.240166,12.301718],[109.240441,12.301384],[109.240821,12.301365],[109.241162,12.301626],[109.241319,12.302244],[109.241215,12.302423],[109.240965,12.302523],[109.240522,12.302372],[109.240618,12.303032],[109.240935,12.303086],[109.241009,12.302665],[109.241127,12.302565],[109.241477,12.302618],[109.241555,12.302934],[109.241325,12.303322],[109.241345,12.303501],[109.242246,12.304544],[109.242152,12.305136],[109.242268,12.305245],[109.242737,12.305193],[109.243059,12.305404],[109.242544,12.305814],[109.24232,12.305651],[109.24176,12.305755],[109.241234,12.305471],[109.241022,12.305488],[109.240676,12.306084],[109.240017,12.306382],[109.239743,12.306369],[109.240043,12.306688],[109.239677,12.306975],[109.239379,12.307436],[109.239297,12.307159],[109.239133,12.307058],[109.239122,12.306681],[109.238938,12.306564],[109.238259,12.306599],[109.237934,12.306946],[109.237568,12.30699],[109.237428,12.307205],[109.237085,12.307199],[109.23671,12.308194],[109.236505,12.308304],[109.235984,12.308275],[109.235954,12.307718],[109.235655,12.30753],[109.235084,12.307535],[109.234719,12.307685],[109.234556,12.307813],[109.234358,12.308395],[109.234112,12.30863],[109.234227,12.308943],[109.234167,12.309136],[109.233628,12.309574],[109.233513,12.309884],[109.233007,12.31014],[109.232977,12.310359],[109.232593,12.310461],[109.232054,12.311458],[109.231847,12.311444],[109.231578,12.311677],[109.231374,12.311612],[109.231273,12.311791],[109.230921,12.311759],[109.230821,12.311902],[109.229327,12.312356],[109.228914,12.312717],[109.228685,12.313399],[109.22799,12.314379],[109.226557,12.315514],[109.226321,12.316258],[109.225754,12.316596],[109.223334,12.317379],[109.222827,12.317704],[109.222323,12.318407],[109.222302,12.318695],[109.222607,12.318784],[109.222474,12.318999],[109.222549,12.319483],[109.222377,12.319543],[109.222021,12.319379],[109.221557,12.319953],[109.221818,12.320081],[109.221834,12.320203],[109.221603,12.320413],[109.221367,12.321626],[109.221125,12.321595],[109.22093,12.321857],[109.220653,12.32168],[109.220554,12.322036],[109.220424,12.32206],[109.220299,12.321891],[109.22004,12.322176],[109.21951,12.322014],[109.218661,12.322118],[109.218269,12.322286],[109.218052,12.322707],[109.21794,12.322666],[109.217911,12.322261],[109.217516,12.32224],[109.217038,12.322716],[109.216645,12.323365],[109.216644,12.323562],[109.217026,12.323624],[109.217013,12.32375],[109.216588,12.323777],[109.2162,12.323619],[109.215731,12.323723],[109.21501,12.32367],[109.213783,12.324361],[109.213177,12.323709],[109.212841,12.323707],[109.21253,12.323886],[109.211418,12.324861],[109.210779,12.325772],[109.210181,12.327878],[109.210437,12.328711],[109.210163,12.329624],[109.210454,12.329805],[109.209966,12.329952],[109.209254,12.330742],[109.209255,12.33161],[109.209114,12.331918],[109.207395,12.332588],[109.207057,12.332988],[109.206671,12.333868],[109.206247,12.334276],[109.206103,12.334319],[109.205305,12.33378],[109.204295,12.334254],[109.204101,12.334632],[109.204536,12.335576],[109.203845,12.335844],[109.203402,12.33482],[109.202435,12.335345],[109.201825,12.336107],[109.201562,12.336937],[109.20139,12.338577],[109.201559,12.340238],[109.202012,12.341418],[109.203268,12.341857],[109.203774,12.342318],[109.203847,12.343253],[109.203435,12.343995],[109.202777,12.344577],[109.203016,12.345311],[109.202974,12.34566],[109.202803,12.345698],[109.202791,12.345381],[109.202504,12.344757],[109.201911,12.344937],[109.200592,12.345785],[109.199053,12.347889],[109.198831,12.347993],[109.198928,12.349046],[109.1998,12.350958],[109.19967,12.351238],[109.199724,12.351724],[109.199104,12.352289],[109.198889,12.352317],[109.198725,12.352191],[109.198595,12.352442],[109.198992,12.354204],[109.199064,12.355399],[109.198656,12.356611],[109.198153,12.357589],[109.197705,12.358023],[109.196195,12.358975],[109.195755,12.359665],[109.195688,12.36011],[109.196135,12.362329],[109.196336,12.36273],[109.19705,12.363508],[109.197645,12.364661],[109.198541,12.366024],[109.19866,12.366444],[109.198172,12.369013],[109.198173,12.369951],[109.198041,12.370239],[109.197295,12.370749],[109.197377,12.372766],[109.196919,12.373681],[109.196845,12.3742],[109.19702,12.37513],[109.196745,12.375501],[109.196588,12.377539],[109.197573,12.379643],[109.197154,12.380882],[109.198619,12.38338],[109.199802,12.38499],[109.200656,12.3864],[109.201128,12.387731],[109.201254,12.388814],[109.201192,12.389076],[109.200619,12.389359],[109.199787,12.390483],[109.200133,12.393087],[109.199862,12.393928],[109.199461,12.394405],[109.198324,12.394749],[109.198011,12.395255],[109.198037,12.39583],[109.198499,12.396759],[109.198707,12.397537],[109.198555,12.397794],[109.198478,12.398389],[109.197494,12.398789],[109.196442,12.397881],[109.196243,12.397495],[109.195715,12.397442],[109.195552,12.39725],[109.194074,12.397115],[109.192635,12.397299],[109.190742,12.398729],[109.190726,12.398987],[109.191333,12.399598],[109.191147,12.400133],[109.190204,12.4009],[109.189529,12.401153],[109.18836,12.40131],[109.187882,12.401737],[109.1869,12.402298],[109.186409,12.402682],[109.184922,12.404444],[109.183868,12.404948],[109.183454,12.404549],[109.181576,12.40483],[109.180494,12.404711],[109.180301,12.404599],[109.180331,12.404178],[109.179934,12.40393],[109.179326,12.403887],[109.178952,12.404],[109.179017,12.403618],[109.178719,12.402991],[109.178341,12.403081],[109.178188,12.402772],[109.178008,12.402843],[109.178098,12.403026],[109.177148,12.403626],[109.177381,12.404024],[109.176724,12.404415],[109.176516,12.404008],[109.176416,12.404025],[109.175395,12.404902],[109.175322,12.405361],[109.174943,12.405953],[109.172789,12.40778],[109.17257,12.407593],[109.172241,12.406791],[109.17221,12.406365],[109.172357,12.405845],[109.171645,12.404687],[109.172551,12.404163],[109.172668,12.403918],[109.171803,12.402541],[109.171917,12.402283],[109.171617,12.40208],[109.171327,12.402418],[109.170228,12.402329],[109.169692,12.402522],[109.169416,12.402314],[109.169215,12.402337],[109.169056,12.402459],[109.168968,12.402856],[109.168076,12.402922],[109.167575,12.40309],[109.165987,12.40387],[109.165609,12.403915],[109.165501,12.404258],[109.164933,12.404536],[109.163904,12.404919],[109.163732,12.404583],[109.163624,12.404616],[109.162491,12.405573],[109.163564,12.406251],[109.163073,12.406816],[109.161982,12.40853],[109.161555,12.408025],[109.161263,12.408023],[109.16103,12.408169],[109.160768,12.408881],[109.160079,12.409364],[109.16009,12.40983],[109.159676,12.410365],[109.159763,12.410617],[109.159666,12.410939],[109.158793,12.411524],[109.158685,12.412477],[109.159149,12.414096],[109.159202,12.414653],[109.159104,12.415054],[109.159332,12.415816],[109.15917,12.416087],[109.158885,12.4161],[109.15816,12.415524],[109.158229,12.416667],[109.158902,12.417898],[109.159559,12.418124],[109.160325,12.418593],[109.160503,12.418848],[109.160449,12.419123],[109.159997,12.419442],[109.159404,12.4194],[109.158944,12.420075],[109.158053,12.420965],[109.158095,12.421085],[109.158542,12.421292],[109.15791,12.422866],[109.157325,12.422572],[109.156762,12.423531],[109.156011,12.424094],[109.155155,12.424361],[109.153534,12.424458],[109.153476,12.424774],[109.151583,12.424642],[109.15114,12.425804],[109.15159,12.428237],[109.151365,12.428816],[109.154247,12.430156],[109.154424,12.430762],[109.15424,12.431784],[109.156548,12.432226],[109.156699,12.431982],[109.157848,12.431237],[109.158232,12.431126],[109.158474,12.431217],[109.159742,12.430867],[109.160178,12.431982],[109.161167,12.432348],[109.162362,12.433001],[109.163643,12.434281],[109.164195,12.435087],[109.165956,12.438311],[109.166354,12.439677],[109.166476,12.440449],[109.166446,12.441286],[109.169599,12.442673],[109.169788,12.442668],[109.170762,12.443458],[109.170606,12.443971],[109.171043,12.444298],[109.17072,12.445481],[109.170267,12.445427],[109.170043,12.446067],[109.169669,12.446574],[109.170685,12.447447],[109.17149,12.446934],[109.171976,12.447023],[109.172614,12.447897],[109.173588,12.448308],[109.174739,12.45223],[109.174972,12.452309],[109.175435,12.45147],[109.17564,12.451433],[109.176093,12.452125],[109.176809,12.452732],[109.176806,12.453115],[109.176211,12.454689],[109.176327,12.456135],[109.176248,12.456509],[109.176668,12.456711],[109.188004,12.447351],[109.188872,12.448338],[109.189333,12.448595],[109.189546,12.448555],[109.191106,12.447473],[109.191414,12.447626],[109.191717,12.447406],[109.191581,12.447136],[109.19187,12.446988],[109.191953,12.446715],[109.192497,12.446478],[109.19219,12.446138],[109.192949,12.444804],[109.192962,12.444345],[109.193378,12.443884],[109.194569,12.443227],[109.195033,12.442479],[109.194571,12.441896],[109.198169,12.439477],[109.199311,12.438921],[109.199821,12.439823],[109.200326,12.440037],[109.200615,12.439723],[109.201074,12.439502],[109.20515,12.438133],[109.20508,12.437998],[109.20581,12.43773],[109.206022,12.438337],[109.20646,12.438311],[109.207392,12.437916],[109.207507,12.437516],[109.208298,12.436483],[109.208686,12.435663],[109.209566,12.435452],[109.209815,12.435043],[109.210129,12.434942],[109.21056,12.434566],[109.210483,12.434328],[109.210625,12.433713],[109.210907,12.433316],[109.21083,12.433245],[109.211579,12.432319],[109.211676,12.432279],[109.211894,12.43251],[109.21303,12.432167],[109.213075,12.432349],[109.21423,12.431949],[109.214439,12.431684],[109.214145,12.431414],[109.214839,12.430482],[109.214799,12.429661],[109.215227,12.429191],[109.215634,12.428961],[109.215685,12.428553],[109.215811,12.428424],[109.216623,12.428113],[109.21769,12.427148],[109.217992,12.426737],[109.218315,12.425672],[109.220318,12.42492],[109.220358,12.425056],[109.221291,12.424891],[109.22161,12.424629],[109.221547,12.424488],[109.222126,12.423802],[109.222632,12.423329],[109.223057,12.423155],[109.22324,12.422793],[109.223479,12.4213],[109.224277,12.42115],[109.224777,12.421353],[109.225442,12.420894],[109.225491,12.420204],[109.225731,12.420218],[109.225917,12.419986],[109.225749,12.419488],[109.225719,12.418557],[109.225603,12.417962],[109.224995,12.417925],[109.225025,12.417136],[109.225439,12.417124],[109.225537,12.416341],[109.226102,12.416185],[109.226629,12.415685],[109.227911,12.415895],[109.228209,12.414866],[109.228579,12.414943],[109.228741,12.41469],[109.228846,12.413621],[109.230132,12.413266],[109.230508,12.413025],[109.230739,12.412665],[109.230888,12.411967],[109.233436,12.412599],[109.233913,12.412535],[109.234134,12.412202],[109.235459,12.41199],[109.236132,12.41169],[109.23581,12.411261],[109.236972,12.409891],[109.236969,12.409656],[109.237747,12.408351],[109.238042,12.408303],[109.238098,12.408195],[109.23811,12.40768],[109.237972,12.407482],[109.23825,12.407287],[109.238258,12.406857],[109.237834,12.40505],[109.238286,12.404944],[109.23918,12.405036],[109.240515,12.405373],[109.241957,12.405384],[109.242659,12.405283],[109.243362,12.4049],[109.244098,12.402403],[109.244185,12.401764],[109.244689,12.401427],[109.245212,12.40079],[109.245044,12.400395],[109.245121,12.400095],[109.245411,12.399733],[109.245448,12.39925],[109.245118,12.398655],[109.245779,12.397305],[109.245464,12.396417],[109.245564,12.3959],[109.246435,12.395425],[109.246517,12.395293],[109.246452,12.39498],[109.247174,12.394182],[109.247437,12.393585],[109.248581,12.392689],[109.248915,12.392203],[109.2491,12.391325],[109.249499,12.391156],[109.249614,12.390905],[109.250496,12.390434],[109.250667,12.389976],[109.250954,12.389641],[109.252318,12.388892],[109.252888,12.388136],[109.254158,12.387264],[109.254576,12.385972],[109.25554,12.384862],[109.257404,12.383179],[109.257925,12.382554],[109.258239,12.38201],[109.258491,12.381051],[109.258457,12.380769],[109.258588,12.380573],[109.259824,12.379488],[109.25995,12.379149],[109.262682,12.377714],[109.262797,12.377155],[109.263277,12.377163],[109.264035,12.376299],[109.264264,12.375766],[109.264537,12.374945],[109.264549,12.374129],[109.264448,12.373456],[109.26409,12.372699],[109.263054,12.371735],[109.262371,12.371863],[109.262062,12.371641],[109.26153,12.371564],[109.261382,12.371895],[109.260994,12.372152],[109.260621,12.371911],[109.260477,12.371972],[109.260322,12.371662],[109.260327,12.370796],[109.259968,12.369801],[109.260304,12.369344],[109.260297,12.369097],[109.260772,12.369103],[109.260976,12.368426],[109.260737,12.367603],[109.260718,12.367022],[109.260841,12.366702],[109.260811,12.366176],[109.261237,12.364598],[109.261017,12.363262],[109.260874,12.363018],[109.260864,12.362452],[109.261108,12.362183],[109.262283,12.361542],[109.262587,12.361652],[109.262981,12.362006],[109.263166,12.36202],[109.263817,12.361836],[109.264522,12.36138],[109.265054,12.359818],[109.264961,12.359215],[109.266168,12.358534],[109.266924,12.358364],[109.267569,12.357996],[109.268537,12.357833],[109.26981,12.358411],[109.270394,12.358419],[109.271415,12.358028],[109.272085,12.357604],[109.272247,12.357257],[109.272157,12.357017],[109.272397,12.35694],[109.272404,12.356729],[109.27281,12.356748],[109.272832,12.35694],[109.273006,12.356956],[109.273173,12.357389],[109.273414,12.357602],[109.274732,12.357431],[109.274751,12.358133],[109.274579,12.358336],[109.275133,12.358767],[109.276057,12.358874],[109.277365,12.358501],[109.278053,12.358044],[109.278408,12.357637],[109.278839,12.35703],[109.279105,12.356366],[109.279136,12.355682],[109.279012,12.355092],[109.278574,12.354669],[109.278594,12.354153],[109.2783,12.353822],[109.278322,12.353473],[109.278601,12.353234],[109.278985,12.352204],[109.279283,12.35214],[109.27976,12.35226],[109.280222,12.351764],[109.280531,12.351646],[109.280828,12.350795],[109.281098,12.350639],[109.281338,12.350698],[109.281385,12.350099],[109.281655,12.349611],[109.282148,12.349273],[109.282815,12.349077],[109.283131,12.349142],[109.283434,12.349421],[109.283711,12.349343],[109.283899,12.348296],[109.284058,12.348049],[109.284667,12.347674],[109.285425,12.347656],[109.28597,12.347931],[109.286237,12.347676],[109.286526,12.347612],[109.286697,12.347299],[109.287067,12.347268],[109.2872,12.347049],[109.287443,12.347045],[109.287702,12.346875],[109.287925,12.34699],[109.288126,12.346791],[109.2888,12.346826],[109.289293,12.346643],[109.290157,12.346614],[109.290782,12.34629],[109.291703,12.346452],[109.292056,12.346321],[109.292155,12.346068],[109.292344,12.346151],[109.292636,12.345954],[109.29278,12.345577],[109.29296,12.345611],[109.292939,12.345852],[109.293395,12.346274],[109.293611,12.346217],[109.293959,12.346628],[109.294219,12.346754],[109.294331,12.347468],[109.294639,12.34805],[109.294909,12.348194],[109.294995,12.348616],[109.295177,12.348789],[109.295211,12.349146],[109.295688,12.349921],[109.295666,12.350413],[109.296063,12.35053],[109.296252,12.35118],[109.296613,12.351262],[109.296468,12.351802],[109.29655,12.352058],[109.296799,12.352275],[109.297095,12.35217],[109.297379,12.352533],[109.298185,12.352452],[109.298395,12.35223],[109.299281,12.352154],[109.299244,12.352348],[109.29937,12.35256],[109.29905,12.352683],[109.299924,12.353315],[109.299932,12.353615],[109.300283,12.354109],[109.300024,12.354318],[109.300493,12.354509],[109.300653,12.354794],[109.300471,12.355343],[109.300587,12.355756],[109.300407,12.355941],[109.300464,12.356178],[109.300213,12.356485],[109.299752,12.356415],[109.299517,12.356606],[109.299425,12.35859],[109.299662,12.359632],[109.299316,12.360455],[109.299301,12.362178],[109.299159,12.363227],[109.299388,12.363489],[109.299515,12.363953],[109.299647,12.365479],[109.299784,12.365696],[109.300641,12.366246],[109.301304,12.367603],[109.301269,12.368492],[109.301454,12.368801],[109.301287,12.369163],[109.30131,12.370111],[109.301596,12.373287],[109.301418,12.373781],[109.301845,12.374827],[109.301399,12.37541],[109.301688,12.376187],[109.302027,12.37654],[109.302153,12.376958],[109.302068,12.378641],[109.301879,12.379631],[109.30251,12.381358],[109.304278,12.383489],[109.306392,12.385353],[109.307238,12.384868],[109.307385,12.384941],[109.307396,12.385223],[109.307567,12.385326],[109.307633,12.385702],[109.307799,12.385649],[109.307922,12.385919],[109.30787,12.388202],[109.309505,12.389301],[109.310053,12.389462],[109.310938,12.389487],[109.311684,12.389348],[109.312544,12.388729],[109.313705,12.388339],[109.31465,12.387824],[109.315217,12.387013],[109.314901,12.385698],[109.315021,12.385162],[109.315182,12.384948],[109.315541,12.384843],[109.31632,12.384921],[109.318183,12.38454],[109.318591,12.384261],[109.319176,12.383393],[109.319758,12.381947],[109.319555,12.381754],[109.319574,12.381364],[109.31927,12.380509],[109.319393,12.379419],[109.319771,12.378861],[109.320072,12.377523],[109.320843,12.376959],[109.321188,12.376445],[109.321946,12.37627],[109.322437,12.376013],[109.322916,12.375327],[109.323951,12.375498],[109.324725,12.375313],[109.324981,12.374972],[109.325243,12.374187],[109.325751,12.373476],[109.326744,12.373],[109.327725,12.372972],[109.328336,12.373244],[109.328592,12.373497],[109.328612,12.374345],[109.328945,12.375651],[109.329588,12.376291],[109.32968,12.376638],[109.329603,12.376992],[109.330329,12.377541],[109.330489,12.377949],[109.330236,12.378376],[109.329153,12.378952],[109.32763,12.38015],[109.32716,12.380806],[109.327052,12.381118],[109.326775,12.381391],[109.327047,12.381445],[109.326896,12.381823],[109.326907,12.382674],[109.326765,12.383521],[109.326604,12.383707],[109.325495,12.384166],[109.32543,12.384351],[109.325624,12.384781],[109.327091,12.386456],[109.328014,12.387301],[109.329364,12.388055],[109.331161,12.388777],[109.334088,12.38832],[109.334829,12.388437],[109.335712,12.388081],[109.336444,12.388141],[109.337071,12.387906],[109.33771,12.388861],[109.337818,12.390733],[109.338361,12.391537],[109.338482,12.391465],[109.338491,12.391085],[109.339029,12.391209],[109.33915,12.391428],[109.339064,12.391679],[109.33931,12.391977],[109.339364,12.392392],[109.339782,12.392463],[109.339558,12.393121],[109.339612,12.394051],[109.340015,12.394504],[109.340194,12.394925],[109.340606,12.395134],[109.340952,12.395648],[109.341175,12.395707],[109.341373,12.396253],[109.341872,12.396763],[109.341733,12.397023],[109.341813,12.397348],[109.341708,12.397477],[109.341888,12.39802],[109.342031,12.399177],[109.341802,12.400164],[109.341843,12.400421],[109.341683,12.400532],[109.341672,12.400792],[109.34146,12.401024],[109.341393,12.401507],[109.341067,12.401921],[109.340857,12.401979],[109.340789,12.402236],[109.340462,12.40243],[109.340477,12.402793],[109.340756,12.40305],[109.340539,12.403908],[109.340383,12.403955],[109.340051,12.403795],[109.339754,12.403897],[109.338384,12.406545],[109.338279,12.407035],[109.338087,12.40707],[109.337991,12.406762],[109.337518,12.407929],[109.337039,12.408489],[109.336624,12.408639],[109.336068,12.408436],[109.335748,12.408101],[109.335282,12.407284],[109.334329,12.407059],[109.333647,12.406705],[109.333228,12.406321],[109.331657,12.406685],[109.331605,12.407138],[109.331334,12.407287],[109.330862,12.407251],[109.330685,12.406661],[109.330219,12.406754],[109.329136,12.407409],[109.327958,12.408832],[109.326803,12.409802],[109.32581,12.411328],[109.325571,12.413334],[109.324234,12.413735],[109.323515,12.414391],[109.323055,12.414669],[109.322608,12.41473],[109.322574,12.415141],[109.322207,12.415229],[109.32208,12.415372],[109.322387,12.415985],[109.32237,12.416746],[109.3221,12.416898],[109.32141,12.416938],[109.32115,12.416832],[109.321031,12.417065],[109.320143,12.417679],[109.319606,12.417659],[109.319612,12.418166],[109.319515,12.418289],[109.318043,12.417754],[109.317513,12.417713],[109.316667,12.417889],[109.315733,12.417431],[109.314556,12.417747],[109.313257,12.41726],[109.312229,12.416618],[109.311597,12.416465],[109.311331,12.416028],[109.310839,12.415779],[109.309517,12.415927],[109.308926,12.416306],[109.308164,12.416093],[109.307473,12.416154],[109.30451,12.417619],[109.303776,12.418132],[109.302448,12.418296],[109.302243,12.418992],[109.301751,12.419912],[109.301134,12.420286],[109.300892,12.420253],[109.300649,12.420698],[109.300127,12.421916],[109.299926,12.423694],[109.298791,12.424812],[109.298141,12.424928],[109.297689,12.42481],[109.297082,12.424356],[109.29671,12.423904],[109.296321,12.422975],[109.295884,12.422714],[109.294187,12.422692],[109.293152,12.423241],[109.292227,12.4244],[109.292152,12.424691],[109.291651,12.425415],[109.290994,12.426174],[109.290564,12.426317],[109.290295,12.426555],[109.289884,12.427287],[109.288547,12.430374],[109.287316,12.434403],[109.286714,12.437571],[109.286035,12.43976],[109.285928,12.440769],[109.28543,12.441627],[109.285341,12.44372],[109.285599,12.444834],[109.287628,12.447275],[109.288217,12.448319],[109.288481,12.448433],[109.288551,12.44818],[109.289315,12.448108],[109.289436,12.449309],[109.289877,12.449311],[109.290031,12.451265],[109.289955,12.451337],[109.29007,12.452545],[109.290007,12.453553],[109.289277,12.453484],[109.289065,12.453888],[109.288677,12.454136],[109.287746,12.455897],[109.287374,12.45603],[109.287313,12.456281],[109.288076,12.457052],[109.288478,12.456687],[109.289327,12.457255],[109.289466,12.457465],[109.289198,12.457704],[109.289712,12.458433],[109.290118,12.459545],[109.290964,12.460199],[109.291406,12.460214],[109.292107,12.46061],[109.292809,12.461608],[109.293137,12.462351],[109.293409,12.463923],[109.294051,12.465683],[109.294244,12.465859],[109.294357,12.466601],[109.294288,12.467336],[109.293568,12.468184],[109.293264,12.46822],[109.292794,12.469126],[109.292694,12.469792],[109.29401,12.471358],[109.294366,12.471415],[109.295138,12.472147],[109.295368,12.472227],[109.29591,12.471929],[109.296127,12.471949],[109.297245,12.473228],[109.297111,12.473562],[109.296726,12.473832],[109.2965,12.473658],[109.295855,12.474253],[109.295632,12.474769],[109.295569,12.475343],[109.295801,12.475399],[109.295967,12.476039],[109.29575,12.476984],[109.295832,12.47732],[109.295514,12.477921],[109.294311,12.478667],[109.294848,12.479729],[109.294263,12.480002],[109.293673,12.479633],[109.292882,12.480527],[109.292426,12.479986],[109.291883,12.480692],[109.291512,12.480431],[109.28998,12.482199],[109.290201,12.484014],[109.290025,12.484193],[109.288284,12.484176],[109.287898,12.484376],[109.287223,12.485089],[109.28712,12.485484],[109.287633,12.486151],[109.287645,12.486486],[109.285447,12.488484],[109.2856,12.489117],[109.285238,12.489193],[109.28517,12.489052],[109.284585,12.488993],[109.282218,12.489562],[109.281534,12.489614],[109.281236,12.489777],[109.277349,12.485945],[109.277075,12.48592],[109.275716,12.487171],[109.275587,12.486975],[109.274197,12.487854],[109.271585,12.490129],[109.269708,12.492239],[109.268645,12.493632],[109.266958,12.494711],[109.264953,12.49578],[109.264567,12.496169],[109.26427,12.496711],[109.263163,12.49689],[109.263033,12.497244],[109.263451,12.498169],[109.262063,12.499232],[109.261872,12.499657],[109.262023,12.500116],[109.261356,12.500008],[109.260996,12.500142],[109.257757,12.503262],[109.256656,12.502211],[109.255559,12.503609],[109.25541,12.504073],[109.254647,12.504671],[109.253928,12.504722],[109.253548,12.504878],[109.253271,12.505238],[109.253507,12.505603],[109.252688,12.50618],[109.252497,12.505927],[109.251655,12.506347],[109.251848,12.506738],[109.25114,12.50709],[109.250898,12.506695],[109.249152,12.50765],[109.247908,12.508049],[109.247822,12.508164],[109.245059,12.508528],[109.244894,12.508479],[109.244394,12.507093],[109.243814,12.506999],[109.239887,12.508209],[109.239025,12.509268],[109.238558,12.510903],[109.238265,12.512956],[109.23741,12.51595],[109.23725,12.516872],[109.237204,12.517853],[109.237642,12.519463],[109.237685,12.520399],[109.237212,12.521168],[109.23684,12.521447],[109.235087,12.522214],[109.234058,12.523419],[109.233174,12.525318],[109.232333,12.529752],[109.231624,12.531366],[109.230608,12.534474],[109.230383,12.535499],[109.23028,12.538002],[109.230385,12.545495],[109.230625,12.549243],[109.231027,12.552944],[109.231732,12.557724],[109.231908,12.559676],[109.232299,12.561669],[109.233641,12.565893],[109.236455,12.572929],[109.23699,12.57381],[109.237373,12.574192],[109.238427,12.574882],[109.239195,12.575249],[109.240537,12.575545],[109.241107,12.575584],[109.241348,12.575075],[109.244729,12.574131],[109.24487,12.574199],[109.243569,12.57536],[109.243397,12.57592],[109.243392,12.576714],[109.243597,12.577774],[109.245323,12.579881],[109.245495,12.580799],[109.245414,12.581001],[109.245186,12.581078],[109.244849,12.581802],[109.24442,12.58201],[109.244052,12.584999],[109.243564,12.586047],[109.243259,12.58627],[109.242442,12.586198],[109.241625,12.587002],[109.239942,12.587799],[109.239192,12.587865],[109.238547,12.588064],[109.237809,12.588029],[109.236638,12.588612],[109.235012,12.588599],[109.235037,12.587213],[109.234674,12.587134],[109.233903,12.587628],[109.234038,12.588505],[109.233847,12.589584],[109.233603,12.590138],[109.233221,12.590186],[109.23312,12.590368],[109.23316,12.590786],[109.233669,12.591674],[109.233556,12.592246],[109.233833,12.592579],[109.23394,12.592919],[109.233649,12.593144],[109.233776,12.593419],[109.233502,12.593501],[109.233071,12.593319],[109.232467,12.59353],[109.232017,12.593444],[109.230813,12.592813],[109.230961,12.592507],[109.23067,12.592156],[109.230096,12.592538],[109.228692,12.590381],[109.228476,12.590214],[109.227759,12.59051],[109.22763,12.589801],[109.225822,12.58897],[109.22321,12.586428],[109.22105,12.582684],[109.22032,12.580998],[109.219963,12.579414],[109.220071,12.578157],[109.219807,12.577997],[109.219137,12.57845],[109.219054,12.578353],[109.220299,12.577418],[109.220491,12.577031],[109.220085,12.576814],[109.219644,12.577056],[109.218981,12.57696],[109.21849,12.577274],[109.218801,12.576779],[109.219498,12.576824],[109.219611,12.576388],[109.218311,12.576219],[109.218081,12.576495],[109.217821,12.576555],[109.217339,12.576403],[109.217256,12.576223],[109.216504,12.57643],[109.216251,12.576283],[109.21608,12.575882],[109.215774,12.575956],[109.215664,12.57561],[109.216019,12.575462],[109.215602,12.574715],[109.215281,12.575091],[109.214684,12.574474],[109.214947,12.57425],[109.214019,12.572252],[109.213554,12.572255],[109.211904,12.57028],[109.211637,12.569849],[109.21192,12.569626],[109.211365,12.568864],[109.210574,12.569436],[109.210291,12.56865],[109.208868,12.569028],[109.208976,12.569663],[109.207421,12.569988],[109.207651,12.570832],[109.206603,12.570987],[109.206311,12.569313],[109.206122,12.569335],[109.20559,12.569817],[109.204635,12.568528],[109.204696,12.568217],[109.204439,12.567984],[109.20348,12.568983],[109.20314,12.568784],[109.202265,12.569506],[109.201597,12.569189],[109.200723,12.569715],[109.200955,12.570271],[109.200258,12.570682],[109.198947,12.569075],[109.198258,12.569708],[109.19781,12.569286],[109.196952,12.570186],[109.197928,12.570943],[109.197253,12.571826],[109.197045,12.571681],[109.196556,12.572688],[109.196878,12.572836],[109.196049,12.575648],[109.195053,12.575426],[109.195075,12.575713],[109.195389,12.576146],[109.195608,12.576075],[109.196071,12.576908],[109.196622,12.576598],[109.196979,12.577282],[109.196496,12.577503],[109.196738,12.578092],[109.196506,12.578222],[109.197407,12.579962],[109.197846,12.579845],[109.198118,12.580522],[109.198684,12.580322],[109.199961,12.583337],[109.20023,12.583478],[109.200667,12.584821],[109.200902,12.584776],[109.201334,12.586904],[109.200934,12.58704],[109.201173,12.588456],[109.200255,12.588517],[109.203387,12.590475],[109.204082,12.594269],[109.204032,12.594387],[109.20147,12.595501],[109.201428,12.596777],[109.202175,12.597319],[109.202112,12.600097],[109.201606,12.600766],[109.201676,12.601239],[109.201788,12.60157],[109.202458,12.601459],[109.202705,12.602283],[109.200107,12.602707],[109.200366,12.604014],[109.199967,12.604186],[109.200464,12.605283],[109.201133,12.605938],[109.202091,12.606532],[109.202218,12.606793],[109.203572,12.607102],[109.203195,12.609478],[109.202617,12.609375],[109.202665,12.610775],[109.202863,12.61084],[109.202908,12.612395],[109.203697,12.613668],[109.203915,12.613605],[109.204225,12.613993],[109.20472,12.614112],[109.205169,12.614407],[109.205444,12.615659],[109.205416,12.616332],[109.205218,12.61719],[109.204948,12.617203],[109.204623,12.618233],[109.204815,12.618318],[109.204586,12.618933],[109.204158,12.618812],[109.202904,12.620416],[109.202405,12.620204],[109.201995,12.620757],[109.201101,12.621575],[109.200017,12.621051],[109.199669,12.621391],[109.198691,12.621035],[109.198802,12.62086],[109.198127,12.619947],[109.196227,12.621466],[109.195484,12.620614],[109.194341,12.621636],[109.194836,12.622173],[109.19435,12.622666],[109.194443,12.622792],[109.193715,12.623969],[109.193455,12.623914],[109.193093,12.625039],[109.191231,12.624439],[109.191089,12.624854],[109.191163,12.625606],[109.191012,12.626798],[109.190324,12.628931],[109.190285,12.629436],[109.19045,12.630782],[109.191296,12.633192],[109.192251,12.63539],[109.192677,12.637063],[109.193904,12.639237],[109.193982,12.639355],[109.194435,12.639141],[109.194743,12.639819],[109.195005,12.639725],[109.195286,12.640466],[109.194962,12.640693],[109.195118,12.640929],[109.195839,12.64057],[109.195929,12.640628],[109.196675,12.642424],[109.197607,12.643367],[109.197105,12.643978],[109.197205,12.644213],[109.198125,12.644834],[109.199645,12.645557],[109.200607,12.645759],[109.201353,12.644786],[109.202271,12.644133],[109.202771,12.644717],[109.201171,12.64606],[109.202006,12.647968],[109.202772,12.649022],[109.203593,12.649781],[109.205146,12.650138],[109.206192,12.649911],[109.207384,12.649854],[109.208138,12.649354],[109.208796,12.648709],[109.20895,12.648785],[109.209086,12.648574],[109.209001,12.648421],[109.20949,12.647703],[109.211428,12.646568],[109.213246,12.649352],[109.214635,12.648875],[109.215074,12.64967],[109.214563,12.649882],[109.214675,12.65017],[109.215005,12.650013],[109.215686,12.651374],[109.213849,12.652356],[109.213873,12.65247],[109.215062,12.652888],[109.21494,12.653344],[109.215009,12.653541],[109.215221,12.653424],[109.216179,12.653867],[109.215041,12.656268],[109.213646,12.656132],[109.213486,12.656872],[109.213735,12.656953],[109.213653,12.65747],[109.212963,12.657399],[109.212831,12.65811],[109.213148,12.65818],[109.213173,12.658385],[109.212906,12.658595],[109.212661,12.659226],[109.212472,12.659313],[109.212185,12.660689],[109.212061,12.660749],[109.211819,12.661304],[109.211531,12.661203],[109.211457,12.661695],[109.211307,12.661802],[109.210216,12.661712],[109.210113,12.662772],[109.210251,12.663974],[109.210207,12.665896],[109.21046,12.668066],[109.210545,12.668313],[109.21254,12.670882],[109.2162,12.674585],[109.218028,12.677267],[109.219572,12.679211],[109.220081,12.680178],[109.220659,12.680448],[109.221029,12.680831],[109.221922,12.682496],[109.223311,12.684328],[109.224243,12.685955],[109.224506,12.686145],[109.225358,12.686186],[109.22575,12.686972],[109.225839,12.687611],[109.225783,12.687783],[109.225215,12.688088],[109.225191,12.688204],[109.225809,12.690838],[109.226525,12.692032],[109.227993,12.693806],[109.229606,12.695296],[109.232335,12.697278],[109.233893,12.698225],[109.23451,12.698756],[109.234853,12.698935],[109.234968,12.698857],[109.235619,12.699071],[109.237391,12.700082],[109.238297,12.700373],[109.239548,12.701062],[109.241053,12.702161],[109.242915,12.702945],[109.245277,12.703592],[109.247196,12.703959],[109.247276,12.703539],[109.248221,12.703623],[109.248406,12.703407],[109.248727,12.703395],[109.248815,12.703439],[109.248753,12.703948],[109.249476,12.704046],[109.249869,12.703976],[109.249694,12.703035],[109.250777,12.702885],[109.250943,12.703237],[109.251888,12.703213],[109.251845,12.702058],[109.252678,12.702092],[109.252713,12.70225],[109.254215,12.702848],[109.254592,12.70214],[109.255947,12.702809],[109.256317,12.703206],[109.256417,12.703508],[109.25675,12.705425],[109.256594,12.705457],[109.256718,12.706545],[109.257506,12.707856],[109.258132,12.709217],[109.258386,12.709512],[109.259519,12.710539],[109.260124,12.710822],[109.261619,12.711198],[109.261997,12.710555],[109.264114,12.711946],[109.26412,12.712083],[109.263649,12.712553],[109.263011,12.712901],[109.262664,12.712953],[109.262848,12.713686],[109.263248,12.714052],[109.26337,12.714394],[109.26269,12.714987],[109.262725,12.716683],[109.263501,12.716957],[109.264559,12.716591],[109.26473,12.716996],[109.265275,12.716683],[109.265589,12.717122],[109.265491,12.717266],[109.265587,12.717387],[109.267288,12.718511],[109.268461,12.719464],[109.268783,12.719318],[109.269776,12.721291],[109.268749,12.721744],[109.269102,12.722971],[109.270371,12.722625],[109.270792,12.72369],[109.271359,12.723531],[109.271644,12.724145],[109.271921,12.724003],[109.275318,12.727431],[109.273701,12.72894],[109.275562,12.730737],[109.27566,12.730636],[109.275951,12.730871],[109.27584,12.731019],[109.277619,12.732616],[109.279393,12.730767],[109.281851,12.732602],[109.279899,12.735039],[109.28057,12.735613],[109.282999,12.732733],[109.284132,12.733697],[109.283696,12.734163],[109.285278,12.735593],[109.284762,12.736228],[109.285716,12.736729],[109.286424,12.736884],[109.286739,12.736757],[109.28849,12.738304],[109.287553,12.739263],[109.287635,12.73947],[109.288756,12.740114],[109.288601,12.7404],[109.289928,12.741636],[109.290055,12.741528],[109.291209,12.74267],[109.291701,12.742321],[109.292817,12.743806],[109.292061,12.744332],[109.292357,12.744772],[109.292695,12.744595],[109.29344,12.74574],[109.293198,12.745911],[109.293588,12.746524],[109.29346,12.74664],[109.294059,12.747708],[109.293984,12.747945],[109.294578,12.749084],[109.295027,12.749679],[109.294098,12.750477],[109.294712,12.751206],[109.295953,12.750012],[109.296926,12.751054],[109.298666,12.752585],[109.298877,12.752563],[109.299699,12.753312],[109.300084,12.752862],[109.300905,12.753644],[109.300983,12.753738],[109.300634,12.754068],[109.301301,12.754743],[109.300883,12.755199],[109.301612,12.75581],[109.301836,12.755572],[109.302352,12.756019],[109.301836,12.756529],[109.302651,12.757107],[109.302393,12.757483],[109.302427,12.757606],[109.30342,12.758695],[109.303513,12.758988],[109.304613,12.759953],[109.304373,12.760526],[109.304447,12.760729],[109.306193,12.761205],[109.307206,12.761633],[109.308159,12.761743],[109.308481,12.761884],[109.308399,12.762689],[109.308544,12.763316],[109.30879,12.763371],[109.308667,12.763133],[109.308682,12.762816],[109.308952,12.761865],[109.308443,12.761676],[109.308148,12.761308],[109.308026,12.760472],[109.308166,12.760365],[109.308757,12.760398],[109.309359,12.760602],[109.309577,12.760047],[109.310128,12.760328],[109.309998,12.760836],[109.310582,12.761065],[109.310704,12.760929],[109.311864,12.761639],[109.312031,12.761493],[109.312922,12.762012],[109.313437,12.762524],[109.313878,12.763152],[109.313316,12.763684],[109.313723,12.763929],[109.314524,12.764732],[109.314421,12.765271],[109.314866,12.765422],[109.316047,12.765469],[109.316755,12.764975],[109.317123,12.76509],[109.317777,12.765601],[109.318212,12.765783],[109.319653,12.765996],[109.320694,12.765715],[109.321167,12.765707],[109.321555,12.765308],[109.321611,12.765668],[109.322303,12.766052],[109.322806,12.766762],[109.323189,12.766919],[109.323807,12.766241],[109.324932,12.765316],[109.326409,12.768385],[109.326738,12.768416],[109.327654,12.769921],[109.327424,12.770035],[109.327715,12.770888],[109.32554,12.772188],[109.326823,12.774856],[109.327696,12.775959],[109.32693,12.776504],[109.326665,12.77686],[109.326898,12.777089],[109.32748,12.777047],[109.327699,12.7767],[109.328955,12.776998],[109.329568,12.7774],[109.329779,12.777788],[109.329656,12.778557],[109.329039,12.779584],[109.329021,12.780122],[109.329524,12.780448],[109.329274,12.780885],[109.32911,12.780861],[109.328872,12.781229],[109.329701,12.781466],[109.329493,12.78198],[109.329383,12.781964],[109.329145,12.782425],[109.329975,12.782738],[109.32991,12.783084],[109.33012,12.783278],[109.330053,12.783955],[109.329335,12.783897],[109.329139,12.78398],[109.32915,12.784642],[109.329542,12.784668],[109.329594,12.785161],[109.329161,12.785358],[109.329103,12.785835],[109.329699,12.788828],[109.329988,12.789708],[109.330341,12.789606],[109.330619,12.790255],[109.330501,12.790323],[109.330957,12.792268],[109.331482,12.792318],[109.331591,12.792534],[109.331454,12.792995],[109.330866,12.792961],[109.330998,12.793223],[109.33299,12.794486],[109.332949,12.794658],[109.333755,12.795149],[109.334103,12.794778],[109.334738,12.795206],[109.334483,12.795633],[109.334843,12.79582],[109.334922,12.796064],[109.335544,12.796486],[109.335473,12.796864],[109.335903,12.797082],[109.337134,12.797321],[109.337568,12.797139],[109.337663,12.796786],[109.338128,12.796839],[109.338168,12.797199],[109.339163,12.797554],[109.339192,12.797908],[109.339554,12.798095],[109.340347,12.798356],[109.340524,12.798029],[109.341364,12.79838],[109.341172,12.798948],[109.341783,12.799137],[109.342005,12.798748],[109.343299,12.799203],[109.343438,12.799563],[109.344482,12.79982],[109.344567,12.798789],[109.34471,12.798458],[109.345157,12.798477],[109.345258,12.798708],[109.34543,12.79874],[109.345564,12.798718],[109.345644,12.798426],[109.346389,12.79843],[109.346583,12.798809],[109.347681,12.798947],[109.347715,12.798408],[109.34843,12.798289],[109.348448,12.79901],[109.349055,12.799076],[109.349154,12.799851],[109.350034,12.799723],[109.34995,12.799362],[109.350681,12.799174],[109.350621,12.798819],[109.351046,12.798622],[109.35128,12.798769],[109.351558,12.799541],[109.352565,12.799001],[109.351997,12.798304],[109.352313,12.797952],[109.350821,12.796425],[109.351986,12.795793],[109.352352,12.796234],[109.352824,12.795929],[109.352507,12.795242],[109.353001,12.795276],[109.353238,12.794789],[109.353948,12.791847],[109.353707,12.791781],[109.353913,12.790861],[109.354711,12.791017],[109.355171,12.786504],[109.35544,12.786478],[109.355446,12.78554],[109.355098,12.785545],[109.355123,12.784663],[109.354972,12.783661],[109.35449,12.783572],[109.354528,12.783335],[109.354766,12.783137],[109.354745,12.782605],[109.354589,12.782465],[109.354627,12.780063],[109.353897,12.780068],[109.353838,12.778937],[109.354243,12.778939],[109.354263,12.777783],[109.354074,12.777523],[109.35399,12.777035],[109.353401,12.776994],[109.353355,12.776112],[109.354035,12.776059],[109.353784,12.773408],[109.354064,12.773099],[109.353936,12.770338],[109.353719,12.769963],[109.353248,12.769664],[109.353148,12.765421],[109.354371,12.765413],[109.3544,12.765008],[109.353155,12.764954],[109.353208,12.764472],[109.353765,12.764421],[109.353793,12.763928],[109.353179,12.763794],[109.353255,12.763245],[109.353461,12.763231],[109.353528,12.762256],[109.354253,12.762295],[109.3544,12.761216],[109.354578,12.76122],[109.354617,12.760478],[109.355239,12.758465],[109.356015,12.758641],[109.356293,12.757733],[109.355473,12.757545],[109.355846,12.756479],[109.356658,12.756734],[109.356951,12.755897],[109.357229,12.755877],[109.357768,12.756074],[109.358068,12.756033],[109.358712,12.754839],[109.359514,12.75232],[109.358677,12.752085],[109.358614,12.751935],[109.358884,12.751206],[109.359157,12.74973],[109.36018,12.746736],[109.360797,12.743914],[109.360641,12.743851],[109.361144,12.742656],[109.361508,12.741993],[109.362322,12.742353],[109.362703,12.741686],[109.363053,12.741779],[109.363235,12.741603],[109.363369,12.741183],[109.363093,12.740942],[109.363428,12.740279],[109.363925,12.740392],[109.364269,12.73993],[109.364236,12.739729],[109.363902,12.739354],[109.363962,12.739149],[109.364661,12.738048],[109.365186,12.73819],[109.365475,12.737962],[109.365565,12.737676],[109.365352,12.73745],[109.365363,12.737273],[109.365709,12.73659],[109.36603,12.736722],[109.366425,12.736247],[109.366474,12.735908],[109.366037,12.73572],[109.369022,12.729647],[109.369392,12.72897],[109.37125,12.726417],[109.372551,12.724158],[109.372758,12.723025],[109.374552,12.718253],[109.375431,12.717273],[109.375753,12.717117],[109.377987,12.717077],[109.378258,12.716883],[109.378615,12.716424],[109.379024,12.7155],[109.378875,12.715349],[109.379264,12.713935],[109.379634,12.713902],[109.37974,12.712402],[109.379488,12.711612],[109.378993,12.710915],[109.378726,12.710634],[109.3783,12.710437],[109.376785,12.708875],[109.374309,12.708387],[109.373966,12.707682],[109.373083,12.708134],[109.37285,12.707659],[109.372185,12.708152],[109.371738,12.708278],[109.369983,12.70839],[109.368852,12.708139],[109.368458,12.708007],[109.368007,12.707646],[109.367336,12.7063],[109.366465,12.705455],[109.365757,12.70408],[109.365565,12.703347],[109.365626,12.702967],[109.365934,12.702704],[109.366645,12.70245],[109.367294,12.70232],[109.36816,12.702382],[109.368532,12.702212],[109.368121,12.701835],[109.368839,12.701178],[109.368948,12.700747],[109.369755,12.701006],[109.369742,12.700276],[109.369102,12.700372],[109.369047,12.699715],[109.370241,12.699566],[109.370236,12.699294],[109.370061,12.699297],[109.369831,12.697812],[109.37085,12.697652],[109.37045,12.696441],[109.370538,12.695638],[109.370986,12.694571],[109.368298,12.691604],[109.366956,12.690858],[109.367182,12.690424],[109.365846,12.689859],[109.366098,12.689297],[109.365804,12.689158],[109.36547,12.69008],[109.364795,12.689805],[109.365088,12.689027],[109.36472,12.688861],[109.364261,12.690172],[109.363162,12.689846],[109.363228,12.689416],[109.362803,12.689308],[109.362719,12.689539],[109.362135,12.689448],[109.362211,12.688831],[109.361202,12.688633],[109.361208,12.688976],[109.359821,12.688899],[109.359784,12.689272],[109.35939,12.689293],[109.359395,12.688706],[109.358826,12.688672],[109.358733,12.68778],[109.357662,12.688383],[109.357382,12.68887],[109.357435,12.689357],[109.358379,12.6893],[109.358327,12.690809],[109.358172,12.69083],[109.358052,12.691749],[109.357819,12.691772],[109.357524,12.693138],[109.357309,12.693405],[109.357332,12.694366],[109.357111,12.694673],[109.356854,12.694843],[109.356386,12.694812],[109.354994,12.694301],[109.353149,12.692546],[109.352874,12.692099],[109.352686,12.690656],[109.35234,12.689929],[109.351493,12.688668],[109.350543,12.68755],[109.348842,12.685043],[109.34842,12.683555],[109.348231,12.682255],[109.347729,12.680795],[109.346639,12.678729],[109.346856,12.677884],[109.346723,12.676986],[109.347046,12.676802],[109.347442,12.675441],[109.346895,12.674175],[109.346206,12.673324],[109.346253,12.672879],[109.345962,12.672691],[109.346059,12.672254],[109.345945,12.671865],[109.345655,12.671455],[109.34425,12.668439],[109.344033,12.665805],[109.343809,12.665502],[109.342904,12.665209],[109.342108,12.665176],[109.341871,12.665619],[109.340191,12.665566],[109.337617,12.66362],[109.335389,12.662443],[109.333445,12.66241],[109.332924,12.662693],[109.332003,12.662817],[109.331363,12.663509],[109.330233,12.664162],[109.329941,12.66416],[109.329416,12.663905],[109.328829,12.663199],[109.328831,12.66299],[109.329571,12.662694],[109.331374,12.662863],[109.333181,12.661375],[109.333773,12.660238],[109.334286,12.65887],[109.334908,12.657748],[109.335313,12.657248],[109.336544,12.656646],[109.336794,12.65636],[109.337205,12.655007],[109.336997,12.654446],[109.337015,12.653908],[109.337709,12.651702],[109.338105,12.651504],[109.338688,12.651644],[109.339233,12.6522],[109.339479,12.65256],[109.340743,12.655847],[109.341314,12.656948],[109.342009,12.657828],[109.342817,12.658366],[109.343882,12.659416],[109.344249,12.659915],[109.3447,12.660913],[109.344935,12.660819],[109.34521,12.6604],[109.345871,12.660643],[109.346622,12.6606],[109.34756,12.661582],[109.347864,12.661344],[109.348943,12.661781],[109.348792,12.662469],[109.34922,12.662625],[109.349101,12.662892],[109.34944,12.663172],[109.349586,12.663173],[109.349618,12.662742],[109.350593,12.662634],[109.350877,12.662454],[109.350723,12.662156],[109.352103,12.661275],[109.352277,12.661458],[109.352913,12.66106],[109.352807,12.660887],[109.353483,12.660164],[109.353933,12.658804],[109.354312,12.65865],[109.354579,12.656787],[109.354853,12.655927],[109.354644,12.65424],[109.354381,12.653437],[109.354421,12.653043],[109.354679,12.65265],[109.355424,12.652212],[109.355717,12.65219],[109.358077,12.652635],[109.358492,12.652362],[109.359162,12.652318],[109.359639,12.652106],[109.359944,12.651905],[109.36051,12.651143],[109.361534,12.650934],[109.362206,12.650543],[109.362258,12.650006],[109.36145,12.648876],[109.361041,12.647965],[109.360623,12.646791],[109.360661,12.646444],[109.363758,12.642314],[109.363956,12.642158],[109.364234,12.642174],[109.365038,12.643205],[109.366048,12.644115],[109.366879,12.645548],[109.367918,12.646559],[109.367989,12.646803],[109.367573,12.647941],[109.365169,12.651421],[109.36462,12.652731],[109.364747,12.653442],[109.365145,12.653954],[109.366476,12.654902],[109.366923,12.654797],[109.367643,12.65412],[109.368038,12.654129],[109.368263,12.654281],[109.368627,12.654585],[109.368632,12.654958],[109.369069,12.65509],[109.370138,12.655886],[109.370483,12.656799],[109.370595,12.657661],[109.370718,12.65891],[109.370506,12.660129],[109.370307,12.660393],[109.36986,12.660512],[109.368621,12.661215],[109.36804,12.66185],[109.367905,12.662272],[109.368441,12.663129],[109.368343,12.663531],[109.367314,12.664457],[109.36626,12.665986],[109.366185,12.666532],[109.366855,12.666388],[109.367045,12.667864],[109.366523,12.667987],[109.36666,12.668332],[109.367025,12.668581],[109.367466,12.669387],[109.367852,12.669555],[109.368272,12.670189],[109.367962,12.671751],[109.36796,12.672081],[109.368155,12.672513],[109.369223,12.673481],[109.370555,12.674185],[109.37168,12.674257],[109.371938,12.673985],[109.372501,12.673874],[109.37288,12.674077],[109.373486,12.67411],[109.373703,12.67447],[109.374156,12.674437],[109.374428,12.674281],[109.374701,12.673801],[109.375229,12.6724],[109.375867,12.671692],[109.377104,12.67092],[109.379957,12.669882],[109.383133,12.670019],[109.383574,12.669861],[109.383929,12.670061],[109.385069,12.670202],[109.385971,12.67063],[109.387605,12.67086],[109.388958,12.67081],[109.390331,12.670431],[109.391194,12.669607],[109.392626,12.668796],[109.393257,12.668892],[109.393547,12.669104],[109.394125,12.670013],[109.394711,12.67216],[109.394223,12.672679],[109.393478,12.674542],[109.39252,12.675168],[109.391529,12.676264],[109.391012,12.677538],[109.390923,12.678091],[109.391659,12.677864],[109.392407,12.679899],[109.392198,12.680038],[109.393047,12.681045],[109.393802,12.682374],[109.393516,12.682741],[109.394008,12.683662],[109.393864,12.683957],[109.394622,12.684452],[109.394657,12.684648],[109.39516,12.6853],[109.395053,12.684779],[109.395933,12.6845],[109.396409,12.684201],[109.396748,12.683117],[109.396821,12.682718],[109.39658,12.682165],[109.396492,12.68132],[109.396525,12.68114],[109.396733,12.681074],[109.396602,12.68086],[109.396704,12.680444],[109.396449,12.680244],[109.396644,12.679909],[109.396803,12.679857],[109.396971,12.679406],[109.39703,12.678841],[109.396917,12.678468],[109.397142,12.677948],[109.396921,12.677751],[109.396948,12.677535],[109.397337,12.677024],[109.398109,12.676369],[109.400467,12.675464],[109.40083,12.67512],[109.40124,12.673925],[109.401826,12.672929],[109.401665,12.671984],[109.401806,12.671998],[109.402301,12.670264],[109.403365,12.669187],[109.404518,12.668964],[109.404886,12.669139],[109.405284,12.670934],[109.405627,12.671621],[109.405915,12.671733],[109.406407,12.671294],[109.407286,12.668427],[109.407092,12.668402],[109.407494,12.665422],[109.407503,12.662702],[109.407616,12.661938],[109.407371,12.661363],[109.407853,12.661174],[109.40875,12.659225],[109.408789,12.658603],[109.408592,12.658272],[109.408635,12.657958],[109.408849,12.657694],[109.409201,12.657628],[109.409269,12.657442],[109.409022,12.656396],[109.409157,12.656013],[109.409308,12.655828],[109.409687,12.655703],[109.409887,12.6553],[109.409691,12.654506],[109.409736,12.654192],[109.409879,12.653989],[109.410449,12.654012],[109.41118,12.653713],[109.41144,12.653488],[109.411833,12.652456],[109.411393,12.652236],[109.411412,12.649458],[109.410841,12.648084],[109.411396,12.647836],[109.411121,12.647399],[109.410866,12.647415],[109.410138,12.646771],[109.409875,12.645594],[109.410357,12.645336],[109.410091,12.64472],[109.409073,12.644868],[109.408849,12.644371],[109.408712,12.644373],[109.408339,12.643138],[109.409024,12.642939],[109.408882,12.64238],[109.409333,12.642214],[109.409257,12.641452],[109.407685,12.640773],[109.40756,12.641001],[109.407039,12.640809],[109.407141,12.640587],[109.406816,12.640458],[109.406246,12.640586],[109.405898,12.640201],[109.405399,12.640193],[109.405265,12.640073],[109.405503,12.639525],[109.40665,12.639353],[109.406844,12.638958],[109.407142,12.639305],[109.407591,12.639389],[109.407809,12.639288],[109.40821,12.638763],[109.408607,12.638825],[109.408667,12.639215],[109.408823,12.639211],[109.408836,12.639331],[109.409213,12.639253],[109.409543,12.638974],[109.40979,12.638308],[109.409838,12.637679],[109.409415,12.635853],[109.409091,12.635569],[109.408747,12.635635],[109.40858,12.635471],[109.409427,12.634503],[109.409108,12.633966],[109.408249,12.633345],[109.407442,12.633277],[109.406678,12.634297],[109.406468,12.634429],[109.405892,12.634507],[109.40514,12.634279],[109.40501,12.634352],[109.404852,12.634841],[109.404175,12.634925],[109.403874,12.634428],[109.403488,12.634132],[109.403383,12.633667],[109.403051,12.633592],[109.402617,12.633852],[109.402737,12.634249],[109.402635,12.634427],[109.402149,12.634584],[109.401966,12.634845],[109.401793,12.634632],[109.401671,12.63491],[109.401429,12.634964],[109.401263,12.634679],[109.400979,12.634578],[109.400921,12.634275],[109.40163,12.633411],[109.401956,12.633455],[109.402058,12.633062],[109.401714,12.63246],[109.400946,12.631882],[109.400411,12.631778],[109.399921,12.632335],[109.399787,12.632869],[109.399397,12.633178],[109.399049,12.633157],[109.398241,12.632403],[109.397607,12.632377],[109.397076,12.632593],[109.396973,12.633144],[109.396776,12.633299],[109.39665,12.633055],[109.396726,12.632523],[109.396082,12.631956],[109.395343,12.631954],[109.393031,12.631009],[109.392452,12.631196],[109.391634,12.631119],[109.391399,12.630865],[109.391052,12.63081],[109.390539,12.630472],[109.390023,12.629569],[109.389872,12.628772],[109.390367,12.627254],[109.390452,12.626657],[109.390865,12.626457],[109.391332,12.625408],[109.391674,12.625319],[109.392098,12.624932],[109.392081,12.624286],[109.392399,12.623494],[109.392552,12.623525],[109.392699,12.623303],[109.393762,12.622596],[109.393876,12.622307],[109.394237,12.621987],[109.394361,12.621417],[109.394761,12.621308],[109.395269,12.620611],[109.395319,12.619707],[109.395603,12.619372],[109.395765,12.618458],[109.396027,12.618118],[109.395919,12.617417],[109.396309,12.616745],[109.396367,12.616138],[109.397072,12.614533],[109.397168,12.614508],[109.3972,12.614019],[109.39755,12.61335],[109.397659,12.612689],[109.397765,12.612658],[109.397477,12.612206],[109.39761,12.611982],[109.397765,12.610475],[109.398066,12.609915],[109.397794,12.609223],[109.397904,12.608866],[109.397862,12.608481],[109.398043,12.608128],[109.397377,12.607259],[109.398359,12.606299],[109.398589,12.606418],[109.39891,12.606288],[109.399039,12.605884],[109.399569,12.605758],[109.400156,12.605984],[109.400333,12.606315],[109.400274,12.606601],[109.400517,12.606893],[109.400879,12.606946],[109.400901,12.607568],[109.401133,12.607903],[109.403025,12.607958],[109.40333,12.607868],[109.403591,12.607434],[109.403611,12.607062],[109.403442,12.606915],[109.403465,12.606456],[109.403962,12.60603],[109.40417,12.605669],[109.404161,12.605482],[109.403984,12.605555],[109.403984,12.605352],[109.404234,12.605403],[109.404399,12.605178],[109.404683,12.605201],[109.404835,12.604678],[109.405142,12.604201],[109.405169,12.603779],[109.405425,12.603389],[109.405562,12.602833],[109.406646,12.602245],[109.407395,12.602488],[109.40774,12.601974],[109.408193,12.602135],[109.408623,12.602814],[109.408798,12.603725],[109.409084,12.603787],[109.409435,12.604379],[109.410112,12.604543],[109.410456,12.605069],[109.41072,12.605176],[109.411765,12.605146],[109.412303,12.604811],[109.412851,12.604643],[109.413463,12.604056],[109.414424,12.603431],[109.414775,12.602987],[109.414898,12.602629],[109.414622,12.602512],[109.414474,12.602013],[109.415104,12.601066],[109.415391,12.600304],[109.415391,12.599253],[109.415074,12.598691],[109.41536,12.598264],[109.415131,12.598293],[109.414888,12.598131],[109.414731,12.597484],[109.414344,12.597169],[109.414479,12.596666],[109.414221,12.595959],[109.4139,12.59616],[109.413887,12.595447],[109.413681,12.595488],[109.413719,12.595193],[109.413575,12.595111],[109.413659,12.594985],[109.413585,12.594703],[109.41371,12.594539],[109.413542,12.594253],[109.413736,12.593695],[109.413846,12.593661],[109.413885,12.593047],[109.414308,12.5925],[109.414083,12.591826],[109.414797,12.59135],[109.414807,12.590941],[109.414952,12.590867],[109.414823,12.590819],[109.414855,12.590671],[109.415027,12.590733],[109.415227,12.590389],[109.415128,12.590047],[109.415245,12.589671],[109.414324,12.588667],[109.413945,12.58844],[109.413734,12.588379],[109.413493,12.588477],[109.413435,12.588992],[109.413312,12.589011],[109.413232,12.58861],[109.412944,12.588498],[109.412966,12.588119],[109.412864,12.588038],[109.413102,12.587696],[109.413107,12.587258],[109.412626,12.586759],[109.41232,12.586666],[109.412444,12.586387],[109.412219,12.586323],[109.412215,12.585809],[109.412543,12.58499],[109.412514,12.584336],[109.412605,12.584129],[109.412994,12.584426],[109.413375,12.585017],[109.413713,12.585211],[109.414167,12.585176],[109.414866,12.584702],[109.4148,12.584298],[109.414953,12.584324],[109.415044,12.584191],[109.415013,12.583954],[109.414825,12.583888],[109.415039,12.583612],[109.414729,12.580612],[109.415111,12.579803],[109.415277,12.577969],[109.415359,12.577737],[109.415549,12.577628],[109.415695,12.577011],[109.415925,12.57717],[109.415989,12.576936],[109.416264,12.576804],[109.416361,12.576537],[109.41642,12.576741],[109.416596,12.576694],[109.416787,12.576895],[109.416904,12.576857],[109.416925,12.576647],[109.417088,12.576662],[109.417145,12.577047],[109.417385,12.576727],[109.417472,12.577055],[109.417652,12.576961],[109.417766,12.577204],[109.417888,12.576783],[109.418274,12.576517],[109.418278,12.576107],[109.4185,12.576088],[109.418558,12.575838],[109.418751,12.575788],[109.418918,12.575933],[109.41884,12.576263],[109.419038,12.576174],[109.419091,12.576316],[109.419244,12.576197],[109.419383,12.576743],[109.419577,12.576554],[109.419845,12.577065],[109.419879,12.57686],[109.420067,12.576796],[109.420258,12.577412],[109.42054,12.577452],[109.420881,12.577149],[109.420924,12.576832],[109.421462,12.576285],[109.421556,12.576348],[109.422674,12.574808],[109.423201,12.574374],[109.423754,12.57411],[109.423959,12.574172],[109.424075,12.573837],[109.424411,12.573856],[109.425169,12.573419],[109.425441,12.573478],[109.425748,12.573892],[109.425672,12.574318],[109.425887,12.574723],[109.42687,12.575439],[109.426798,12.576054],[109.427399,12.576149],[109.428016,12.575897],[109.428358,12.575187],[109.428194,12.575066],[109.428315,12.57478],[109.428172,12.574616],[109.428478,12.574102],[109.428458,12.573688],[109.428559,12.573285],[109.428763,12.573103],[109.428681,12.572861],[109.428942,12.572085],[109.429757,12.570798],[109.429913,12.570335],[109.430548,12.569603],[109.430637,12.569229],[109.430834,12.569211],[109.430768,12.568938],[109.430981,12.568323],[109.431673,12.567307],[109.431916,12.567202],[109.432281,12.566294],[109.432147,12.565888],[109.432314,12.564814],[109.431776,12.564616],[109.431923,12.564268],[109.431661,12.563951],[109.431637,12.563719],[109.431706,12.563448],[109.432061,12.563122],[109.431966,12.562829],[109.432111,12.562554],[109.432328,12.56257],[109.432394,12.562339],[109.432706,12.562528],[109.432654,12.562856],[109.432879,12.562967],[109.433291,12.564126],[109.433629,12.564506],[109.434108,12.564647],[109.434555,12.564355],[109.434634,12.564598],[109.434868,12.564347],[109.435139,12.564308],[109.435327,12.564416],[109.435785,12.564136],[109.435921,12.56439],[109.43621,12.564303],[109.436201,12.564536],[109.436648,12.56478],[109.436484,12.565027],[109.436902,12.564997],[109.437347,12.565453],[109.437336,12.565685],[109.437514,12.565739],[109.437528,12.565994],[109.437785,12.56629],[109.438003,12.566468],[109.438273,12.566475],[109.438108,12.566751],[109.438458,12.56655],[109.438493,12.567092],[109.438812,12.567212],[109.438936,12.567148],[109.439115,12.567345],[109.439111,12.567563],[109.439446,12.567508],[109.439865,12.567729],[109.440367,12.568306],[109.440517,12.568947],[109.440458,12.57162],[109.440074,12.572025],[109.44042,12.571996],[109.440539,12.572269],[109.440279,12.57256],[109.439833,12.572644],[109.439588,12.572842],[109.439314,12.573265],[109.439225,12.573737],[109.439393,12.574344],[109.439923,12.574354],[109.439994,12.574688],[109.439774,12.574848],[109.439765,12.575074],[109.439978,12.575499],[109.44049,12.576047],[109.440642,12.576544],[109.440693,12.577756],[109.440584,12.578042],[109.440767,12.578247],[109.4407,12.578826],[109.440496,12.578966],[109.440262,12.579583],[109.440257,12.579724],[109.440392,12.579781],[109.440376,12.580023],[109.439758,12.580735],[109.439598,12.580709],[109.439573,12.580508],[109.439807,12.580158],[109.438964,12.580613],[109.438808,12.581323],[109.438065,12.582014],[109.437803,12.58299],[109.437636,12.583072],[109.437059,12.583009],[109.436827,12.583169],[109.436183,12.584299],[109.435552,12.585058],[109.435369,12.585555],[109.435468,12.586072],[109.435695,12.586403],[109.435697,12.586853],[109.43606,12.587195],[109.43647,12.587905],[109.43718,12.588493],[109.437836,12.588206],[109.438248,12.588266],[109.43847,12.588497],[109.43857,12.58898],[109.43844,12.589087],[109.438236,12.589026],[109.43821,12.589197],[109.437729,12.589571],[109.437491,12.589152],[109.43733,12.589159],[109.436765,12.589661],[109.436742,12.589942],[109.436392,12.589943],[109.436095,12.590264],[109.436148,12.592052],[109.436422,12.592598],[109.436649,12.592195],[109.436599,12.592545],[109.436762,12.592684],[109.43659,12.592868],[109.436587,12.593418],[109.436042,12.593921],[109.43569,12.594845],[109.435067,12.594982],[109.434305,12.595638],[109.434192,12.595644],[109.433841,12.595187],[109.433494,12.595382],[109.433196,12.595133],[109.432104,12.595195],[109.43096,12.595766],[109.429969,12.595977],[109.429539,12.596312],[109.429483,12.596479],[109.429827,12.597069],[109.430172,12.597215],[109.429947,12.597977],[109.429667,12.598121],[109.429548,12.598395],[109.429525,12.598639],[109.429687,12.59898],[109.429597,12.599468],[109.429783,12.600656],[109.429756,12.600807],[109.429393,12.601121],[109.429419,12.601383],[109.429934,12.60189],[109.430304,12.602],[109.430856,12.601727],[109.431139,12.601334],[109.431172,12.601683],[109.431473,12.601868],[109.431277,12.602118],[109.431437,12.602487],[109.431874,12.602741],[109.431854,12.602902],[109.431415,12.603091],[109.431607,12.603692],[109.432342,12.604062],[109.432832,12.603993],[109.433094,12.60426],[109.433642,12.604227],[109.434089,12.604457],[109.434305,12.604215],[109.434729,12.604072],[109.434783,12.604451],[109.43452,12.605067],[109.434326,12.605198],[109.434348,12.605467],[109.434785,12.605842],[109.435262,12.605739],[109.435609,12.606013],[109.435467,12.606433],[109.435727,12.606545],[109.435718,12.606675],[109.434972,12.606955],[109.434496,12.606675],[109.433517,12.607453],[109.433315,12.607749],[109.433368,12.608623],[109.433775,12.60982],[109.433493,12.610488],[109.433809,12.610681],[109.433607,12.610977],[109.433555,12.612192],[109.4343,12.612821],[109.434904,12.613111],[109.436111,12.612942],[109.436534,12.613082],[109.4368,12.614366],[109.436099,12.615728],[109.435087,12.616285],[109.434752,12.616854],[109.435082,12.617256],[109.43517,12.617786],[109.435439,12.617999],[109.435545,12.618505],[109.435517,12.618732],[109.435155,12.618951],[109.435175,12.619181],[109.4354,12.619354],[109.436475,12.619393],[109.436513,12.619796],[109.435961,12.620145],[109.436053,12.620953],[109.435888,12.621447],[109.434812,12.621895],[109.435012,12.622271],[109.435386,12.622323],[109.435714,12.622534],[109.435854,12.623123],[109.435561,12.623125],[109.435358,12.623343],[109.434979,12.623116],[109.435108,12.623388],[109.434996,12.623548],[109.434309,12.623718],[109.433796,12.624119],[109.43357,12.62411],[109.433024,12.623803],[109.432637,12.624017],[109.432737,12.624311],[109.433019,12.624394],[109.432692,12.624645],[109.432714,12.624991],[109.432982,12.625273],[109.433041,12.625055],[109.433303,12.625171],[109.433043,12.625618],[109.4331,12.625831],[109.433414,12.626051],[109.433758,12.626054],[109.433865,12.626302],[109.434389,12.626816],[109.434436,12.627514],[109.435166,12.628118],[109.43552,12.628175],[109.435791,12.628616],[109.43575,12.628906],[109.436119,12.629321],[109.436165,12.629633],[109.436813,12.630785],[109.436896,12.631189],[109.436857,12.631619],[109.436087,12.63269],[109.435705,12.633061],[109.435201,12.63308],[109.434615,12.633356],[109.434256,12.634074],[109.434058,12.634145],[109.434247,12.63724],[109.434734,12.639749],[109.435421,12.642399],[109.43659,12.645381],[109.437723,12.647241],[109.438166,12.647694],[109.439073,12.648188],[109.439585,12.64741],[109.44045,12.647195],[109.44158,12.647426],[109.441996,12.647432],[109.442159,12.647265],[109.442516,12.647307],[109.443918,12.647911],[109.445277,12.647722],[109.445873,12.648007],[109.446054,12.648572],[109.446624,12.649227],[109.446634,12.649594],[109.447123,12.650078],[109.447381,12.650052],[109.447825,12.649694],[109.448146,12.649884],[109.44831,12.649608],[109.448737,12.649398],[109.449099,12.648842],[109.449484,12.648827],[109.449717,12.648942],[109.449977,12.648832],[109.450654,12.649051],[109.450917,12.649006],[109.451432,12.649834],[109.451636,12.649939],[109.452077,12.649904],[109.452651,12.649663],[109.453092,12.649754],[109.453353,12.649971],[109.453461,12.650509],[109.453698,12.650678],[109.453964,12.650541],[109.454335,12.650558],[109.454738,12.650179],[109.454771,12.649995],[109.455132,12.649744],[109.455846,12.648449],[109.456427,12.647855],[109.456541,12.647557],[109.456766,12.647759],[109.457619,12.647749],[109.457587,12.648178],[109.45778,12.648421],[109.458003,12.648303],[109.458058,12.648587],[109.458251,12.648622],[109.458637,12.649016],[109.459424,12.649344],[109.459851,12.649208],[109.46,12.648728],[109.460475,12.648168],[109.461183,12.647908],[109.461418,12.64804],[109.461766,12.648476],[109.460983,12.650326],[109.460665,12.650708],[109.460275,12.651112],[109.459732,12.651042],[109.458841,12.651198],[109.458145,12.651741],[109.458082,12.651931],[109.457861,12.651881],[109.457595,12.652071],[109.457135,12.652967],[109.45732,12.653446],[109.457255,12.653841],[109.457736,12.654793],[109.457731,12.655244],[109.458173,12.656151],[109.45801,12.656325],[109.458016,12.656564],[109.45836,12.657161],[109.458667,12.657445],[109.45902,12.657449],[109.459433,12.657864],[109.459548,12.658163],[109.459785,12.658365],[109.459761,12.658622],[109.459916,12.658801],[109.459999,12.659238],[109.459662,12.659918],[109.45939,12.660117],[109.458831,12.659842],[109.458481,12.659354],[109.457657,12.659773],[109.457263,12.660705],[109.456627,12.661482],[109.456508,12.661824],[109.456422,12.663118],[109.456162,12.663558],[109.455708,12.66377],[109.455094,12.664349],[109.454485,12.664329],[109.454304,12.664457],[109.454468,12.665308],[109.454294,12.665649],[109.454292,12.665994],[109.453967,12.666351],[109.454023,12.667095],[109.454186,12.667351],[109.453726,12.667948],[109.45395,12.668202],[109.453572,12.668519],[109.453059,12.668193],[109.452677,12.66845],[109.452444,12.668419],[109.452273,12.668537],[109.452039,12.668431],[109.451278,12.668665],[109.45093,12.668611],[109.450441,12.667651],[109.450447,12.667317],[109.449831,12.667091],[109.449243,12.667108],[109.449006,12.66751],[109.448731,12.667631],[109.448131,12.667658],[109.447846,12.667341],[109.44781,12.667593],[109.447685,12.667667],[109.4471,12.667643],[109.446758,12.667177],[109.446733,12.666842],[109.446458,12.666363],[109.445611,12.665661],[109.445282,12.665741],[109.444745,12.665055],[109.444428,12.664414],[109.444088,12.66436],[109.444152,12.664634],[109.444067,12.66467],[109.443458,12.664118],[109.443072,12.664026],[109.442447,12.66407],[109.442124,12.664272],[109.442122,12.664583],[109.441323,12.665526],[109.440607,12.667366],[109.440589,12.668443],[109.440333,12.668933],[109.440759,12.669907],[109.44131,12.669955],[109.441393,12.670106],[109.441273,12.67058],[109.440983,12.670671],[109.440803,12.670957],[109.440843,12.671659],[109.440377,12.671985],[109.439942,12.671752],[109.439922,12.671576],[109.439571,12.671744],[109.439469,12.671392],[109.439014,12.671298],[109.438779,12.671461],[109.438383,12.670852],[109.438022,12.670904],[109.437999,12.670256],[109.437365,12.66981],[109.437257,12.670126],[109.436636,12.670274],[109.436414,12.669809],[109.436431,12.668696],[109.436269,12.668503],[109.435673,12.668278],[109.435259,12.668181],[109.434955,12.668348],[109.434332,12.668428],[109.433655,12.668118],[109.432966,12.668311],[109.432488,12.668734],[109.430904,12.667674],[109.430132,12.667575],[109.4297,12.667635],[109.428896,12.668656],[109.428116,12.669061],[109.427952,12.668976],[109.427866,12.66807],[109.426947,12.668208],[109.426637,12.668424],[109.425836,12.669273],[109.421355,12.675039],[109.417462,12.680564],[109.416397,12.682217],[109.416066,12.682931],[109.415743,12.683252],[109.413708,12.687118],[109.413065,12.687992],[109.412504,12.689398],[109.411934,12.689969],[109.411353,12.691487],[109.410667,12.69272],[109.410718,12.69321],[109.410577,12.694153],[109.41083,12.695153],[109.411133,12.695688],[109.411747,12.69652],[109.412128,12.696819],[109.412379,12.696472],[109.413362,12.69602],[109.41366,12.696082],[109.414057,12.696415],[109.414186,12.696653],[109.414346,12.697985],[109.414235,12.698176],[109.414419,12.698387],[109.414523,12.69896],[109.414751,12.699439],[109.41519,12.699855],[109.415384,12.700347],[109.415648,12.70051],[109.417004,12.702602],[109.41697,12.702862],[109.417238,12.703672],[109.417469,12.70391],[109.417453,12.704122],[109.416705,12.704521],[109.416482,12.70437],[109.416184,12.70441],[109.415965,12.704155],[109.415886,12.704307],[109.414068,12.703523],[109.414002,12.703369],[109.413545,12.703372],[109.413447,12.703126],[109.411587,12.701607],[109.411285,12.700801],[109.411104,12.700599],[109.409278,12.700024],[109.408316,12.699958],[109.406032,12.700078],[109.404775,12.700771],[109.40318,12.702044],[109.401641,12.703902],[109.400801,12.705433],[109.399881,12.706555],[109.399591,12.707287],[109.398369,12.709017],[109.398031,12.70968],[109.397545,12.710164],[109.393685,12.716242],[109.393373,12.717021],[109.392609,12.717916],[109.392177,12.718945],[109.391157,12.720614],[109.39043,12.721445],[109.390051,12.722479],[109.38938,12.723499],[109.388564,12.725121],[109.38775,12.726257],[109.386452,12.728854],[109.384312,12.732578],[109.384118,12.733249],[109.383283,12.734624],[109.382702,12.73591],[109.382293,12.736478],[109.381496,12.737981],[109.381145,12.73899],[109.379756,12.74143],[109.379198,12.742882],[109.378534,12.743843],[109.377468,12.746248],[109.377124,12.747167],[109.377045,12.74779],[109.37566,12.75027],[109.372849,12.757302],[109.37228,12.758308],[109.371573,12.760188],[109.370239,12.763125],[109.369925,12.764164],[109.368913,12.766412],[109.367645,12.769991],[109.366662,12.771888],[109.366658,12.772464],[109.365364,12.775812],[109.365249,12.776592],[109.364915,12.777159],[109.364117,12.779783],[109.363595,12.781055],[109.362971,12.783356],[109.362248,12.785138],[109.361716,12.787446],[109.36093,12.789916],[109.360334,12.7928],[109.359799,12.794605],[109.359526,12.797464],[109.359154,12.799319],[109.359187,12.800488],[109.358914,12.803406],[109.359018,12.806278],[109.358901,12.807733],[109.359051,12.808616],[109.359005,12.810255],[109.359136,12.810881],[109.35949,12.810747],[109.359858,12.810918],[109.359963,12.811575],[109.359764,12.81251],[109.359889,12.812928],[109.361061,12.813745],[109.361552,12.813684],[109.361848,12.814116],[109.362256,12.814262],[109.363094,12.814248],[109.364677,12.813472],[109.365276,12.81339],[109.36583,12.813581],[109.366062,12.813826],[109.366204,12.81423],[109.366084,12.814935],[109.365482,12.815503],[109.36436,12.815685],[109.363816,12.815571],[109.363032,12.814979],[109.362574,12.815061],[109.362029,12.815337],[109.361883,12.815528],[109.361739,12.816384],[109.361294,12.817153],[109.360504,12.817871],[109.35902,12.818364],[109.358308,12.818334],[109.357666,12.818061],[109.357134,12.818975],[109.357067,12.819517],[109.357296,12.822049],[109.357154,12.822341],[109.357573,12.823252],[109.358271,12.824285],[109.358127,12.824891],[109.358476,12.825389],[109.359688,12.829149],[109.36099,12.831789],[109.361531,12.83266],[109.363308,12.834946],[109.364418,12.836116],[109.365451,12.836934],[109.366277,12.837108],[109.366416,12.837294],[109.366551,12.83712],[109.366509,12.836873],[109.366254,12.836739],[109.366277,12.836638],[109.366624,12.836655],[109.367286,12.836045],[109.368624,12.835512],[109.369784,12.835874],[109.370242,12.836225],[109.370575,12.83626],[109.371467,12.83676],[109.37206,12.836742],[109.373786,12.836175],[109.374884,12.83653],[109.37649,12.836411],[109.377366,12.836811],[109.378063,12.837504],[109.378952,12.837848],[109.37948,12.838513],[109.380965,12.839068],[109.381746,12.839178],[109.383235,12.839901],[109.383872,12.840472],[109.384437,12.840755],[109.385209,12.840972],[109.385861,12.840946],[109.386429,12.841643],[109.38726,12.842103],[109.388088,12.842311],[109.388224,12.84274],[109.387258,12.843419],[109.376722,12.853573],[109.376191,12.854198],[109.376096,12.854934],[109.375413,12.855477],[109.375325,12.855896],[109.375049,12.856258],[109.374995,12.856784],[109.374071,12.858094],[109.374274,12.858683],[109.374123,12.859333],[109.373193,12.859841],[109.372594,12.860633],[109.372099,12.862377],[109.371697,12.862887],[109.371716,12.863141],[109.371982,12.86356],[109.371903,12.86393],[109.371482,12.864255],[109.370922,12.864319],[109.370021,12.86477],[109.369436,12.865549],[109.368932,12.865899],[109.368954,12.866361],[109.368861,12.866477],[109.368321,12.866599],[109.36772,12.867018],[109.367279,12.866983],[109.36694,12.867171],[109.366365,12.868154],[109.365747,12.868652],[109.365634,12.869069],[109.364918,12.868082],[109.36482,12.867547],[109.364479,12.867463],[109.36422,12.867248],[109.364126,12.866667],[109.363807,12.866596],[109.363559,12.866392],[109.362453,12.86498],[109.361648,12.86474],[109.361785,12.863905],[109.362281,12.863378],[109.361966,12.862847],[109.362702,12.862274],[109.362933,12.861697],[109.362211,12.860542],[109.361748,12.860072],[109.361652,12.859785],[109.361456,12.859758],[109.361102,12.859951],[109.360598,12.859492],[109.359755,12.859492],[109.359514,12.859032],[109.359177,12.858705],[109.358439,12.858669],[109.357426,12.857984],[109.357159,12.858172],[109.356884,12.858735],[109.356114,12.859394],[109.354722,12.859467],[109.354272,12.859114],[109.353927,12.858273],[109.352282,12.858069],[109.351898,12.858124],[109.351578,12.857805],[109.351033,12.857851],[109.35067,12.857585],[109.349311,12.857234],[109.349038,12.856407],[109.34848,12.856172],[109.34685,12.854979],[109.346327,12.855025],[109.345938,12.854921],[109.344478,12.854101],[109.3443,12.853198],[109.344103,12.853062],[109.343629,12.853067],[109.343369,12.852839],[109.343204,12.852362],[109.34282,12.852229],[109.342659,12.851811],[109.341722,12.85074],[109.341737,12.849831],[109.341938,12.849209],[109.341224,12.847961],[109.340965,12.847744],[109.340604,12.847734],[109.340183,12.848351],[109.339078,12.849296],[109.338487,12.85018],[109.338445,12.849706],[109.337722,12.849153],[109.3365,12.848857],[109.335013,12.848954],[109.333604,12.848454],[109.33313,12.848594],[109.33262,12.848524],[109.331832,12.848663],[109.331213,12.849573],[109.330353,12.849991],[109.329639,12.848824],[109.32891,12.848272],[109.328546,12.844397],[109.327957,12.84343],[109.327338,12.842762],[109.327005,12.84136],[109.326566,12.840896],[109.325437,12.840657],[109.324294,12.840796],[109.322772,12.839692],[109.321371,12.839553],[109.320834,12.837549],[109.320839,12.836321],[109.320733,12.836098],[109.320441,12.835898],[109.320017,12.835917],[109.318993,12.836683],[109.318192,12.837036],[109.31764,12.837481],[109.316933,12.837641],[109.316215,12.838753],[109.315465,12.83907],[109.315281,12.839254],[109.315336,12.839722],[109.31563,12.840451],[109.315443,12.841146],[109.31567,12.841574],[109.315508,12.841908],[109.315467,12.842702],[109.314928,12.844042],[109.314286,12.843275],[109.31289,12.843179],[109.312329,12.843346],[109.311614,12.843155],[109.310672,12.84247],[109.310664,12.841721],[109.310153,12.840909],[109.309641,12.840562],[109.308796,12.840305],[109.307542,12.839359],[109.306653,12.839484],[109.302811,12.839467],[109.302586,12.839725],[109.302297,12.840564],[109.301961,12.840879],[109.300539,12.841718],[109.300194,12.841787],[109.299632,12.841652],[109.298238,12.840948],[109.297776,12.840426],[109.297439,12.839569],[109.296738,12.839335],[109.296375,12.839018],[109.296144,12.837977],[109.295975,12.837705],[109.294807,12.837086],[109.293925,12.837024],[109.293399,12.836826],[109.292968,12.836442],[109.292506,12.835709],[109.292252,12.835542],[109.291507,12.835374],[109.289792,12.835377],[109.287339,12.834627],[109.286388,12.834573],[109.285961,12.834252],[109.285233,12.834041],[109.283595,12.832906],[109.282954,12.833083],[109.282598,12.833395],[109.28108,12.832863],[109.28018,12.833828],[109.278678,12.8337],[109.278382,12.833544],[109.278065,12.833713],[109.27777,12.833699],[109.277403,12.83404],[109.277314,12.834807],[109.276874,12.835015],[109.275327,12.834466],[109.274862,12.833782],[109.274448,12.833484],[109.272901,12.833961],[109.272324,12.833625],[109.271749,12.833487],[109.270465,12.833269],[109.269983,12.833294],[109.267557,12.834209],[109.267317,12.83449],[109.267158,12.835058],[109.265827,12.836271],[109.264912,12.836061],[109.264069,12.835542],[109.263091,12.835757],[109.261395,12.835844],[109.260889,12.836029],[109.260326,12.83676],[109.259501,12.837182],[109.257321,12.83771],[109.256056,12.837709],[109.255311,12.838435],[109.254932,12.83846],[109.254523,12.838148],[109.254545,12.837341],[109.254426,12.837149],[109.253148,12.837003],[109.25232,12.836672],[109.25227,12.836204],[109.252411,12.835759],[109.253153,12.835395],[109.2528,12.834565],[109.252768,12.833393],[109.251631,12.833121],[109.250353,12.833298],[109.249469,12.832818],[109.24832,12.83165],[109.247698,12.831255],[109.247295,12.830838],[109.247204,12.830617],[109.247242,12.829898],[109.246699,12.829396],[109.246018,12.827511],[109.245712,12.827047],[109.243594,12.825452],[109.243053,12.825367],[109.242491,12.825023],[109.24162,12.824782],[109.240716,12.823949],[109.239222,12.823295],[109.238691,12.822001],[109.238377,12.821678],[109.237688,12.82185],[109.237355,12.821652],[109.236983,12.820354],[109.235396,12.819331],[109.234283,12.818863],[109.233525,12.818356],[109.233072,12.817894],[109.232677,12.817685],[109.231614,12.81657],[109.229958,12.814484],[109.228114,12.814052],[109.227978,12.813875],[109.227951,12.813348],[109.227823,12.8133],[109.225663,12.813449],[109.223505,12.815607],[109.220315,12.81659],[109.219593,12.81667],[109.217845,12.81943],[109.216541,12.821106],[109.216449,12.821524],[109.216492,12.8224],[109.216195,12.823962],[109.215589,12.8256],[109.214809,12.826438],[109.214521,12.827507],[109.213882,12.827877],[109.212633,12.82814],[109.212339,12.828148],[109.21198,12.827895],[109.211354,12.82801],[109.210238,12.828686],[109.209107,12.829114],[109.208848,12.829813],[109.207644,12.830185],[109.207167,12.830452],[109.205946,12.830452],[109.205002,12.829461],[109.204027,12.829575],[109.203169,12.829373],[109.2021,12.829406],[109.201466,12.829213],[109.200229,12.829224],[109.198703,12.829738],[109.198102,12.830464],[109.196845,12.831597],[109.195634,12.831912],[109.195317,12.831378],[109.193225,12.830008],[109.191733,12.829536],[109.19125,12.829087],[109.19021,12.828685],[109.189773,12.829271],[109.189286,12.829388],[109.18847,12.828911],[109.188257,12.828554],[109.187912,12.828729],[109.187741,12.829031],[109.187501,12.829049],[109.186773,12.828763],[109.18539,12.829251],[109.182871,12.828556],[109.182221,12.827862],[109.181294,12.827638],[109.18015,12.827896],[109.178419,12.829433],[109.17813,12.829069],[109.177784,12.828135],[109.17732,12.827406],[109.17704,12.827067],[109.176324,12.826668],[109.174967,12.826761],[109.172573,12.826661],[109.171393,12.826863],[109.170235,12.827478],[109.169171,12.827165],[109.168094,12.826358],[109.167274,12.826357],[109.166393,12.826653],[109.165179,12.82521],[109.163,12.823956],[109.162458,12.822754],[109.162232,12.822433],[109.161845,12.822254],[109.161677,12.821373],[109.161667,12.820558],[109.161154,12.819759],[109.161334,12.81906],[109.161283,12.818],[109.160522,12.81684],[109.16035,12.816135],[109.159549,12.814825],[109.158572,12.8148],[109.157948,12.814658],[109.157165,12.814203],[109.156686,12.814184],[109.155701,12.813232],[109.15511,12.812959],[109.156537,12.811403],[109.156218,12.810408],[109.155853,12.809795],[109.15585,12.80892],[109.155573,12.808077],[109.154618,12.807095],[109.152444,12.80526],[109.153261,12.804434],[109.153478,12.804047],[109.153208,12.802989],[109.152781,12.802488],[109.152024,12.801087],[109.151925,12.79955],[109.151807,12.799384],[109.150698,12.798959],[109.150063,12.799016],[109.149762,12.799276],[109.149983,12.798831],[109.150612,12.798336],[109.150743,12.798074],[109.150653,12.797197],[109.150291,12.797048],[109.149715,12.796128],[109.147801,12.793973],[109.146288,12.792713],[109.145783,12.79185],[109.145941,12.790994],[109.146813,12.790135],[109.146581,12.789094],[109.1477,12.787505],[109.147177,12.7871],[109.14735,12.785876],[109.147237,12.785503],[109.146275,12.783761],[109.145814,12.783222],[109.14577,12.78284],[109.145931,12.782498],[109.145314,12.782287],[109.145118,12.782038],[109.145079,12.78156],[109.145206,12.78119],[109.144993,12.781004],[109.142951,12.780651],[109.142076,12.780814],[109.141577,12.78118],[109.141306,12.781175],[109.1403,12.780406],[109.139995,12.780469],[109.139815,12.780563],[109.139278,12.781383],[109.138693,12.781571],[109.13839,12.781533],[109.137924,12.78224],[109.137197,12.782992],[109.135519,12.784272],[109.135236,12.78545],[109.134701,12.786098],[109.13354,12.786059],[109.131824,12.786406],[109.131156,12.78633],[109.130608,12.786597],[109.130438,12.786792],[109.129941,12.788764],[109.12978,12.788968],[109.129013,12.789399],[109.128171,12.790601],[109.127716,12.792886],[109.126824,12.793249],[109.125715,12.794433],[109.12565,12.794968],[109.124539,12.796598],[109.124271,12.797295],[109.123576,12.797993],[109.121471,12.798305],[109.120741,12.798931],[109.119675,12.799124],[109.119013,12.798878],[109.118071,12.798736],[109.117237,12.798131],[109.11662,12.798109],[109.116151,12.797849],[109.115158,12.798027],[109.115142,12.796874],[109.11418,12.795908],[109.113966,12.79537],[109.114278,12.793862],[109.115204,12.793065],[109.1146,12.790979],[109.11466,12.789172],[109.112288,12.785857],[109.110915,12.785183],[109.110478,12.7853],[109.109431,12.785075],[109.108709,12.784741],[109.109347,12.783855],[109.108946,12.782447],[109.10901,12.781773],[109.109408,12.78098],[109.108999,12.78055],[109.10824,12.780177],[109.106887,12.777999],[109.106714,12.776895],[109.106553,12.77659],[109.105769,12.776369],[109.10531,12.775714],[109.104785,12.775485],[109.104708,12.775269],[109.104872,12.774551],[109.105471,12.773458],[109.105883,12.772927],[109.106766,12.772216],[109.105939,12.772434],[109.10484,12.772461],[109.103775,12.772227],[109.102677,12.772467],[109.102321,12.77279],[109.102,12.772779],[109.101841,12.772522],[109.101799,12.772108],[109.102036,12.770374],[109.101568,12.769608],[109.101064,12.769325],[109.101513,12.768314],[109.101025,12.76809],[109.100568,12.767484],[109.09975,12.766971],[109.098723,12.766943],[109.098267,12.766632],[109.097705,12.765996],[109.096674,12.765642],[109.096429,12.765094],[109.095549,12.764276],[109.093887,12.763819],[109.092565,12.763768],[109.091891,12.763588],[109.090869,12.762542],[109.090761,12.76233],[109.091035,12.761771],[109.091026,12.761335],[109.090375,12.760088],[109.090332,12.759727],[109.090445,12.759424],[109.091309,12.758545],[109.090971,12.757748],[109.090793,12.755776],[109.091527,12.753921],[109.091903,12.75355],[109.091968,12.753019],[109.092206,12.752756],[109.092357,12.752209],[109.092819,12.751801],[109.092819,12.751629],[109.092208,12.751048],[109.090483,12.750278],[109.089683,12.749627],[109.089582,12.74933],[109.089665,12.748754],[109.090066,12.747862],[109.090086,12.747373],[109.089391,12.746989],[109.088813,12.746198],[109.088359,12.746174],[109.086281,12.744035],[109.085615,12.743819],[109.085069,12.743869],[109.084757,12.743323],[109.084419,12.743107],[109.083404,12.743262],[109.083041,12.743516],[109.082776,12.743551],[109.082227,12.742883],[109.082023,12.74294],[109.081608,12.743453],[109.078612,12.744187],[109.077621,12.744878],[109.076333,12.745195],[109.075539,12.745827],[109.07368,12.746597],[109.073366,12.747989],[109.072696,12.749287],[109.071777,12.750013],[109.071193,12.750816],[109.070611,12.75135],[109.070182,12.751616],[109.069725,12.751702],[109.069144,12.752087],[109.068681,12.752966],[109.068067,12.753634],[109.067458,12.753719],[109.066844,12.753208],[109.065778,12.75283],[109.065612,12.752644],[109.064815,12.751024],[109.063758,12.750014],[109.063066,12.748978],[109.062452,12.748522],[109.061811,12.747099],[109.061368,12.746749],[109.060724,12.746627],[109.060384,12.745892],[109.060588,12.745579],[109.060425,12.745414],[109.060424,12.744934],[109.059312,12.744209],[109.058912,12.744266],[109.058515,12.744552],[109.058214,12.74538],[109.057855,12.745557],[109.057517,12.745911],[109.056761,12.745769],[109.056556,12.745832],[109.056028,12.746404],[109.055682,12.747055],[109.054511,12.746223],[109.05343,12.745831],[109.052619,12.74608],[109.051943,12.747025],[109.051357,12.746925],[109.050504,12.747393],[109.049945,12.747264],[109.04866,12.747619],[109.048216,12.747506],[109.047742,12.747201],[109.045995,12.747071],[109.045495,12.746841],[109.044296,12.745946],[109.0439,12.745473],[109.043749,12.745033],[109.043403,12.744786],[109.043124,12.744376],[109.042612,12.74441],[109.042061,12.744198],[109.041507,12.744572],[109.040837,12.744712],[109.04059,12.74527],[109.039729,12.745939],[109.039294,12.746007],[109.038796,12.745922],[109.037558,12.744727],[109.037223,12.744035],[109.037875,12.743166],[109.037451,12.742706],[109.037536,12.742504],[109.038005,12.742105],[109.038576,12.74191],[109.038246,12.741328],[109.038164,12.740645],[109.038718,12.740471],[109.038845,12.739959],[109.039353,12.739476],[109.03874,12.738433],[109.038725,12.737703],[109.038331,12.73674],[109.038088,12.736695],[109.037042,12.736943],[109.035495,12.736619],[109.033446,12.736737],[109.033147,12.73649],[109.032273,12.735154],[109.031923,12.734894],[109.031564,12.734828],[109.03045,12.735287],[109.02996,12.735368],[109.02872,12.734808],[109.028182,12.734843],[109.027875,12.734722],[109.026975,12.735349],[109.026236,12.735413],[109.025784,12.73533],[109.024834,12.736196],[109.024132,12.735359],[109.023589,12.7351],[109.022925,12.73422],[109.022498,12.734007],[109.021245,12.732848],[109.021192,12.732177],[109.021021,12.731947],[109.016054,12.730073],[109.014515,12.728485],[109.014631,12.727863],[109.015509,12.726939],[109.016117,12.726604],[109.016294,12.726347],[109.016502,12.724968],[109.016734,12.724685],[109.01725,12.724465],[109.01737,12.723839],[109.01781,12.723626],[109.018639,12.723641],[109.019617,12.723011],[109.019341,12.722806],[109.018984,12.722167],[109.01856,12.722585],[109.018011,12.722714],[109.017379,12.722273],[109.016701,12.721985],[109.016248,12.721455],[109.015563,12.721593],[109.014489,12.721358],[109.013813,12.720611],[109.013929,12.720265],[109.013875,12.719684],[109.014077,12.719191],[109.013982,12.718635],[109.013841,12.718501],[109.013243,12.718355],[109.011782,12.719212],[109.011097,12.718931],[109.010042,12.719156],[109.008574,12.71909],[109.007821,12.718555],[109.007265,12.717902],[109.006601,12.717645],[109.006293,12.717322],[109.005509,12.717087],[109.005246,12.716852],[109.004858,12.71625],[109.004917,12.715256],[109.00463,12.715016],[109.004248,12.714089],[109.003145,12.713391],[108.9912,12.704723],[108.989249,12.704719],[108.987728,12.704204],[108.987286,12.703932],[108.986647,12.703903],[108.98607,12.703544],[108.985734,12.702672],[108.985751,12.702067],[108.986085,12.701165],[108.986326,12.700995],[108.987232,12.700818],[108.987732,12.700375],[108.987531,12.699423],[108.986843,12.698745],[108.986312,12.697415],[108.987674,12.695108],[108.988739,12.69437],[108.98911,12.693754],[108.989295,12.69281],[108.98891,12.690934],[108.988548,12.690104],[108.988233,12.689728],[108.987588,12.689817],[108.986974,12.689433],[108.985413,12.689408],[108.983986,12.688569],[108.982326,12.687031],[108.980744,12.685178],[108.979671,12.684277],[108.979235,12.683276],[108.978225,12.682057],[108.977299,12.682685],[108.976588,12.68275],[108.976126,12.683106],[108.97446,12.683369],[108.973809,12.683405],[108.972308,12.683131],[108.971242,12.683132],[108.970762,12.68366],[108.970039,12.683983],[108.967765,12.684379],[108.967574,12.684549],[108.967103,12.685542],[108.96692,12.685712],[108.966465,12.685803],[108.965768,12.685623],[108.964065,12.684436],[108.962928,12.684009],[108.961612,12.683923],[108.960646,12.684083],[108.95868,12.684856],[108.957882,12.68546],[108.957478,12.686467],[108.956707,12.686926],[108.955498,12.6872],[108.955042,12.686441],[108.954016,12.68523],[108.953703,12.684477],[108.953365,12.684004],[108.952309,12.682841],[108.952078,12.682146],[108.950765,12.680417],[108.948855,12.67908],[108.947122,12.677596],[108.946738,12.676374],[108.946591,12.675053],[108.94622,12.674134],[108.944971,12.672817],[108.944108,12.672535],[108.943513,12.671919],[108.943307,12.670603],[108.942661,12.669832],[108.942286,12.669071],[108.94187,12.666138],[108.940835,12.664888],[108.940384,12.664532],[108.939728,12.663276],[108.939622,12.661994],[108.939451,12.661609],[108.938919,12.661034],[108.937508,12.659892],[108.937493,12.659464],[108.937636,12.658992],[108.937558,12.657908],[108.937675,12.656694],[108.938345,12.65458],[108.938872,12.653924],[108.940105,12.652774],[108.940155,12.652161],[108.939951,12.650598],[108.940714,12.648804],[108.940673,12.647979],[108.940864,12.647301],[108.939527,12.64734],[108.938747,12.647507],[108.937837,12.647734],[108.936902,12.648395],[108.936155,12.648336],[108.933992,12.645605],[108.932765,12.64487],[108.931545,12.643565],[108.931009,12.643403],[108.930102,12.643512],[108.928993,12.643193],[108.928416,12.64274],[108.927636,12.641848],[108.92701,12.641561],[108.926836,12.641347],[108.926966,12.640564],[108.926695,12.640202],[108.926085,12.640065],[108.925891,12.640183],[108.92568,12.64014],[108.925312,12.640294],[108.924767,12.640925],[108.923368,12.641223],[108.922237,12.640695],[108.921321,12.64063],[108.920995,12.640487],[108.920381,12.638591],[108.919857,12.638266],[108.919184,12.638215],[108.918266,12.637891],[108.917254,12.638235],[108.916712,12.638584],[108.916019,12.638426],[108.915564,12.638454],[108.914236,12.639454],[108.913049,12.640032],[108.91071,12.639753],[108.908138,12.63898],[108.907602,12.638585],[108.907254,12.637829],[108.90605,12.636759],[108.905766,12.635897],[108.905724,12.634967],[108.905571,12.634786],[108.904751,12.634329],[108.904233,12.633818],[108.903644,12.633618],[108.903488,12.633251],[108.903485,12.632863],[108.901263,12.63096],[108.900808,12.630262],[108.900232,12.629837],[108.899642,12.628826],[108.899342,12.628046],[108.897452,12.626884],[108.896958,12.626063],[108.896854,12.625651],[108.8963,12.625026],[108.898301,12.625226],[108.898698,12.625566],[108.899195,12.625718],[108.89937,12.62558],[108.899581,12.624998],[108.900633,12.623951],[108.90085,12.623836],[108.902357,12.623659],[108.902854,12.623297],[108.904034,12.622034],[108.905471,12.621922],[108.905955,12.621576],[108.906029,12.621404],[108.905943,12.620588],[108.906105,12.61954],[108.906551,12.618724],[108.906844,12.618433],[108.907641,12.6181],[108.908008,12.617251],[108.909836,12.615823],[108.9102,12.615341],[108.910451,12.614169],[108.910865,12.613515],[108.912682,12.612094],[108.913327,12.609675],[108.913579,12.609358],[108.913937,12.609183],[108.915181,12.607825],[108.916916,12.604913],[108.917515,12.604143],[108.917731,12.60321],[108.917566,12.60279],[108.917129,12.602388],[108.916962,12.601856],[108.917058,12.601438],[108.918214,12.600283],[108.918704,12.600122],[108.919088,12.600133],[108.917119,12.598391],[108.916232,12.598247],[108.91518,12.597129],[108.914766,12.596518],[108.913957,12.595809],[108.913199,12.594915],[108.912112,12.594108],[108.911204,12.593803],[108.910341,12.591998],[108.909252,12.591628],[108.907724,12.590278],[108.906927,12.588944],[108.9063,12.588258],[108.905484,12.587049],[108.905362,12.586555],[108.905047,12.586212],[108.903945,12.585611],[108.903339,12.585509],[108.902065,12.584291],[108.901441,12.583867],[108.900923,12.583229],[108.900509,12.582257],[108.899776,12.582161],[108.899237,12.581938],[108.898707,12.582057],[108.898009,12.582008],[108.896467,12.581338],[108.89437,12.58062],[108.893151,12.580599],[108.892657,12.580422],[108.892269,12.580074],[108.891709,12.578599],[108.891566,12.577584],[108.890959,12.575876],[108.891012,12.575688],[108.891261,12.575538],[108.892073,12.575384],[108.893482,12.575384],[108.894173,12.575203],[108.894607,12.574667],[108.894758,12.574028],[108.894749,12.573634],[108.894143,12.573038],[108.89354,12.571811],[108.892628,12.571448],[108.893069,12.571302],[108.893263,12.571035],[108.893337,12.569272],[108.893069,12.568443],[108.893044,12.567941],[108.893779,12.567175],[108.893811,12.566725],[108.893936,12.566534],[108.895932,12.56454],[108.89655,12.564324],[108.897207,12.564379],[108.8941,12.561884],[108.893607,12.561225],[108.893269,12.560456],[108.892884,12.558301],[108.892475,12.556837],[108.892757,12.555962],[108.89272,12.554444],[108.893076,12.55299],[108.893056,12.552477],[108.892631,12.551857],[108.892855,12.549901],[108.89263,12.549557],[108.892046,12.549127],[108.89158,12.547615],[108.891037,12.546655],[108.889775,12.545052],[108.888528,12.544592],[108.887194,12.544566],[108.88507,12.543233],[108.88373,12.542066],[108.883311,12.54156],[108.882802,12.541214],[108.882496,12.540766],[108.88206,12.540424],[108.881748,12.539838],[108.881236,12.539639],[108.880825,12.538946],[108.880119,12.538425],[108.879919,12.537679],[108.878926,12.536009],[108.878598,12.534929],[108.878212,12.534148],[108.877669,12.53207],[108.875675,12.530302],[108.87508,12.529503],[108.873989,12.52745],[108.873152,12.526433],[108.873047,12.525888],[108.872746,12.525485],[108.873152,12.524896],[108.872866,12.524165],[108.872776,12.523333],[108.87304,12.523019],[108.873325,12.522968],[108.87291,12.522544],[108.872927,12.522386],[108.874013,12.521105],[108.874169,12.519837],[108.875368,12.518016],[108.875817,12.517704],[108.876369,12.517649],[108.876578,12.517482],[108.876786,12.516529],[108.877382,12.515223],[108.878107,12.514171],[108.878124,12.513567],[108.877756,12.513291],[108.876334,12.513261],[108.875926,12.5139],[108.875661,12.514074],[108.874977,12.514152],[108.874582,12.514337],[108.874023,12.514],[108.873414,12.513267],[108.873318,12.512417],[108.872827,12.511855],[108.872783,12.511528],[108.871998,12.510317],[108.872002,12.50924],[108.872812,12.509244],[108.873156,12.509001],[108.873195,12.50802],[108.872716,12.50615],[108.871465,12.505557],[108.871319,12.505245],[108.87039,12.504432],[108.869919,12.503758],[108.869291,12.503542],[108.868481,12.503673],[108.868155,12.503583],[108.86677,12.502777],[108.865764,12.501789],[108.865304,12.501707],[108.864809,12.501264],[108.864213,12.500407],[108.863655,12.49897],[108.862522,12.497728],[108.861147,12.496476],[108.860583,12.495392],[108.861087,12.494447],[108.862402,12.490512],[108.864105,12.490929],[108.864221,12.49052],[108.864565,12.490021],[108.865494,12.489597],[108.866711,12.488722],[108.868801,12.486051],[108.869952,12.48569],[108.870076,12.485232],[108.870263,12.485148],[108.87131,12.484787],[108.873474,12.484377],[108.874126,12.484117],[108.87435,12.483864],[108.874704,12.483009],[108.876283,12.482629],[108.876875,12.482094],[108.877463,12.481953],[108.877973,12.481656],[108.878353,12.481177],[108.8787,12.480117],[108.874495,12.468952],[108.874025,12.468667],[108.872646,12.468654],[108.870488,12.467696],[108.87021,12.467407],[108.869985,12.466707],[108.869822,12.465831],[108.869945,12.465304],[108.870574,12.464145],[108.870767,12.46333],[108.870024,12.462192],[108.869525,12.45862],[108.868722,12.45736],[108.868033,12.456633],[108.86789,12.456171],[108.867971,12.455796],[108.868291,12.455303],[108.869231,12.454436],[108.870491,12.453584],[108.868894,12.45377],[108.867057,12.453392],[108.865154,12.452823],[108.863863,12.453032],[108.860813,12.454701],[108.858835,12.45612],[108.857596,12.455933],[108.856683,12.456926],[108.855288,12.457881],[108.854154,12.457872],[108.852985,12.458054],[108.851804,12.457805],[108.849882,12.457838],[108.849352,12.458331],[108.848644,12.458617],[108.848666,12.45953],[108.848455,12.460882],[108.847533,12.461793],[108.847152,12.462589],[108.844391,12.462512],[108.842912,12.462127],[108.840495,12.462215],[108.840041,12.462264],[108.838669,12.462847],[108.837163,12.463218],[108.836635,12.463852],[108.836215,12.464639],[108.834656,12.46624],[108.833843,12.466712],[108.833713,12.466956],[108.833724,12.467907],[108.83457,12.469258],[108.832731,12.47029],[108.831553,12.470699],[108.829768,12.471073],[108.829222,12.471618],[108.827024,12.471069],[108.824813,12.473681],[108.823388,12.47453],[108.822895,12.47461],[108.822233,12.474491],[108.819616,12.475349],[108.819374,12.475548],[108.819877,12.479143],[108.818441,12.480638],[108.817574,12.481761],[108.817305,12.481938],[108.816379,12.482145],[108.814371,12.483588],[108.812304,12.484121],[108.811618,12.484725],[108.809137,12.485315],[108.808481,12.485208],[108.80715,12.4843],[108.806613,12.483148],[108.805612,12.482034],[108.804996,12.481064],[108.804449,12.480722],[108.804055,12.480617],[108.803549,12.48066],[108.802872,12.481677],[108.802602,12.481968],[108.802284,12.482073],[108.801981,12.482016],[108.801633,12.481452],[108.801035,12.480957],[108.800384,12.480969],[108.799061,12.481275],[108.798841,12.482069],[108.79731,12.483915],[108.79697,12.484983],[108.795568,12.486196],[108.795453,12.487113],[108.796563,12.488203],[108.796928,12.48878],[108.797651,12.491365],[108.797232,12.492269],[108.796473,12.49335],[108.795103,12.493977],[108.795011,12.494472],[108.795232,12.495986],[108.795006,12.49686],[108.794468,12.497407],[108.792983,12.498037],[108.792561,12.49836],[108.792229,12.499243],[108.791802,12.499761],[108.79008,12.49955],[108.78883,12.499784],[108.787775,12.50057],[108.78727,12.501361],[108.786692,12.50174],[108.785758,12.501678],[108.784816,12.501379],[108.783897,12.501525],[108.7832,12.501386],[108.782453,12.502032],[108.780639,12.503211],[108.779319,12.50463],[108.779095,12.505369],[108.778888,12.505557],[108.778518,12.505628],[108.778243,12.505557],[108.777384,12.504973],[108.77471,12.504013],[108.772536,12.503669],[108.770685,12.503519],[108.769939,12.503819],[108.769387,12.503746],[108.768945,12.503506],[108.768348,12.503711],[108.767864,12.503697],[108.767745,12.503535],[108.767839,12.503012],[108.767442,12.501001],[108.766983,12.500497],[108.766026,12.499759],[108.765008,12.49933],[108.764369,12.49826],[108.763958,12.497933],[108.763623,12.497864],[108.761728,12.498017],[108.760601,12.498545],[108.759877,12.498669],[108.759674,12.49862],[108.759093,12.498044],[108.758849,12.49801],[108.758197,12.498411],[108.757622,12.499033],[108.75686,12.499108],[108.756384,12.499397],[108.755932,12.499735],[108.754914,12.50094],[108.75435,12.500407],[108.753991,12.498929],[108.75331,12.498308],[108.752349,12.497864],[108.751307,12.497808],[108.750552,12.497502],[108.750375,12.497128],[108.750372,12.496489],[108.750916,12.495449],[108.750605,12.494281],[108.750713,12.493254],[108.75061,12.492751],[108.750332,12.492554],[108.749917,12.49196],[108.749461,12.490442],[108.749477,12.489504],[108.749251,12.488053],[108.748764,12.487312],[108.749019,12.484218],[108.748992,12.483841],[108.748525,12.483068],[108.748393,12.4823],[108.74844,12.480802],[108.748305,12.480426],[108.747473,12.479803],[108.746763,12.479622],[108.744286,12.479514],[108.743462,12.479258],[108.74183,12.478081],[108.740694,12.4776],[108.739847,12.476131],[108.739059,12.474271],[108.738998,12.475617],[108.73885,12.475863],[108.738529,12.476037],[108.737791,12.476317],[108.737288,12.476157],[108.736494,12.476388],[108.736192,12.476219],[108.735671,12.476146],[108.734014,12.476828],[108.731348,12.477096],[108.729617,12.477814],[108.728527,12.478405],[108.728206,12.478956],[108.727805,12.479155],[108.724458,12.479691],[108.721799,12.480316],[108.721146,12.480581],[108.72115,12.481814],[108.720946,12.482126],[108.720448,12.482417],[108.719105,12.482677],[108.717653,12.482776],[108.716894,12.483042],[108.716502,12.483442],[108.715251,12.483915],[108.714649,12.483738],[108.712902,12.482542],[108.71219,12.481769],[108.711813,12.480793],[108.711865,12.479564],[108.711724,12.479321],[108.710908,12.479112],[108.709904,12.479346],[108.7085,12.479157],[108.707665,12.478412],[108.707441,12.477436],[108.707206,12.477181],[108.704181,12.475363],[108.703695,12.47479],[108.701747,12.474478],[108.701097,12.473916],[108.699541,12.471889],[108.699167,12.470774],[108.698924,12.468659],[108.699043,12.466566],[108.698961,12.463301],[108.699188,12.461527],[108.69912,12.461209],[108.698419,12.460637],[108.697856,12.460444],[108.697536,12.460163],[108.695824,12.457569],[108.695374,12.457138],[108.69458,12.456754],[108.693482,12.456616],[108.69288,12.456224],[108.691838,12.45427],[108.69161,12.453251],[108.690485,12.453296],[108.690294,12.453205],[108.687952,12.451304],[108.68662,12.449735],[108.68618,12.44743],[108.68435,12.446382],[108.683141,12.443127],[108.681943,12.441117],[108.682055,12.440111],[108.682781,12.43975],[108.682083,12.439849],[108.680892,12.439407],[108.680186,12.438336],[108.679705,12.438051],[108.679368,12.438041],[108.678874,12.437554],[108.678269,12.437195],[108.67707,12.435668],[108.676024,12.435115],[108.675727,12.434687],[108.675463,12.43387],[108.674685,12.433294],[108.674151,12.433196],[108.672814,12.431912],[108.672277,12.430448],[108.672342,12.429836],[108.672807,12.428622],[108.672711,12.427864],[108.671055,12.425378],[108.670307,12.424651],[108.67019,12.423792],[108.669332,12.422526],[108.669494,12.422322],[108.670101,12.422236],[108.670473,12.421706],[108.671266,12.421221],[108.671559,12.420622],[108.671898,12.420295],[108.67204,12.419534],[108.67245,12.419257],[108.673047,12.41917],[108.674773,12.418388],[108.675179,12.417825],[108.675687,12.416665],[108.675457,12.416074],[108.675537,12.415823],[108.676586,12.415421],[108.67842,12.416336],[108.679352,12.416039],[108.679579,12.415797],[108.679698,12.415493],[108.67958,12.414784],[108.678394,12.411913],[108.678891,12.411281],[108.678531,12.409937],[108.678158,12.409241],[108.67821,12.408624],[108.677992,12.407933],[108.6765,12.407204],[108.675966,12.406262],[108.67595,12.40509],[108.675707,12.4046],[108.674841,12.403883],[108.673124,12.40284],[108.6727,12.402201],[108.672729,12.401943],[108.672946,12.401532],[108.674076,12.400254],[108.674506,12.399366],[108.675197,12.396028],[108.675781,12.395291],[108.676536,12.394888],[108.678211,12.392431],[108.678482,12.392224],[108.67968,12.391854],[108.680914,12.391156],[108.684146,12.390968],[108.685014,12.390253],[108.685612,12.388987],[108.685925,12.387921],[108.685926,12.387006],[108.685151,12.385405],[108.685093,12.384879],[108.685142,12.384043],[108.685461,12.383055],[108.684037,12.381781],[108.683527,12.381655],[108.682754,12.381196],[108.68261,12.380809],[108.682714,12.379828],[108.683315,12.379224],[108.685378,12.37889],[108.68685,12.378462],[108.687538,12.378122],[108.688092,12.377452],[108.688435,12.37628],[108.688602,12.375078],[108.688518,12.374702],[108.688765,12.374357],[108.68908,12.374206],[108.689266,12.373726],[108.689163,12.372943],[108.689259,12.372179],[108.689105,12.3717],[108.688587,12.371193],[108.687859,12.370724],[108.68763,12.370208],[108.687212,12.369861],[108.686948,12.369452],[108.68701,12.368705],[108.687285,12.367871],[108.687845,12.367081],[108.687721,12.366637],[108.686892,12.365489],[108.687029,12.365125],[108.687544,12.364628],[108.687499,12.364257],[108.686693,12.363275],[108.686197,12.362167],[108.685913,12.361925],[108.685177,12.361345],[108.68491,12.361265],[108.684151,12.361157],[108.68275,12.361194],[108.68245,12.360737],[108.682256,12.360036],[108.681345,12.359279],[108.680838,12.35829],[108.680255,12.356648],[108.680124,12.355636],[108.679602,12.35559],[108.679161,12.355293],[108.678656,12.354406],[108.67854,12.353816],[108.678609,12.353085],[108.678309,12.352437],[108.678137,12.350973],[108.677909,12.350282],[108.677415,12.349513],[108.676811,12.348163],[108.677774,12.345078],[108.677376,12.344481],[108.677318,12.343863],[108.677964,12.342917],[108.678194,12.341623],[108.680363,12.339978],[108.680144,12.337819],[108.680925,12.336965],[108.681753,12.334591],[108.682287,12.334213],[108.682866,12.33424],[108.682809,12.332199],[108.683029,12.331454],[108.683076,12.33058],[108.682772,12.329783],[108.68269,12.329147],[108.68315,12.328652],[108.683307,12.327884],[108.682824,12.327187],[108.682798,12.324867],[108.68328,12.324032],[108.685229,12.322928],[108.684304,12.322599],[108.683376,12.3214],[108.682243,12.320817],[108.68011,12.319458],[108.679713,12.318945],[108.679449,12.31829],[108.67938,12.317322],[108.679951,12.316235],[108.680896,12.316567],[108.681331,12.316893],[108.682782,12.31719],[108.685591,12.316807],[108.687676,12.31618],[108.689239,12.315913],[108.689223,12.315198],[108.688894,12.314043],[108.688937,12.31364],[108.690131,12.31105],[108.690325,12.311056],[108.690579,12.311267],[108.691087,12.312222],[108.691429,12.312627],[108.692931,12.312501],[108.69367,12.312199],[108.694371,12.31133],[108.695041,12.309129],[108.697456,12.30958],[108.698635,12.309614],[108.699331,12.309332],[108.700034,12.308143],[108.700385,12.307824],[108.701192,12.307546],[108.70198,12.306722],[108.702032,12.306259],[108.701882,12.305337],[108.701986,12.304427],[108.702887,12.304425],[108.703587,12.304154],[108.704239,12.303298],[108.705276,12.300954],[108.706438,12.300163],[108.707433,12.298881],[108.707424,12.298534],[108.707271,12.298262],[108.706657,12.297995],[108.706235,12.297532],[108.705628,12.297413],[108.704509,12.297559],[108.703545,12.297228],[108.703134,12.296944],[108.703094,12.296638],[108.703299,12.296132],[108.703416,12.29526],[108.704133,12.293898],[108.704044,12.292958],[108.703564,12.292285],[108.701298,12.290566],[108.701547,12.289667],[108.701075,12.287745],[108.701072,12.287393],[108.701341,12.28661],[108.702611,12.283659],[108.702636,12.283365],[108.702174,12.282759],[108.70206,12.282413],[108.702041,12.281667],[108.702422,12.280392],[108.702664,12.278529],[108.703279,12.27738],[108.703238,12.2771],[108.702448,12.276526],[108.702138,12.276072],[108.70177,12.27485],[108.701794,12.273767],[108.702075,12.272995],[108.703808,12.270482],[108.705359,12.26878],[108.704828,12.268091],[108.703638,12.267335],[108.703302,12.266536],[108.702381,12.265144],[108.70231,12.264871],[108.70245,12.264462],[108.70233,12.263995],[108.702354,12.263838],[108.702933,12.263469],[108.702925,12.262666],[108.7043,12.258883],[108.704172,12.258545],[108.704224,12.258359],[108.705172,12.256696],[108.705445,12.255261],[108.705544,12.255094],[108.705928,12.254968],[108.705931,12.254276],[108.705523,12.252102],[108.705202,12.251727],[108.704319,12.251382],[108.70395,12.251031],[108.702851,12.249494],[108.702404,12.249112],[108.702253,12.247955],[108.70187,12.247191],[108.700153,12.245946],[108.699605,12.245409],[108.700071,12.244182],[108.700738,12.24362],[108.701152,12.242828],[108.701302,12.24103],[108.701748,12.239319],[108.701652,12.238421],[108.701788,12.23746],[108.702138,12.237051],[108.702835,12.236608],[108.703172,12.235577],[108.703496,12.23537],[108.704397,12.235133],[108.70488,12.23482],[108.705511,12.234233],[108.706759,12.231949],[108.70788,12.23185],[108.708464,12.231072],[108.709524,12.230071],[108.711364,12.229524],[108.713535,12.229399],[108.713828,12.229162],[108.714222,12.228562],[108.715488,12.226205],[108.716029,12.225493],[108.716534,12.225419],[108.718144,12.22554],[108.719342,12.22402],[108.719295,12.222101],[108.719745,12.221055],[108.720985,12.21933],[108.722215,12.217945],[108.719447,12.215427],[108.718847,12.214531],[108.718684,12.214114],[108.718597,12.213205],[108.718241,12.212261],[108.718461,12.211417],[108.718483,12.210168],[108.718747,12.209551],[108.718701,12.208564],[108.718418,12.208191],[108.717583,12.207503],[108.715687,12.204943],[108.715379,12.20426],[108.714956,12.202562],[108.714377,12.201361],[108.713278,12.200474],[108.7123,12.199031],[108.712189,12.19848],[108.712481,12.197813],[108.712727,12.196727],[108.712673,12.195974],[108.712419,12.195087],[108.712384,12.194268],[108.711741,12.192678],[108.71063,12.191163],[108.710202,12.190047],[108.710552,12.189656],[108.712746,12.18849],[108.713575,12.187927],[108.714626,12.186556],[108.715195,12.186024],[108.717062,12.185024],[108.71736,12.18438],[108.717401,12.183807],[108.717181,12.182478],[108.718041,12.182015],[108.719049,12.182095],[108.719415,12.182003],[108.719881,12.181444],[108.720611,12.179956],[108.720647,12.179293],[108.720031,12.176664],[108.719442,12.175912],[108.719354,12.175612],[108.719979,12.174302],[108.720491,12.172651],[108.720559,12.172508],[108.721517,12.172085],[108.722521,12.171149],[108.723525,12.171002],[108.723988,12.170785],[108.725109,12.169784],[108.725276,12.169367],[108.725171,12.168164],[108.72543,12.16673],[108.72667,12.164853],[108.727448,12.163999],[108.727851,12.163094],[108.72886,12.162564],[108.728882,12.161224],[108.728619,12.160407],[108.727922,12.159261],[108.727761,12.158007],[108.727812,12.157589],[108.726853,12.157208],[108.725821,12.156282],[108.725627,12.156223],[108.725335,12.156287],[108.724864,12.156857],[108.723104,12.15691],[108.722555,12.157469],[108.722195,12.157428],[108.721734,12.156774],[108.721853,12.155369],[108.72173,12.155043],[108.720793,12.153426],[108.720539,12.153263],[108.719949,12.153236],[108.719177,12.153531],[108.718814,12.153869],[108.718388,12.154644],[108.718031,12.154971],[108.71768,12.155169],[108.717081,12.155286],[108.715314,12.155207],[108.713105,12.154275],[108.712284,12.154464],[108.711209,12.154381],[108.709434,12.154527],[108.70902,12.154613],[108.707915,12.155187],[108.706864,12.155322],[108.706554,12.155252],[108.706235,12.155096],[108.705802,12.154548],[108.705126,12.154006],[108.70503,12.153569],[108.705085,12.152768],[108.704829,12.151439],[108.70423,12.150478],[108.70394,12.150213],[108.702718,12.149688],[108.702015,12.149503],[108.701237,12.149485],[108.698777,12.148771],[108.696889,12.147942],[108.695948,12.147146],[108.695245,12.146877],[108.69436,12.146744],[108.693528,12.146372],[108.693354,12.146132],[108.693691,12.145118],[108.695222,12.143009],[108.695889,12.142393],[108.696078,12.141671],[108.69675,12.140547],[108.69677,12.140278],[108.696191,12.138343],[108.695875,12.137731],[108.695417,12.137155],[108.694546,12.13667],[108.694565,12.135964],[108.694915,12.134736],[108.694895,12.13427],[108.694609,12.133586],[108.694019,12.133043],[108.693623,12.132418],[108.693479,12.131884],[108.693236,12.129369],[108.691782,12.128455],[108.690722,12.128917],[108.690246,12.128894],[108.689666,12.128583],[108.689431,12.128706],[108.689185,12.129086],[108.687203,12.130179],[108.68654,12.130336],[108.686016,12.130255],[108.685658,12.130118],[108.685282,12.129761],[108.684928,12.129137],[108.684758,12.128466],[108.684766,12.127538],[108.684576,12.127106],[108.683553,12.126256],[108.683314,12.125805],[108.682212,12.125116],[108.68101,12.123797],[108.680258,12.123285],[108.677462,12.121961],[108.677102,12.12202],[108.675904,12.122866],[108.675412,12.122991],[108.673988,12.123099],[108.673798,12.123068],[108.673654,12.122857],[108.673197,12.120644],[108.673374,12.119875],[108.673615,12.119543],[108.674837,12.118711],[108.675261,12.118567],[108.67826,12.118375],[108.679057,12.117932],[108.679653,12.11698],[108.680694,12.116837],[108.681266,12.116495],[108.681727,12.115596],[108.682578,12.114645],[108.683077,12.113884],[108.683635,12.112471],[108.685046,12.111273],[108.685365,12.110505],[108.686833,12.110434],[108.688406,12.109132],[108.689615,12.107563],[108.690366,12.107095],[108.69158,12.105894],[108.693228,12.105633],[108.69376,12.105297],[108.693932,12.105023],[108.69416,12.103232],[108.694394,12.102777],[108.695156,12.101874],[108.695115,12.100264],[108.695352,12.099893],[108.697819,12.09944],[108.699422,12.098664],[108.699696,12.098222],[108.699556,12.097475],[108.698937,12.096609],[108.698939,12.096329],[108.699645,12.095675],[108.699807,12.095382],[108.70022,12.093987],[108.701253,12.093343],[108.701651,12.09322],[108.704298,12.093115],[108.704488,12.092991],[108.704565,12.092436],[108.704465,12.090873],[108.705087,12.090367],[108.705231,12.089933],[108.704529,12.088471],[108.703103,12.086334],[108.703101,12.085845],[108.704098,12.084662],[108.705263,12.0829],[108.705769,12.081237],[108.706034,12.080755],[108.706224,12.080559],[108.708153,12.080198],[108.708614,12.079873],[108.709178,12.078958],[108.709172,12.078234],[108.708596,12.076847],[108.708309,12.076421],[108.707414,12.075632],[108.707473,12.075178],[108.707912,12.074243],[108.707848,12.073866],[108.70746,12.073086],[108.707377,12.072188],[108.707574,12.071535],[108.70854,12.071336],[108.70852,12.069865],[108.708634,12.069347],[108.70897,12.069069],[108.710682,12.068205],[108.710867,12.067971],[108.710894,12.067684],[108.710437,12.067432],[108.710307,12.067119],[108.710181,12.065777],[108.710317,12.064822],[108.710637,12.064275],[108.711355,12.063637],[108.712306,12.063577],[108.712533,12.063192],[108.712584,12.062618],[108.712273,12.061944],[108.71219,12.060898],[108.711495,12.059793],[108.712211,12.058508],[108.712152,12.057569],[108.711555,12.05632],[108.710367,12.052455],[108.710487,12.051978],[108.710443,12.051374],[108.709916,12.050521],[108.709613,12.049705],[108.707386,12.046633],[108.705588,12.044647],[108.703044,12.041161],[108.69889,12.042119],[108.69733,12.041452],[108.697238,12.041121],[108.696897,12.040849],[108.695468,12.040815],[108.694359,12.040978],[108.693734,12.040777],[108.693354,12.040267],[108.693097,12.039093],[108.692969,12.03706],[108.692546,12.035904],[108.691651,12.032606],[108.691232,12.029433],[108.690349,12.028698],[108.68799,12.027632],[108.68693,12.02631],[108.685871,12.025685],[108.68551,12.025345],[108.685451,12.024562],[108.685935,12.022479],[108.685902,12.022127],[108.684463,12.020752],[108.684089,12.019351],[108.683796,12.018739],[108.683471,12.018384],[108.682964,12.018178],[108.681967,12.015259],[108.68152,12.014383],[108.680361,12.012944],[108.679902,12.01175],[108.679774,12.01102],[108.679876,12.010529],[108.681001,12.009586],[108.681317,12.009117],[108.680926,12.007493],[108.681589,12.005784],[108.682192,12.005269],[108.68324,12.004788],[108.68377,12.003968],[108.683704,12.00371],[108.68303,12.003018],[108.682941,12.002225],[108.683064,12.001447],[108.683699,12.000818],[108.683847,12.000159],[108.683642,11.999302],[108.683836,11.99844],[108.684017,11.998143],[108.684054,11.997629],[108.683258,11.996389],[108.683527,11.995683],[108.684495,11.994916],[108.684801,11.992761],[108.684927,11.992262],[108.685324,11.991512],[108.685025,11.991086],[108.684665,11.990839],[108.683326,11.990627],[108.682527,11.990281],[108.680819,11.985303],[108.680743,11.984628],[108.664953,11.966643],[108.661742,11.961711],[108.661659,11.961135],[108.661995,11.959397],[108.661961,11.957725],[108.660327,11.954749],[108.660496,11.95346],[108.659962,11.952579],[108.659814,11.950944],[108.659927,11.95063],[108.660754,11.950554],[108.66164,11.950123],[108.662291,11.949989],[108.66338,11.949525],[108.66361,11.949275],[108.664275,11.947747],[108.664966,11.946889],[108.665236,11.946165],[108.664071,11.944964],[108.663866,11.943996],[108.664149,11.94266],[108.664251,11.940582],[108.664545,11.940098],[108.665421,11.939403],[108.665607,11.938544],[108.66517,11.936822],[108.6646,11.935563],[108.663652,11.933968],[108.663045,11.932308],[108.662146,11.930685],[108.662612,11.929355],[108.662672,11.927808],[108.661505,11.927652],[108.660318,11.927023],[108.660213,11.926781],[108.660356,11.926062],[108.660564,11.925809],[108.661736,11.925024],[108.664,11.914094],[108.663156,11.913048],[108.662892,11.912126],[108.660943,11.90914],[108.660142,11.906573],[108.660124,11.906107],[108.660394,11.905291],[108.660318,11.904781],[108.660124,11.904464],[108.660133,11.903395],[108.659548,11.903649],[108.658784,11.903642],[108.658567,11.903454],[108.658036,11.902432],[108.656098,11.902072],[108.655635,11.901667],[108.655355,11.901241],[108.655401,11.900564],[108.65598,11.899231],[108.656021,11.898744],[108.655536,11.897904],[108.653814,11.896123],[108.653589,11.89525],[108.653543,11.89424],[108.65318,11.893157],[108.65321,11.892857],[108.653485,11.892515],[108.654807,11.891263],[108.654964,11.890987],[108.655372,11.889891],[108.655149,11.888751],[108.655851,11.887236],[108.65545,11.88643],[108.6524,11.873971],[108.651919,11.872657],[108.651877,11.872095],[108.65221,11.871476],[108.652204,11.87029],[108.652508,11.869283],[108.652267,11.868046],[108.65119,11.866523],[108.650209,11.863954],[108.650171,11.863347],[108.65028,11.863069],[108.650698,11.862862],[108.651536,11.862094],[108.651903,11.861475],[108.652003,11.861207],[108.651886,11.860551],[108.652029,11.859803],[108.65258,11.858401],[108.652648,11.857259],[108.653252,11.856463],[108.653362,11.855422],[108.653755,11.85432],[108.6539,11.852381],[108.653556,11.851391],[108.653706,11.850743],[108.653611,11.850247],[108.653718,11.849517],[108.652993,11.847756],[108.653249,11.846853],[108.653181,11.846205],[108.651675,11.843125],[108.65114,11.842245],[108.650512,11.841513],[108.650236,11.840669],[108.648476,11.839664],[108.647885,11.838635],[108.64702,11.837545],[108.646868,11.837012],[108.646391,11.83656],[108.646086,11.835674],[108.645552,11.834757],[108.645413,11.834595],[108.644601,11.83429],[108.643635,11.832734],[108.643092,11.832362],[108.642234,11.832018],[108.640563,11.831598],[108.640435,11.831092],[108.640136,11.830714],[108.63989,11.830633],[108.639652,11.830823],[108.639131,11.830895],[108.638089,11.830369],[108.636654,11.830945],[108.636155,11.83094],[108.634807,11.829557],[108.634618,11.829488],[108.634235,11.831113],[108.633707,11.830313],[108.633353,11.830127],[108.63295,11.828998],[108.632559,11.828876],[108.631482,11.829348],[108.630321,11.829539],[108.63007,11.829835],[108.630203,11.830239],[108.630141,11.830586],[108.629662,11.831482],[108.628852,11.831381],[108.628342,11.831486],[108.627829,11.831834],[108.626717,11.831396],[108.6258,11.831511],[108.625589,11.831356],[108.62528,11.830657],[108.625709,11.829358],[108.625363,11.827168],[108.624987,11.826132],[108.625424,11.82467],[108.625491,11.823625],[108.625351,11.822337],[108.626137,11.820445],[108.626513,11.819901],[108.626963,11.819711],[108.627566,11.819118],[108.627551,11.818743],[108.626369,11.817229],[108.626425,11.815857],[108.625965,11.814456],[108.625959,11.813502],[108.625234,11.813109],[108.625084,11.812846],[108.623343,11.811349],[108.621957,11.810857],[108.621147,11.809963],[108.620186,11.809547],[108.620079,11.808529],[108.620306,11.807534],[108.620271,11.807102],[108.619546,11.805379],[108.619417,11.804523],[108.61952,11.803901],[108.61978,11.803356],[108.621214,11.802775],[108.623596,11.800776],[108.62619,11.799647],[108.627206,11.799602],[108.628062,11.799281],[108.628956,11.798229],[108.63004,11.797597],[108.630681,11.796471],[108.63143,11.795727],[108.632673,11.795398],[108.633182,11.795398],[108.634499,11.795801],[108.635547,11.794459],[108.636823,11.793846],[108.637349,11.793951],[108.640589,11.793828],[108.642179,11.793211],[108.644055,11.79315],[108.646418,11.793367],[108.649192,11.793269],[108.651504,11.792926],[108.653496,11.792892],[108.655055,11.792587],[108.655874,11.792148],[108.656543,11.790823],[108.657078,11.790306],[108.658303,11.789832],[108.66076,11.789649],[108.664379,11.787865],[108.66578,11.78842],[108.668259,11.788892],[108.668744,11.788203],[108.669563,11.786368],[108.671691,11.784808],[108.672574,11.783208],[108.672413,11.781517],[108.671721,11.77934],[108.671319,11.77754],[108.670181,11.77581],[108.668993,11.772773],[108.66866,11.772108],[108.667352,11.770263],[108.666087,11.76756],[108.665583,11.767017],[108.664329,11.766236],[108.66376,11.765392],[108.663405,11.764662],[108.663266,11.764173],[108.663255,11.7634],[108.66293,11.762607],[108.662906,11.761487],[108.663306,11.760188],[108.663666,11.759667],[108.664982,11.758927],[108.665082,11.758031],[108.66494,11.756865],[108.66535,11.754882],[108.665191,11.754294],[108.666344,11.75192],[108.666819,11.750361],[108.666803,11.749754],[108.666623,11.749129],[108.666662,11.74823],[108.666868,11.747725],[108.684033,11.737091],[108.689534,11.732807],[108.693882,11.722555],[108.695045,11.71675],[108.695784,11.709149],[108.695973,11.708411],[108.696618,11.707187],[108.697752,11.705997],[108.698381,11.704487],[108.698887,11.704089],[108.699404,11.703466],[108.699938,11.703182],[108.700657,11.702113],[108.701055,11.700201],[108.7009,11.699562],[108.701132,11.699122],[108.700341,11.698781],[108.699886,11.698779],[108.699018,11.699259],[108.697435,11.699673],[108.695928,11.698793],[108.694815,11.69882],[108.693342,11.698404],[108.692394,11.697597],[108.692146,11.697181],[108.692218,11.696798],[108.692096,11.696089],[108.691711,11.695284],[108.691501,11.694143],[108.690927,11.69378],[108.690621,11.693434],[108.690265,11.692087],[108.689468,11.691862],[108.68926,11.691115],[108.68771,11.688758],[108.687602,11.687933],[108.686945,11.686873],[108.686551,11.685741],[108.686366,11.684785],[108.686314,11.684028],[108.686696,11.683152],[108.686701,11.682579],[108.686146,11.681516],[108.685937,11.680822],[108.684957,11.680282],[108.684324,11.679579],[108.683681,11.677229],[108.68318,11.676213],[108.682396,11.675265],[108.680705,11.673989],[108.67985,11.673077],[108.679581,11.672639],[108.679021,11.670623],[108.67857,11.669682],[108.678226,11.669404],[108.676481,11.66854],[108.673951,11.667607],[108.673175,11.666982],[108.672811,11.666138],[108.672591,11.664988],[108.671902,11.663957],[108.670705,11.66377],[108.669289,11.663736],[108.668191,11.663944],[108.666937,11.664697],[108.665393,11.665919],[108.664721,11.666927],[108.664207,11.667439],[108.664045,11.668007],[108.663804,11.668181],[108.66326,11.668311],[108.661935,11.668013],[108.661128,11.667957],[108.658951,11.668759],[108.657895,11.668099],[108.657508,11.667373],[108.657244,11.667145],[108.656437,11.666661],[108.655897,11.666104],[108.65508,11.665684],[108.653403,11.66447],[108.653226,11.664249],[108.653176,11.663883],[108.652716,11.664168],[108.650858,11.664532],[108.650422,11.664519],[108.649565,11.664248],[108.646546,11.663055],[108.645448,11.66179],[108.644791,11.661753],[108.644061,11.661396],[108.642859,11.661223],[108.642051,11.660585],[108.638894,11.659758],[108.638436,11.659112],[108.638028,11.658775],[108.635982,11.658244],[108.634666,11.65811],[108.634216,11.65795],[108.633594,11.657494],[108.633057,11.656893],[108.631115,11.655897],[108.629751,11.655702],[108.628819,11.655771],[108.627889,11.655171],[108.626779,11.654851],[108.62603,11.654145],[108.625381,11.653849],[108.624555,11.65293],[108.624332,11.65234],[108.62434,11.651384],[108.624186,11.650748],[108.62374,11.650337],[108.623257,11.650098],[108.622145,11.650297],[108.620531,11.651266],[108.619842,11.651372],[108.616475,11.650424],[108.615541,11.650408],[108.614878,11.650602],[108.614146,11.650561],[108.611975,11.649788],[108.610734,11.649526],[108.609923,11.649536],[108.608167,11.649834],[108.606606,11.649674],[108.606134,11.649471],[108.605258,11.648629],[108.604513,11.648128],[108.603634,11.647834],[108.602373,11.647937],[108.601304,11.648197],[108.599913,11.649027],[108.599355,11.649214],[108.597069,11.648483],[108.594635,11.648567],[108.594258,11.648364],[108.593795,11.647882],[108.592908,11.647493],[108.591348,11.646421],[108.589434,11.645458],[108.588427,11.644782],[108.587422,11.643653],[108.586274,11.642923],[108.585888,11.642554],[108.585375,11.641769],[108.584918,11.640754],[108.582595,11.641147],[108.580986,11.641784],[108.580341,11.641762],[108.578582,11.641304],[108.577915,11.640986],[108.576242,11.639782],[108.575477,11.639489],[108.574773,11.639371],[108.574059,11.639399],[108.573219,11.639687],[108.567632,11.642488],[108.564557,11.642271],[108.562332,11.642541],[108.560421,11.640593],[108.560577,11.639817],[108.560348,11.637211],[108.559952,11.636143],[108.559338,11.635268],[108.556482,11.633292],[108.555835,11.633127],[108.553782,11.632986],[108.55346,11.632726],[108.553133,11.632058],[108.553012,11.631452],[108.553217,11.625485],[108.553317,11.624065],[108.553629,11.623409],[108.553474,11.622888],[108.553003,11.622144],[108.55249,11.620102],[108.553666,11.619803],[108.553951,11.618916],[108.553653,11.618391],[108.553504,11.617638],[108.553211,11.617319],[108.552829,11.616542],[108.552807,11.614662],[108.552537,11.614435],[108.552428,11.614171],[108.552607,11.612514],[108.552034,11.61205],[108.551738,11.611245],[108.552233,11.610863],[108.552493,11.609548],[108.552482,11.608491],[108.553204,11.607315],[108.553476,11.606105],[108.552801,11.603714],[108.552252,11.602579],[108.551619,11.60173],[108.551578,11.601047],[108.553223,11.599265],[108.555207,11.596719],[108.566606,11.581382],[108.569289,11.579893],[108.571013,11.579735],[108.571583,11.579503],[108.571839,11.579247],[108.572591,11.577818],[108.573159,11.576425],[108.573925,11.575147],[108.574303,11.57277],[108.576165,11.570105],[108.576547,11.568853],[108.576453,11.567814],[108.576822,11.567292],[108.577051,11.566187],[108.57764,11.565396],[108.578078,11.564331],[108.578593,11.563697],[108.580222,11.562155],[108.581011,11.561204],[108.581709,11.560079],[108.582297,11.559626],[108.582586,11.559179],[108.582295,11.55786],[108.582454,11.557044],[108.582407,11.555909],[108.62168,11.552788],[108.626777,11.553015],[108.643657,11.550673],[108.658915,11.504848],[108.663841,11.500684],[108.678753,11.473405],[108.700455,11.466961],[108.711579,11.462277],[108.712225,11.461897],[108.713141,11.461754],[108.714736,11.462039],[108.715357,11.462351],[108.716009,11.462465],[108.716413,11.462833],[108.717464,11.463396],[108.71836,11.463502],[108.718991,11.46379],[108.719915,11.464561],[108.720929,11.465885],[108.721552,11.466317],[108.722734,11.466696],[108.723353,11.467134],[108.724888,11.469321],[108.750915,11.471313],[108.751777,11.471173],[108.761769,11.470523],[108.760313,11.449093],[108.757211,11.411394],[108.783349,11.393915],[108.785037,11.388317],[108.801571,11.383297],[108.843956,11.377074],[108.845435,11.366605],[108.845648,11.365687],[108.847061,11.364682],[108.849361,11.363993],[108.849775,11.363361],[108.850237,11.363072],[108.850248,11.362548],[108.850479,11.362248],[108.850484,11.361724],[108.850607,11.361479],[108.8509,11.361198],[108.851468,11.361],[108.851982,11.360329],[108.852699,11.36038],[108.854437,11.35918],[108.854858,11.358348],[108.855068,11.35746],[108.855609,11.356976],[108.856881,11.356153],[108.860294,11.354614],[108.864118,11.352691],[108.865536,11.351806],[108.866349,11.351909],[108.86637,11.352349],[108.866763,11.352367],[108.867393,11.35279],[108.867755,11.352878],[108.868077,11.35321],[108.868205,11.353632],[108.869452,11.354755],[108.87009,11.354932],[108.870439,11.354925],[108.870992,11.354279],[108.871595,11.353987],[108.872113,11.353816],[108.874279,11.353509],[108.874715,11.353502],[108.875784,11.353821],[108.87607,11.354102],[108.876634,11.354382],[108.876214,11.341193],[108.876149,11.340445],[108.875893,11.339553],[108.874984,11.337689],[108.874085,11.336276],[108.873336,11.335351],[108.872378,11.334538],[108.871209,11.334044],[108.870534,11.333887],[108.869619,11.333866],[108.86721,11.334656],[108.866376,11.334745],[108.866354,11.333276],[108.86768,11.332981],[108.868093,11.333156],[108.868743,11.333044],[108.869284,11.333192],[108.869614,11.333146],[108.869645,11.332965],[108.869892,11.332914],[108.870268,11.333194],[108.871785,11.332828],[108.87254,11.33277],[108.872684,11.332867],[108.873868,11.332655],[108.873879,11.333201],[108.874288,11.333481],[108.874359,11.334357],[108.874221,11.334715],[108.874478,11.335367],[108.87533,11.336168],[108.876305,11.336619],[108.878794,11.337489],[108.880099,11.337706],[108.882736,11.337582],[108.884764,11.337348],[108.885318,11.337053],[108.886343,11.337495],[108.88699,11.33516],[108.887569,11.334246],[108.889809,11.33306],[108.89424,11.330221],[108.898037,11.326906],[108.899736,11.325273],[108.901802,11.3237],[108.903359,11.322907],[108.909481,11.319156],[108.911717,11.318251],[108.914173,11.316989],[108.915457,11.316182],[108.915722,11.315825],[108.916217,11.315481],[108.917833,11.314639],[108.918357,11.3137],[108.918735,11.312689],[108.91889,11.311407],[108.91778,11.309883],[108.917787,11.309209],[108.91792,11.309131],[108.918043,11.309239],[108.918052,11.308859],[108.918205,11.309014],[108.918439,11.308793],[108.918726,11.308311],[108.918833,11.30781],[108.919074,11.307608],[108.919199,11.307654],[108.919188,11.307924],[108.919597,11.307725],[108.919967,11.307833],[108.920374,11.308189],[108.920317,11.30801],[108.920399,11.30797],[108.920626,11.308352],[108.920944,11.308385],[108.920898,11.308618],[108.921384,11.308639],[108.921587,11.308918],[108.921465,11.309183],[108.922702,11.310165],[108.923918,11.310555],[108.92431,11.310569],[108.925321,11.310244],[108.925968,11.31019],[108.926199,11.309695],[108.926697,11.309261],[108.927091,11.309395],[108.92727,11.309798],[108.927696,11.309816],[108.928165,11.309617],[108.928633,11.309169],[108.928493,11.308552],[108.928893,11.308407],[108.929195,11.307835],[108.929757,11.307694],[108.929874,11.307915],[108.93,11.307713],[108.930676,11.307829],[108.931483,11.307673],[108.931714,11.307357],[108.932189,11.307434],[108.932482,11.306942],[108.93258,11.307158],[108.932923,11.307364],[108.933468,11.307486],[108.933658,11.307643],[108.934672,11.30758],[108.934846,11.307956],[108.935062,11.307963],[108.935242,11.308257],[108.935603,11.308516],[108.935859,11.308964],[108.936145,11.309073],[108.936239,11.30945],[108.936195,11.309949],[108.936026,11.310031],[108.936083,11.310218],[108.936253,11.310229],[108.936295,11.310381],[108.9366,11.310559],[108.937198,11.310693],[108.937545,11.311254],[108.937884,11.311515],[108.93948,11.311398],[108.940019,11.311189],[108.940303,11.311308],[108.940991,11.311314],[108.941628,11.311971],[108.942088,11.312049],[108.942819,11.312393],[108.943038,11.312676],[108.943435,11.312705],[108.944132,11.313102],[108.944587,11.31316],[108.945063,11.313044],[108.94576,11.313439],[108.946172,11.313325],[108.946318,11.313161],[108.946691,11.313271],[108.94675,11.313428],[108.947629,11.314063],[108.947861,11.314075],[108.948017,11.314415],[108.948323,11.314528],[108.94855,11.314444],[108.948932,11.313984],[108.949235,11.314018],[108.949271,11.313578],[108.949506,11.313287],[108.94977,11.313223],[108.950024,11.312942],[108.950202,11.312938],[108.950421,11.313073],[108.950732,11.313074],[108.951035,11.313305],[108.950984,11.31345],[108.951146,11.313618],[108.951197,11.314142],[108.951494,11.313949],[108.952157,11.314045],[108.953077,11.314783],[108.953649,11.314804],[108.954631,11.314292],[108.956423,11.315315],[108.957302,11.315616],[108.958195,11.315713],[108.958891,11.315448]]],[[[109.020254,11.369426],[109.020088,11.369931],[109.020316,11.369951],[109.019909,11.370173],[109.019915,11.369999],[109.019762,11.369966],[109.019536,11.369527],[109.020083,11.369356],[109.020254,11.369426]]],[[[109.129775,11.57107],[109.129589,11.570136],[109.130387,11.570636],[109.130713,11.571121],[109.130149,11.571295],[109.129775,11.57107]]],[[[109.130124,11.573872],[109.12963,11.573376],[109.129743,11.573187],[109.129947,11.573225],[109.130258,11.573796],[109.130124,11.573872]]],[[[109.144104,11.583186],[109.142484,11.583409],[109.142436,11.583118],[109.14294,11.582749],[109.143328,11.582274],[109.144657,11.581479],[109.145336,11.57948],[109.145385,11.578685],[109.145792,11.57851],[109.146617,11.57853],[109.147286,11.578035],[109.147509,11.578035],[109.147548,11.578423],[109.147364,11.578937],[109.146432,11.579335],[109.14587,11.579965],[109.145753,11.581546],[109.145569,11.582264],[109.145152,11.582759],[109.144104,11.583186]]],[[[109.145606,11.582678],[109.146025,11.582014],[109.146169,11.582018],[109.146032,11.582538],[109.145828,11.582775],[109.145606,11.582678]]],[[[109.177455,11.648602],[109.177552,11.649407],[109.177465,11.649775],[109.177154,11.649921],[109.176582,11.649746],[109.176436,11.649882],[109.176242,11.649872],[109.17598,11.649688],[109.175738,11.648543],[109.175389,11.648146],[109.175001,11.647913],[109.174942,11.647321],[109.175088,11.647185],[109.175505,11.647127],[109.176388,11.647447],[109.176786,11.647777],[109.177164,11.647864],[109.177232,11.648252],[109.177455,11.648602]]],[[[109.16983,11.859579],[109.170054,11.859231],[109.170586,11.859127],[109.170952,11.859219],[109.171041,11.859778],[109.170602,11.860087],[109.169912,11.860142],[109.169782,11.859956],[109.16983,11.859579]]],[[[109.179842,12.060221],[109.179684,12.062057],[109.178696,12.065829],[109.178521,12.067539],[109.178631,12.067561],[109.178606,12.068092],[109.176767,12.067978],[109.1767,12.067729],[109.176858,12.067348],[109.176591,12.067295],[109.17636,12.067737],[109.176166,12.067745],[109.174879,12.066837],[109.173731,12.065615],[109.17384,12.065233],[109.174287,12.065322],[109.174935,12.065785],[109.175307,12.063903],[109.175703,12.062901],[109.17581,12.062816],[109.176314,12.06301],[109.176444,12.062543],[109.17558,12.062298],[109.176124,12.060981],[109.175852,12.060884],[109.176061,12.060168],[109.175848,12.060042],[109.175859,12.058444],[109.17593,12.057995],[109.176304,12.057299],[109.176287,12.057012],[109.176541,12.056746],[109.176651,12.056259],[109.176773,12.054107],[109.176702,12.051667],[109.176927,12.049956],[109.177145,12.049365],[109.176867,12.048779],[109.176451,12.048528],[109.176501,12.048375],[109.17683,12.048502],[109.177628,12.048421],[109.178133,12.048501],[109.178898,12.04885],[109.179372,12.049207],[109.181311,12.049861],[109.181099,12.051084],[109.181282,12.051324],[109.180889,12.053474],[109.180892,12.054402],[109.180785,12.054478],[109.179921,12.054319],[109.17983,12.054816],[109.178858,12.0548],[109.178858,12.055239],[109.178625,12.055266],[109.178594,12.055495],[109.179395,12.055913],[109.179548,12.055666],[109.179912,12.055755],[109.180107,12.05544],[109.181301,12.055782],[109.180951,12.057253],[109.180447,12.058446],[109.180611,12.058533],[109.179842,12.060221]]],[[[109.225201,11.76918],[109.225667,11.769344],[109.225832,11.769606],[109.225764,11.770576],[109.22556,11.770848],[109.22524,11.770887],[109.224376,11.770479],[109.223853,11.77045],[109.222475,11.770867],[109.222223,11.770683],[109.222174,11.770392],[109.222436,11.77014],[109.22297,11.769975],[109.223261,11.769296],[109.223659,11.768966],[109.224299,11.768956],[109.22457,11.769092],[109.224959,11.769762],[109.22491,11.769344],[109.225201,11.76918]]],[[[109.215908,11.786029],[109.215074,11.786049],[109.214589,11.786204],[109.213037,11.786165],[109.212571,11.7857],[109.212338,11.784924],[109.211601,11.783857],[109.211698,11.783682],[109.212125,11.783565],[109.21292,11.783565],[109.213114,11.78343],[109.213211,11.782615],[109.213483,11.781819],[109.213269,11.780209],[109.214045,11.779899],[109.214375,11.779646],[109.215403,11.778541],[109.21583,11.777823],[109.215908,11.777629],[109.215753,11.777474],[109.215694,11.776872],[109.21585,11.776503],[109.215927,11.774893],[109.216141,11.774505],[109.217111,11.774078],[109.217576,11.773361],[109.217906,11.773069],[109.219516,11.772546],[109.220448,11.771789],[109.221903,11.771731],[109.22264,11.772313],[109.222815,11.773671],[109.222659,11.774854],[109.222233,11.776212],[109.221418,11.777532],[109.221301,11.778773],[109.221554,11.779452],[109.222213,11.780558],[109.222504,11.782207],[109.222427,11.783003],[109.221786,11.784322],[109.221631,11.784477],[109.221224,11.784574],[109.22103,11.784555],[109.220273,11.783798],[109.219652,11.783779],[109.219458,11.783876],[109.219264,11.783779],[109.219303,11.782983],[109.219031,11.782654],[109.217809,11.782615],[109.217033,11.783197],[109.21713,11.784671],[109.216762,11.785428],[109.215908,11.786029]]],[[[109.208618,11.790346],[109.20855,11.79087],[109.208375,11.791122],[109.207871,11.791171],[109.207279,11.790812],[109.207434,11.79022],[109.2079,11.789541],[109.208405,11.789716],[109.208618,11.790346]]],[[[109.200888,11.816364],[109.202476,11.815551],[109.202776,11.815522],[109.202718,11.815957],[109.202418,11.816238],[109.202524,11.816635],[109.202137,11.817254],[109.202098,11.817816],[109.201634,11.817864],[109.201343,11.817651],[109.20113,11.817254],[109.200559,11.816974],[109.200511,11.81677],[109.200888,11.816364]]],[[[109.250043,11.831874],[109.25019,11.831586],[109.25037,11.831608],[109.250782,11.832547],[109.250774,11.832941],[109.250528,11.833281],[109.250363,11.833255],[109.250001,11.832815],[109.249704,11.832645],[109.249459,11.83172],[109.249641,11.831747],[109.249693,11.831975],[109.249877,11.831775],[109.250043,11.831874]]],[[[109.18123,11.83894],[109.18118,11.838757],[109.181462,11.838537],[109.181786,11.838456],[109.182073,11.838553],[109.181623,11.838772],[109.181674,11.839034],[109.181581,11.839133],[109.18123,11.83894]]],[[[109.239548,11.838479],[109.238747,11.838365],[109.237144,11.839849],[109.234703,11.839994],[109.232002,11.84174],[109.230225,11.841702],[109.230675,11.843453],[109.229668,11.844971],[109.227432,11.84522],[109.225723,11.849559],[109.221436,11.85183],[109.220665,11.850353],[109.22084,11.847372],[109.222038,11.846053],[109.223343,11.846804],[109.225113,11.845376],[109.224274,11.842288],[109.225403,11.840469],[109.22451,11.839306],[109.223351,11.839235],[109.22467,11.838824],[109.224014,11.836879],[109.224861,11.835366],[109.227005,11.835396],[109.226868,11.834323],[109.227966,11.833805],[109.229156,11.831708],[109.2314,11.830828],[109.23304,11.831038],[109.235687,11.828141],[109.239731,11.829494],[109.239883,11.83123],[109.23864,11.83322],[109.240143,11.835198],[109.244148,11.833449],[109.245094,11.833717],[109.245674,11.832905],[109.246864,11.833784],[109.249664,11.833151],[109.250656,11.833929],[109.252441,11.837244],[109.252167,11.838953],[109.251122,11.840393],[109.246857,11.84201],[109.246307,11.843135],[109.249306,11.848179],[109.248306,11.850361],[109.246506,11.851111],[109.245766,11.850307],[109.244743,11.850841],[109.242363,11.849818],[109.241852,11.844416],[109.243279,11.843246],[109.243271,11.841429],[109.240349,11.838777],[109.239632,11.838502],[109.239471,11.839162],[109.239548,11.838479]]],[[[109.267672,11.899113],[109.267876,11.898918],[109.26807,11.898985],[109.26846,11.899657],[109.268471,11.899872],[109.268311,11.899863],[109.267917,11.899412],[109.267566,11.899679],[109.267435,11.899635],[109.267165,11.899185],[109.267188,11.898977],[109.267407,11.898878],[109.267672,11.899113]]],[[[109.269262,11.900407],[109.269554,11.900287],[109.269772,11.900338],[109.269895,11.900518],[109.269797,11.900955],[109.269428,11.900652],[109.268868,11.900526],[109.268819,11.90011],[109.269008,11.900133],[109.269262,11.900407]]],[[[109.268239,11.900828],[109.268243,11.900157],[109.268389,11.900172],[109.268562,11.90041],[109.26864,11.900719],[109.268524,11.900949],[109.268239,11.900828]]],[[[109.274161,11.930952],[109.274375,11.93144],[109.274291,11.931657],[109.27402,11.931555],[109.273532,11.931605],[109.273595,11.931021],[109.274161,11.930952]]],[[[109.269357,11.933118],[109.269495,11.932779],[109.26982,11.932668],[109.26978,11.93322],[109.269532,11.93324],[109.269357,11.933118]]],[[[109.275104,11.937718],[109.275274,11.938108],[109.275735,11.938228],[109.275792,11.93841],[109.275657,11.938708],[109.275409,11.938697],[109.275183,11.938399],[109.274727,11.938233],[109.274961,11.937738],[109.275104,11.937718]]],[[[109.27744,11.938316],[109.277601,11.938789],[109.277911,11.938875],[109.277916,11.938964],[109.277285,11.938927],[109.277141,11.938677],[109.27722,11.9384],[109.27744,11.938316]]],[[[109.322072,12.006115],[109.321387,12.006215],[109.320782,12.005121],[109.320805,12.004518],[109.321341,12.004663],[109.321924,12.003658],[109.322388,12.003349],[109.323408,12.003267],[109.323967,12.005131],[109.323476,12.006293],[109.3227,12.007354],[109.322072,12.006115]]],[[[109.325773,12.030817],[109.325699,12.031898],[109.325395,12.03218],[109.325195,12.031884],[109.325092,12.032009],[109.324632,12.032024],[109.324136,12.031654],[109.324292,12.030758],[109.324758,12.029877],[109.325654,12.029877],[109.32581,12.030321],[109.325595,12.030543],[109.325773,12.030817]]],[[[109.325395,12.033424],[109.324625,12.033202],[109.32467,12.032905],[109.325277,12.032728],[109.326136,12.033261],[109.326017,12.033379],[109.325395,12.033424]]],[[[109.327854,12.046054],[109.32655,12.046232],[109.326254,12.046054],[109.326106,12.046098],[109.326106,12.046409],[109.325958,12.046424],[109.325499,12.046113],[109.324936,12.045432],[109.324507,12.044306],[109.323707,12.043181],[109.323425,12.042795],[109.322803,12.042336],[109.322729,12.04201],[109.32227,12.041329],[109.321456,12.039048],[109.321426,12.038589],[109.321648,12.03816],[109.323485,12.035745],[109.324196,12.034353],[109.324758,12.03382],[109.326684,12.03379],[109.327202,12.034294],[109.327365,12.034946],[109.327217,12.035227],[109.325691,12.035479],[109.325292,12.035701],[109.325232,12.035849],[109.32578,12.036219],[109.325973,12.036827],[109.325736,12.038382],[109.325321,12.038604],[109.325499,12.039374],[109.325395,12.039848],[109.32541,12.0409],[109.325292,12.041403],[109.324966,12.041996],[109.324314,12.04204],[109.324181,12.042322],[109.32421,12.042795],[109.32464,12.043418],[109.326091,12.043966],[109.327247,12.045002],[109.327854,12.046054]]],[[[109.328328,12.045423],[109.328509,12.045835],[109.328169,12.04595],[109.327893,12.045789],[109.328328,12.045423]]],[[[109.327134,12.04805],[109.327304,12.048427],[109.327178,12.048612],[109.32746,12.048886],[109.327393,12.049175],[109.326689,12.049368],[109.326119,12.049368],[109.325904,12.049257],[109.325734,12.04899],[109.325823,12.048124],[109.326223,12.046924],[109.32646,12.046924],[109.326719,12.04725],[109.327148,12.047494],[109.327134,12.04805]]],[[[109.317881,12.16329],[109.318488,12.162956],[109.318695,12.163341],[109.318599,12.163638],[109.317962,12.164363],[109.317806,12.164312],[109.317703,12.164089],[109.317718,12.163638],[109.317881,12.16329]]],[[[109.310871,12.169832],[109.309479,12.169151],[109.308857,12.169121],[109.307672,12.169447],[109.305243,12.171639],[109.302873,12.171817],[109.302133,12.17158],[109.300829,12.171432],[109.299615,12.170988],[109.297749,12.171047],[109.297216,12.17081],[109.29686,12.170247],[109.296801,12.167196],[109.297008,12.166544],[109.297393,12.165952],[109.29846,12.165182],[109.299615,12.163997],[109.29997,12.163878],[109.301333,12.163849],[109.30311,12.163375],[109.30474,12.163404],[109.305421,12.163612],[109.306221,12.164145],[109.30708,12.165182],[109.307346,12.16533],[109.309775,12.165715],[109.310575,12.165211],[109.311256,12.1645],[109.312234,12.162812],[109.312708,12.162338],[109.313596,12.161775],[109.314515,12.161538],[109.314485,12.161834],[109.314307,12.162071],[109.314278,12.162664],[109.315403,12.163789],[109.31567,12.163938],[109.31644,12.163404],[109.316736,12.163375],[109.317062,12.163464],[109.317536,12.163878],[109.317536,12.164471],[109.317151,12.165359],[109.316973,12.165596],[109.315789,12.165685],[109.315818,12.166278],[109.315522,12.166396],[109.314989,12.16607],[109.314011,12.165982],[109.312441,12.166367],[109.312234,12.166959],[109.312056,12.168736],[109.31173,12.169595],[109.311464,12.169773],[109.310871,12.169832]]],[[[109.312675,12.170414],[109.313482,12.169851],[109.313956,12.170466],[109.31403,12.171036],[109.313489,12.171362],[109.313089,12.171332],[109.312904,12.170799],[109.312652,12.170725],[109.312675,12.170414]]],[[[109.247955,12.178015],[109.246444,12.178578],[109.245614,12.180267],[109.244637,12.180207],[109.243393,12.179911],[109.241764,12.180119],[109.240727,12.179496],[109.239809,12.179259],[109.23732,12.179259],[109.235513,12.179496],[109.234951,12.179171],[109.234625,12.178578],[109.234417,12.177275],[109.234951,12.176416],[109.235484,12.17606],[109.237646,12.175823],[109.23972,12.174964],[109.239809,12.174372],[109.240371,12.173454],[109.240638,12.173305],[109.24123,12.173335],[109.242682,12.172624],[109.2436,12.172595],[109.244193,12.172121],[109.244815,12.171972],[109.245407,12.171972],[109.246207,12.172535],[109.247125,12.172535],[109.247451,12.172002],[109.247747,12.171765],[109.248636,12.171528],[109.249139,12.170699],[109.249406,12.170491],[109.249821,12.169632],[109.250798,12.169366],[109.251687,12.169336],[109.251983,12.169544],[109.252102,12.16984],[109.252131,12.170432],[109.251953,12.171321],[109.251568,12.171824],[109.251065,12.17215],[109.25065,12.172624],[109.250324,12.173513],[109.249258,12.175023],[109.249139,12.175616],[109.249643,12.176416],[109.249465,12.177008],[109.249051,12.177423],[109.247955,12.178015]]],[[[109.277695,12.17706],[109.277132,12.177771],[109.277014,12.178067],[109.276806,12.179608],[109.276806,12.179933],[109.277221,12.180407],[109.277132,12.181],[109.276125,12.18177],[109.275829,12.181888],[109.275236,12.181859],[109.275088,12.181592],[109.275562,12.181148],[109.276066,12.180378],[109.276066,12.180081],[109.275918,12.179815],[109.275621,12.179756],[109.274673,12.179874],[109.272156,12.181622],[109.271919,12.181385],[109.272037,12.180081],[109.271385,12.179756],[109.271208,12.179489],[109.271178,12.176705],[109.270763,12.175816],[109.270645,12.174927],[109.270941,12.17472],[109.271593,12.174927],[109.272896,12.17469],[109.273726,12.174157],[109.274377,12.173417],[109.274703,12.173298],[109.274999,12.173387],[109.275532,12.173802],[109.275858,12.174661],[109.276451,12.17475],[109.277339,12.175579],[109.277695,12.176468],[109.277695,12.17706]]],[[[109.345453,12.190046],[109.345145,12.190155],[109.34517,12.189703],[109.345496,12.189853],[109.345453,12.190046]]],[[[109.227204,12.196884],[109.226197,12.196825],[109.225694,12.19647],[109.225131,12.19567],[109.224805,12.195611],[109.224479,12.19567],[109.224361,12.195966],[109.22442,12.196855],[109.223916,12.19724],[109.223354,12.197477],[109.222732,12.197329],[109.222495,12.197151],[109.222258,12.196914],[109.222258,12.196292],[109.222643,12.195729],[109.222732,12.194781],[109.222998,12.194189],[109.222613,12.193715],[109.222317,12.193596],[109.220777,12.193626],[109.220243,12.193241],[109.219236,12.191908],[109.218525,12.189746],[109.218525,12.188827],[109.218762,12.18865],[109.219355,12.188679],[109.219592,12.188916],[109.219917,12.189005],[109.220806,12.189035],[109.221399,12.188916],[109.222346,12.188442],[109.222702,12.187968],[109.223206,12.186783],[109.223561,12.183762],[109.223768,12.18317],[109.225309,12.182992],[109.225546,12.182755],[109.225842,12.182696],[109.225871,12.182992],[109.225546,12.184147],[109.225575,12.18474],[109.225931,12.185273],[109.226079,12.186191],[109.226671,12.187346],[109.227293,12.188057],[109.227856,12.188442],[109.228537,12.18862],[109.228774,12.188827],[109.229248,12.189627],[109.229841,12.189775],[109.230374,12.190131],[109.231529,12.192026],[109.23224,12.193448],[109.232803,12.193745],[109.234047,12.193982],[109.234343,12.1941],[109.234521,12.194337],[109.234521,12.194633],[109.234284,12.19487],[109.232684,12.195966],[109.232388,12.195966],[109.232122,12.195818],[109.23144,12.195048],[109.231174,12.1949],[109.229959,12.194544],[109.228123,12.194544],[109.22753,12.194692],[109.226938,12.194692],[109.226642,12.194544],[109.226168,12.195018],[109.226286,12.195403],[109.227353,12.196381],[109.227501,12.196677],[109.227204,12.196884]]],[[[109.343424,12.191477],[109.343349,12.191156],[109.343329,12.191466],[109.34299,12.191689],[109.342813,12.191324],[109.342579,12.191324],[109.342359,12.19117],[109.342325,12.191006],[109.342524,12.190662],[109.342696,12.19078],[109.342807,12.190654],[109.343164,12.190632],[109.343144,12.190222],[109.343404,12.190138],[109.343598,12.189789],[109.34376,12.189929],[109.343966,12.18975],[109.344174,12.189775],[109.344397,12.19025],[109.344608,12.190096],[109.344568,12.190459],[109.344682,12.190414],[109.344754,12.190595],[109.344665,12.190688],[109.344808,12.190704],[109.344648,12.190919],[109.344474,12.190925],[109.344511,12.190671],[109.3444,12.190629],[109.344237,12.191084],[109.344017,12.191011],[109.343789,12.191575],[109.343424,12.191477]]],[[[109.34176,12.190598],[109.342014,12.190526],[109.342262,12.190835],[109.342034,12.191441],[109.341597,12.191538],[109.341371,12.191045],[109.34176,12.190598]]],[[[109.340986,12.191692],[109.340689,12.191458],[109.340735,12.191],[109.340781,12.190888],[109.341123,12.190866],[109.341283,12.191123],[109.341169,12.191547],[109.340986,12.191692]]],[[[109.338703,12.192476],[109.33878,12.192236],[109.338979,12.192158],[109.338808,12.192504],[109.338703,12.192476]]],[[[109.336576,12.194326],[109.336667,12.194465],[109.336588,12.194543],[109.336159,12.194476],[109.336234,12.194203],[109.33661,12.193907],[109.336702,12.193461],[109.337198,12.193176],[109.337438,12.193193],[109.337507,12.193355],[109.337193,12.193801],[109.336873,12.194074],[109.336639,12.194114],[109.336576,12.194326]]],[[[109.287201,12.229594],[109.284909,12.2286],[109.282101,12.228533],[109.276699,12.228583],[109.273605,12.229419],[109.273102,12.232321],[109.270645,12.232047],[109.267914,12.233326],[109.266968,12.23616],[109.26577,12.236366],[109.264016,12.235786],[109.262486,12.236009],[109.263331,12.235138],[109.262555,12.232014],[109.260705,12.228064],[109.260408,12.225967],[109.261207,12.225052],[109.261002,12.222641],[109.261436,12.220968],[109.261139,12.220298],[109.259495,12.219383],[109.257577,12.219361],[109.255659,12.219763],[109.254448,12.220811],[109.25261,12.225252],[109.251103,12.225353],[109.24971,12.224828],[109.249333,12.223824],[109.248454,12.223356],[109.246822,12.223255],[109.244987,12.224068],[109.245223,12.224761],[109.244835,12.22764],[109.243828,12.229192],[109.244995,12.231242],[109.243797,12.23135],[109.243077,12.230274],[109.24234,12.229866],[109.240668,12.230642],[109.239812,12.231847],[109.238724,12.232569],[109.23714,12.232751],[109.236375,12.232516],[109.235657,12.231989],[109.234207,12.232503],[109.230621,12.228519],[109.230131,12.224669],[109.233534,12.224134],[109.236617,12.224366],[109.239196,12.223375],[109.238306,12.218041],[109.237689,12.215207],[109.240932,12.211547],[109.241987,12.211957],[109.242997,12.211293],[109.243048,12.21035],[109.242609,12.209815],[109.243722,12.209257],[109.246588,12.208308],[109.248757,12.206924],[109.251086,12.20534],[109.251428,12.204514],[109.250789,12.203331],[109.251314,12.203264],[109.251977,12.203844],[109.253027,12.203398],[109.258316,12.199509],[109.263344,12.198719],[109.266449,12.197134],[109.269608,12.19733],[109.273216,12.192312],[109.273796,12.190339],[109.273148,12.188425],[109.27401,12.187192],[109.277344,12.183933],[109.278946,12.184001],[109.28463,12.180528],[109.287827,12.181376],[109.291611,12.18022],[109.291489,12.18235],[109.29274,12.183206],[109.293816,12.183098],[109.294411,12.181925],[109.295273,12.182159],[109.295212,12.184525],[109.29464,12.184892],[109.295227,12.185149],[109.292998,12.187273],[109.289749,12.188718],[109.289215,12.190886],[109.289726,12.195317],[109.292259,12.197514],[109.293358,12.197334],[109.295532,12.200545],[109.300995,12.204538],[109.302116,12.207113],[109.30204,12.204367],[109.302623,12.201445],[109.302372,12.200106],[109.300323,12.19999],[109.299609,12.199035],[109.299522,12.197167],[109.297988,12.198175],[109.296595,12.19552],[109.298079,12.192172],[109.306046,12.192422],[109.308058,12.190754],[109.31017,12.189772],[109.315956,12.19124],[109.317528,12.192815],[109.319649,12.193597],[109.321384,12.193522],[109.322172,12.19408],[109.323166,12.194142],[109.323919,12.193221],[109.32412,12.191758],[109.322789,12.192183],[109.32129,12.192105],[109.319329,12.190967],[109.318085,12.188868],[109.31716,12.188723],[109.315893,12.188913],[109.315402,12.188188],[109.316078,12.186302],[109.31662,12.185989],[109.323608,12.184402],[109.326187,12.18648],[109.326011,12.18787],[109.325531,12.189395],[109.326218,12.190727],[109.327221,12.191184],[109.328865,12.191073],[109.330467,12.191228],[109.331229,12.191932],[109.332233,12.192289],[109.33287,12.193071],[109.334494,12.193383],[109.335594,12.193859],[109.335358,12.19557],[109.333649,12.198341],[109.331291,12.200441],[109.330213,12.200971],[109.327769,12.200647],[109.328903,12.20397],[109.32753,12.209358],[109.330963,12.211068],[109.331482,12.217377],[109.330055,12.220465],[109.328613,12.221569],[109.32695,12.221759],[109.324532,12.21987],[109.322334,12.22118],[109.320747,12.221056],[109.320076,12.224296],[109.318924,12.225048],[109.318283,12.227541],[109.315849,12.226876],[109.314278,12.224315],[109.314914,12.223422],[109.311333,12.216509],[109.31234,12.215885],[109.312256,12.215093],[109.31028,12.2136],[109.306808,12.212869],[109.304893,12.213693],[109.304199,12.21624],[109.304581,12.218706],[109.303528,12.21889],[109.303268,12.219902],[109.303802,12.222396],[109.303253,12.222896],[109.301689,12.221413],[109.299835,12.22156],[109.299934,12.222398],[109.298523,12.223186],[109.29789,12.224896],[109.298531,12.228481],[109.2967,12.230348],[109.294319,12.230608],[109.291313,12.229235],[109.287201,12.229594]]],[[[109.363709,12.272861],[109.362702,12.274105],[109.359473,12.274105],[109.358585,12.27369],[109.357814,12.273157],[109.357607,12.27289],[109.357459,12.272565],[109.357548,12.271024],[109.358229,12.269484],[109.359414,12.268003],[109.360925,12.267588],[109.361813,12.267558],[109.363028,12.268536],[109.362998,12.269128],[109.363828,12.270461],[109.363976,12.27135],[109.363976,12.271942],[109.363709,12.272861]]],[[[109.370985,12.277293],[109.370459,12.277419],[109.370348,12.277337],[109.370507,12.27673],[109.370759,12.276556],[109.371333,12.276912],[109.370985,12.277293]]],[[[109.368812,12.280866],[109.369819,12.280081],[109.370263,12.279948],[109.370515,12.280111],[109.370737,12.28057],[109.371167,12.280733],[109.371255,12.281029],[109.370885,12.282184],[109.370352,12.282614],[109.370322,12.28294],[109.370781,12.283591],[109.370485,12.283947],[109.370307,12.285294],[109.369078,12.285754],[109.368634,12.285576],[109.368323,12.285191],[109.368338,12.284732],[109.368604,12.283947],[109.368249,12.282362],[109.368456,12.281399],[109.368812,12.280866]]],[[[109.245407,12.288842],[109.245348,12.289567],[109.244874,12.290249],[109.24437,12.290278],[109.244089,12.29016],[109.243941,12.290234],[109.243822,12.29056],[109.243526,12.290634],[109.243215,12.290456],[109.243156,12.290145],[109.242741,12.289953],[109.242623,12.289508],[109.242119,12.289034],[109.241497,12.289005],[109.241393,12.288886],[109.24163,12.288664],[109.242282,12.288649],[109.242549,12.288072],[109.242563,12.287627],[109.243141,12.28739],[109.243941,12.287894],[109.244696,12.287997],[109.244918,12.288205],[109.245244,12.287923],[109.245703,12.287983],[109.246029,12.288175],[109.246177,12.28862],[109.245911,12.288797],[109.245407,12.288842]]],[[[109.218076,12.360102],[109.21851,12.360833],[109.21855,12.361228],[109.217721,12.361346],[109.214897,12.362472],[109.214502,12.362156],[109.213929,12.360991],[109.213554,12.360793],[109.211776,12.360694],[109.210493,12.360951],[109.210276,12.360912],[109.210216,12.360714],[109.210513,12.360378],[109.210908,12.36026],[109.211046,12.360102],[109.211579,12.358976],[109.212369,12.358641],[109.21381,12.358562],[109.214324,12.35791],[109.214857,12.357594],[109.216121,12.357594],[109.216733,12.35789],[109.21774,12.358897],[109.218076,12.360102]]],[[[109.219399,12.382832],[109.219419,12.384056],[109.218925,12.385912],[109.218491,12.386604],[109.217721,12.387453],[109.217563,12.388045],[109.21699,12.388361],[109.216852,12.388203],[109.216852,12.387808],[109.217168,12.387236],[109.217128,12.386643],[109.217306,12.386228],[109.217365,12.384826],[109.217661,12.38453],[109.218451,12.384392],[109.218668,12.382772],[109.219044,12.382654],[109.219399,12.382832]]],[[[109.236125,12.395175],[109.235177,12.395356],[109.233462,12.396168],[109.229852,12.399417],[109.229085,12.39883],[109.228859,12.398379],[109.228318,12.398199],[109.22737,12.398379],[109.227009,12.398108],[109.226873,12.397612],[109.226693,12.395807],[109.226738,12.394408],[109.226603,12.393957],[109.225745,12.392828],[109.224888,12.391429],[109.222812,12.389083],[109.221999,12.388541],[109.221548,12.388406],[109.221277,12.387954],[109.221323,12.387503],[109.22227,12.387142],[109.222722,12.387097],[109.222902,12.385743],[109.223534,12.385066],[109.226422,12.383983],[109.227866,12.383577],[109.230574,12.383081],[109.231973,12.383035],[109.232424,12.3829],[109.233327,12.381772],[109.234861,12.380734],[109.235764,12.380734],[109.236215,12.380869],[109.237027,12.381456],[109.237614,12.382223],[109.238742,12.383171],[109.239103,12.384615],[109.239825,12.385879],[109.240322,12.387368],[109.240367,12.388315],[109.240186,12.388767],[109.239509,12.389489],[109.239284,12.389895],[109.238697,12.3917],[109.237975,12.392467],[109.237479,12.39328],[109.237479,12.393731],[109.23784,12.394633],[109.237885,12.395085],[109.237524,12.395356],[109.236125,12.395175]]],[[[109.223467,12.398492],[109.223842,12.398314],[109.224652,12.398215],[109.225027,12.398314],[109.225027,12.398531],[109.224376,12.399045],[109.224099,12.399835],[109.224534,12.40019],[109.224751,12.400783],[109.224356,12.401276],[109.224218,12.401869],[109.223586,12.40173],[109.223428,12.401592],[109.223309,12.401178],[109.222973,12.40096],[109.221848,12.400802],[109.221473,12.400565],[109.221236,12.40023],[109.220663,12.399973],[109.220702,12.399775],[109.22165,12.399005],[109.223072,12.398512],[109.223467,12.398492]]],[[[109.203604,12.402206],[109.202799,12.402312],[109.202217,12.401526],[109.201396,12.401429],[109.201732,12.40137],[109.202023,12.400913],[109.202679,12.400367],[109.20309,12.400406],[109.203399,12.400701],[109.203787,12.400841],[109.204015,12.400785],[109.204192,12.4004],[109.204592,12.400434],[109.20474,12.400679],[109.204466,12.401459],[109.203941,12.402039],[109.203604,12.402206]]],[[[109.219597,12.400111],[109.220071,12.401079],[109.220011,12.402066],[109.218491,12.403764],[109.218115,12.403922],[109.217879,12.403843],[109.217266,12.402915],[109.216397,12.402935],[109.216101,12.402639],[109.216081,12.402422],[109.216378,12.401849],[109.217266,12.401237],[109.218293,12.40021],[109.218866,12.399933],[109.219261,12.399993],[109.219399,12.400151],[109.219597,12.400111]]],[[[109.307401,12.476433],[109.307438,12.47663],[109.306923,12.476691],[109.306248,12.476395],[109.305372,12.47625],[109.304472,12.476283],[109.303572,12.476536],[109.303417,12.476461],[109.303848,12.476184],[109.304786,12.475969],[109.305151,12.475434],[109.305512,12.475519],[109.305953,12.475856],[109.306295,12.475763],[109.307063,12.475866],[109.307209,12.476044],[109.306843,12.476166],[109.307401,12.476433]]],[[[109.348758,12.48942],[109.348196,12.489589],[109.346752,12.489664],[109.346115,12.489102],[109.346002,12.48807],[109.346452,12.486289],[109.346415,12.484621],[109.346584,12.484002],[109.347015,12.483309],[109.347952,12.483908],[109.348533,12.483927],[109.349283,12.483515],[109.349827,12.482615],[109.351177,12.482259],[109.351627,12.481602],[109.351739,12.48119],[109.351552,12.480009],[109.35157,12.479222],[109.351777,12.478884],[109.352395,12.478565],[109.352358,12.47744],[109.352508,12.477328],[109.35337,12.477291],[109.354458,12.47744],[109.355114,12.477909],[109.355507,12.478622],[109.358057,12.480459],[109.358245,12.479915],[109.358826,12.479278],[109.361076,12.478322],[109.361188,12.478715],[109.361188,12.479934],[109.361094,12.480103],[109.360907,12.48014],[109.360569,12.47999],[109.360719,12.480628],[109.360738,12.482671],[109.360644,12.48284],[109.359857,12.482896],[109.359501,12.482634],[109.358938,12.482615],[109.358226,12.482971],[109.357476,12.482952],[109.35697,12.483271],[109.356014,12.483309],[109.355864,12.483421],[109.355714,12.483552],[109.355695,12.483927],[109.35577,12.486177],[109.35517,12.487302],[109.354158,12.487058],[109.352995,12.486308],[109.352264,12.485989],[109.351214,12.485764],[109.350314,12.485746],[109.350183,12.486139],[109.350483,12.486683],[109.350389,12.487452],[109.349864,12.488427],[109.348758,12.48942]]],[[[109.313374,12.496026],[109.314493,12.49636],[109.315041,12.497073],[109.31495,12.497296],[109.314333,12.497675],[109.314676,12.49801],[109.314242,12.498233],[109.312187,12.498099],[109.311502,12.497943],[109.311296,12.497542],[109.309881,12.49714],[109.30931,12.497118],[109.308168,12.49743],[109.306319,12.497296],[109.303784,12.496538],[109.30109,12.495223],[109.300519,12.494777],[109.299788,12.49451],[109.298418,12.494242],[109.295609,12.494465],[109.295381,12.494577],[109.294605,12.494465],[109.293897,12.493774],[109.29328,12.492927],[109.29312,12.492035],[109.292732,12.491366],[109.292527,12.490452],[109.291796,12.489248],[109.291762,12.488064],[109.292184,12.487443],[109.292275,12.486997],[109.292001,12.486328],[109.291453,12.485704],[109.291499,12.485481],[109.292184,12.485458],[109.29312,12.485704],[109.293531,12.485525],[109.293988,12.485525],[109.294582,12.485971],[109.296431,12.486306],[109.298235,12.486283],[109.298692,12.486172],[109.299163,12.485896],[109.299602,12.485364],[109.299902,12.485325],[109.300313,12.48557],[109.300541,12.485971],[109.300747,12.486083],[109.301572,12.486189],[109.3018,12.486166],[109.30214,12.485904],[109.302368,12.485971],[109.303122,12.486573],[109.303304,12.488557],[109.303644,12.489148],[109.30609,12.491991],[109.306909,12.492417],[109.307574,12.492459],[109.30794,12.492771],[109.308214,12.492748],[109.308785,12.492303],[109.309607,12.492793],[109.309767,12.493484],[109.309333,12.493663],[109.309082,12.494309],[109.309607,12.495112],[109.309835,12.495223],[109.311,12.49529],[109.312872,12.49636],[109.3131,12.496405],[109.313374,12.496026]]],[[[109.328412,12.493339],[109.328656,12.49346],[109.328844,12.493849],[109.328726,12.49406],[109.328351,12.494205],[109.327006,12.493634],[109.326533,12.493643],[109.32642,12.493517],[109.32643,12.493324],[109.326678,12.493212],[109.327269,12.493362],[109.327653,12.493137],[109.328089,12.493071],[109.328366,12.493099],[109.328412,12.493339]]],[[[109.333075,12.6354],[109.332161,12.635667],[109.331339,12.636113],[109.330426,12.636291],[109.329513,12.636291],[109.327686,12.636826],[109.326681,12.637004],[109.325768,12.637004],[109.322114,12.637806],[109.320744,12.639143],[109.319922,12.639588],[109.319009,12.639678],[109.318187,12.639232],[109.316451,12.637004],[109.314807,12.635756],[109.314077,12.635221],[109.311336,12.633974],[109.310606,12.633261],[109.309784,12.632726],[109.30887,12.632369],[109.308322,12.631656],[109.307592,12.631032],[109.30677,12.630587],[109.304851,12.630587],[109.304452,12.630097],[109.304178,12.629517],[109.303847,12.628303],[109.303927,12.627623],[109.303516,12.626732],[109.303653,12.625495],[109.303321,12.62447],[109.30331,12.623902],[109.302956,12.623401],[109.303127,12.622354],[109.302716,12.621228],[109.302682,12.620783],[109.302431,12.620382],[109.3025,12.619824],[109.302739,12.619011],[109.303847,12.61754],[109.304532,12.616404],[109.304703,12.615479],[109.305594,12.614599],[109.306164,12.614276],[109.306587,12.613864],[109.307306,12.612683],[109.308242,12.610677],[109.309167,12.61022],[109.310457,12.609908],[109.312832,12.608705],[109.315218,12.608137],[109.316394,12.607468],[109.316919,12.607],[109.317056,12.606443],[109.316862,12.605752],[109.317102,12.604549],[109.316976,12.603591],[109.317604,12.603725],[109.317753,12.603925],[109.317867,12.603892],[109.317981,12.603569],[109.318095,12.603569],[109.318666,12.603758],[109.319032,12.603747],[109.319431,12.604026],[109.319248,12.604304],[109.31926,12.604527],[109.319123,12.604594],[109.319169,12.604928],[109.319717,12.605552],[109.32015,12.606533],[109.320801,12.607067],[109.321703,12.607558],[109.323404,12.608115],[109.323884,12.608137],[109.325345,12.608861],[109.326932,12.609407],[109.329684,12.60934],[109.331876,12.608627],[109.332618,12.608237],[109.333337,12.607379],[109.333714,12.606388],[109.334262,12.605886],[109.33441,12.60534],[109.33465,12.60524],[109.336043,12.605396],[109.33626,12.605296],[109.337048,12.604672],[109.337596,12.604404],[109.338498,12.603535],[109.339628,12.601964],[109.339731,12.601396],[109.339571,12.600716],[109.339685,12.59968],[109.339605,12.598555],[109.339286,12.597519],[109.339091,12.596159],[109.338543,12.594811],[109.338429,12.593563],[109.338155,12.592638],[109.338007,12.59158],[109.338521,12.590176],[109.339069,12.589474],[109.339503,12.589897],[109.339754,12.589908],[109.340096,12.589797],[109.340325,12.589518],[109.341215,12.589819],[109.341809,12.589641],[109.342014,12.589351],[109.343042,12.58963],[109.344834,12.589262],[109.345919,12.588404],[109.34657,12.587546],[109.346661,12.586855],[109.347015,12.586822],[109.347141,12.586487],[109.347483,12.586309],[109.34746,12.586075],[109.347826,12.585841],[109.348728,12.586443],[109.349241,12.586621],[109.350063,12.58671],[109.350771,12.586521],[109.350965,12.586365],[109.351479,12.585284],[109.352176,12.58515],[109.352541,12.584682],[109.352758,12.584103],[109.353397,12.583757],[109.353557,12.583445],[109.35439,12.582766],[109.354413,12.582431],[109.355155,12.582008],[109.355509,12.58125],[109.355624,12.581206],[109.356309,12.581406],[109.356674,12.582353],[109.357016,12.582443],[109.357473,12.582331],[109.358307,12.582376],[109.360213,12.581696],[109.360362,12.581518],[109.360556,12.580738],[109.360384,12.580403],[109.360316,12.579735],[109.360476,12.579066],[109.36091,12.578699],[109.361275,12.578565],[109.361629,12.578543],[109.3618,12.578687],[109.362371,12.57881],[109.36309,12.578476],[109.363695,12.578398],[109.363878,12.578231],[109.364312,12.578364],[109.364974,12.577462],[109.364997,12.576804],[109.365305,12.576748],[109.365568,12.576214],[109.366127,12.576002],[109.366481,12.57628],[109.36671,12.576247],[109.367315,12.575367],[109.367794,12.574308],[109.367703,12.573606],[109.367212,12.573038],[109.367292,12.571444],[109.367383,12.571333],[109.367486,12.571656],[109.36784,12.571756],[109.367988,12.571556],[109.367885,12.571099],[109.367965,12.570764],[109.36873,12.570341],[109.369484,12.570285],[109.36961,12.570085],[109.369415,12.569561],[109.369678,12.569338],[109.37058,12.569227],[109.370763,12.569372],[109.370683,12.569684],[109.371037,12.569628],[109.371413,12.568892],[109.372076,12.568224],[109.372567,12.568157],[109.372898,12.567544],[109.373366,12.567444],[109.373377,12.567109],[109.373537,12.566931],[109.373628,12.566463],[109.373857,12.566452],[109.374302,12.566742],[109.37453,12.566764],[109.374656,12.566597],[109.374884,12.566653],[109.37517,12.566887],[109.375352,12.566597],[109.375741,12.566563],[109.376174,12.566318],[109.376643,12.566853],[109.377099,12.566942],[109.377841,12.566731],[109.378001,12.56643],[109.37928,12.566352],[109.379497,12.566218],[109.380273,12.566586],[109.381735,12.566419],[109.381974,12.566675],[109.382351,12.566719],[109.384418,12.566062],[109.385148,12.564992],[109.385194,12.564078],[109.385137,12.563722],[109.384726,12.563131],[109.384007,12.56312],[109.383801,12.562975],[109.38371,12.562418],[109.383892,12.561738],[109.384109,12.56166],[109.384178,12.561437],[109.384429,12.561304],[109.384657,12.561593],[109.38516,12.561582],[109.385548,12.560824],[109.385616,12.560234],[109.385879,12.559989],[109.387181,12.559833],[109.387774,12.55961],[109.388117,12.559019],[109.388779,12.559409],[109.389281,12.559376],[109.389612,12.559186],[109.39008,12.558295],[109.390023,12.557113],[109.390103,12.556356],[109.390229,12.556144],[109.391119,12.555319],[109.391519,12.555397],[109.392158,12.555029],[109.393175,12.554951],[109.393528,12.554461],[109.393802,12.553859],[109.393871,12.553391],[109.394282,12.552622],[109.394944,12.552589],[109.395915,12.551185],[109.396486,12.550951],[109.396897,12.55046],[109.398164,12.549803],[109.398769,12.549747],[109.399374,12.549535],[109.399785,12.549056],[109.400036,12.549023],[109.400242,12.549145],[109.400527,12.548822],[109.40192,12.548677],[109.402502,12.548844],[109.403005,12.549179],[109.40361,12.549903],[109.403952,12.550605],[109.404341,12.550906],[109.404923,12.550917],[109.405471,12.550594],[109.406053,12.550527],[109.406841,12.550115],[109.407834,12.550193],[109.408462,12.550616],[109.40853,12.550973],[109.408862,12.551129],[109.408805,12.551486],[109.409022,12.551786],[109.409261,12.551909],[109.409501,12.551865],[109.40949,12.552444],[109.409821,12.552578],[109.410072,12.553358],[109.411351,12.553993],[109.41167,12.553904],[109.411784,12.554339],[109.411944,12.554495],[109.412195,12.554238],[109.412447,12.554261],[109.412561,12.554472],[109.412104,12.555119],[109.413052,12.555966],[109.413246,12.556534],[109.413257,12.557214],[109.412858,12.557804],[109.412435,12.558016],[109.411807,12.559554],[109.411191,12.560512],[109.410506,12.560902],[109.410426,12.561237],[109.409581,12.561972],[109.40933,12.561983],[109.40901,12.561783],[109.40853,12.561772],[109.407914,12.562162],[109.407617,12.562574],[109.407366,12.562663],[109.406898,12.563421],[109.406681,12.564324],[109.406053,12.56507],[109.40595,12.565527],[109.405516,12.565895],[109.405151,12.56585],[109.405026,12.566073],[109.404238,12.566352],[109.40361,12.567889],[109.403187,12.568146],[109.402491,12.569305],[109.401578,12.569617],[109.400664,12.570642],[109.400207,12.570687],[109.399842,12.570374],[109.399659,12.56984],[109.399203,12.56984],[109.3987,12.570018],[109.39797,12.570642],[109.397878,12.571533],[109.398381,12.572336],[109.398518,12.572781],[109.398518,12.573673],[109.399659,12.575812],[109.399751,12.576258],[109.399659,12.576704],[109.398929,12.577952],[109.398472,12.58018],[109.397513,12.582409],[109.397239,12.582855],[109.396828,12.583078],[109.396554,12.582721],[109.396097,12.582766],[109.395686,12.583033],[109.395504,12.583924],[109.39491,12.585217],[109.395915,12.58749],[109.396006,12.587936],[109.3966,12.588694],[109.397056,12.58963],[109.396919,12.590521],[109.3966,12.591412],[109.396691,12.591858],[109.397604,12.592036],[109.397741,12.592482],[109.397285,12.592438],[109.396919,12.59275],[109.396782,12.593686],[109.396554,12.594087],[109.396189,12.594354],[109.395321,12.594666],[109.395093,12.595112],[109.394362,12.595869],[109.394179,12.59636],[109.393266,12.596271],[109.392581,12.596939],[109.391667,12.59734],[109.390708,12.59734],[109.390252,12.597563],[109.390023,12.598009],[109.389749,12.599346],[109.388927,12.601129],[109.388836,12.601574],[109.388242,12.602332],[109.388197,12.602778],[109.387831,12.603045],[109.386872,12.603179],[109.386507,12.603535],[109.38637,12.603981],[109.385548,12.604516],[109.385228,12.604917],[109.385091,12.605363],[109.385502,12.6067],[109.385502,12.607591],[109.386187,12.608259],[109.38637,12.608705],[109.386142,12.610532],[109.385959,12.610978],[109.384863,12.612493],[109.384497,12.613385],[109.384497,12.614276],[109.385228,12.615167],[109.385959,12.615702],[109.386324,12.616593],[109.386142,12.617574],[109.385411,12.618287],[109.385228,12.619178],[109.38532,12.620961],[109.385685,12.622743],[109.385594,12.623635],[109.384132,12.624793],[109.383219,12.625239],[109.381666,12.626309],[109.378926,12.6272],[109.378013,12.627378],[109.37646,12.628448],[109.375546,12.628537],[109.374633,12.628804],[109.37372,12.62925],[109.372806,12.629428],[109.371893,12.629874],[109.37098,12.629874],[109.370066,12.630141],[109.369244,12.630587],[109.368788,12.631478],[109.367783,12.631835],[109.366869,12.631656],[109.365043,12.632369],[109.362303,12.632191],[109.361389,12.631924],[109.360567,12.631478],[109.358284,12.629785],[109.357096,12.627111],[109.355452,12.62613],[109.353626,12.62613],[109.352712,12.626487],[109.351799,12.626576],[109.350977,12.6272],[109.350429,12.627913],[109.349515,12.627824],[109.34915,12.626933],[109.348328,12.626309],[109.347415,12.626219],[109.346501,12.626398],[109.344857,12.627289],[109.3444,12.628091],[109.344218,12.629874],[109.344218,12.631656],[109.343761,12.632458],[109.34303,12.632993],[109.342117,12.632904],[109.341934,12.631924],[109.341021,12.631478],[109.338281,12.631478],[109.337459,12.631924],[109.335267,12.633617],[109.334627,12.63433],[109.333075,12.6354]]],[[[109.296709,12.634137],[109.296859,12.633912],[109.297408,12.633662],[109.297608,12.633437],[109.297808,12.632612],[109.298033,12.632487],[109.298558,12.632487],[109.299258,12.633362],[109.300058,12.633587],[109.301658,12.633762],[109.301908,12.633862],[109.302183,12.634387],[109.302783,12.634387],[109.303833,12.634712],[109.304258,12.635011],[109.304383,12.635236],[109.304433,12.636036],[109.304108,12.636761],[109.302858,12.637736],[109.302258,12.637836],[109.301008,12.637786],[109.299833,12.637236],[109.297483,12.635511],[109.296759,12.635136],[109.296634,12.634911],[109.296709,12.634137]]],[[[109.305407,12.636686],[109.305582,12.636161],[109.306107,12.635486],[109.306582,12.635236],[109.307932,12.635211],[109.309432,12.635436],[109.309657,12.635561],[109.309782,12.635786],[109.309707,12.637336],[109.310632,12.638911],[109.310282,12.639961],[109.309257,12.640411],[109.308382,12.640411],[109.308132,12.640311],[109.307457,12.639411],[109.305932,12.638661],[109.305582,12.638236],[109.305432,12.637961],[109.305407,12.636686]]],[[[109.296983,12.639923],[109.296646,12.640223],[109.296159,12.640411],[109.295334,12.640373],[109.294771,12.640048],[109.293909,12.639136],[109.292472,12.638449],[109.291909,12.637324],[109.291959,12.637024],[109.292397,12.636261],[109.292996,12.635836],[109.294009,12.635824],[109.294909,12.636261],[109.295671,12.636824],[109.296434,12.637711],[109.296859,12.638436],[109.297046,12.639548],[109.296983,12.639923]]],[[[109.217018,12.644698],[109.215819,12.644698],[109.214231,12.645023],[109.212669,12.645548],[109.211794,12.645498],[109.211307,12.64516],[109.211557,12.644123],[109.211957,12.64346],[109.212806,12.642673],[109.214031,12.642098],[109.216119,12.640736],[109.218706,12.639436],[109.219281,12.639323],[109.220556,12.639411],[109.22143,12.639748],[109.222205,12.640461],[109.22253,12.641198],[109.222468,12.642098],[109.22163,12.643948],[109.220381,12.64456],[109.219181,12.64481],[109.217768,12.64486],[109.217018,12.644698]]],[[[109.315944,12.641598],[109.315994,12.640798],[109.316219,12.640623],[109.317943,12.640448],[109.318368,12.640748],[109.318368,12.642298],[109.318768,12.643048],[109.318868,12.644123],[109.318418,12.645073],[109.317718,12.645798],[109.315019,12.645848],[109.314719,12.645723],[109.314369,12.645298],[109.314319,12.645048],[109.314444,12.644798],[109.315794,12.643873],[109.316119,12.643423],[109.316194,12.642898],[109.315944,12.641598]]],[[[109.348779,12.648155],[109.349784,12.649514],[109.350081,12.650428],[109.349875,12.651542],[109.349144,12.652166],[109.347957,12.652277],[109.346815,12.651943],[109.34613,12.651921],[109.344692,12.651007],[109.343733,12.650918],[109.343367,12.650628],[109.342066,12.651163],[109.340102,12.651564],[109.339896,12.651453],[109.339463,12.650294],[109.3388,12.649225],[109.338663,12.648757],[109.338641,12.647866],[109.338846,12.64742],[109.339257,12.647153],[109.339463,12.646752],[109.34033,12.646306],[109.341129,12.644524],[109.342363,12.642429],[109.343596,12.641583],[109.344851,12.641583],[109.34597,12.641983],[109.346952,12.64205],[109.347432,12.642206],[109.348117,12.642897],[109.348299,12.643343],[109.348277,12.644033],[109.347386,12.645214],[109.347066,12.645883],[109.347066,12.646551],[109.347409,12.647643],[109.348779,12.648155]]],[[[109.261,12.676719],[109.2613,12.675694],[109.261475,12.675494],[109.262225,12.675169],[109.263175,12.675144],[109.2647,12.675894],[109.2654,12.677119],[109.265775,12.677544],[109.266775,12.677644],[109.26625,12.678369],[109.265375,12.678843],[109.263925,12.679343],[109.262375,12.679518],[109.261875,12.679318],[109.26125,12.678794],[109.260201,12.678769],[109.260201,12.677469],[109.260326,12.677219],[109.261,12.676719]]],[[[109.309719,12.725288],[109.30432,12.726038],[109.30277,12.726038],[109.30177,12.725838],[109.30127,12.725888],[109.300571,12.726638],[109.299471,12.726738],[109.298971,12.726537],[109.297121,12.724888],[109.296671,12.724338],[109.295421,12.722288],[109.295021,12.721138],[109.294871,12.719388],[109.294721,12.718889],[109.293521,12.716889],[109.293021,12.715389],[109.293021,12.710789],[109.292672,12.71034],[109.292172,12.71004],[109.290822,12.70819],[109.289422,12.70689],[109.287672,12.70564],[109.286872,12.70474],[109.285922,12.702291],[109.285172,12.701341],[109.282623,12.699941],[109.280423,12.698191],[109.279923,12.697941],[109.278423,12.696441],[109.276824,12.696191],[109.276624,12.695691],[109.276624,12.694642],[109.276774,12.694042],[109.277223,12.693692],[109.277723,12.693642],[109.278723,12.694492],[109.279273,12.694542],[109.279623,12.694142],[109.279773,12.693592],[109.280173,12.693242],[109.280673,12.693242],[109.283523,12.695091],[109.284373,12.695991],[109.287872,12.698591],[109.288222,12.699091],[109.288372,12.700091],[109.288972,12.701591],[109.289972,12.70294],[109.290472,12.70389],[109.291172,12.70474],[109.292222,12.70539],[109.293521,12.70649],[109.294371,12.70804],[109.295071,12.71004],[109.295971,12.71054],[109.297621,12.710989],[109.298671,12.711139],[109.300671,12.711139],[109.30177,12.711389],[109.30277,12.711839],[109.30367,12.712889],[109.30722,12.716189],[109.309119,12.717239],[109.310719,12.717889],[109.311669,12.718589],[109.313019,12.720238],[109.314019,12.722188],[109.314619,12.723038],[109.314119,12.724788],[109.313669,12.725038],[109.311969,12.725288],[109.309719,12.725288]]],[[[109.318193,12.729587],[109.318318,12.728812],[109.318893,12.727837],[109.319393,12.727737],[109.320393,12.727887],[109.321168,12.728312],[109.322018,12.729037],[109.322818,12.730537],[109.321918,12.731837],[109.321293,12.732112],[109.320218,12.732137],[109.319618,12.731987],[109.318643,12.731287],[109.318393,12.730962],[109.318243,12.730437],[109.318193,12.729587]]],[[[109.328967,12.739811],[109.328167,12.738336],[109.328192,12.737286],[109.328342,12.737036],[109.328592,12.736886],[109.330192,12.736911],[109.331592,12.737911],[109.333042,12.738761],[109.334366,12.741111],[109.334416,12.741636],[109.334241,12.741836],[109.332417,12.742261],[109.331617,12.742211],[109.331267,12.742061],[109.329467,12.741086],[109.329167,12.740636],[109.328967,12.739811]]],[[[109.304183,12.748935],[109.305095,12.74851],[109.30592,12.74876],[109.306295,12.749147],[109.306407,12.750422],[109.306232,12.75086],[109.305907,12.751134],[109.305207,12.751197],[109.303808,12.750735],[109.30367,12.750172],[109.303733,12.74961],[109.304183,12.748935]]],[[[109.343242,12.753106],[109.344095,12.752394],[109.344517,12.752356],[109.344807,12.752431],[109.345735,12.753031],[109.346316,12.754015],[109.346279,12.755328],[109.345379,12.755787],[109.344404,12.755534],[109.34371,12.754953],[109.343261,12.754325],[109.343101,12.753706],[109.343242,12.753106]]],[[[113.586569,6.951977],[113.581566,6.956021],[113.57788,6.958017],[113.574683,6.957493],[113.573098,6.956497],[113.571072,6.953639],[113.569185,6.949776],[113.568157,6.945621],[113.568135,6.941604],[113.569265,6.938011],[113.570833,6.935994],[113.577558,6.931797],[113.580856,6.931062],[113.587329,6.933322],[113.592655,6.936019],[113.594248,6.938449],[113.59455,6.941173],[113.593281,6.945341],[113.586569,6.951977]]],[[[110.479652,7.230074],[110.479499,7.232177],[110.479093,7.234033],[110.478324,7.235325],[110.476346,7.236915],[110.472145,7.237535],[110.468219,7.237261],[110.465531,7.236082],[110.464702,7.235344],[110.463499,7.233151],[110.463162,7.231837],[110.463141,7.230021],[110.463546,7.228164],[110.464461,7.227085],[110.465861,7.224896],[110.468019,7.223482],[110.469871,7.223246],[110.472224,7.223218],[110.47469,7.223652],[110.476335,7.224095],[110.477772,7.224968],[110.47882,7.226167],[110.479301,7.22755],[110.479652,7.230074]]],[[[113.841906,7.386222],[113.838385,7.386335],[113.833867,7.386166],[113.829844,7.386614],[113.825102,7.386479],[113.82264,7.385557],[113.819529,7.383556],[113.818555,7.383119],[113.817296,7.382847],[113.813083,7.382494],[113.812128,7.382304],[113.810622,7.381858],[113.809002,7.380866],[113.806471,7.37994],[113.804945,7.379786],[113.803704,7.379876],[113.800391,7.38069],[113.798584,7.380691],[113.796907,7.380464],[113.793868,7.37934],[113.791916,7.378418],[113.789625,7.377117],[113.785337,7.375954],[113.784694,7.375632],[113.784417,7.375278],[113.784774,7.374614],[113.785476,7.373987],[113.790221,7.371812],[113.800063,7.369448],[113.804322,7.369174],[113.81544,7.365533],[113.818616,7.365232],[113.82348,7.365369],[113.83313,7.36627],[113.836346,7.367349],[113.849285,7.374575],[113.851695,7.376471],[113.852401,7.377558],[113.852534,7.378546],[113.852187,7.37948],[113.851249,7.380628],[113.847245,7.384726],[113.846008,7.385516],[113.844782,7.385928],[113.841906,7.386222]]],[[[109.859333,7.412983],[109.85903,7.41099],[109.859069,7.408995],[109.859171,7.407683],[109.85956,7.406425],[109.861259,7.404928],[109.862851,7.404116],[109.86553,7.403636],[109.8677,7.403616],[109.870388,7.404048],[109.87342,7.404705],[109.876571,7.405817],[109.87824,7.407284],[109.87878,7.410129],[109.878465,7.41321],[109.877742,7.415325],[109.876165,7.417791],[109.873611,7.419467],[109.871387,7.419829],[109.868817,7.419795],[109.865441,7.419141],[109.863321,7.418248],[109.86223,7.417688],[109.860735,7.416504],[109.859748,7.414632],[109.859333,7.412983]]],[[[109.713436,7.57286],[109.713544,7.574222],[109.713432,7.575571],[109.712993,7.577561],[109.712307,7.57964],[109.71175,7.580878],[109.711031,7.582039],[109.709849,7.583452],[109.708961,7.584318],[109.707826,7.585082],[109.706515,7.585453],[109.698826,7.58548],[109.697389,7.585239],[109.692628,7.583493],[109.68023,7.578291],[109.671424,7.575316],[109.669601,7.574422],[109.667946,7.573429],[109.663111,7.57027],[109.658433,7.56744],[109.656916,7.566415],[109.655332,7.565013],[109.648756,7.557067],[109.645412,7.552227],[109.638668,7.541864],[109.637383,7.540274],[109.636218,7.539177],[109.633953,7.537423],[109.632537,7.536584],[109.63007,7.535375],[109.627466,7.533633],[109.625997,7.532378],[109.624518,7.530605],[109.623729,7.52918],[109.623093,7.52717],[109.622899,7.52599],[109.622737,7.5231],[109.622881,7.520917],[109.623375,7.518207],[109.623934,7.516217],[109.624865,7.514301],[109.625755,7.513198],[109.627486,7.511801],[109.629413,7.51094],[109.631378,7.510559],[109.633835,7.510537],[109.636385,7.51097],[109.638902,7.511877],[109.641378,7.513121],[109.642302,7.51384],[109.644674,7.51605],[109.65789,7.528674],[109.663739,7.533904],[109.667637,7.53713],[109.671028,7.539672],[109.677224,7.543577],[109.692422,7.553833],[109.698683,7.558381],[109.70927,7.566548],[109.710611,7.567835],[109.711995,7.569628],[109.713059,7.571602],[109.713436,7.57286]]],[[[109.892494,7.548294],[109.892872,7.547085],[109.893538,7.54575],[109.894088,7.544916],[109.89468,7.544382],[109.905427,7.540226],[109.907456,7.539674],[109.910308,7.539221],[109.921133,7.538348],[109.923929,7.539023],[109.925905,7.539744],[109.928675,7.541065],[109.930181,7.542092],[109.931247,7.543211],[109.933141,7.545895],[109.934159,7.547895],[109.934394,7.549338],[109.93413,7.550765],[109.933809,7.55135],[109.933356,7.551816],[109.931188,7.553214],[109.926113,7.555963],[109.923931,7.556749],[109.918674,7.557923],[109.916456,7.558235],[109.913798,7.558267],[109.910407,7.557962],[109.907952,7.557536],[109.902952,7.556252],[109.900103,7.555342],[109.896201,7.553416],[109.893988,7.552119],[109.893092,7.55143],[109.892533,7.550783],[109.892318,7.550241],[109.892303,7.549422],[109.892494,7.548294]]],[[[111.561532,7.568154],[111.576993,7.583727],[111.585699,7.591157],[111.589962,7.592923],[111.592979,7.593096],[111.595996,7.593092],[111.603803,7.59131],[111.605754,7.590067],[111.608769,7.588999],[111.611254,7.588996],[111.614094,7.589169],[111.616049,7.590761],[111.619426,7.593945],[111.625,7.600494],[111.628518,7.604886],[111.628948,7.605849],[111.628843,7.607027],[111.627557,7.607886],[111.625558,7.607997],[111.624067,7.607365],[111.61954,7.606068],[111.615189,7.606074],[111.612144,7.606687],[111.606807,7.609136],[111.600738,7.610857],[111.593515,7.611047],[111.588458,7.610873],[111.576173,7.607278],[111.572561,7.607644],[111.567687,7.608553],[111.564257,7.610003],[111.559928,7.613439],[111.55722,7.614346],[111.555234,7.614709],[111.551983,7.614714],[111.549272,7.612731],[111.546014,7.607498],[111.543893,7.596043],[111.542868,7.591902],[111.541662,7.583947],[111.54125,7.573205],[111.540312,7.566178],[111.538577,7.560212],[111.532398,7.54551],[111.531682,7.540726],[111.53168,7.538777],[111.532034,7.538068],[111.534516,7.53647],[111.541434,7.533627],[111.545514,7.532736],[111.548354,7.533087],[111.552972,7.536447],[111.555285,7.541052],[111.555999,7.54424],[111.555472,7.548139],[111.554055,7.550621],[111.553349,7.553812],[111.553351,7.554875],[111.554063,7.557],[111.561532,7.568154]]],[[[109.827416,7.554217],[109.836574,7.556013],[109.839671,7.556378],[109.842779,7.556573],[109.847106,7.556558],[109.849356,7.556295],[109.852832,7.555466],[109.853885,7.555059],[109.856812,7.553476],[109.85989,7.552147],[109.862819,7.551295],[109.864822,7.551062],[109.866147,7.551366],[109.866726,7.551635],[109.868505,7.55285],[109.869082,7.553383],[109.86976,7.554348],[109.869977,7.55492],[109.870142,7.555932],[109.870097,7.556994],[109.869629,7.558584],[109.866409,7.563175],[109.86315,7.569185],[109.861954,7.571132],[109.859855,7.574065],[109.85607,7.578727],[109.850671,7.584685],[109.847293,7.588094],[109.841795,7.593213],[109.839527,7.595126],[109.837183,7.5969],[109.833349,7.599412],[109.830244,7.601151],[109.828088,7.602151],[109.825884,7.602934],[109.822337,7.603786],[109.817675,7.604385],[109.814058,7.604353],[109.807557,7.60345],[109.797213,7.602831],[109.795371,7.602528],[109.789914,7.601208],[109.787464,7.600738],[109.7806,7.599911],[109.762015,7.599764],[109.759495,7.599533],[109.758203,7.599223],[109.756727,7.598585],[109.752595,7.596212],[109.747703,7.593113],[109.743064,7.589841],[109.741011,7.588056],[109.739832,7.586436],[109.735511,7.577419],[109.734475,7.574596],[109.733962,7.572253],[109.733924,7.571046],[109.734164,7.569815],[109.734912,7.568123],[109.735731,7.566886],[109.736938,7.565443],[109.738074,7.564424],[109.739147,7.563797],[109.740223,7.563477],[109.741986,7.563393],[109.745059,7.563507],[109.753231,7.564556],[109.758072,7.564954],[109.771519,7.565868],[109.775114,7.565881],[109.776875,7.565634],[109.778911,7.565004],[109.783066,7.563031],[109.788411,7.560049],[109.798414,7.555704],[109.800493,7.555218],[109.805838,7.554454],[109.810272,7.553987],[109.814706,7.553693],[109.819492,7.5536],[109.824979,7.553932],[109.827416,7.554217]]],[[[113.820135,7.619738],[113.823253,7.622841],[113.825214,7.625019],[113.827148,7.627489],[113.828403,7.62953],[113.829468,7.632702],[113.829496,7.635114],[113.829401,7.636055],[113.829116,7.636885],[113.82871,7.637447],[113.828186,7.637788],[113.827218,7.638053],[113.826309,7.63815],[113.825235,7.638075],[113.823973,7.637757],[113.818172,7.635361],[113.815693,7.634621],[113.813888,7.634443],[113.811293,7.633517],[113.809474,7.632545],[113.808324,7.632189],[113.806848,7.632025],[113.804692,7.632321],[113.802968,7.632381],[113.800495,7.632174],[113.796526,7.631306],[113.792101,7.629711],[113.790355,7.629222],[113.785417,7.628203],[113.782066,7.627819],[113.779705,7.627679],[113.779016,7.627525],[113.777064,7.626698],[113.774088,7.624913],[113.771767,7.62373],[113.767035,7.622214],[113.764449,7.621075],[113.761465,7.61931],[113.759875,7.617895],[113.757147,7.615803],[113.755769,7.615221],[113.753098,7.614409],[113.750271,7.613121],[113.748843,7.612152],[113.748341,7.611666],[113.747993,7.610887],[113.747893,7.609936],[113.74808,7.609499],[113.748575,7.609217],[113.750579,7.608563],[113.753279,7.608015],[113.757824,7.608229],[113.761308,7.607896],[113.763734,7.608035],[113.76727,7.6087],[113.773972,7.610501],[113.778345,7.611172],[113.781544,7.612022],[113.786321,7.612899],[113.790594,7.613421],[113.79569,7.614247],[113.799025,7.614621],[113.80604,7.614895],[113.811974,7.615495],[113.815495,7.616319],[113.816128,7.61656],[113.817652,7.617494],[113.820135,7.619738]]],[[[111.656476,7.64187],[111.654736,7.64315],[111.653577,7.644778],[111.650907,7.645247],[111.649976,7.644319],[111.649394,7.643158],[111.649624,7.641996],[111.650435,7.640137],[111.654494,7.636529],[111.658554,7.633735],[111.662622,7.635936],[111.67041,7.640571],[111.677037,7.645671],[111.684828,7.652164],[111.691338,7.655987],[111.697382,7.65923],[111.702384,7.664217],[111.706922,7.669669],[111.708787,7.673383],[111.707976,7.675011],[111.705654,7.675363],[111.703212,7.673392],[111.701352,7.672117],[111.698681,7.672238],[111.695782,7.675263],[111.693809,7.675731],[111.691486,7.675967],[111.68893,7.675274],[111.686838,7.674348],[111.68521,7.673305],[111.684279,7.67168],[111.684508,7.669937],[111.686016,7.668541],[111.687172,7.665635],[111.687865,7.66273],[111.687745,7.660291],[111.684253,7.655418],[111.680183,7.652288],[111.678903,7.650547],[111.678322,7.650664],[111.678209,7.652175],[111.680654,7.656585],[111.681124,7.659604],[111.680894,7.661115],[111.679038,7.662628],[111.671604,7.661594],[111.666606,7.659162],[111.663352,7.657541],[111.660677,7.655106],[111.659745,7.653249],[111.659623,7.649416],[111.659737,7.647673],[111.659496,7.642098],[111.65845,7.641518],[111.656476,7.64187]]],[[[111.552481,7.661856],[111.556709,7.66588],[111.558545,7.666611],[111.561851,7.667522],[111.563321,7.668436],[111.563689,7.669535],[111.563691,7.671],[111.562776,7.67265],[111.562044,7.674666],[111.557828,7.679434],[111.554161,7.683286],[111.549393,7.687139],[111.546455,7.686959],[111.545719,7.685861],[111.545533,7.68403],[111.545807,7.682432],[111.546157,7.68126],[111.547329,7.67954],[111.547774,7.678171],[111.547635,7.674269],[111.546985,7.670289],[111.546795,7.665527],[111.547344,7.663877],[111.548442,7.661678],[111.550093,7.660943],[111.552481,7.661856]]],[[[111.713186,7.69787],[111.7092,7.701662],[111.705608,7.702465],[111.70421,7.702068],[111.703809,7.701073],[111.703805,7.698483],[111.706592,7.693697],[111.708783,7.691103],[111.711177,7.690103],[111.714969,7.690097],[111.718563,7.690888],[111.721953,7.689089],[111.723148,7.687294],[111.723297,7.6861],[111.723143,7.684505],[111.723341,7.683309],[111.724138,7.682511],[111.725734,7.682309],[111.727249,7.682471],[111.728268,7.682926],[111.729166,7.684118],[111.729579,7.685236],[111.729336,7.687483],[111.728142,7.689477],[111.724357,7.693867],[111.721963,7.694867],[111.720069,7.694671],[111.717971,7.694674],[111.716374,7.694876],[111.714978,7.695675],[111.713186,7.69787]]],[[[111.75147,7.725557],[111.749369,7.724124],[111.749027,7.724031],[111.748343,7.724281],[111.747972,7.725243],[111.747381,7.725431],[111.746197,7.72385],[111.745637,7.723417],[111.744953,7.723573],[111.744581,7.724194],[111.744457,7.724815],[111.745218,7.726607],[111.748253,7.728371],[111.75,7.728642],[111.751468,7.729343],[111.752315,7.729905],[111.753234,7.730818],[111.75359,7.732717],[111.753521,7.733562],[111.753311,7.7349],[111.75254,7.737294],[111.751381,7.739512],[111.750326,7.741238],[111.748908,7.74287],[111.747193,7.743672],[111.745421,7.744075],[111.743362,7.744079],[111.741988,7.743396],[111.740956,7.742142],[111.741238,7.739915],[111.741636,7.738887],[111.741635,7.738259],[111.741234,7.737689],[111.740948,7.737518],[111.739918,7.737634],[111.738775,7.738207],[111.738489,7.738036],[111.738317,7.737694],[111.738258,7.737009],[111.738372,7.736438],[111.739,7.73598],[111.741572,7.734777],[111.742371,7.733691],[111.742883,7.731863],[111.743108,7.729979],[111.742761,7.727753],[111.7423,7.725813],[111.742525,7.7237],[111.743153,7.722786],[111.745096,7.721755],[111.746182,7.721468],[111.746639,7.721181],[111.746924,7.720781],[111.746981,7.720324],[111.746437,7.718574],[111.744753,7.71475],[111.739942,7.703004],[111.739138,7.700017],[111.739135,7.698424],[111.739732,7.697227],[111.741128,7.696428],[111.743124,7.696225],[111.74552,7.697018],[111.750141,7.701806],[111.752916,7.704298],[111.75589,7.707894],[111.757407,7.710185],[111.757875,7.711607],[111.758314,7.713058],[111.758437,7.716543],[111.758178,7.718402],[111.757052,7.722934],[111.756066,7.724968],[111.75566,7.725463],[111.754526,7.726075],[111.75409,7.726192],[111.753275,7.726164],[111.752635,7.726078],[111.75147,7.725557]]],[[[111.543517,7.728395],[111.545285,7.72865],[111.547165,7.729901],[111.548762,7.7313],[111.550064,7.732182],[111.551303,7.73216],[111.553535,7.731694],[111.554684,7.73196],[111.556507,7.732642],[111.557045,7.733441],[111.557162,7.734675],[111.556952,7.736343],[111.556024,7.737833],[111.553764,7.73944],[111.551815,7.739759],[111.549959,7.739933],[111.546849,7.739273],[111.546219,7.738666],[111.544599,7.735888],[111.542083,7.733744],[111.54101,7.732288],[111.540458,7.730681],[111.540392,7.729636],[111.540711,7.728775],[111.541848,7.728375],[111.543517,7.728395]]],[[[111.747689,7.765176],[111.746233,7.763717],[111.745911,7.762415],[111.745867,7.759979],[111.746668,7.754853],[111.747649,7.753052],[111.748651,7.75244],[111.751331,7.752391],[111.755565,7.752553],[111.756838,7.753719],[111.757922,7.754353],[111.758534,7.755233],[111.758513,7.757373],[111.758092,7.763741],[111.756645,7.766085],[111.754927,7.766651],[111.753621,7.766912],[111.75231,7.766936],[111.750816,7.766725],[111.748895,7.765927],[111.747689,7.765176]]],[[[111.56707,7.781302],[111.566672,7.778955],[111.566491,7.776711],[111.566917,7.774457],[111.567727,7.77373],[111.570799,7.773606],[111.571696,7.773769],[111.573465,7.774773],[111.574986,7.775852],[111.576925,7.776318],[111.5779,7.776872],[111.578339,7.777435],[111.578459,7.778218],[111.579268,7.779488],[111.579425,7.78027],[111.579223,7.781022],[111.578136,7.782253],[111.575455,7.784403],[111.57426,7.785601],[111.57323,7.786011],[111.570077,7.785637],[111.568747,7.785196],[111.567948,7.784532],[111.56707,7.781302]]],[[[111.752224,7.801025],[111.748748,7.811265],[111.747798,7.81229],[111.747212,7.812437],[111.744739,7.812236],[111.742842,7.811593],[111.741878,7.81183],[111.740237,7.811997],[111.737902,7.811054],[111.734604,7.808073],[111.733252,7.805637],[111.732701,7.804194],[111.732597,7.801855],[111.733041,7.798967],[111.738252,7.789843],[111.741227,7.783867],[111.743275,7.78189],[111.745252,7.781448],[111.75,7.781513],[111.750534,7.781805],[111.751452,7.782775],[111.7526,7.784715],[111.753118,7.78637],[111.753409,7.788826],[111.753413,7.791225],[111.753359,7.792996],[111.752786,7.798764],[111.752224,7.801025]]],[[[111.576424,7.8235],[111.574997,7.825427],[111.573461,7.826226],[111.570928,7.82627],[111.569583,7.826025],[111.568409,7.825362],[111.566623,7.823728],[111.566324,7.821979],[111.566361,7.820641],[111.566741,7.818495],[111.567313,7.817118],[111.568747,7.815548],[111.570584,7.814922],[111.573886,7.814598],[111.575021,7.814727],[111.575686,7.81525],[111.576653,7.81776],[111.576979,7.819359],[111.576758,7.822098],[111.576424,7.8235]]],[[[110.454358,7.820574],[110.444346,7.811594],[110.44373,7.810869],[110.443283,7.80992],[110.442891,7.807912],[110.442779,7.805681],[110.442863,7.804342],[110.443199,7.803673],[110.444374,7.802223],[110.44566,7.801274],[110.447506,7.800605],[110.450806,7.800828],[110.464398,7.80345],[110.474918,7.804898],[110.481231,7.806917],[110.485954,7.808839],[110.497957,7.81672],[110.500508,7.818739],[110.507641,7.825371],[110.509472,7.828062],[110.511303,7.83133],[110.513376,7.837674],[110.513472,7.840557],[110.513376,7.843344],[110.513858,7.844978],[110.515159,7.846996],[110.517183,7.849111],[110.518918,7.85036],[110.519089,7.850633],[110.519785,7.852144],[110.519785,7.852571],[110.519207,7.853724],[110.517174,7.855044],[110.514209,7.85655],[110.512139,7.856884],[110.507832,7.857052],[110.500952,7.856996],[110.495415,7.856773],[110.491863,7.856327],[110.48873,7.855657],[110.487835,7.855155],[110.487164,7.854263],[110.486493,7.852478],[110.48599,7.851976],[110.485374,7.851809],[110.484312,7.851809],[110.482717,7.852534],[110.481766,7.852813],[110.480816,7.852869],[110.480032,7.852701],[110.478746,7.852032],[110.475893,7.849745],[110.474495,7.848016],[110.473488,7.845897],[110.472565,7.843554],[110.47139,7.841658],[110.469209,7.838757],[110.465321,7.83463],[110.462245,7.831618],[110.458413,7.827491],[110.457407,7.825761],[110.456092,7.823028],[110.454358,7.820574]]],[[[111.735164,7.827377],[111.736999,7.828675],[111.739875,7.82948],[111.745652,7.83186],[111.747177,7.833805],[111.74738,7.834951],[111.747215,7.83856],[111.746929,7.839248],[111.745869,7.840625],[111.744693,7.8414],[111.743316,7.842061],[111.740704,7.84261],[111.735822,7.842647],[111.734615,7.842191],[111.733121,7.841277],[111.731883,7.839819],[111.731479,7.838645],[111.731303,7.835436],[111.730504,7.833453],[111.728549,7.830824],[111.725447,7.828027],[111.724452,7.825762],[111.724805,7.824138],[111.726792,7.823247],[111.730912,7.824314],[111.73342,7.825886],[111.735164,7.827377]]],[[[111.598674,7.860568],[111.598037,7.861649],[111.595921,7.863409],[111.592422,7.86448],[111.590039,7.864581],[111.588298,7.863898],[111.586554,7.863036],[111.585583,7.862042],[111.585208,7.861038],[111.58543,7.860083],[111.587016,7.858688],[111.588195,7.857954],[111.591872,7.856821],[111.5952,7.856228],[111.596392,7.856208],[111.597595,7.856782],[111.598389,7.857897],[111.598705,7.858903],[111.598674,7.860568]]],[[[111.738941,7.899622],[111.738263,7.899623],[111.737043,7.899237],[111.736229,7.898562],[111.735821,7.89787],[111.735411,7.895995],[111.734312,7.887107],[111.733345,7.876732],[111.733306,7.875],[111.733534,7.873063],[111.734664,7.868613],[111.736205,7.86507],[111.738657,7.862115],[111.74011,7.860751],[111.742338,7.859476],[111.74443,7.8592],[111.745796,7.859788],[111.746575,7.860652],[111.747048,7.861964],[111.747458,7.863652],[111.747434,7.867341],[111.74728,7.869061],[111.747032,7.870812],[111.746156,7.875001],[111.743321,7.886314],[111.74097,7.897455],[111.740227,7.898944],[111.739821,7.899367],[111.738941,7.899622]]],[[[111.605474,7.901058],[111.601586,7.898723],[111.598638,7.895334],[111.597693,7.893229],[111.598162,7.891473],[111.599927,7.891003],[111.601928,7.891117],[111.604518,7.891581],[111.606872,7.890993],[111.607694,7.889588],[111.607455,7.887599],[111.604739,7.881401],[111.605561,7.88023],[111.607562,7.879642],[111.610035,7.880692],[111.612273,7.881975],[111.613781,7.882204],[111.616276,7.882087],[111.619807,7.882315],[111.622988,7.883832],[111.625578,7.884179],[111.630757,7.88382],[111.636878,7.884045],[111.641823,7.88509],[111.642414,7.88626],[111.642652,7.887897],[111.641948,7.889653],[111.639833,7.89188],[111.63501,7.893876],[111.629127,7.895757],[111.623832,7.897169],[111.616417,7.897882],[111.614064,7.898588],[111.611829,7.899878],[111.610183,7.901168],[111.607711,7.901522],[111.605474,7.901058]]],[[[109.983214,7.820877],[110.008104,7.843106],[110.027943,7.860331],[110.04606,7.883931],[110.069011,7.913429],[110.071633,7.937183],[110.064644,7.9539],[110.0423,7.986228],[110.017459,8.007877],[110.003304,8.024664],[109.99018,8.024789],[109.982873,8.009398],[109.974284,7.984506],[109.960269,7.965909],[109.943706,7.955005],[109.924715,7.952327],[109.910059,7.953889],[109.905397,7.952862],[109.903201,7.947531],[109.903861,7.941461],[109.913747,7.927101],[109.92867,7.915906],[109.942769,7.893303],[109.945162,7.88151],[109.945021,7.866531],[109.944148,7.849777],[109.94108,7.827694],[109.940996,7.818779],[109.94381,7.81376],[109.951629,7.808694],[109.956993,7.808644],[109.968107,7.811748],[109.983214,7.820877]]],[[[111.701861,7.949668],[111.705385,7.949459],[111.711416,7.949381],[111.712906,7.949243],[111.713245,7.948972],[111.712767,7.947013],[111.712765,7.946201],[111.713035,7.945593],[111.713441,7.945186],[111.716952,7.943937],[111.71865,7.942837],[111.71956,7.941679],[111.720458,7.939879],[111.721508,7.938576],[111.722361,7.938275],[111.723791,7.938178],[111.726312,7.939061],[111.728131,7.940741],[111.728441,7.94202],[111.729103,7.943007],[111.729978,7.943919],[111.73167,7.944994],[111.733195,7.94533],[111.734801,7.946083],[111.73548,7.946758],[111.736151,7.948516],[111.73656,7.95123],[111.736298,7.956436],[111.735423,7.95975],[111.734511,7.961315],[111.733192,7.962905],[111.730621,7.965166],[111.728525,7.966645],[111.724934,7.968556],[111.722699,7.969236],[111.719922,7.969849],[111.713485,7.970604],[111.708878,7.970882],[111.704811,7.970416],[111.702438,7.969947],[111.700878,7.969273],[111.698799,7.968029],[111.698198,7.967495],[111.697374,7.966477],[111.696703,7.965098],[111.696328,7.96367],[111.696191,7.962454],[111.696188,7.960831],[111.696523,7.958938],[111.697063,7.95745],[111.697806,7.956004],[111.700477,7.952754],[111.700916,7.951765],[111.700914,7.950751],[111.701049,7.950277],[111.701319,7.949871],[111.701861,7.949668]]],[[[111.6426,7.942461],[111.643982,7.940928],[111.645212,7.940773],[111.647368,7.942148],[111.649679,7.944288],[111.651529,7.946889],[111.661238,7.958513],[111.664626,7.960958],[111.667091,7.962945],[111.669247,7.964932],[111.671406,7.967992],[111.671411,7.970902],[111.670644,7.972281],[111.669569,7.973661],[111.667263,7.974125],[111.666262,7.973514],[111.664953,7.973056],[111.663644,7.972139],[111.662796,7.970839],[111.659402,7.964642],[111.654624,7.959136],[111.644764,7.94889],[111.642143,7.945525],[111.641987,7.943994],[111.6426,7.942461]]],[[[113.919527,8.000482],[113.919344,8.001366],[113.919034,8.001694],[113.918613,8.001893],[113.917621,8.002044],[113.912684,8.002173],[113.908433,8.002871],[113.905642,8.003831],[113.901729,8.00552],[113.895588,8.007957],[113.893699,8.008394],[113.892176,8.008412],[113.887294,8.007705],[113.885558,8.007321],[113.884192,8.006721],[113.882446,8.005758],[113.881872,8.005294],[113.881483,8.004765],[113.880682,8.002634],[113.879634,8.000961],[113.878822,8.000151],[113.876688,7.998734],[113.876194,7.99803],[113.876107,7.99744],[113.87643,7.996482],[113.877621,7.994755],[113.879837,7.99234],[113.881363,7.991039],[113.882847,7.990098],[113.891185,7.985976],[113.898647,7.981442],[113.906917,7.972659],[113.912929,7.966641],[113.921759,7.960783],[113.924078,7.958137],[113.925675,7.955018],[113.927264,7.950884],[113.929894,7.936563],[113.93059,7.935047],[113.93113,7.934501],[113.932626,7.933911],[113.933237,7.933904],[113.933877,7.934054],[113.9348,7.934635],[113.936049,7.93582],[113.937353,7.936753],[113.938455,7.937295],[113.939868,7.937669],[113.942967,7.937875],[113.949259,7.938005],[113.949822,7.938125],[113.950246,7.938469],[113.950555,7.938932],[113.950658,7.940094],[113.950095,7.941703],[113.94926,7.942987],[113.947714,7.944837],[113.944063,7.948367],[113.941368,7.951665],[113.939606,7.95426],[113.937858,7.956089],[113.93558,7.957905],[113.931482,7.959633],[113.930407,7.960267],[113.929716,7.96087],[113.928416,7.962642],[113.92706,7.964802],[113.925489,7.968737],[113.922241,7.973159],[113.921096,7.975199],[113.919721,7.979185],[113.91926,7.98111],[113.919144,7.988695],[113.918899,7.990412],[113.918157,7.993812],[113.918185,7.995624],[113.918441,7.99728],[113.919205,7.999188],[113.919527,8.000482]]],[[[110.629595,8.068334],[110.626545,8.070723],[110.624803,8.072459],[110.623931,8.075717],[110.620881,8.077888],[110.615652,8.079625],[110.610207,8.080059],[110.605631,8.079191],[110.601057,8.076151],[110.596483,8.072242],[110.592344,8.068116],[110.588859,8.059865],[110.586464,8.053567],[110.58581,8.049876],[110.585375,8.04575],[110.585375,8.042493],[110.585594,8.038802],[110.586465,8.033155],[110.589298,8.027943],[110.593438,8.019474],[110.601281,8.011656],[110.609778,8.004707],[110.613917,8.003188],[110.617402,8.003405],[110.622413,8.00601],[110.624591,8.008834],[110.62764,8.013828],[110.630036,8.020344],[110.632866,8.029248],[110.636351,8.038151],[110.639401,8.046403],[110.639835,8.050529],[110.639618,8.053786],[110.637439,8.057695],[110.635913,8.062689],[110.634171,8.065729],[110.629595,8.068334]]],[[[110.461314,8.063441],[110.467512,8.062773],[110.47348,8.062821],[110.481732,8.064269],[110.490329,8.064642],[110.49557,8.064659],[110.503587,8.065554],[110.507668,8.067408],[110.509724,8.069643],[110.511432,8.072715],[110.512312,8.076392],[110.512491,8.081267],[110.511599,8.086511],[110.509492,8.089867],[110.505601,8.09384],[110.499191,8.096772],[110.489544,8.098553],[110.480127,8.099617],[110.473555,8.0991],[110.465305,8.097889],[110.455844,8.095265],[110.4508,8.092707],[110.447538,8.089415],[110.44558,8.085275],[110.444806,8.080407],[110.445116,8.076359],[110.447445,8.071455],[110.452169,8.067236],[110.457032,8.064681],[110.461314,8.063441]]],[[[110.53095,8.105221],[110.532427,8.104233],[110.533974,8.104214],[110.537765,8.104967],[110.539827,8.104942],[110.545399,8.106073],[110.546211,8.106863],[110.546975,8.108395],[110.548253,8.109807],[110.550914,8.111887],[110.556402,8.115531],[110.557927,8.118368],[110.558081,8.121506],[110.557714,8.124309],[110.556757,8.125634],[110.556073,8.125928],[110.555326,8.125823],[110.552844,8.124369],[110.549203,8.121844],[110.546078,8.119369],[110.542423,8.115645],[110.539876,8.113564],[110.538149,8.1129],[110.534422,8.112716],[110.532059,8.111603],[110.530437,8.110138],[110.529896,8.108089],[110.529769,8.107063],[110.53095,8.105221]]],[[[111.918401,8.150668],[111.91895,8.142189],[111.920595,8.133709],[111.923886,8.127965],[111.93184,8.123041],[111.939961,8.120411],[111.958336,8.117676],[111.974899,8.11757],[111.991354,8.120306],[111.998709,8.12222],[112.006114,8.125229],[112.011375,8.129606],[112.016586,8.137265],[112.019055,8.14848],[112.018232,8.159148],[112.017409,8.165165],[112.013935,8.172864],[112.006439,8.17802],[111.9974,8.181125],[111.979821,8.183213],[111.970236,8.183217],[111.958443,8.182944],[111.943359,8.181029],[111.930743,8.176379],[111.920595,8.168174],[111.918401,8.159421],[111.918401,8.150668]]],[[[110.578728,8.16929],[110.584406,8.170362],[110.58589,8.170922],[110.588293,8.172448],[110.58998,8.173719],[110.591105,8.174786],[110.592127,8.176006],[110.593046,8.177378],[110.593506,8.178343],[110.593858,8.184182],[110.593754,8.186416],[110.591543,8.196416],[110.590823,8.200325],[110.590258,8.202406],[110.58954,8.204182],[110.588514,8.205907],[110.586824,8.207784],[110.585492,8.208748],[110.582369,8.21042],[110.574947,8.212697],[110.572029,8.213354],[110.55949,8.215371],[110.554526,8.215518],[110.550943,8.215768],[110.549306,8.215766],[110.547771,8.215612],[110.54598,8.215255],[110.540711,8.213573],[110.534571,8.212703],[110.532883,8.212346],[110.531246,8.211785],[110.525058,8.208935],[110.522859,8.207866],[110.520813,8.206645],[110.516723,8.203644],[110.510794,8.198255],[110.501081,8.190577],[110.498577,8.188441],[110.496583,8.187068],[110.493055,8.184982],[110.490396,8.183252],[110.489374,8.182439],[110.485234,8.178473],[110.484314,8.177761],[110.482474,8.176642],[110.477309,8.173944],[110.473424,8.171452],[110.466677,8.165858],[110.465042,8.163977],[110.462998,8.161994],[110.458398,8.159043],[110.456915,8.158178],[110.453693,8.157209],[110.449857,8.156442],[110.44469,8.155775],[110.440803,8.154958],[110.437326,8.153277],[110.435485,8.152209],[110.434565,8.151497],[110.433952,8.150836],[110.43288,8.149413],[110.432063,8.14799],[110.431605,8.146771],[110.431504,8.145755],[110.43171,8.144435],[110.432121,8.143268],[110.432634,8.142456],[110.433812,8.141493],[110.436833,8.139822],[110.438727,8.139012],[110.443205,8.137975],[110.445328,8.137872],[110.451514,8.137866],[110.453362,8.137976],[110.454597,8.138213],[110.469686,8.14304],[110.479618,8.145916],[110.483894,8.147317],[110.486297,8.148469],[110.492356,8.152213],[110.496164,8.155595],[110.499738,8.160112],[110.500503,8.161687],[110.50193,8.166157],[110.502492,8.16702],[110.503565,8.167986],[110.507656,8.170073],[110.515532,8.173129],[110.521005,8.175014],[110.525455,8.17639],[110.528063,8.177053],[110.530673,8.177361],[110.539217,8.177675],[110.541878,8.177678],[110.544181,8.177224],[110.550579,8.175099],[110.555954,8.172972],[110.558156,8.171908],[110.561637,8.170491],[110.564861,8.16958],[110.568085,8.169025],[110.570337,8.168774],[110.573151,8.168777],[110.578728,8.16929]]],[[[113.288799,8.131528],[113.295804,8.138266],[113.299503,8.1416],[113.307525,8.149912],[113.316586,8.160974],[113.321253,8.166025],[113.324039,8.169797],[113.326776,8.174889],[113.330439,8.180779],[113.333178,8.186158],[113.337309,8.193251],[113.339227,8.19611],[113.341316,8.19868],[113.342595,8.200682],[113.343935,8.203371],[113.34528,8.206692],[113.346795,8.209668],[113.348249,8.212012],[113.34936,8.214761],[113.349902,8.216907],[113.35031,8.219691],[113.350782,8.221525],[113.353239,8.227881],[113.354236,8.230859],[113.35571,8.236647],[113.355913,8.237625],[113.356073,8.239515],[113.356846,8.243585],[113.357609,8.245876],[113.358301,8.249176],[113.359222,8.255623],[113.360011,8.262276],[113.361308,8.267376],[113.361439,8.269901],[113.361348,8.273976],[113.362484,8.280914],[113.362797,8.284545],[113.362382,8.286514],[113.361775,8.287855],[113.360682,8.28929],[113.359646,8.290021],[113.358877,8.290236],[113.358397,8.290217],[113.357264,8.289769],[113.356418,8.28894],[113.355784,8.287953],[113.354117,8.283174],[113.352663,8.279666],[113.350548,8.275049],[113.348983,8.272068],[113.34691,8.268627],[113.344488,8.265219],[113.343919,8.263577],[113.34358,8.261035],[113.343653,8.259016],[113.34427,8.256632],[113.34615,8.25256],[113.346669,8.249753],[113.346518,8.246893],[113.345723,8.241503],[113.342004,8.23149],[113.34079,8.228585],[113.337351,8.223344],[113.332616,8.218158],[113.328512,8.214212],[113.321766,8.209899],[113.320225,8.209047],[113.319212,8.208144],[113.317616,8.206192],[113.315587,8.204004],[113.313273,8.202248],[113.310816,8.200683],[113.304028,8.197422],[113.302243,8.195902],[113.298566,8.190949],[113.288991,8.178567],[113.286318,8.172939],[113.283795,8.168074],[113.282086,8.163062],[113.276098,8.148269],[113.272773,8.137478],[113.269475,8.131326],[113.266765,8.127467],[113.262082,8.122663],[113.258085,8.12015],[113.256252,8.118582],[113.255091,8.116914],[113.253782,8.114578],[113.252517,8.111619],[113.25149,8.108229],[113.249602,8.105226],[113.247718,8.103132],[113.239968,8.09887],[113.236787,8.096543],[113.234326,8.094118],[113.227721,8.086969],[113.225397,8.083203],[113.222059,8.078391],[113.221576,8.077867],[113.221188,8.077152],[113.221077,8.074474],[113.221265,8.073708],[113.221598,8.073227],[113.222076,8.072794],[113.223129,8.07231],[113.224281,8.072256],[113.225962,8.072486],[113.230627,8.074326],[113.235663,8.077269],[113.239843,8.080851],[113.244808,8.08546],[113.248516,8.089228],[113.261136,8.101421],[113.264454,8.104982],[113.266692,8.10766],[113.269844,8.112019],[113.272317,8.115097],[113.27415,8.117084],[113.286609,8.129174],[113.288799,8.131528]]],[[[110.193612,8.309506],[110.192877,8.307848],[110.192857,8.305944],[110.193012,8.303681],[110.194121,8.30117],[110.19554,8.299787],[110.198391,8.298269],[110.201608,8.297462],[110.204057,8.297436],[110.206693,8.298122],[110.208796,8.29923],[110.210489,8.301116],[110.211714,8.30396],[110.212159,8.306454],[110.212015,8.309728],[110.211504,8.312233],[110.21051,8.314267],[110.208319,8.316075],[110.206413,8.316691],[110.204145,8.316893],[110.200734,8.316334],[110.19791,8.314817],[110.196347,8.313881],[110.19495,8.311813],[110.193612,8.309506]]],[[[109.861943,8.360127],[109.862123,8.356197],[109.86254,8.354765],[109.8636,8.352971],[109.865731,8.350738],[109.867732,8.350006],[109.869808,8.34963],[109.872246,8.349679],[109.8744,8.349946],[109.876632,8.350925],[109.87887,8.352619],[109.880396,8.354819],[109.881065,8.357455],[109.881013,8.35967],[109.880467,8.362674],[109.878491,8.36612],[109.876789,8.368206],[109.875148,8.369221],[109.87207,8.36982],[109.86963,8.369627],[109.867761,8.369073],[109.866245,8.367944],[109.865083,8.366383],[109.863627,8.363897],[109.862533,8.361907],[109.861943,8.360127]]],[[[111.46369,8.550596],[111.460757,8.548648],[111.458803,8.547917],[111.456603,8.547917],[111.454648,8.54743],[111.452694,8.545482],[111.452694,8.543047],[111.454404,8.540612],[111.458558,8.538907],[111.464912,8.536959],[111.469799,8.537446],[111.473464,8.538177],[111.475175,8.538907],[111.475908,8.540369],[111.475908,8.542073],[111.475419,8.544021],[111.472975,8.547187],[111.472242,8.548891],[111.470776,8.551083],[111.468333,8.552544],[111.4654,8.552301],[111.46369,8.550596]]],[[[111.916821,8.656162],[111.914385,8.648056],[111.912645,8.644255],[111.912063,8.642283],[111.912205,8.641241],[111.912852,8.640342],[111.913933,8.639909],[111.914762,8.639835],[111.916242,8.640227],[111.917722,8.640977],[111.92199,8.645705],[111.926405,8.651724],[111.927492,8.653552],[111.927675,8.654628],[111.927244,8.655706],[111.925876,8.656571],[111.920541,8.658056],[111.91899,8.658023],[111.918015,8.657595],[111.91722,8.657023],[111.916821,8.656162]]],[[[111.675829,8.65872],[111.679074,8.659449],[111.683919,8.661293],[111.690306,8.665039],[111.695617,8.668805],[111.698636,8.672968],[111.699555,8.676168],[111.699393,8.679173],[111.6988,8.682113],[111.697116,8.684359],[111.694341,8.685838],[111.692051,8.686307],[111.689966,8.686201],[111.684043,8.684376],[111.68027,8.682227],[111.674674,8.678537],[111.671117,8.676456],[111.666784,8.675103],[111.663827,8.67444],[111.659869,8.674009],[111.654116,8.67361],[111.650077,8.67268],[111.646754,8.671594],[111.643207,8.670013],[111.641082,8.66762],[111.640309,8.664488],[111.640627,8.662196],[111.642031,8.660313],[111.645522,8.658751],[111.649975,8.658745],[111.655513,8.65922],[111.662265,8.659244],[111.666783,8.658879],[111.675829,8.65872]]],[[[114.035289,8.776367],[114.035823,8.776302],[114.036305,8.775961],[114.037496,8.774853],[114.038481,8.773497],[114.039023,8.77299],[114.041504,8.771329],[114.043073,8.770563],[114.044102,8.770327],[114.046252,8.770271],[114.047238,8.770378],[114.047985,8.770728],[114.048797,8.7713],[114.048858,8.770956],[114.049697,8.770322],[114.051251,8.769969],[114.053316,8.769937],[114.055285,8.769613],[114.056797,8.769816],[114.058708,8.771289],[114.059614,8.772157],[114.059991,8.773092],[114.057273,8.77848],[114.055659,8.780632],[114.05474,8.783682],[114.054719,8.786356],[114.055144,8.789097],[114.055071,8.790242],[114.05518,8.792663],[114.054458,8.795077],[114.053352,8.797551],[114.052126,8.79907],[114.050387,8.800839],[114.048075,8.802285],[114.046667,8.802529],[114.045198,8.802517],[114.043347,8.802248],[114.04143,8.802233],[114.039443,8.803045],[114.037448,8.804748],[114.034996,8.807785],[114.033701,8.809876],[114.032857,8.811589],[114.031808,8.814955],[114.030936,8.820105],[114.030719,8.82316],[114.030259,8.824811],[114.029805,8.825699],[114.029353,8.826269],[114.027625,8.826573],[114.025325,8.826555],[114.023985,8.82629],[114.020351,8.825242],[114.017986,8.825223],[114.016385,8.82572],[114.015035,8.826664],[114.014262,8.827486],[114.013419,8.829071],[114.012005,8.830078],[114.009246,8.831393],[114.008543,8.831388],[114.007199,8.831695],[114.005207,8.83308],[114.00328,8.834211],[114.001358,8.834896],[114.000025,8.835076],[113.996591,8.834941],[113.991668,8.83502],[113.987708,8.835589],[113.98357,8.836554],[113.980948,8.837651],[113.978824,8.838062],[113.97713,8.83804],[113.97071,8.837589],[113.957521,8.83798],[113.95449,8.837645],[113.951421,8.836952],[113.948494,8.836007],[113.946689,8.835771],[113.944635,8.835751],[113.938257,8.836016],[113.935737,8.836466],[113.933656,8.837737],[113.92943,8.841212],[113.926847,8.842702],[113.925084,8.843146],[113.920394,8.842645],[113.917258,8.84267],[113.914916,8.842867],[113.913693,8.843199],[113.910497,8.84473],[113.908403,8.84517],[113.906183,8.845188],[113.905001,8.844727],[113.903932,8.843766],[113.903245,8.842538],[113.900308,8.836217],[113.898257,8.833883],[113.892567,8.829022],[113.892485,8.827839],[113.89259,8.827336],[113.893158,8.826328],[113.89343,8.825937],[113.895555,8.824015],[113.90105,8.821355],[113.906978,8.818907],[113.911466,8.816577],[113.92091,8.812094],[113.924763,8.811562],[113.930561,8.809404],[113.932151,8.808673],[113.938014,8.805526],[113.943116,8.803316],[113.952771,8.797774],[113.954471,8.796733],[113.956228,8.795398],[113.963887,8.790999],[113.96637,8.790514],[113.970871,8.790048],[113.978536,8.787728],[113.980088,8.787143],[113.983167,8.785187],[113.984389,8.784126],[113.985263,8.782857],[113.986054,8.780862],[113.986643,8.780054],[113.988686,8.778298],[113.995373,8.775625],[113.996159,8.775447],[113.996871,8.775499],[113.999611,8.776402],[114.002285,8.776666],[114.003824,8.776444],[114.005178,8.775866],[114.005772,8.77577],[114.007738,8.776045],[114.008948,8.776348],[114.012708,8.777752],[114.01464,8.77822],[114.019245,8.778399],[114.023184,8.777971],[114.026587,8.778189],[114.027524,8.778044],[114.028214,8.778253],[114.028859,8.778126],[114.02942,8.778771],[114.03002,8.778915],[114.030685,8.778781],[114.031551,8.777836],[114.03302,8.777554],[114.035289,8.776367]]],[[[112.662015,8.821604],[112.662933,8.822509],[112.663758,8.824132],[112.663861,8.825615],[112.663339,8.827148],[112.66267,8.828108],[112.661566,8.828735],[112.658491,8.829562],[112.654118,8.830538],[112.646776,8.834446],[112.639666,8.83663],[112.634335,8.838519],[112.628712,8.83974],[112.619247,8.842412],[112.613533,8.844829],[112.611082,8.845318],[112.607812,8.845572],[112.602087,8.8455],[112.599344,8.845225],[112.596459,8.84562],[112.594345,8.846203],[112.590933,8.846935],[112.586459,8.847002],[112.583812,8.846535],[112.579427,8.844831],[112.572786,8.844237],[112.568458,8.844638],[112.558981,8.844725],[112.556818,8.845213],[112.554518,8.846118],[112.548149,8.847463],[112.547308,8.847549],[112.545499,8.847268],[112.544449,8.846929],[112.543702,8.846383],[112.542683,8.843682],[112.542262,8.841802],[112.542159,8.84032],[112.542729,8.834646],[112.54301,8.832736],[112.54354,8.830798],[112.546035,8.826737],[112.54683,8.825608],[112.548417,8.823961],[112.550196,8.821106],[112.550355,8.820666],[112.550509,8.819135],[112.550195,8.81826],[112.55026,8.817216],[112.550681,8.814272],[112.551681,8.811971],[112.55319,8.810386],[112.555205,8.809085],[112.558446,8.807708],[112.563132,8.806756],[112.568251,8.805945],[112.571425,8.805788],[112.57489,8.806276],[112.579798,8.806471],[112.583408,8.807102],[112.58608,8.807808],[112.589694,8.809228],[112.592878,8.81144],[112.594758,8.812436],[112.597142,8.813072],[112.601403,8.813987],[112.610428,8.815384],[112.620246,8.816562],[112.625008,8.816613],[112.631859,8.815794],[112.63662,8.815486],[112.638064,8.815695],[112.638931,8.81605],[112.639727,8.816621],[112.642257,8.817686],[112.645216,8.817817],[112.650554,8.817578],[112.65402,8.818209],[112.65641,8.818864],[112.662015,8.821604]]],[[[112.231129,8.839374],[112.233338,8.841849],[112.23824,8.845085],[112.239578,8.84616],[112.245176,8.851984],[112.247198,8.853925],[112.250041,8.85659],[112.252969,8.858847],[112.254524,8.86079],[112.261619,8.868323],[112.264141,8.871367],[112.264817,8.87244],[112.265876,8.874646],[112.266908,8.877511],[112.267322,8.879183],[112.26707,8.881961],[112.266509,8.884968],[112.266236,8.886138],[112.26575,8.88726],[112.264172,8.888874],[112.261929,8.891594],[112.260203,8.892753],[112.257172,8.893981],[112.255451,8.894279],[112.252929,8.894361],[112.25097,8.894254],[112.248016,8.893775],[112.246193,8.8934],[112.242324,8.892348],[112.239923,8.891132],[112.234757,8.88905],[112.231348,8.887345],[112.229861,8.886936],[112.228967,8.886955],[112.225214,8.887524],[112.22341,8.887641],[112.21714,8.886971],[112.210638,8.885197],[112.201724,8.881518],[112.195407,8.878432],[112.194207,8.877736],[112.192317,8.876375],[112.186532,8.871423],[112.184355,8.869034],[112.180085,8.861277],[112.178842,8.858711],[112.176739,8.855077],[112.175845,8.852746],[112.175666,8.851328],[112.175726,8.850099],[112.176055,8.849168],[112.177033,8.847714],[112.178169,8.846434],[112.178659,8.846117],[112.180526,8.845434],[112.184244,8.844397],[112.191825,8.843063],[112.19519,8.842215],[112.198435,8.841307],[112.207146,8.838468],[112.21024,8.836606],[112.213194,8.834138],[112.215881,8.832632],[112.218218,8.832437],[112.220128,8.83246],[112.222647,8.832685],[112.223261,8.832942],[112.224092,8.833313],[112.228039,8.836488],[112.230001,8.838477],[112.231129,8.839374]]],[[[112.351719,8.929095],[112.356196,8.93277],[112.356926,8.933837],[112.357063,8.934693],[112.357012,8.935442],[112.355681,8.938925],[112.355253,8.939434],[112.354824,8.939837],[112.354019,8.940268],[112.352514,8.940407],[112.351222,8.940118],[112.345109,8.937519],[112.340367,8.934647],[112.33918,8.933554],[112.338559,8.932781],[112.33834,8.931899],[112.33831,8.930829],[112.338576,8.930025],[112.339031,8.929622],[112.343832,8.926475],[112.344853,8.926231],[112.347004,8.926223],[112.347596,8.926435],[112.351719,8.929095]]],[[[113.636101,8.939],[113.641602,8.940982],[113.649093,8.944053],[113.654268,8.94567],[113.657824,8.946425],[113.660914,8.946679],[113.664929,8.947247],[113.667049,8.94714],[113.66866,8.946669],[113.669997,8.946797],[113.671385,8.947384],[113.674063,8.947962],[113.675354,8.948045],[113.677303,8.947581],[113.678851,8.94779],[113.680431,8.948546],[113.683103,8.950833],[113.685559,8.952607],[113.688288,8.953965],[113.689912,8.955422],[113.692677,8.961602],[113.694168,8.963796],[113.696532,8.965662],[113.700422,8.968068],[113.702502,8.968925],[113.704069,8.968959],[113.705274,8.969777],[113.708907,8.974894],[113.711186,8.977771],[113.711656,8.978916],[113.711616,8.979743],[113.710792,8.980575],[113.709644,8.981135],[113.708954,8.981278],[113.706511,8.98125],[113.70365,8.980857],[113.701247,8.980002],[113.691893,8.9741],[113.686557,8.969225],[113.684753,8.96832],[113.681659,8.967515],[113.678706,8.967123],[113.676543,8.967506],[113.674331,8.96766],[113.672669,8.967282],[113.666869,8.965165],[113.664977,8.964811],[113.661641,8.96557],[113.654873,8.966607],[113.652632,8.965865],[113.648415,8.962749],[113.644125,8.958968],[113.641992,8.957329],[113.638591,8.955425],[113.636855,8.954018],[113.636248,8.952966],[113.63489,8.950035],[113.634322,8.948018],[113.633304,8.941041],[113.633297,8.940077],[113.633936,8.939245],[113.635086,8.938823],[113.636101,8.939]]],[[[112.84415,9.541276],[112.844682,9.539823],[112.845144,9.539197],[112.845781,9.53862],[112.846459,9.538217],[112.847272,9.537931],[112.848127,9.537819],[112.848916,9.537873],[112.849676,9.538073],[112.850438,9.538444],[112.851108,9.538962],[112.851621,9.539554],[112.852269,9.540974],[112.852381,9.541821],[112.852326,9.542603],[112.85178,9.544065],[112.851259,9.544745],[112.850666,9.545262],[112.84992,9.545688],[112.849176,9.545935],[112.848404,9.546038],[112.847556,9.545985],[112.846736,9.545761],[112.84598,9.545376],[112.844856,9.544301],[112.844466,9.543626],[112.844196,9.542822],[112.84415,9.541276]]],[[[112.897262,9.587413],[112.895816,9.585684],[112.896066,9.584244],[112.896963,9.582515],[112.89806,9.581843],[112.899905,9.582755],[112.90155,9.586069],[112.901301,9.587125],[112.899207,9.588085],[112.897262,9.587413]]],[[[112.945763,9.609139],[112.946313,9.609407],[112.946815,9.61018],[112.947025,9.610643],[112.947147,9.611388],[112.947231,9.617213],[112.946989,9.619017],[112.946613,9.620622],[112.94665,9.622846],[112.946894,9.623442],[112.947113,9.623752],[112.94779,9.624179],[112.948738,9.62436],[112.952088,9.62455],[112.953109,9.62476],[112.953383,9.625118],[112.953617,9.626756],[112.953567,9.628277],[112.953044,9.631513],[112.952247,9.634031],[112.951575,9.635298],[112.950485,9.636903],[112.948834,9.638905],[112.948069,9.639631],[112.947766,9.640212],[112.94761,9.641379],[112.947686,9.642028],[112.948883,9.644405],[112.949257,9.645407],[112.949054,9.645818],[112.948655,9.646157],[112.94766,9.646382],[112.947097,9.646327],[112.946493,9.645917],[112.944406,9.643843],[112.941906,9.640151],[112.93889,9.636092],[112.933798,9.629411],[112.930178,9.625],[112.925896,9.617118],[112.922807,9.612071],[112.920594,9.6092],[112.918614,9.605861],[112.916795,9.603377],[112.916234,9.601354],[112.916061,9.598394],[112.915818,9.597149],[112.915264,9.596295],[112.913845,9.594978],[112.910914,9.590008],[112.909413,9.588302],[112.905026,9.585031],[112.900685,9.580458],[112.899342,9.57879],[112.897085,9.575101],[112.895693,9.571107],[112.89438,9.567841],[112.893701,9.565741],[112.892996,9.564172],[112.892482,9.563434],[112.890669,9.561886],[112.887557,9.559526],[112.881016,9.554107],[112.877584,9.550619],[112.872777,9.543923],[112.871972,9.542523],[112.870823,9.539184],[112.87025,9.537987],[112.869291,9.536536],[112.869108,9.535924],[112.869439,9.535335],[112.870055,9.535102],[112.872396,9.535371],[112.876756,9.536792],[112.881038,9.538754],[112.883452,9.539692],[112.886068,9.540994],[112.889679,9.543357],[112.891963,9.545455],[112.896221,9.548786],[112.898994,9.551781],[112.900877,9.553588],[112.903244,9.554679],[112.907911,9.555528],[112.911113,9.556974],[112.912786,9.557353],[112.918908,9.557976],[112.930205,9.558039],[112.93131,9.558222],[112.933137,9.558795],[112.93533,9.559195],[112.936638,9.559334],[112.938678,9.559272],[112.939798,9.559398],[112.941454,9.559787],[112.942724,9.560306],[112.945539,9.562108],[112.94615,9.562745],[112.947625,9.56546],[112.948612,9.56697],[112.94903,9.569879],[112.94947,9.570612],[112.950153,9.571294],[112.951273,9.571932],[112.953535,9.572628],[112.955871,9.57391],[112.956647,9.574466],[112.958176,9.575914],[112.960076,9.577208],[112.963205,9.579713],[112.965533,9.581286],[112.969128,9.582966],[112.973851,9.585666],[112.978706,9.588083],[112.981319,9.589634],[112.983208,9.591016],[112.984953,9.592537],[112.986692,9.594631],[112.988524,9.596406],[112.990004,9.597495],[112.99204,9.59872],[112.99356,9.599798],[112.994205,9.600608],[112.99559,9.603538],[112.997509,9.606256],[112.999384,9.608248],[113.004767,9.613121],[113.0087,9.61624],[113.00979,9.617741],[113.009985,9.618199],[113.009991,9.619251],[113.009841,9.619845],[113.008678,9.622206],[113.008276,9.622667],[113.007623,9.623073],[113.006815,9.623345],[113.004503,9.62355],[112.999716,9.623293],[112.999267,9.622948],[112.998568,9.62162],[112.997669,9.619356],[112.997668,9.618864],[112.999802,9.615864],[112.999902,9.614429],[112.999534,9.613319],[112.999133,9.612675],[112.996155,9.609614],[112.99446,9.608144],[112.992329,9.605974],[112.98682,9.603123],[112.985318,9.601262],[112.984835,9.599161],[112.980725,9.593964],[112.978044,9.591564],[112.975623,9.590301],[112.972164,9.589074],[112.967756,9.586606],[112.96107,9.583605],[112.959099,9.582058],[112.957363,9.580275],[112.953421,9.576947],[112.949326,9.574165],[112.947438,9.573319],[112.94579,9.573328],[112.943826,9.573755],[112.942969,9.573688],[112.941867,9.573116],[112.941234,9.57234],[112.940911,9.570706],[112.940903,9.569225],[112.941232,9.566615],[112.940913,9.56461],[112.940311,9.563589],[112.93988,9.563127],[112.938115,9.562366],[112.937069,9.562046],[112.931745,9.561103],[112.930501,9.56146],[112.929996,9.561848],[112.929553,9.562532],[112.928097,9.563756],[112.926015,9.56473],[112.924791,9.564693],[112.922308,9.56358],[112.920663,9.563026],[112.917814,9.563045],[112.917546,9.563192],[112.917158,9.563194],[112.91671,9.563152],[112.915574,9.562669],[112.914992,9.562657],[112.914769,9.562777],[112.914862,9.563488],[112.915252,9.563767],[112.915463,9.56424],[112.915259,9.564997],[112.914692,9.565104],[112.91402,9.564989],[112.911672,9.563499],[112.910573,9.563389],[112.91026,9.563507],[112.909795,9.564484],[112.909301,9.567292],[112.90903,9.567994],[112.907584,9.568937],[112.906375,9.570269],[112.905477,9.571014],[112.904146,9.571606],[112.903558,9.571609],[112.902614,9.571185],[112.900489,9.56995],[112.899547,9.569916],[112.8991,9.570542],[112.899262,9.571438],[112.900014,9.572719],[112.90171,9.574307],[112.903171,9.576013],[112.904399,9.577058],[112.905557,9.577794],[112.906335,9.578116],[112.90717,9.578082],[112.907825,9.577811],[112.908783,9.576517],[112.909167,9.57572],[112.909388,9.574395],[112.909393,9.573319],[112.909663,9.572421],[112.910365,9.571833],[112.911816,9.571669],[112.912601,9.571782],[112.913469,9.572673],[112.914024,9.573683],[112.914264,9.574578],[112.914171,9.578981],[112.914532,9.580264],[112.915363,9.581701],[112.915687,9.583375],[112.914964,9.587431],[112.914461,9.588839],[112.914356,9.589573],[112.914849,9.59097],[112.915208,9.591369],[112.91571,9.591646],[112.916259,9.591699],[112.917004,9.59159],[112.918057,9.590669],[112.918581,9.589803],[112.91893,9.588805],[112.919097,9.587879],[112.91916,9.586163],[112.919285,9.585754],[112.919754,9.585336],[112.921938,9.584105],[112.922609,9.583526],[112.92358,9.582224],[112.924323,9.580716],[112.925294,9.579293],[112.926039,9.578928],[112.927125,9.578863],[112.928152,9.579121],[112.929116,9.579727],[112.930098,9.580721],[112.930875,9.581818],[112.932733,9.586096],[112.934307,9.58823],[112.934834,9.589279],[112.935129,9.590387],[112.935138,9.591937],[112.934778,9.592992],[112.933839,9.59403],[112.932627,9.594515],[112.931048,9.594869],[112.93051,9.595235],[112.929695,9.597153],[112.92955,9.598655],[112.929695,9.60067],[112.929842,9.601357],[112.930654,9.602979],[112.931081,9.603567],[112.931828,9.60412],[112.934575,9.605215],[112.93546,9.605666],[112.935977,9.606079],[112.93641,9.606939],[112.936843,9.609044],[112.937745,9.611121],[112.938486,9.612207],[112.939081,9.61279],[112.939607,9.613114],[112.941142,9.613188],[112.941823,9.612829],[112.942695,9.612038],[112.944591,9.6093],[112.944882,9.609167],[112.945763,9.609139]]],[[[112.916478,9.618379],[112.916834,9.617718],[112.917677,9.617762],[112.918299,9.618115],[112.918521,9.618864],[112.917988,9.619348],[112.916834,9.61926],[112.916478,9.618379]]],[[[113.050989,9.653868],[113.051605,9.657964],[113.051963,9.659193],[113.052508,9.660578],[113.053415,9.662394],[113.056245,9.667439],[113.059424,9.67098],[113.059941,9.672023],[113.060333,9.673276],[113.060467,9.675169],[113.060412,9.677791],[113.060257,9.678458],[113.059597,9.679886],[113.059379,9.680655],[113.058926,9.686571],[113.058618,9.687366],[113.058166,9.688085],[113.057445,9.688699],[113.05683,9.688997],[113.055532,9.689044],[113.05342,9.688583],[113.051088,9.687509],[113.048262,9.685702],[113.04055,9.679874],[113.038878,9.678852],[113.03675,9.677794],[113.030129,9.675054],[113.02641,9.673994],[113.018524,9.672064],[113.016572,9.671374],[113.013284,9.66942],[113.009977,9.667724],[113.005451,9.665055],[113.001941,9.663173],[113.000896,9.662459],[113.0,9.66153],[112.999296,9.660999],[112.996321,9.65949],[112.995011,9.65929],[112.99135,9.659182],[112.984492,9.660826],[112.982499,9.660983],[112.980564,9.66089],[112.974634,9.659345],[112.968758,9.657372],[112.964128,9.655574],[112.963352,9.654935],[112.963143,9.654412],[112.963397,9.652183],[112.964676,9.647969],[112.964673,9.647499],[112.964375,9.647089],[112.96378,9.64668],[112.962153,9.647131],[112.961418,9.647958],[112.960715,9.649345],[112.959922,9.650438],[112.95845,9.652005],[112.957623,9.65251],[112.956352,9.652929],[112.955849,9.652932],[112.954622,9.652526],[112.953325,9.651569],[112.952665,9.650535],[112.952107,9.648123],[112.951908,9.645553],[112.952793,9.643019],[112.953535,9.641712],[112.955461,9.6395],[112.956283,9.638801],[112.957206,9.638422],[112.958239,9.638549],[112.959816,9.638952],[112.960336,9.638916],[112.961459,9.638492],[112.9628,9.638267],[112.964716,9.638457],[112.966346,9.638781],[112.969155,9.63955],[112.970533,9.639726],[112.971139,9.640006],[112.973741,9.642048],[112.974969,9.642815],[112.976216,9.64281],[112.977316,9.642548],[112.978631,9.642551],[112.980005,9.642396],[112.981794,9.64244],[112.982285,9.642549],[112.983941,9.643284],[112.984507,9.643226],[112.985021,9.642926],[112.986243,9.641586],[112.989369,9.638927],[112.990236,9.638815],[112.994468,9.639116],[112.995575,9.63891],[112.996184,9.638556],[112.997264,9.637335],[113.003591,9.633215],[113.00488,9.632036],[113.00529,9.63093],[113.005238,9.62985],[113.00498,9.629346],[113.004005,9.628938],[113.000784,9.62829],[112.999704,9.627893],[112.999386,9.627431],[112.999283,9.626872],[112.99938,9.62616],[112.999742,9.625555],[113.00034,9.625237],[113.001732,9.625112],[113.002774,9.625129],[113.006255,9.625604],[113.007935,9.625156],[113.008301,9.624964],[113.009538,9.623744],[113.010566,9.6224],[113.011141,9.622002],[113.011665,9.621907],[113.012098,9.621963],[113.013891,9.622847],[113.014511,9.623213],[113.015135,9.623784],[113.01983,9.629656],[113.021411,9.631371],[113.02266,9.632473],[113.029476,9.63696],[113.035013,9.639807],[113.040059,9.64286],[113.042186,9.644434],[113.048495,9.649753],[113.049772,9.651069],[113.050541,9.652198],[113.050989,9.653868]]],[[[114.000002,9.997411],[114.001473,9.996419],[114.00227,9.996247],[114.00357,9.996402],[114.004543,9.996805],[114.005293,9.997887],[114.005574,9.998714],[114.005709,10.000001],[114.000002,10.0],[114.000002,9.997411]]],[[[113.861674,10.074684],[113.862589,10.079935],[113.863126,10.086145],[113.864256,10.093975],[113.86411,10.099235],[113.865313,10.104292],[113.868483,10.113634],[113.868811,10.117933],[113.867216,10.12311],[113.864915,10.124755],[113.860396,10.126515],[113.857502,10.126636],[113.856338,10.125882],[113.855156,10.123215],[113.8555,10.118431],[113.855084,10.115089],[113.85505,10.111265],[113.855412,10.108489],[113.855759,10.104088],[113.855509,10.097684],[113.85441,10.093391],[113.85185,10.087581],[113.848621,10.082446],[113.847235,10.078347],[113.847013,10.075098],[113.846985,10.071848],[113.845997,10.069179],[113.844425,10.066037],[113.844006,10.062217],[113.843129,10.050177],[113.844248,10.034774],[113.844276,10.026934],[113.841351,10.012235],[113.840619,10.00574],[113.840875,10.001913],[113.841621,10.000043],[113.845461,9.996348],[113.847366,9.995531],[113.849491,9.995662],[113.852028,9.996738],[113.854822,10.000042],[113.856606,10.002926],[113.8578,10.007122],[113.85843,10.012949],[113.857742,10.022516],[113.857861,10.025096],[113.859062,10.029962],[113.859186,10.033116],[113.857291,10.037052],[113.855767,10.039265],[113.855112,10.041565],[113.855526,10.044716],[113.858476,10.051097],[113.859958,10.0551],[113.860784,10.061307],[113.861674,10.074684]]],[[[113.638685,10.22496],[113.642629,10.229088],[113.64819,10.236071],[113.650976,10.240208],[113.651568,10.241781],[113.651143,10.242932],[113.648679,10.242665],[113.642146,10.24071],[113.636911,10.238027],[113.631807,10.233765],[113.628291,10.228774],[113.627976,10.225764],[113.629121,10.224033],[113.634188,10.223992],[113.638685,10.22496]]],[[[109.370818,12.278563],[109.371329,12.278467],[109.371507,12.2786],[109.3713,12.279015],[109.371018,12.279133],[109.370596,12.278926],[109.370818,12.278563]]],[[[109.377095,12.363783],[109.376608,12.364439],[109.376233,12.364645],[109.37404,12.364608],[109.37389,12.364776],[109.373402,12.366145],[109.373252,12.367907],[109.372896,12.369238],[109.372671,12.369595],[109.372127,12.369988],[109.371546,12.370119],[109.371115,12.369988],[109.370627,12.36937],[109.370421,12.368732],[109.370234,12.36862],[109.368059,12.368338],[109.367703,12.368132],[109.367628,12.367532],[109.368097,12.366782],[109.368678,12.366089],[109.369259,12.36592],[109.37029,12.364608],[109.370984,12.364139],[109.371809,12.362508],[109.372727,12.361814],[109.373552,12.361702],[109.374021,12.361233],[109.374321,12.359771],[109.374302,12.359396],[109.374058,12.358833],[109.374208,12.358046],[109.374546,12.357746],[109.375127,12.357502],[109.375521,12.357559],[109.376102,12.35784],[109.376739,12.35784],[109.37732,12.357146],[109.37807,12.35679],[109.378689,12.356209],[109.379439,12.355777],[109.379626,12.355777],[109.379833,12.35589],[109.380058,12.356265],[109.380264,12.357259],[109.38077,12.358196],[109.380732,12.358946],[109.380489,12.359246],[109.379401,12.359977],[109.378801,12.361308],[109.378052,12.36202],[109.377095,12.363783]]],[[[109.461758,12.564676],[109.462128,12.565691],[109.462122,12.566045],[109.461665,12.566569],[109.461388,12.566722],[109.46072,12.565954],[109.460321,12.566074],[109.460121,12.566001],[109.459974,12.565491],[109.459591,12.564861],[109.459809,12.564518],[109.459977,12.564468],[109.460964,12.564983],[109.461758,12.564676]]],[[[109.441714,12.575063],[109.441679,12.574548],[109.44228,12.574282],[109.442837,12.574646],[109.442898,12.574919],[109.442002,12.575302],[109.441714,12.575063]]],[[[109.437697,12.597304],[109.437546,12.597179],[109.437493,12.597353],[109.43731,12.597332],[109.436954,12.596762],[109.436411,12.596586],[109.436361,12.596151],[109.435959,12.595833],[109.435882,12.595636],[109.435919,12.595165],[109.436084,12.594906],[109.436597,12.594746],[109.436877,12.594922],[109.437159,12.594833],[109.437175,12.595022],[109.43703,12.59513],[109.437199,12.595475],[109.43755,12.595531],[109.437561,12.595627],[109.437372,12.595682],[109.437574,12.595925],[109.437477,12.59609],[109.437682,12.596231],[109.437589,12.59639],[109.437789,12.596387],[109.437734,12.59666],[109.437876,12.597122],[109.437726,12.597049],[109.437697,12.597304]]],[[[109.447833,12.597112],[109.447453,12.597614],[109.447362,12.597478],[109.447076,12.597529],[109.446923,12.597367],[109.447184,12.596702],[109.447417,12.596476],[109.447431,12.596257],[109.447678,12.596268],[109.447759,12.595745],[109.447969,12.595798],[109.448091,12.595648],[109.448276,12.595722],[109.448387,12.595564],[109.448304,12.595265],[109.448506,12.595385],[109.448699,12.59503],[109.448844,12.59505],[109.448945,12.595297],[109.449149,12.595242],[109.449246,12.595443],[109.449249,12.595642],[109.448887,12.595904],[109.449077,12.596188],[109.448897,12.596402],[109.448379,12.596561],[109.448193,12.59696],[109.447833,12.597112]]],[[[109.43841,12.610524],[109.438894,12.61037],[109.439157,12.610695],[109.438705,12.610947],[109.438383,12.61075],[109.43841,12.610524]]],[[[109.436938,12.612687],[109.436792,12.612664],[109.436653,12.612975],[109.436604,12.612586],[109.437111,12.612278],[109.437281,12.611926],[109.43773,12.612193],[109.437634,12.612372],[109.437711,12.612661],[109.437578,12.612781],[109.437016,12.612487],[109.436938,12.612687]]],[[[109.437592,12.619937],[109.437993,12.619738],[109.438133,12.61984],[109.438152,12.620043],[109.437945,12.620304],[109.437676,12.620321],[109.437563,12.620166],[109.437592,12.619937]]],[[[109.437123,12.621633],[109.436697,12.621773],[109.436582,12.62169],[109.436616,12.621403],[109.436862,12.6211],[109.437141,12.621347],[109.437023,12.621435],[109.437123,12.621633]]],[[[109.376757,12.643577],[109.376939,12.644501],[109.377225,12.645125],[109.376654,12.645716],[109.376186,12.646529],[109.375364,12.646963],[109.375078,12.646941],[109.374507,12.646763],[109.373925,12.646351],[109.373959,12.645805],[109.374953,12.644579],[109.375878,12.644345],[109.376197,12.643476],[109.376551,12.643454],[109.376757,12.643577]]],[[[109.397279,12.655196],[109.39632,12.654149],[109.395818,12.654327],[109.394904,12.654193],[109.394676,12.655307],[109.394973,12.656198],[109.394927,12.656421],[109.39463,12.656778],[109.394288,12.656889],[109.394105,12.656755],[109.3939,12.656332],[109.394059,12.655441],[109.393991,12.654995],[109.394379,12.654394],[109.394356,12.653725],[109.394927,12.653302],[109.395064,12.652856],[109.394836,12.652433],[109.393146,12.651319],[109.392781,12.650183],[109.393077,12.649849],[109.393763,12.649759],[109.394082,12.649403],[109.394151,12.648489],[109.394288,12.648289],[109.394562,12.648244],[109.395041,12.647643],[109.395749,12.647687],[109.395863,12.64722],[109.396206,12.646818],[109.396868,12.646551],[109.397119,12.64615],[109.397804,12.646061],[109.39817,12.645704],[109.398444,12.64566],[109.399037,12.64488],[109.399745,12.644769],[109.400339,12.644301],[109.400795,12.644189],[109.401481,12.643187],[109.40196,12.643254],[109.402394,12.643098],[109.402645,12.643142],[109.402645,12.643588],[109.402417,12.644479],[109.402074,12.645103],[109.402166,12.645548],[109.402029,12.645727],[109.401549,12.645704],[109.400955,12.646039],[109.400704,12.646662],[109.399996,12.647353],[109.39954,12.647465],[109.399266,12.647866],[109.399197,12.648311],[109.399996,12.649158],[109.400727,12.649069],[109.400864,12.649269],[109.401092,12.649336],[109.401595,12.648868],[109.403033,12.64869],[109.403216,12.648556],[109.403444,12.647888],[109.40365,12.647777],[109.404106,12.647777],[109.404449,12.648133],[109.40486,12.649247],[109.404654,12.650361],[109.403969,12.650584],[109.40365,12.649938],[109.403444,12.649804],[109.403262,12.64996],[109.40301,12.650628],[109.402211,12.651208],[109.401937,12.651876],[109.401709,12.651965],[109.401823,12.652433],[109.401709,12.652634],[109.401252,12.652567],[109.401138,12.652366],[109.400864,12.652411],[109.399905,12.65319],[109.399814,12.652968],[109.399585,12.653012],[109.399448,12.653213],[109.39938,12.653881],[109.399083,12.65426],[109.398581,12.654171],[109.398444,12.65397],[109.398192,12.653903],[109.397736,12.653903],[109.397462,12.65455],[109.397439,12.655017],[109.397279,12.655196]]],[[[109.467056,12.650716],[109.466915,12.650513],[109.46699,12.650368],[109.467196,12.650687],[109.467056,12.650716]]],[[[109.404637,12.657923],[109.404546,12.658573],[109.40479,12.65888],[109.404591,12.659043],[109.404427,12.658909],[109.404439,12.658596],[109.404147,12.658547],[109.404394,12.658051],[109.404075,12.657661],[109.404198,12.65733],[109.404432,12.657303],[109.404637,12.657923]]],[[[114.139088,7.583005],[114.139853,7.583748],[114.140875,7.585106],[114.141953,7.587133],[114.143281,7.588938],[114.145299,7.591464],[114.147167,7.593553],[114.149565,7.5957],[114.15366,7.598662],[114.155542,7.599801],[114.156076,7.60033],[114.15632,7.601025],[114.156164,7.601769],[114.15507,7.603946],[114.154454,7.604629],[114.153863,7.604949],[114.152999,7.605031],[114.151826,7.604842],[114.150954,7.604484],[114.150407,7.604077],[114.149588,7.603139],[114.149087,7.601235],[114.148548,7.600477],[114.147656,7.599968],[114.145256,7.599584],[114.144367,7.599252],[114.140392,7.595919],[114.138735,7.594995],[114.127902,7.591487],[114.127405,7.591195],[114.126798,7.590589],[114.126348,7.589945],[114.126103,7.589257],[114.125182,7.588837],[114.124716,7.588798],[114.123225,7.589339],[114.122818,7.589188],[114.122571,7.58882],[114.122559,7.588174],[114.122994,7.587415],[114.125373,7.58551],[114.126812,7.583296],[114.128044,7.581757],[114.129182,7.580922],[114.129844,7.580583],[114.13085,7.58035],[114.133104,7.580085],[114.134196,7.580199],[114.135665,7.580717],[114.137101,7.581472],[114.139088,7.583005]]],[[[113.968245,7.623862],[113.962972,7.624708],[113.962117,7.624953],[113.960218,7.625786],[113.957846,7.62722],[113.955824,7.628259],[113.948811,7.630583],[113.943846,7.633031],[113.942396,7.633579],[113.941364,7.633799],[113.938746,7.633961],[113.93199,7.635732],[113.928575,7.636492],[113.924252,7.637108],[113.921254,7.637293],[113.920433,7.637231],[113.919329,7.636822],[113.91826,7.636115],[113.917433,7.635064],[113.917054,7.634035],[113.916951,7.633025],[113.917011,7.631935],[113.917261,7.630346],[113.917577,7.629197],[113.919151,7.625994],[113.921378,7.62253],[113.921927,7.62112],[113.922243,7.619817],[113.922326,7.618399],[113.92219,7.616991],[113.921706,7.614823],[113.920838,7.61183],[113.920826,7.611134],[113.920979,7.610297],[113.921598,7.608445],[113.922189,7.607252],[113.923011,7.606285],[113.924052,7.605516],[113.924988,7.605199],[113.926702,7.605101],[113.928234,7.605141],[113.929865,7.605342],[113.931307,7.605698],[113.94432,7.609808],[113.946199,7.610018],[113.947737,7.610422],[113.952471,7.610693],[113.954665,7.610608],[113.955556,7.610464],[113.962548,7.608223],[113.966273,7.606718],[113.967823,7.606478],[113.968744,7.606587],[113.969783,7.607211],[113.970365,7.608239],[113.970717,7.609269],[113.971183,7.610127],[113.973835,7.611141],[113.981086,7.612889],[113.985662,7.615513],[113.986829,7.615995],[113.993141,7.617295],[113.995957,7.618175],[113.999993,7.619173],[114.006663,7.625826],[114.007757,7.628809],[114.009959,7.634078],[114.011675,7.636618],[114.012854,7.638075],[114.013756,7.638794],[114.017893,7.641241],[114.019929,7.642203],[114.020812,7.642745],[114.021748,7.643464],[114.023414,7.645058],[114.024884,7.646125],[114.025786,7.646376],[114.026574,7.646217],[114.026864,7.645941],[114.027034,7.645143],[114.027488,7.644997],[114.028321,7.645275],[114.029415,7.646112],[114.029739,7.646526],[114.02969,7.646884],[114.02942,7.647144],[114.028661,7.647452],[114.028304,7.648047],[114.028214,7.648933],[114.028366,7.649662],[114.030194,7.652647],[114.032144,7.655447],[114.033652,7.658405],[114.034403,7.65928],[114.035538,7.66022],[114.03738,7.661208],[114.04097,7.663804],[114.042134,7.664399],[114.043112,7.664723],[114.045395,7.66493],[114.04701,7.66492],[114.048105,7.664489],[114.049338,7.663565],[114.049808,7.663475],[114.050088,7.663553],[114.050958,7.665551],[114.05141,7.66625],[114.052349,7.6671],[114.054475,7.668379],[114.055768,7.669418],[114.05684,7.670702],[114.058479,7.672998],[114.061705,7.676061],[114.065536,7.678324],[114.06716,7.679644],[114.067542,7.680272],[114.068266,7.682435],[114.068565,7.685413],[114.069367,7.687244],[114.070849,7.689064],[114.072328,7.690419],[114.07274,7.691165],[114.073564,7.691805],[114.074818,7.692471],[114.07732,7.693291],[114.078414,7.694062],[114.079454,7.694384],[114.081095,7.694444],[114.082951,7.694297],[114.086208,7.693699],[114.088248,7.693497],[114.089299,7.693802],[114.091307,7.695428],[114.092159,7.695809],[114.093761,7.695656],[114.096482,7.695081],[114.100099,7.695002],[114.10177,7.695188],[114.103038,7.695678],[114.107173,7.69841],[114.112524,7.700937],[114.115203,7.704182],[114.118091,7.70845],[114.12074,7.713018],[114.122645,7.715293],[114.123698,7.715902],[114.124324,7.716092],[114.125187,7.716722],[114.125855,7.717379],[114.128021,7.720117],[114.130747,7.721908],[114.13266,7.722139],[114.133649,7.722398],[114.13595,7.72394],[114.136605,7.724165],[114.137136,7.72411],[114.139156,7.723295],[114.141048,7.722826],[114.143414,7.721496],[114.144879,7.720207],[114.147155,7.716985],[114.147268,7.716534],[114.147231,7.715578],[114.146599,7.714238],[114.145831,7.71347],[114.143566,7.71203],[114.141773,7.710476],[114.140973,7.709527],[114.140235,7.708017],[114.140078,7.707244],[114.140055,7.705823],[114.140427,7.703729],[114.141091,7.702281],[114.14191,7.701456],[114.143511,7.700822],[114.144541,7.700588],[114.145711,7.70054],[114.147446,7.700756],[114.149601,7.700758],[114.151307,7.700532],[114.152412,7.700168],[114.153474,7.699457],[114.154705,7.698207],[114.155145,7.697037],[114.155314,7.695759],[114.155748,7.694889],[114.156616,7.694059],[114.157525,7.693699],[114.158409,7.693889],[114.159727,7.694878],[114.160935,7.695394],[114.162336,7.695582],[114.164959,7.695707],[114.167579,7.696334],[114.168439,7.69677],[114.16926,7.697636],[114.169547,7.698329],[114.169397,7.699319],[114.168716,7.700522],[114.167509,7.701774],[114.166659,7.702402],[114.164916,7.703283],[114.164284,7.703811],[114.164042,7.704435],[114.163932,7.706253],[114.163664,7.706698],[114.16319,7.70695],[114.161706,7.707131],[114.160278,7.707625],[114.159424,7.708232],[114.158546,7.709285],[114.157924,7.710317],[114.157057,7.712331],[114.156057,7.714929],[114.155546,7.716838],[114.15488,7.718472],[114.152527,7.722252],[114.151118,7.725162],[114.150418,7.726334],[114.150111,7.729036],[114.149657,7.730232],[114.147744,7.732973],[114.146746,7.734093],[114.143708,7.736777],[114.141645,7.738165],[114.140373,7.739361],[114.139717,7.739744],[114.138311,7.740262],[114.137117,7.740439],[114.118912,7.73996],[114.115999,7.739515],[114.114354,7.739049],[114.112918,7.73826],[114.110471,7.736333],[114.10833,7.734263],[114.106043,7.731508],[114.104546,7.730231],[114.103183,7.7296],[114.099494,7.728655],[114.097346,7.727744],[114.093328,7.725614],[114.09134,7.724115],[114.090555,7.723344],[114.089677,7.722242],[114.08896,7.721062],[114.087214,7.717459],[114.084867,7.714311],[114.082559,7.712079],[114.080167,7.710086],[114.073856,7.706544],[114.071187,7.705292],[114.068587,7.704907],[114.064744,7.70466],[114.06236,7.703968],[114.060967,7.703281],[114.060462,7.702673],[114.059983,7.701777],[114.059638,7.698736],[114.059062,7.697136],[114.058505,7.696202],[114.057043,7.69438],[114.055873,7.693245],[114.052775,7.691385],[114.050502,7.689552],[114.048803,7.687696],[114.04542,7.683653],[114.044198,7.682394],[114.042645,7.681441],[114.03966,7.679886],[114.034289,7.677611],[114.033031,7.676693],[114.03192,7.675316],[114.031242,7.674153],[114.029153,7.668723],[114.027629,7.666316],[114.023363,7.661461],[114.021841,7.659897],[114.017934,7.656634],[114.016538,7.655804],[114.014424,7.654801],[114.012809,7.654259],[114.011157,7.65396],[114.008674,7.654013],[114.003733,7.655021],[114.000217,7.655204],[113.996248,7.653774],[113.994352,7.652558],[113.993138,7.651302],[113.99282,7.650574],[113.992339,7.646758],[113.992284,7.639016],[113.992148,7.638221],[113.991778,7.63714],[113.991022,7.635915],[113.989381,7.634389],[113.987392,7.632175],[113.983828,7.627978],[113.982528,7.626024],[113.981192,7.624756],[113.980359,7.62418],[113.978591,7.623276],[113.975812,7.622159],[113.974838,7.62194],[113.973337,7.622125],[113.970573,7.623149],[113.968245,7.623862]]],[[[114.261938,7.662537],[114.264276,7.665311],[114.265087,7.666627],[114.266851,7.670058],[114.26812,7.671965],[114.271585,7.6766],[114.274289,7.6795],[114.275343,7.681091],[114.275842,7.682686],[114.275792,7.684305],[114.275352,7.685965],[114.275036,7.686481],[114.274633,7.686824],[114.274099,7.686961],[114.273368,7.686826],[114.267674,7.681763],[114.267056,7.681336],[114.261774,7.678806],[114.258751,7.676817],[114.256544,7.676019],[114.254991,7.675602],[114.253844,7.674942],[114.253336,7.674141],[114.253042,7.672763],[114.253265,7.670004],[114.253932,7.668381],[114.253889,7.667923],[114.253646,7.667539],[114.253426,7.667507],[114.253258,7.667651],[114.25307,7.668659],[114.252768,7.669147],[114.251524,7.670048],[114.250565,7.670483],[114.249844,7.67045],[114.248979,7.670068],[114.248303,7.669482],[114.247796,7.668721],[114.247625,7.66793],[114.247754,7.666887],[114.248297,7.665504],[114.248736,7.664868],[114.249212,7.664584],[114.251716,7.663657],[114.253251,7.662829],[114.255643,7.661302],[114.256965,7.661106],[114.259233,7.661282],[114.260834,7.661754],[114.261938,7.662537]]],[[[114.350263,7.660752],[114.351872,7.664977],[114.353607,7.669048],[114.354913,7.672997],[114.356741,7.681425],[114.358696,7.685439],[114.360419,7.687449],[114.36314,7.689857],[114.369012,7.694128],[114.369947,7.695355],[114.370248,7.696232],[114.370495,7.69779],[114.370456,7.699596],[114.369602,7.705189],[114.369577,7.708785],[114.369761,7.713294],[114.369453,7.716454],[114.367619,7.719924],[114.36519,7.723431],[114.363785,7.724891],[114.362708,7.725576],[114.362192,7.725769],[114.360835,7.725754],[114.35974,7.725358],[114.358816,7.724516],[114.358487,7.723614],[114.358659,7.72224],[114.360901,7.713684],[114.361294,7.708511],[114.361193,7.704265],[114.360973,7.703175],[114.359163,7.699614],[114.35816,7.698147],[114.357577,7.697516],[114.355856,7.696044],[114.353121,7.694229],[114.348954,7.691921],[114.34599,7.689517],[114.344705,7.688145],[114.343991,7.686839],[114.343628,7.685082],[114.34343,7.683416],[114.343427,7.679919],[114.343326,7.679117],[114.342896,7.677941],[114.342075,7.677074],[114.340879,7.676421],[114.339864,7.676235],[114.33922,7.676386],[114.338319,7.676984],[114.336221,7.679764],[114.335901,7.680538],[114.33574,7.681706],[114.335473,7.682336],[114.334937,7.682545],[114.333634,7.682405],[114.333171,7.682616],[114.328642,7.687473],[114.324379,7.691242],[114.323044,7.692598],[114.322934,7.693042],[114.323228,7.693455],[114.323753,7.6935],[114.324526,7.693261],[114.325698,7.692435],[114.328108,7.690276],[114.328785,7.689931],[114.329407,7.689815],[114.33027,7.690122],[114.331412,7.691358],[114.333003,7.69261],[114.333486,7.693508],[114.333415,7.694047],[114.332753,7.694652],[114.331073,7.695576],[114.329786,7.697347],[114.328444,7.69868],[114.327168,7.699363],[114.326417,7.699583],[114.323616,7.699583],[114.322454,7.699387],[114.320574,7.698795],[114.319398,7.698204],[114.318477,7.697119],[114.318025,7.696016],[114.317986,7.695156],[114.318309,7.693806],[114.320198,7.690911],[114.323167,7.687703],[114.32695,7.68417],[114.331814,7.679088],[114.335332,7.676211],[114.338025,7.673325],[114.338967,7.671519],[114.339156,7.668957],[114.339721,7.667174],[114.340595,7.664983],[114.341385,7.662203],[114.341963,7.66074],[114.342751,7.659661],[114.343398,7.65916],[114.34533,7.658091],[114.346433,7.657604],[114.346875,7.657559],[114.347785,7.65792],[114.348992,7.658872],[114.349541,7.659533],[114.350263,7.660752]]],[[[114.190697,7.740841],[114.189092,7.741059],[114.188089,7.741042],[114.187585,7.741311],[114.187209,7.741302],[114.186988,7.740975],[114.187034,7.739559],[114.186737,7.738535],[114.185941,7.737224],[114.185022,7.736392],[114.18262,7.735148],[114.18103,7.734901],[114.179709,7.734249],[114.178881,7.734134],[114.177544,7.734379],[114.176538,7.734349],[114.174635,7.734012],[114.172603,7.733347],[114.170021,7.732317],[114.167619,7.731089],[114.165818,7.72976],[114.164999,7.728947],[114.164769,7.728155],[114.16484,7.726568],[114.165385,7.723301],[114.165754,7.722572],[114.167102,7.721425],[114.167587,7.720683],[114.168281,7.718154],[114.169383,7.715768],[114.169357,7.714591],[114.169147,7.713758],[114.169135,7.712971],[114.16937,7.712326],[114.169747,7.711885],[114.170356,7.711659],[114.171146,7.711701],[114.171643,7.711944],[114.172607,7.712717],[114.1739,7.712905],[114.175158,7.712878],[114.178362,7.712289],[114.180232,7.712122],[114.182463,7.711743],[114.182967,7.711746],[114.184422,7.712196],[114.184759,7.712445],[114.185217,7.713057],[114.186376,7.713954],[114.1874,7.715433],[114.18825,7.717303],[114.188713,7.717916],[114.189926,7.720124],[114.191559,7.722488],[114.192883,7.723429],[114.193886,7.723974],[114.195429,7.724342],[114.198214,7.725295],[114.199967,7.726474],[114.200714,7.727303],[114.20102,7.728131],[114.200778,7.729053],[114.199591,7.730853],[114.197475,7.734696],[114.194761,7.737367],[114.192658,7.739127],[114.191584,7.740256],[114.190697,7.740841]]],[[[114.260879,7.81857],[114.261368,7.81888],[114.261763,7.819316],[114.261995,7.819822],[114.262074,7.820349],[114.261971,7.821418],[114.261105,7.825284],[114.261047,7.826558],[114.261173,7.827738],[114.261747,7.829777],[114.26304,7.832348],[114.263268,7.833717],[114.263078,7.834634],[114.262099,7.836772],[114.261767,7.837979],[114.261201,7.845261],[114.260983,7.846567],[114.26063,7.847433],[114.260212,7.848028],[114.259727,7.84837],[114.259144,7.848483],[114.258583,7.848207],[114.257464,7.847089],[114.256372,7.845803],[114.255546,7.844576],[114.25497,7.843335],[114.253284,7.838771],[114.25,7.832531],[114.248585,7.823917],[114.247607,7.820374],[114.247001,7.818756],[114.247095,7.816296],[114.246715,7.815448],[114.245412,7.814363],[114.241809,7.811803],[114.240435,7.809795],[114.239299,7.806789],[114.238094,7.80263],[114.237503,7.798858],[114.237748,7.796707],[114.237679,7.7954],[114.237455,7.794322],[114.236616,7.793163],[114.235694,7.792773],[114.23431,7.79238],[114.228765,7.792113],[114.227075,7.79141],[114.224696,7.790087],[114.22286,7.788076],[114.21819,7.78374],[114.216118,7.78265],[114.214126,7.781023],[114.212903,7.779477],[114.212066,7.778011],[114.21177,7.776164],[114.211786,7.773704],[114.212268,7.770709],[114.213051,7.768792],[114.213374,7.766487],[114.213075,7.765178],[114.212857,7.763101],[114.213026,7.760873],[114.213891,7.758188],[114.215681,7.755432],[114.217106,7.753858],[114.218033,7.753337],[114.218957,7.753343],[114.220537,7.753946],[114.22251,7.755013],[114.223954,7.756142],[114.225199,7.7576],[114.225716,7.759184],[114.226302,7.762719],[114.227099,7.765695],[114.227093,7.766557],[114.226559,7.767511],[114.225158,7.768939],[114.22313,7.770699],[114.219474,7.771968],[114.218338,7.772613],[114.217402,7.773643],[114.217225,7.774345],[114.218047,7.775481],[114.219213,7.778159],[114.219497,7.778692],[114.219726,7.77888],[114.220273,7.778797],[114.220665,7.778326],[114.221635,7.775077],[114.221998,7.774563],[114.226046,7.77249],[114.23005,7.769498],[114.230964,7.769073],[114.232644,7.769036],[114.233601,7.769521],[114.234554,7.770629],[114.235941,7.771405],[114.236895,7.772178],[114.238428,7.772715],[114.239575,7.773441],[114.242053,7.776091],[114.242571,7.776419],[114.243506,7.777438],[114.24467,7.778192],[114.245478,7.778347],[114.246377,7.778293],[114.247398,7.777911],[114.24827,7.77729],[114.249057,7.776257],[114.249695,7.775923],[114.250324,7.775867],[114.250803,7.77593],[114.251251,7.776231],[114.255058,7.779074],[114.255122,7.779675],[114.254756,7.780887],[114.252484,7.78309],[114.251381,7.784319],[114.249999,7.786056],[114.249103,7.787451],[114.247435,7.792509],[114.247258,7.793496],[114.247184,7.795588],[114.247794,7.803182],[114.248442,7.805922],[114.249033,7.806764],[114.249525,7.808386],[114.249999,7.811056],[114.251506,7.812514],[114.252403,7.813608],[114.255698,7.819262],[114.256354,7.819787],[114.257066,7.819894],[114.257851,7.819608],[114.259714,7.818433],[114.260238,7.818374],[114.260879,7.81857]]],[[[114.389931,7.798219],[114.390122,7.797103],[114.39061,7.796161],[114.391262,7.795578],[114.392468,7.79503],[114.39347,7.794718],[114.394746,7.794621],[114.395404,7.794793],[114.396483,7.795443],[114.399387,7.797786],[114.400383,7.798868],[114.401057,7.799925],[114.402224,7.802834],[114.403344,7.804942],[114.405332,7.807761],[114.407959,7.810877],[114.408783,7.811685],[114.41642,7.818069],[114.418338,7.81947],[114.421969,7.821574],[114.424033,7.823322],[114.426701,7.825323],[114.433032,7.828753],[114.43638,7.831097],[114.439757,7.836601],[114.441414,7.840866],[114.442737,7.845707],[114.443243,7.848084],[114.443254,7.849302],[114.442682,7.851191],[114.441789,7.852357],[114.439608,7.854117],[114.438739,7.854668],[114.437768,7.85498],[114.436944,7.854845],[114.436798,7.85454],[114.436687,7.853054],[114.436495,7.852259],[114.435623,7.850427],[114.434782,7.849004],[114.433318,7.847434],[114.431129,7.845637],[114.424277,7.838958],[114.422795,7.837093],[114.420873,7.8334],[114.41999,7.832268],[114.418269,7.830975],[114.416435,7.830136],[114.410519,7.826357],[114.409775,7.82569],[114.408271,7.823989],[114.406945,7.822939],[114.405939,7.822441],[114.401914,7.821128],[114.400722,7.820431],[114.399036,7.819043],[114.398509,7.818375],[114.397806,7.816952],[114.396503,7.812828],[114.393397,7.80825],[114.392084,7.8058],[114.391215,7.803872],[114.39006,7.799435],[114.389931,7.798219]]],[[[114.439372,7.953102],[114.438412,7.953492],[114.437185,7.953683],[114.435045,7.953814],[114.432505,7.953802],[114.428452,7.954461],[114.426548,7.954491],[114.424912,7.954224],[114.420387,7.952961],[114.41907,7.952775],[114.416899,7.952712],[114.415046,7.952327],[114.413078,7.951659],[114.411995,7.951088],[114.410747,7.950057],[114.409244,7.948172],[114.407607,7.946387],[114.404908,7.944086],[114.400777,7.940956],[114.399175,7.939602],[114.396559,7.936811],[114.395341,7.934907],[114.394691,7.93339],[114.394647,7.931987],[114.394829,7.931276],[114.396178,7.928371],[114.396967,7.925379],[114.397254,7.922964],[114.397286,7.921668],[114.397108,7.920517],[114.396667,7.919666],[114.395483,7.918705],[114.393487,7.917723],[114.392176,7.917138],[114.388685,7.915944],[114.387701,7.915496],[114.384393,7.913689],[114.381658,7.912028],[114.379662,7.910517],[114.378687,7.910141],[114.377377,7.910163],[114.374665,7.910997],[114.373511,7.911007],[114.372747,7.910769],[114.366508,7.907841],[114.364913,7.907596],[114.364035,7.907702],[114.362571,7.908324],[114.360606,7.910229],[114.358372,7.913154],[114.356805,7.915918],[114.35636,7.916515],[114.35436,7.918449],[114.35155,7.920814],[114.350652,7.921401],[114.347665,7.922646],[114.341884,7.92531],[114.338748,7.926509],[114.336999,7.926921],[114.334531,7.926944],[114.332581,7.926686],[114.330376,7.92599],[114.32764,7.924748],[114.324211,7.92259],[114.317827,7.917729],[114.311571,7.914334],[114.305871,7.909794],[114.30347,7.90748],[114.301711,7.906048],[114.298045,7.903851],[114.297279,7.902659],[114.297033,7.901862],[114.29662,7.898579],[114.296674,7.891848],[114.296393,7.890575],[114.295766,7.889189],[114.290367,7.88431],[114.288244,7.882132],[114.280979,7.875165],[114.276007,7.871108],[114.267973,7.86389],[114.266696,7.86225],[114.265955,7.860648],[114.265801,7.859148],[114.266194,7.857804],[114.266784,7.857048],[114.267579,7.856445],[114.268696,7.855883],[114.26993,7.855489],[114.271043,7.855318],[114.272101,7.855318],[114.273156,7.855482],[114.27425,7.855811],[114.276654,7.856765],[114.278256,7.857692],[114.281163,7.859721],[114.286643,7.864014],[114.289904,7.865643],[114.293494,7.866597],[114.296645,7.868774],[114.300639,7.873249],[114.301718,7.875],[114.302409,7.876873],[114.303594,7.878637],[114.309459,7.891018],[114.311034,7.896739],[114.311346,7.897496],[114.314398,7.901763],[114.318053,7.905459],[114.318879,7.90593],[114.320777,7.906352],[114.322066,7.906294],[114.323173,7.905713],[114.324388,7.904608],[114.324932,7.904447],[114.325546,7.904435],[114.327012,7.90497],[114.329333,7.906753],[114.330033,7.906972],[114.331019,7.906974],[114.331601,7.906804],[114.332231,7.906325],[114.334241,7.90445],[114.336295,7.902234],[114.337522,7.901388],[114.338123,7.901111],[114.340868,7.900681],[114.342279,7.900684],[114.342845,7.900866],[114.343152,7.901235],[114.343285,7.901754],[114.343042,7.903413],[114.343067,7.904091],[114.343315,7.904475],[114.343863,7.904529],[114.346187,7.904048],[114.354078,7.901198],[114.359644,7.899386],[114.363468,7.898612],[114.366615,7.897556],[114.368636,7.897149],[114.369601,7.8972],[114.370729,7.897547],[114.372766,7.898581],[114.374215,7.899628],[114.374786,7.899891],[114.380424,7.899899],[114.381261,7.899989],[114.383789,7.900617],[114.388125,7.902532],[114.388987,7.902736],[114.391545,7.902816],[114.394836,7.903183],[114.397801,7.903246],[114.402369,7.902858],[114.406346,7.903332],[114.4086,7.903344],[114.409395,7.903242],[114.410304,7.902853],[114.411989,7.901659],[114.412827,7.901224],[114.413788,7.901089],[114.4144,7.901269],[114.414969,7.901907],[114.415342,7.902814],[114.415475,7.909173],[114.416479,7.912444],[114.415971,7.91457],[114.415077,7.917072],[114.414856,7.91805],[114.414693,7.919755],[114.415059,7.922608],[114.415389,7.923378],[114.417156,7.926399],[114.420403,7.931341],[114.421128,7.932178],[114.42353,7.934396],[114.425819,7.936185],[114.426626,7.936633],[114.429568,7.937359],[114.4317,7.937429],[114.434292,7.936704],[114.436009,7.936027],[114.439028,7.934551],[114.445094,7.931878],[114.445972,7.931605],[114.446913,7.931503],[114.447737,7.931654],[114.449673,7.93239],[114.454815,7.934796],[114.455207,7.935059],[114.455478,7.935481],[114.455587,7.936003],[114.455477,7.936462],[114.453843,7.93955],[114.45258,7.942914],[114.450877,7.94581],[114.449412,7.947549],[114.448285,7.948411],[114.439372,7.953102]]],[[[114.118834,8.103056],[114.119515,8.100133],[114.120429,8.097988],[114.121034,8.097215],[114.122829,8.096575],[114.126367,8.096257],[114.129188,8.097452],[114.132415,8.099029],[114.134982,8.1006],[114.136059,8.101091],[114.137577,8.102919],[114.139026,8.10541],[114.14307,8.109058],[114.144258,8.11053],[114.144904,8.113817],[114.14435,8.115786],[114.143925,8.1165],[114.143143,8.116853],[114.141341,8.117318],[114.137003,8.117199],[114.135417,8.117619],[114.13437,8.118149],[114.133107,8.11857],[114.132352,8.118565],[114.130273,8.117403],[114.127332,8.116127],[114.126074,8.115867],[114.123897,8.115048],[114.123364,8.114088],[114.122718,8.112172],[114.121948,8.110851],[114.121056,8.109769],[114.119518,8.10689],[114.118993,8.104735],[114.118834,8.103056]]],[[[114.169316,8.705463],[114.167819,8.700098],[114.16687,8.698561],[114.167073,8.697032],[114.167852,8.6957],[114.168719,8.69485],[114.17081,8.689853],[114.171711,8.685078],[114.176688,8.674789],[114.177849,8.673746],[114.179003,8.673658],[114.186817,8.678342],[114.189491,8.680561],[114.191106,8.681438],[114.196309,8.685356],[114.198879,8.688626],[114.201076,8.690459],[114.204591,8.691764],[114.206546,8.693316],[114.207291,8.694406],[114.207432,8.697331],[114.204106,8.701057],[114.197849,8.706933],[114.19573,8.71079],[114.194675,8.71695],[114.195059,8.723479],[114.198486,8.73756],[114.197744,8.740351],[114.196968,8.742222],[114.193518,8.746089],[114.191295,8.747699],[114.164987,8.759192],[114.163932,8.759255],[114.163205,8.759104],[114.162103,8.758656],[114.160013,8.757347],[114.153978,8.751499],[114.153875,8.749227],[114.15522,8.746249],[114.160797,8.739248],[114.161451,8.735683],[114.161943,8.734061],[114.162721,8.732919],[114.165477,8.730295],[114.166741,8.728392],[114.168677,8.723725],[114.169299,8.719525],[114.169089,8.716884],[114.168813,8.715218],[114.168071,8.714237],[114.167617,8.713259],[114.16728,8.712052],[114.169316,8.705463]]],[[[114.184505,9.379824],[114.181065,9.380205],[114.178322,9.379498],[114.177639,9.378946],[114.177179,9.376622],[114.17747,9.374713],[114.178866,9.372267],[114.179435,9.370088],[114.180538,9.369688],[114.181498,9.369901],[114.183413,9.371078],[114.184983,9.372252],[114.186478,9.374312],[114.187285,9.376299],[114.187414,9.377255],[114.187064,9.378072],[114.1863,9.378884],[114.184505,9.379824]]],[[[114.352017,9.691747],[114.3524,9.688945],[114.357163,9.689988],[114.355948,9.693484],[114.352017,9.691747]]],[[[114.320178,9.740604],[114.320779,9.741528],[114.320953,9.742538],[114.320814,9.743508],[114.320209,9.744714],[114.318285,9.74687],[114.317138,9.747833],[114.31569,9.748396],[114.315166,9.748406],[114.314761,9.748233],[114.314433,9.747924],[114.314339,9.747641],[114.314613,9.746228],[114.314605,9.745694],[114.314305,9.744782],[114.313942,9.744122],[114.313711,9.743857],[114.313288,9.743663],[114.312124,9.743678],[114.311005,9.743187],[114.310113,9.742293],[114.309796,9.741756],[114.30963,9.740922],[114.309935,9.737978],[114.309822,9.737564],[114.308708,9.735782],[114.308556,9.735291],[114.308662,9.733518],[114.309267,9.733265],[114.309826,9.733309],[114.312046,9.734401],[114.312734,9.734883],[114.313766,9.736074],[114.314935,9.737096],[114.316218,9.73794],[114.318368,9.739072],[114.320178,9.740604]]],[[[114.279059,9.727766],[114.278685,9.729376],[114.278783,9.732126],[114.280197,9.736082],[114.280974,9.736865],[114.281633,9.737288],[114.283386,9.736585],[114.283867,9.736589],[114.284225,9.73713],[114.283975,9.738204],[114.283001,9.739391],[114.282147,9.743707],[114.276139,9.753555],[114.268394,9.763677],[114.261853,9.767699],[114.26144,9.769478],[114.256591,9.776665],[114.255556,9.781111],[114.254553,9.781796],[114.252554,9.782077],[114.250765,9.781171],[114.249976,9.780076],[114.248206,9.776894],[114.248254,9.771054],[114.249465,9.769381],[114.251879,9.767124],[114.254604,9.763384],[114.256412,9.761914],[114.263098,9.757037],[114.268348,9.751485],[114.270546,9.747917],[114.272032,9.743052],[114.274162,9.737408],[114.272492,9.735363],[114.270774,9.731763],[114.270322,9.728054],[114.27166,9.719041],[114.271497,9.716888],[114.269908,9.712214],[114.269799,9.710898],[114.268989,9.706708],[114.269006,9.704677],[114.269684,9.70277],[114.271138,9.701706],[114.273797,9.700591],[114.275426,9.700305],[114.276871,9.700377],[114.278553,9.700988],[114.282629,9.703411],[114.28532,9.705882],[114.287758,9.709786],[114.290645,9.717817],[114.291275,9.721886],[114.290948,9.725111],[114.290642,9.725706],[114.289427,9.726952],[114.289004,9.727187],[114.2881,9.72718],[114.286177,9.726627],[114.284443,9.725],[114.282701,9.724328],[114.281257,9.724197],[114.280227,9.724906],[114.279059,9.727766]]],[[[114.328909,9.759479],[114.328807,9.759963],[114.328991,9.760366],[114.32937,9.760719],[114.329984,9.760991],[114.330342,9.761455],[114.33026,9.761869],[114.329503,9.762302],[114.328582,9.762201],[114.327558,9.761879],[114.325696,9.760558],[114.325522,9.760306],[114.325481,9.759892],[114.325717,9.757986],[114.326361,9.756131],[114.326371,9.755425],[114.326064,9.754214],[114.325358,9.753529],[114.325205,9.753105],[114.325317,9.75255],[114.325706,9.751602],[114.326351,9.750866],[114.327947,9.75013],[114.328745,9.75015],[114.329226,9.750352],[114.332081,9.752873],[114.332706,9.75372],[114.332879,9.754477],[114.33289,9.755475],[114.332746,9.755959],[114.330772,9.758521],[114.33027,9.759005],[114.328909,9.759479]]],[[[114.343024,9.759599],[114.343701,9.760336],[114.343701,9.761287],[114.343157,9.762338],[114.342265,9.763116],[114.336942,9.767159],[114.336276,9.767098],[114.335824,9.766896],[114.335435,9.766532],[114.335227,9.765959],[114.335322,9.764753],[114.336163,9.763621],[114.337547,9.762479],[114.338275,9.76162],[114.338316,9.761064],[114.338009,9.759811],[114.338009,9.759275],[114.338275,9.758285],[114.338511,9.758012],[114.339239,9.757951],[114.34005,9.758254],[114.341906,9.759002],[114.343024,9.759599]]],[[[114.347251,9.770304],[114.345259,9.772909],[114.344947,9.773063],[114.344556,9.772986],[114.344306,9.77274],[114.344446,9.771769],[114.345979,9.768655],[114.346104,9.767823],[114.346167,9.764864],[114.346292,9.764263],[114.346698,9.763754],[114.347027,9.763677],[114.347465,9.763785],[114.348168,9.764248],[114.349013,9.765172],[114.34967,9.76639],[114.350248,9.767839],[114.350358,9.768471],[114.35017,9.769426],[114.349732,9.769966],[114.349357,9.770104],[114.348585,9.769678],[114.348283,9.769702],[114.347251,9.770304]]],[[[114.370729,9.783276],[114.368999,9.78396],[114.368104,9.783729],[114.36718,9.783961],[114.364653,9.783786],[114.363445,9.783501],[114.362398,9.78284],[114.361972,9.78236],[114.361666,9.781758],[114.361553,9.780685],[114.361118,9.779391],[114.361007,9.778464],[114.361088,9.7776],[114.360801,9.776484],[114.361065,9.775779],[114.361539,9.775518],[114.362187,9.775486],[114.363103,9.775783],[114.364461,9.776526],[114.364822,9.7766],[114.365521,9.776605],[114.367429,9.77607],[114.368825,9.776296],[114.372792,9.777499],[114.375273,9.777685],[114.37683,9.777963],[114.377201,9.778107],[114.377536,9.778408],[114.377533,9.778991],[114.376547,9.780662],[114.375872,9.781369],[114.372568,9.782978],[114.370729,9.783276]]],[[[114.382531,9.785917],[114.382977,9.785813],[114.383129,9.785606],[114.383129,9.785288],[114.382596,9.784522],[114.381674,9.783887],[114.380763,9.78346],[114.380385,9.78335],[114.37943,9.783569],[114.379097,9.783504],[114.378941,9.783241],[114.379052,9.781139],[114.379163,9.780745],[114.379441,9.780559],[114.380174,9.780581],[114.387373,9.783701],[114.387876,9.784077],[114.388093,9.78445],[114.388,9.785112],[114.387683,9.785447],[114.386717,9.78579],[114.38603,9.786193],[114.384407,9.787389],[114.383889,9.787335],[114.383016,9.786704],[114.38236,9.786521],[114.380428,9.786901],[114.379393,9.787244],[114.379192,9.787153],[114.379099,9.786841],[114.379215,9.786467],[114.379547,9.786201],[114.380915,9.78595],[114.3811,9.785539],[114.381293,9.785424],[114.381873,9.785752],[114.382531,9.785917]]],[[[114.398667,9.806336],[114.398003,9.806684],[114.397354,9.806823],[114.395053,9.806726],[114.394037,9.806461],[114.392766,9.805877],[114.391554,9.805114],[114.390391,9.804307],[114.389948,9.803761],[114.389782,9.802452],[114.389893,9.800947],[114.390768,9.797216],[114.391432,9.795066],[114.393126,9.791313],[114.393853,9.790047],[114.394277,9.789754],[114.395025,9.789587],[114.395773,9.789685],[114.397241,9.790186],[114.401758,9.792342],[114.407885,9.79639],[114.408323,9.796919],[114.408407,9.797558],[114.408111,9.798338],[114.402337,9.803387],[114.398667,9.806336]]],[[[114.320776,9.80166],[114.320103,9.802211],[114.31839,9.802719],[114.317411,9.802616],[114.316817,9.802168],[114.316625,9.80172],[114.317167,9.801229],[114.320147,9.799894],[114.320523,9.79992],[114.320794,9.800187],[114.320925,9.801126],[114.320776,9.80166]]],[[[114.254854,9.790247],[114.255578,9.789586],[114.256367,9.789104],[114.257192,9.788806],[114.258042,9.788692],[114.258903,9.788747],[114.259758,9.788985],[114.260656,9.789447],[114.261389,9.790037],[114.263157,9.792238],[114.264691,9.794719],[114.267665,9.800597],[114.270773,9.806209],[114.271677,9.808154],[114.272369,9.810089],[114.272865,9.812293],[114.273147,9.814631],[114.273117,9.815465],[114.272857,9.816451],[114.271874,9.818275],[114.271567,9.819108],[114.271289,9.820506],[114.271299,9.821285],[114.271821,9.822908],[114.27278,9.824611],[114.273472,9.825489],[114.275113,9.826903],[114.27566,9.827741],[114.275865,9.828643],[114.275746,9.829356],[114.275416,9.829716],[114.2745,9.83029],[114.273637,9.830622],[114.27291,9.830749],[114.272054,9.8307],[114.271334,9.830488],[114.2705,9.829776],[114.269383,9.827723],[114.267967,9.824355],[114.267005,9.820801],[114.266803,9.819],[114.266758,9.813883],[114.266565,9.812326],[114.265973,9.810886],[114.264851,9.808954],[114.264409,9.807734],[114.263096,9.801762],[114.262573,9.800045],[114.261438,9.797875],[114.26005,9.796242],[114.258666,9.795215],[114.257082,9.794632],[114.256343,9.794237],[114.255238,9.793217],[114.25472,9.792392],[114.254513,9.791742],[114.254541,9.790872],[114.254854,9.790247]]],[[[114.338688,9.826642],[114.338385,9.826334],[114.338463,9.826055],[114.33942,9.825122],[114.340689,9.822699],[114.342201,9.82141],[114.342738,9.821343],[114.343177,9.821468],[114.343431,9.822026],[114.342436,9.823391],[114.339557,9.826353],[114.338688,9.826642]]],[[[114.266316,9.834735],[114.269675,9.834487],[114.270397,9.836976],[114.267635,9.837691],[114.266316,9.834735]]],[[[114.290303,9.868688],[114.291801,9.869778],[114.295576,9.87213],[114.296726,9.873348],[114.297638,9.874567],[114.298824,9.875728],[114.29952,9.876141],[114.300744,9.876466],[114.301626,9.876562],[114.302673,9.876285],[114.303506,9.875755],[114.304287,9.875011],[114.305476,9.872752],[114.306669,9.872297],[114.307552,9.872179],[114.308667,9.872474],[114.309241,9.8728],[114.309685,9.873483],[114.310019,9.874557],[114.310242,9.875952],[114.310723,9.87757],[114.310681,9.878155],[114.310434,9.879113],[114.308327,9.883124],[114.307846,9.883544],[114.30661,9.883945],[114.305788,9.884562],[114.304363,9.885099],[114.30323,9.88519],[114.301886,9.885067],[114.300256,9.884567],[114.298442,9.883356],[114.298208,9.882855],[114.297955,9.880863],[114.297205,9.879611],[114.296642,9.87915],[114.295708,9.878686],[114.292121,9.877647],[114.285974,9.874399],[114.281898,9.871798],[114.280587,9.870586],[114.279519,9.868991],[114.277577,9.865675],[114.275214,9.863044],[114.273951,9.86137],[114.273579,9.860429],[114.273352,9.858914],[114.27332,9.856028],[114.273757,9.850989],[114.273694,9.85],[114.272271,9.844524],[114.272135,9.841769],[114.272779,9.838865],[114.27322,9.838046],[114.273694,9.837846],[114.274796,9.837746],[114.276422,9.837779],[114.276829,9.837863],[114.277134,9.838163],[114.277507,9.838998],[114.279184,9.845259],[114.27971,9.846394],[114.280431,9.846946],[114.288155,9.850452],[114.29217,9.852932],[114.293645,9.854108],[114.294491,9.855199],[114.295121,9.858363],[114.294904,9.86174],[114.294383,9.86266],[114.293797,9.863258],[114.292473,9.864092],[114.290282,9.86593],[114.289804,9.866914],[114.289783,9.867683],[114.290303,9.868688]]],[[[114.313428,9.868688],[114.314903,9.868688],[114.31623,9.868977],[114.317131,9.868977],[114.317333,9.869243],[114.317221,9.869864],[114.314542,9.873655],[114.313924,9.874087],[114.31335,9.873977],[114.313113,9.873777],[114.312292,9.872436],[114.311234,9.871327],[114.310975,9.870606],[114.310953,9.869952],[114.311324,9.869354],[114.312472,9.868821],[114.313428,9.868688]]],[[[114.318025,9.878388],[114.318719,9.878189],[114.319367,9.878176],[114.320615,9.878516],[114.321133,9.879047],[114.321125,9.880055],[114.320979,9.88033],[114.319976,9.880858],[114.319523,9.881238],[114.318876,9.882143],[114.317852,9.884124],[114.317344,9.8847],[114.317056,9.884725],[114.316914,9.884465],[114.317076,9.883378],[114.316867,9.882493],[114.316873,9.880628],[114.31705,9.879835],[114.317599,9.878724],[114.318025,9.878388]]],[[[114.32917,9.891268],[114.327057,9.89167],[114.324648,9.891411],[114.322543,9.890857],[114.321647,9.889893],[114.321298,9.888277],[114.322038,9.886251],[114.324347,9.883938],[114.324664,9.883852],[114.325702,9.886523],[114.326867,9.887758],[114.327649,9.888033],[114.329189,9.887627],[114.329916,9.887155],[114.330255,9.886171],[114.330353,9.885246],[114.330061,9.884138],[114.329318,9.882877],[114.327958,9.882825],[114.328671,9.882497],[114.332856,9.882631],[114.333996,9.883238],[114.334588,9.884498],[114.334684,9.885786],[114.333837,9.888018],[114.332075,9.889797],[114.32917,9.891268]]],[[[114.358275,9.900205],[114.362463,9.900832],[114.363765,9.900248],[114.366566,9.899577],[114.36906,9.899696],[114.371961,9.898926],[114.375553,9.899152],[114.378152,9.898677],[114.380554,9.897904],[114.386484,9.892799],[114.389495,9.890743],[114.394009,9.887905],[114.395619,9.886333],[114.395624,9.88564],[114.395233,9.884646],[114.394243,9.883549],[114.393852,9.882556],[114.393761,9.881465],[114.395268,9.880189],[114.396268,9.879999],[114.397462,9.880405],[114.399044,9.882398],[114.399633,9.883591],[114.400408,9.886667],[114.400791,9.88875],[114.399658,9.8931],[114.398746,9.894876],[114.399743,9.894816],[114.400318,9.895251],[114.400455,9.896256],[114.399717,9.898043],[114.39862,9.899613],[114.395636,9.901956],[114.392392,9.903146],[114.389386,9.90451],[114.385187,9.905269],[114.380692,9.90563],[114.378594,9.905911],[114.377097,9.905899],[114.37499,9.90717],[114.372294,9.907248],[114.369612,9.905643],[114.367116,9.905623],[114.366212,9.906309],[114.363811,9.906984],[114.361516,9.906867],[114.357535,9.905449],[114.354654,9.903643],[114.353861,9.902944],[114.353868,9.902151],[114.354574,9.901265],[114.358275,9.900205]]],[[[114.350131,9.897129],[114.349923,9.899595],[114.349631,9.90085],[114.349323,9.901289],[114.349016,9.90145],[114.346925,9.901643],[114.345072,9.901558],[114.341766,9.900997],[114.340479,9.900545],[114.339895,9.900144],[114.33892,9.898833],[114.338259,9.896337],[114.338225,9.894801],[114.338686,9.892896],[114.339333,9.891271],[114.33995,9.890392],[114.340587,9.890048],[114.341879,9.889918],[114.346285,9.890768],[114.347503,9.891127],[114.348459,9.891902],[114.34906,9.893024],[114.350002,9.895592],[114.350131,9.897129]]],[[[114.411064,9.985409],[114.414958,9.99383],[114.415678,10.000002],[114.414074,10.004295],[114.412088,10.007866],[114.40911,10.010821],[114.405139,10.012052],[114.395459,10.012791],[114.379575,10.012791],[114.364807,10.011929],[114.356741,10.008605],[114.352522,10.004788],[114.350759,10.000002],[114.353055,9.990858],[114.35615,9.984617],[114.360244,9.980059],[114.365236,9.9757],[114.370927,9.972728],[114.376818,9.971935],[114.387201,9.972134],[114.393791,9.973421],[114.401678,9.977186],[114.40717,9.981149],[114.411064,9.985409]]],[[[114.021536,10.01454],[114.02251,10.015721],[114.022619,10.017439],[114.021319,10.019264],[114.017963,10.020016],[114.015745,10.01992],[114.012983,10.019479],[114.011251,10.017976],[114.010602,10.015721],[114.010818,10.014003],[114.012659,10.012822],[114.016123,10.013036],[114.019587,10.013466],[114.021536,10.01454]]],[[[114.242376,10.17687],[114.241681,10.175316],[114.243709,10.169942],[114.246049,10.165095],[114.246201,10.163967],[114.247158,10.162574],[114.247238,10.161978],[114.248971,10.158845],[114.250089,10.157187],[114.255293,10.156745],[114.275917,10.153613],[114.280021,10.153169],[114.283037,10.152955],[114.285207,10.153093],[114.286519,10.154458],[114.286748,10.156212],[114.286245,10.158717],[114.283091,10.160842],[114.277766,10.163068],[114.262225,10.166231],[114.257223,10.168303],[114.254938,10.168988],[114.254768,10.16893],[114.254663,10.169197],[114.254086,10.169816],[114.252447,10.170964],[114.251959,10.171216],[114.250505,10.171209],[114.247413,10.176798],[114.24578,10.17816],[114.243698,10.177971],[114.242376,10.17687]]],[[[114.309871,10.174963],[114.308884,10.173681],[114.308042,10.172121],[114.307632,10.169859],[114.307217,10.168447],[114.307371,10.16704],[114.308515,10.16648],[114.309653,10.166634],[114.310352,10.168193],[114.310622,10.170029],[114.312169,10.172579],[114.31216,10.173573],[114.311297,10.174694],[114.309871,10.174963]]],[[[114.318254,10.177434],[114.317129,10.175727],[114.316858,10.174027],[114.317296,10.172621],[114.318586,10.171647],[114.320299,10.171237],[114.321861,10.171819],[114.324262,10.174376],[114.324955,10.176775],[114.324798,10.178472],[114.323648,10.179736],[114.322363,10.18015],[114.320943,10.179714],[114.318254,10.177434]]],[[[114.35272,10.185049],[114.348455,10.186007],[114.346466,10.18599],[114.344483,10.185336],[114.343147,10.184223],[114.342221,10.18294],[114.342109,10.182359],[114.342525,10.181608],[114.343961,10.180857],[114.346296,10.180709],[114.352568,10.179574],[114.353713,10.179669],[114.355473,10.17958],[114.360602,10.178108],[114.363083,10.177238],[114.364543,10.176516],[114.366294,10.176081],[114.367608,10.175942],[114.368896,10.176298],[114.371232,10.17789],[114.373223,10.181066],[114.373418,10.181657],[114.373413,10.18223],[114.372876,10.182623],[114.371989,10.183027],[114.366589,10.184762],[114.363085,10.184762],[114.361917,10.184327],[114.361187,10.184327],[114.360311,10.185484],[114.35929,10.186206],[114.35783,10.186206],[114.356369,10.185336],[114.354472,10.184476],[114.35345,10.184476],[114.35272,10.185049]]],[[[114.375239,10.194696],[114.375964,10.193013],[114.377253,10.192174],[114.378538,10.19176],[114.379963,10.191771],[114.381096,10.192629],[114.382215,10.195176],[114.382198,10.197434],[114.381902,10.198841],[114.3809,10.199402],[114.378758,10.199944],[114.377193,10.199796],[114.375344,10.199357],[114.374498,10.198221],[114.375239,10.194696]]],[[[114.386413,10.204811],[114.384431,10.203241],[114.384154,10.202246],[114.384452,10.200695],[114.385451,10.200287],[114.388445,10.200022],[114.389725,10.200321],[114.390571,10.201457],[114.390559,10.203011],[114.390122,10.204272],[114.389685,10.205397],[114.388969,10.205816],[114.38769,10.205526],[114.386413,10.204811]]],[[[114.41332,10.207148],[114.412174,10.208123],[114.410318,10.208533],[114.40875,10.208656],[114.407322,10.209069],[114.405325,10.209333],[114.402194,10.208884],[114.399209,10.208156],[114.39836,10.207309],[114.397377,10.205603],[114.397105,10.203903],[114.397544,10.202362],[114.398121,10.201518],[114.399976,10.201108],[114.402396,10.201272],[114.405953,10.202004],[114.408936,10.203013],[114.410636,10.2043],[114.41248,10.205299],[114.413185,10.206298],[114.41332,10.207148]]],[[[114.41449,10.221545],[114.413784,10.2207],[114.413933,10.219852],[114.4148,10.218305],[114.415381,10.216901],[114.415675,10.215774],[114.416109,10.214929],[114.418242,10.21537],[114.419379,10.215804],[114.420225,10.216939],[114.419924,10.219051],[114.417623,10.221859],[114.416197,10.221984],[114.41449,10.221545]]],[[[114.224315,10.192214],[114.230037,10.185931],[114.232708,10.183922],[114.234278,10.183697],[114.237404,10.184798],[114.239066,10.187799],[114.238676,10.191141],[114.236826,10.195905],[114.232435,10.201602],[114.230114,10.204928],[114.228066,10.211113],[114.228049,10.213156],[114.23157,10.219438],[114.235143,10.224695],[114.237811,10.230094],[114.240765,10.237139],[114.244942,10.242401],[114.251092,10.246038],[114.259948,10.250742],[114.266847,10.255131],[114.27162,10.261146],[114.273688,10.266241],[114.271836,10.271154],[114.269716,10.272181],[114.265787,10.269424],[114.264504,10.269413],[114.262381,10.267706],[114.261537,10.266426],[114.260696,10.26473],[114.259282,10.263444],[114.258146,10.26301],[114.255028,10.261006],[114.254044,10.259445],[114.25377,10.258178],[114.244193,10.250688],[114.239017,10.249329],[114.236393,10.245962],[114.233577,10.236858],[114.232546,10.230517],[114.227911,10.222592],[114.222128,10.215472],[114.217456,10.211632],[114.216778,10.21055],[114.216463,10.209329],[114.216986,10.207433],[114.218126,10.205399],[114.218538,10.203753],[114.219897,10.201506],[114.220792,10.200617],[114.224315,10.192214]]],[[[114.36418,10.25064],[114.364403,10.249441],[114.36505,10.248741],[114.36562,10.248674],[114.366757,10.249035],[114.367313,10.250801],[114.367087,10.252353],[114.366299,10.252771],[114.365161,10.252617],[114.364598,10.251772],[114.36418,10.25064]]],[[[114.387178,10.273162],[114.385018,10.271979],[114.383843,10.27188],[114.383306,10.271333],[114.383221,10.270529],[114.383592,10.269367],[114.384775,10.268392],[114.386133,10.268222],[114.387484,10.268865],[114.388734,10.270754],[114.388813,10.272191],[114.388083,10.273079],[114.387178,10.273162]]],[[[114.370383,10.270786],[114.371017,10.27043],[114.372643,10.270714],[114.373989,10.27198],[114.37479,10.273504],[114.374602,10.274487],[114.3736,10.275373],[114.372424,10.275454],[114.37099,10.274015],[114.370374,10.27177],[114.370383,10.270786]]],[[[114.403683,10.278036],[114.404488,10.279118],[114.405101,10.281634],[114.404911,10.282887],[114.404177,10.284309],[114.403271,10.284392],[114.402007,10.28421],[114.40147,10.283483],[114.401478,10.282499],[114.401844,10.281878],[114.40185,10.281156],[114.401312,10.280619],[114.400143,10.279896],[114.399785,10.279441],[114.399612,10.278455],[114.399979,10.277745],[114.401336,10.277575],[114.403683,10.278036]]],[[[114.390671,10.28859],[114.390768,10.287877],[114.391407,10.287078],[114.392493,10.286997],[114.39348,10.287808],[114.394016,10.288617],[114.39383,10.289247],[114.392921,10.289953],[114.391564,10.290033],[114.390845,10.289575],[114.390671,10.28859]]],[[[114.420583,10.318699],[114.421472,10.317983],[114.422352,10.318279],[114.423371,10.319742],[114.423364,10.320618],[114.422623,10.321343],[114.420859,10.32104],[114.420429,10.319574],[114.420583,10.318699]]],[[[114.367821,10.375161],[114.371629,10.377676],[114.37346,10.379875],[114.374195,10.381208],[114.37448,10.382594],[114.373854,10.384252],[114.372979,10.385408],[114.371956,10.385803],[114.37094,10.385795],[114.36933,10.385408],[114.365014,10.384727],[114.3625,10.384143],[114.360645,10.383367],[114.354584,10.379192],[114.35282,10.377734],[114.348307,10.376959],[114.34572,10.375424],[114.344825,10.372691],[114.345973,10.360374],[114.348116,10.346627],[114.350301,10.339381],[114.351581,10.336332],[114.351892,10.333754],[114.351049,10.330688],[114.348374,10.32732],[114.342167,10.321025],[114.341461,10.32017],[114.331996,10.312714],[114.323359,10.306716],[114.312588,10.302038],[114.308257,10.300568],[114.302525,10.297591],[114.298645,10.293416],[114.294816,10.291126],[114.292699,10.288706],[114.290727,10.286007],[114.288742,10.284726],[114.284498,10.281015],[114.281374,10.279724],[114.278821,10.278285],[114.278404,10.277017],[114.279132,10.27519],[114.282413,10.274648],[114.286819,10.276094],[114.292908,10.28067],[114.297569,10.285504],[114.299683,10.288484],[114.307877,10.291305],[114.317392,10.293177],[114.325464,10.294558],[114.333402,10.29761],[114.339273,10.302438],[114.35035,10.313614],[114.35191,10.314467],[114.351902,10.31546],[114.35751,10.318892],[114.361019,10.319829],[114.364074,10.320157],[114.367428,10.321396],[114.370917,10.324755],[114.370876,10.329752],[114.367614,10.335782],[114.362663,10.342706],[114.359217,10.35252],[114.359909,10.361156],[114.362142,10.368443],[114.366475,10.374435],[114.367821,10.375161]]],[[[114.42358,10.330528],[114.424906,10.330394],[114.426522,10.330696],[114.427248,10.331876],[114.426947,10.33274],[114.425327,10.332872],[114.423269,10.332711],[114.422983,10.331688],[114.42358,10.330528]]],[[[114.389607,10.385468],[114.383815,10.385325],[114.382268,10.385599],[114.380444,10.384342],[114.378735,10.380887],[114.37819,10.376676],[114.378227,10.372279],[114.380078,10.370287],[114.382007,10.370494],[114.384194,10.374622],[114.386963,10.378277],[114.389938,10.3805],[114.391657,10.382808],[114.391351,10.384718],[114.389607,10.385468]]],[[[114.409825,10.379453],[114.414663,10.380476],[114.421185,10.384909],[114.422167,10.386895],[114.422146,10.389578],[114.421991,10.391121],[114.420131,10.391955],[114.416991,10.392499],[114.413705,10.393312],[114.410427,10.393286],[114.406154,10.392827],[114.402886,10.391536],[114.40062,10.389675],[114.400069,10.387277],[114.401522,10.383902],[114.401827,10.381357],[114.406118,10.379423],[114.409825,10.379453]]],[[[114.390712,10.670214],[114.391703,10.671207],[114.392541,10.673327],[114.392235,10.675872],[114.391514,10.676706],[114.390654,10.677267],[114.39022,10.677968],[114.389357,10.67881],[114.387361,10.678649],[114.385233,10.677222],[114.384838,10.673263],[114.385132,10.672136],[114.386424,10.671163],[114.389857,10.670207],[114.390712,10.670214]]],[[[114.317689,10.693906],[114.316677,10.691975],[114.316915,10.69096],[114.317607,10.690175],[114.318524,10.689957],[114.31932,10.690416],[114.322169,10.691344],[114.323763,10.692036],[114.323986,10.692603],[114.324315,10.694189],[114.324993,10.695099],[114.325336,10.695102],[114.326026,10.694656],[114.32649,10.693868],[114.327176,10.693761],[114.327515,10.694216],[114.327512,10.694555],[114.32716,10.695683],[114.327269,10.696249],[114.327954,10.696368],[114.329338,10.69491],[114.330372,10.694354],[114.33151,10.694816],[114.33333,10.695849],[114.336285,10.697796],[114.33719,10.698821],[114.337298,10.699613],[114.341351,10.702802],[114.347764,10.704561],[114.349338,10.704014],[114.351763,10.70417],[114.353467,10.705034],[114.355318,10.705474],[114.355593,10.70675],[114.358596,10.705926],[114.359893,10.704528],[114.363753,10.703567],[114.367467,10.703174],[114.369035,10.703332],[114.369885,10.704044],[114.369441,10.705873],[114.368716,10.707285],[114.367286,10.707697],[114.370731,10.710668],[114.374167,10.715029],[114.380455,10.721504],[114.389622,10.726809],[114.400011,10.736341],[114.403417,10.738628],[114.405119,10.739916],[114.405962,10.741612],[114.405237,10.743024],[114.404849,10.747697],[114.403774,10.749779],[114.401954,10.75066],[114.39742,10.750921],[114.393203,10.749541],[114.390068,10.745184],[114.385296,10.738124],[114.374919,10.732958],[114.359068,10.72825],[114.35644,10.728971],[114.353228,10.729405],[114.350893,10.729405],[114.348849,10.728536],[114.347389,10.727668],[114.344176,10.725506],[114.341986,10.722614],[114.34111,10.720886],[114.335793,10.716644],[114.33249,10.713476],[114.331351,10.713014],[114.328858,10.710506],[114.325124,10.706178],[114.321626,10.701061],[114.318585,10.695948],[114.317689,10.693906]]],[[[114.115285,10.933634],[114.114929,10.936901],[114.11279,10.941919],[114.108393,10.947636],[114.100311,10.954986],[114.095677,10.956503],[114.091993,10.95697],[114.084625,10.955686],[114.079514,10.953003],[114.068343,10.944835],[114.063709,10.938768],[114.059668,10.929084],[114.05741,10.927217],[114.049448,10.921266],[114.046952,10.916481],[114.04612,10.91158],[114.04719,10.907029],[114.051231,10.902362],[114.057054,10.898977],[114.064303,10.896877],[114.07488,10.895593],[114.084981,10.896527],[114.093062,10.899678],[114.11065,10.913097],[114.113027,10.917298],[114.114691,10.922782],[114.115285,10.933634]]],[[[114.188196,11.029375],[114.188159,11.030424],[114.187826,11.030711],[114.186853,11.031281],[114.185922,11.031425],[114.18473,11.031305],[114.181558,11.030302],[114.180974,11.030247],[114.179826,11.030965],[114.179189,11.031917],[114.179016,11.032545],[114.179016,11.03367],[114.179248,11.034423],[114.179508,11.0348],[114.181567,11.035923],[114.185896,11.037635],[114.187166,11.03928],[114.187385,11.040756],[114.187059,11.042401],[114.186306,11.043313],[114.185302,11.043758],[114.184696,11.043798],[114.178241,11.041555],[114.172728,11.039347],[114.170131,11.03768],[114.168308,11.035697],[114.167655,11.034373],[114.167473,11.033369],[114.16766,11.032192],[114.167837,11.031637],[114.16836,11.031179],[114.170587,11.029794],[114.177877,11.026955],[114.180428,11.026144],[114.182934,11.02646],[114.186878,11.028011],[114.187313,11.028286],[114.187975,11.029029],[114.188196,11.029375]]],[[[114.269113,11.061004],[114.268597,11.061671],[114.268098,11.06198],[114.265548,11.062163],[114.262111,11.060339],[114.261671,11.060266],[114.260573,11.060383],[114.260163,11.060298],[114.25901,11.059743],[114.257982,11.059053],[114.257411,11.058467],[114.256914,11.057709],[114.256642,11.05705],[114.256555,11.056409],[114.256897,11.055262],[114.258167,11.052857],[114.258296,11.051889],[114.258022,11.051377],[114.257582,11.050977],[114.256122,11.050355],[114.255487,11.050204],[114.253094,11.05047],[114.251242,11.051238],[114.249091,11.052774],[114.245888,11.054182],[114.24332,11.054806],[114.242518,11.054786],[114.241829,11.054546],[114.24067,11.053809],[114.23802,11.051719],[114.236889,11.051222],[114.235685,11.050975],[114.234422,11.051047],[114.233,11.051457],[114.231683,11.052105],[114.230209,11.053324],[114.229641,11.053553],[114.229113,11.053579],[114.228293,11.053088],[114.227672,11.052159],[114.227498,11.051336],[114.227488,11.049228],[114.227028,11.048088],[114.226512,11.047375],[114.225864,11.046758],[114.224317,11.045737],[114.223355,11.045468],[114.222357,11.045438],[114.21745,11.046229],[114.214945,11.046363],[114.213808,11.046225],[114.211961,11.045644],[114.209269,11.045091],[114.207216,11.044153],[114.205503,11.043832],[114.203113,11.043802],[114.198291,11.044364],[114.196843,11.044357],[114.195688,11.044188],[114.194531,11.043754],[114.193071,11.042949],[114.19143,11.041775],[114.190643,11.040987],[114.190304,11.040388],[114.190106,11.039626],[114.189917,11.037366],[114.189998,11.036493],[114.190531,11.03554],[114.191436,11.034579],[114.192474,11.033824],[114.194573,11.032614],[114.196288,11.031757],[114.198214,11.030978],[114.199584,11.030598],[114.200876,11.030431],[114.20419,11.030273],[114.205316,11.030412],[114.217367,11.036466],[114.218614,11.036839],[114.220448,11.037048],[114.229439,11.036658],[114.243596,11.036961],[114.244212,11.036691],[114.245569,11.035434],[114.247682,11.034465],[114.249484,11.033268],[114.250158,11.032953],[114.254361,11.032191],[114.257897,11.032143],[114.258464,11.032621],[114.259969,11.035315],[114.260746,11.036211],[114.263274,11.03855],[114.266538,11.041068],[114.267536,11.042028],[114.267933,11.042723],[114.269433,11.047357],[114.269706,11.047717],[114.271565,11.049336],[114.271362,11.05022],[114.269302,11.051486],[114.268851,11.052046],[114.268637,11.052656],[114.268501,11.054103],[114.268528,11.055276],[114.269259,11.057602],[114.26949,11.059216],[114.269425,11.060174],[114.269113,11.061004]]],[[[114.190736,11.049278],[114.18885,11.049099],[114.187792,11.048331],[114.187454,11.04794],[114.186816,11.046572],[114.187475,11.045194],[114.187706,11.044997],[114.189107,11.044398],[114.190552,11.04442],[114.191333,11.044693],[114.192848,11.04568],[114.193331,11.046942],[114.193243,11.047601],[114.192953,11.048247],[114.192628,11.048627],[114.191507,11.049134],[114.190736,11.049278]]],[[[114.343339,11.056685],[114.342337,11.056905],[114.340828,11.056793],[114.339793,11.056331],[114.338985,11.055696],[114.338689,11.055111],[114.338525,11.054141],[114.338949,11.052435],[114.339212,11.052151],[114.340289,11.051474],[114.342947,11.051157],[114.344874,11.051557],[114.345219,11.051801],[114.345547,11.052162],[114.34571,11.052655],[114.345434,11.054636],[114.34438,11.056118],[114.343339,11.056685]]],[[[114.278117,11.055997],[114.278162,11.054194],[114.277525,11.051716],[114.277388,11.049689],[114.27757,11.047886],[114.278527,11.046895],[114.279894,11.046579],[114.282035,11.046579],[114.287776,11.047751],[114.292925,11.049643],[114.294201,11.05113],[114.294474,11.053654],[114.294338,11.056267],[114.293153,11.058655],[114.291558,11.060367],[114.289371,11.06208],[114.287731,11.062485],[114.283679,11.062542],[114.280577,11.061449],[114.279256,11.05888],[114.278117,11.055997]]],[[[114.202651,11.050155],[114.202943,11.049907],[114.204117,11.049482],[114.205307,11.049714],[114.205616,11.049939],[114.206206,11.050781],[114.206275,11.051164],[114.206098,11.052423],[114.205249,11.054044],[114.205252,11.054395],[114.205397,11.054487],[114.206673,11.054352],[114.20805,11.054586],[114.208404,11.05484],[114.209198,11.056103],[114.209277,11.056513],[114.209074,11.057682],[114.208901,11.058045],[114.208204,11.058922],[114.207013,11.059759],[114.20637,11.059828],[114.205169,11.059444],[114.203481,11.05865],[114.202226,11.056823],[114.201585,11.054428],[114.20155,11.053825],[114.201692,11.051927],[114.202651,11.050155]]],[[[114.311533,11.060452],[114.310658,11.059629],[114.310529,11.059116],[114.310479,11.058225],[114.310509,11.057811],[114.311141,11.055934],[114.312199,11.054375],[114.31251,11.054131],[114.313451,11.053931],[114.319625,11.054645],[114.329968,11.055276],[114.334607,11.054856],[114.335658,11.05517],[114.33597,11.05543],[114.337439,11.058337],[114.337492,11.058669],[114.337448,11.06011],[114.337118,11.060606],[114.336583,11.061089],[114.336292,11.061204],[114.335482,11.061314],[114.333705,11.061223],[114.332839,11.061359],[114.331107,11.061944],[114.328829,11.06208],[114.324683,11.06208],[114.323498,11.061674],[114.319808,11.061088],[114.314659,11.060683],[114.312221,11.060697],[114.311533,11.060452]]],[[[114.221581,11.059917],[114.221656,11.0602],[114.222113,11.060234],[114.223235,11.058886],[114.223819,11.058554],[114.224445,11.058501],[114.225719,11.058723],[114.226721,11.058678],[114.228095,11.05794],[114.228625,11.057831],[114.229765,11.057909],[114.230025,11.058018],[114.230867,11.058813],[114.2318,11.060296],[114.232151,11.061944],[114.232114,11.062776],[114.231831,11.063513],[114.231553,11.063884],[114.230831,11.064343],[114.230042,11.064665],[114.22872,11.064982],[114.227676,11.06503],[114.223903,11.064815],[114.219706,11.064928],[114.21901,11.064867],[114.216925,11.06422],[114.215072,11.063155],[114.214612,11.062802],[114.214233,11.062165],[114.214448,11.060808],[114.214716,11.060295],[114.216834,11.057596],[114.219703,11.054715],[114.220744,11.054309],[114.221148,11.054375],[114.221878,11.054787],[114.222527,11.056272],[114.22243,11.058063],[114.221581,11.059917]]],[[[114.320121,11.066472],[114.320115,11.067176],[114.319899,11.067342],[114.319498,11.06737],[114.318308,11.066936],[114.317653,11.066376],[114.314841,11.063476],[114.314072,11.062251],[114.314192,11.061335],[114.314681,11.061123],[114.315815,11.061368],[114.318184,11.062623],[114.319699,11.064588],[114.320121,11.066472]]],[[[114.260148,11.07777],[114.258502,11.078852],[114.257332,11.07937],[114.256328,11.079434],[114.25414,11.079087],[114.253842,11.078877],[114.253185,11.077887],[114.252738,11.075675],[114.254219,11.07162],[114.255221,11.070809],[114.256998,11.070967],[114.25898,11.072071],[114.260266,11.073033],[114.260451,11.073275],[114.260939,11.075247],[114.260923,11.076355],[114.260764,11.076974],[114.260148,11.07777]]],[[[114.365781,11.096546],[114.364642,11.09524],[114.364506,11.094023],[114.364745,11.092719],[114.365316,11.091833],[114.365377,11.091276],[114.365161,11.090328],[114.365304,11.089744],[114.365645,11.089383],[114.367467,11.088212],[114.369216,11.087416],[114.369867,11.086916],[114.370041,11.086361],[114.369108,11.084337],[114.369062,11.08267],[114.369609,11.081544],[114.370793,11.081048],[114.372388,11.080913],[114.373573,11.081183],[114.374849,11.082445],[114.376079,11.084292],[114.377992,11.086004],[114.379177,11.088076],[114.38305,11.09096],[114.383961,11.092537],[114.384326,11.094158],[114.384189,11.096141],[114.383506,11.097988],[114.382412,11.099204],[114.380681,11.099745],[114.377992,11.099925],[114.37412,11.099565],[114.370378,11.098508],[114.365781,11.096546]]],[[[114.325902,11.421533],[114.327421,11.423624],[114.328691,11.424898],[114.329084,11.425156],[114.329386,11.425086],[114.332467,11.425478],[114.334292,11.427658],[114.335319,11.431069],[114.335337,11.434708],[114.336692,11.436883],[114.341577,11.442932],[114.342899,11.444241],[114.34403,11.445036],[114.34886,11.447294],[114.359415,11.449284],[114.366438,11.449058],[114.36938,11.449083],[114.371109,11.448842],[114.371619,11.448646],[114.372394,11.447994],[114.373531,11.447689],[114.373972,11.447378],[114.374417,11.446754],[114.375327,11.444531],[114.37599,11.443796],[114.377506,11.442917],[114.381691,11.44104],[114.382751,11.440281],[114.385375,11.437986],[114.385968,11.437664],[114.386533,11.437716],[114.386793,11.43796],[114.386875,11.43828],[114.386752,11.439571],[114.386489,11.440248],[114.385798,11.440998],[114.384743,11.441515],[114.382011,11.442161],[114.381169,11.442971],[114.380898,11.443987],[114.380094,11.444561],[114.379359,11.444733],[114.377669,11.444667],[114.37681,11.444938],[114.376255,11.445376],[114.375954,11.445855],[114.375753,11.446486],[114.375591,11.447461],[114.375577,11.449035],[114.374994,11.45038],[114.374714,11.452341],[114.374769,11.452759],[114.374977,11.453149],[114.375906,11.453979],[114.376644,11.454488],[114.37787,11.454662],[114.378946,11.455212],[114.379506,11.455731],[114.379974,11.456706],[114.380505,11.457356],[114.381036,11.457779],[114.38159,11.457989],[114.383385,11.458157],[114.383966,11.458042],[114.38476,11.457429],[114.386931,11.45527],[114.388671,11.452815],[114.389839,11.449604],[114.390506,11.448444],[114.391009,11.447925],[114.3916,11.447586],[114.39245,11.447237],[114.393678,11.446977],[114.393852,11.4468],[114.393909,11.446511],[114.393561,11.445872],[114.392941,11.445433],[114.391996,11.445243],[114.390897,11.445306],[114.390208,11.445005],[114.390096,11.444289],[114.390201,11.444065],[114.391125,11.443611],[114.392227,11.443361],[114.392505,11.443113],[114.392619,11.442743],[114.392615,11.440385],[114.39247,11.439274],[114.392102,11.438824],[114.390496,11.437729],[114.390022,11.43693],[114.389806,11.436154],[114.38984,11.435329],[114.390236,11.433766],[114.391527,11.43112],[114.391638,11.430468],[114.39143,11.429957],[114.390421,11.428919],[114.390132,11.428358],[114.387847,11.413638],[114.386448,11.407405],[114.385739,11.405661],[114.384088,11.403053],[114.383167,11.40194],[114.382311,11.40117],[114.377996,11.398173],[114.377015,11.397707],[114.374761,11.397954],[114.373879,11.398183],[114.371921,11.399169],[114.369466,11.400748],[114.367681,11.400838],[114.366923,11.400594],[114.36655,11.4002],[114.366325,11.399711],[114.366215,11.398412],[114.366406,11.397661],[114.367289,11.395762],[114.367469,11.395052],[114.367391,11.394632],[114.366665,11.394093],[114.36456,11.393083],[114.363616,11.393107],[114.361157,11.393722],[114.360329,11.393497],[114.359591,11.392924],[114.359211,11.392393],[114.359155,11.391813],[114.359366,11.391053],[114.36024,11.389508],[114.360479,11.388849],[114.360468,11.385689],[114.359887,11.384995],[114.357988,11.383506],[114.356324,11.382434],[114.354488,11.381444],[114.353365,11.381072],[114.351706,11.381004],[114.351042,11.381455],[114.349744,11.382958],[114.34928,11.383341],[114.348893,11.383455],[114.347106,11.383552],[114.346237,11.383252],[114.344416,11.381604],[114.343644,11.381143],[114.342173,11.380838],[114.340019,11.380774],[114.339254,11.381002],[114.337744,11.381915],[114.337363,11.382343],[114.337102,11.383203],[114.336766,11.383488],[114.336321,11.383573],[114.335763,11.383469],[114.335395,11.382898],[114.334655,11.382402],[114.333942,11.383167],[114.333549,11.383423],[114.332957,11.382898],[114.332414,11.381319],[114.330852,11.379238],[114.330776,11.378931],[114.331069,11.378498],[114.33171,11.378413],[114.333176,11.378992],[114.334915,11.379984],[114.335633,11.379956],[114.336065,11.379751],[114.336399,11.379395],[114.336477,11.379035],[114.336338,11.378591],[114.336103,11.378385],[114.334379,11.378136],[114.334233,11.377284],[114.335775,11.37692],[114.337601,11.376949],[114.338409,11.377087],[114.339292,11.377442],[114.343535,11.379935],[114.344722,11.380471],[114.347496,11.380424],[114.353162,11.379634],[114.356735,11.379723],[114.35844,11.379974],[114.359734,11.380819],[114.360889,11.38128],[114.362158,11.382522],[114.363366,11.384096],[114.364619,11.385916],[114.366134,11.388603],[114.366998,11.389858],[114.367863,11.390757],[114.371136,11.393652],[114.371554,11.393912],[114.372102,11.394019],[114.376011,11.393808],[114.376906,11.393889],[114.377556,11.394101],[114.378991,11.395013],[114.382045,11.396471],[114.383323,11.397308],[114.384741,11.398783],[114.385902,11.400825],[114.387394,11.40476],[114.388736,11.409178],[114.389082,11.40974],[114.389982,11.410753],[114.390246,11.411274],[114.390791,11.418691],[114.391026,11.420241],[114.391396,11.421423],[114.392427,11.422913],[114.393439,11.425259],[114.394119,11.428731],[114.395244,11.432183],[114.39551,11.434758],[114.396072,11.436825],[114.397394,11.439667],[114.400698,11.444539],[114.401129,11.445542],[114.401419,11.456564],[114.401518,11.467497],[114.401195,11.469673],[114.400823,11.470914],[114.400367,11.471834],[114.399694,11.472592],[114.398712,11.473272],[114.396272,11.474551],[114.395087,11.474995],[114.394241,11.475131],[114.393276,11.475112],[114.390768,11.47485],[114.389133,11.474553],[114.386531,11.473812],[114.373345,11.468473],[114.367928,11.466712],[114.365639,11.465706],[114.357266,11.464771],[114.353663,11.463931],[114.352594,11.463455],[114.351744,11.462924],[114.349188,11.460816],[114.346895,11.458498],[114.335047,11.44405],[114.333985,11.442892],[114.332748,11.441754],[114.331578,11.44087],[114.328493,11.439712],[114.327332,11.439073],[114.325237,11.43728],[114.32404,11.436022],[114.323399,11.435163],[114.322727,11.433681],[114.322483,11.431989],[114.322567,11.430887],[114.323116,11.428003],[114.323346,11.426077],[114.323378,11.42512],[114.323248,11.42438],[114.321284,11.419579],[114.318318,11.41291],[114.316777,11.409939],[114.315005,11.407144],[114.314279,11.40644],[114.313277,11.405732],[114.311251,11.404524],[114.309165,11.403457],[114.305107,11.401833],[114.301056,11.400729],[114.2992,11.399927],[114.297969,11.39916],[114.296821,11.398253],[114.295238,11.396681],[114.294583,11.395825],[114.293892,11.39442],[114.293076,11.388346],[114.291815,11.381308],[114.29184,11.380086],[114.292102,11.378648],[114.292452,11.377987],[114.293177,11.377186],[114.293944,11.376876],[114.299511,11.376853],[114.302383,11.377362],[114.306167,11.378477],[114.308588,11.378643],[114.310918,11.378453],[114.312713,11.378172],[114.313766,11.377879],[114.316327,11.376711],[114.320508,11.376219],[114.322983,11.376393],[114.324805,11.377256],[114.326365,11.378158],[114.328228,11.37879],[114.328856,11.379128],[114.328942,11.379406],[114.328803,11.379881],[114.328309,11.380098],[114.325493,11.379414],[114.324017,11.378895],[114.321541,11.378934],[114.321168,11.379216],[114.320524,11.380555],[114.319367,11.381455],[114.318649,11.381826],[114.317246,11.382],[114.313216,11.382031],[114.31156,11.382323],[114.310838,11.382594],[114.3103,11.382987],[114.309725,11.383666],[114.308883,11.385408],[114.308164,11.387653],[114.307794,11.390338],[114.307698,11.392681],[114.307889,11.394557],[114.30834,11.395935],[114.309061,11.396978],[114.312427,11.399459],[114.316837,11.403083],[114.318157,11.404258],[114.320056,11.406427],[114.321166,11.407317],[114.322774,11.408354],[114.325763,11.408843],[114.32622,11.40906],[114.326544,11.409455],[114.326911,11.410729],[114.327049,11.413138],[114.326926,11.413747],[114.326368,11.414795],[114.326023,11.415746],[114.325418,11.417995],[114.325393,11.420116],[114.325902,11.421533]]],[[[114.462112,7.866444],[114.463959,7.868485],[114.466384,7.869684],[114.467637,7.869952],[114.469415,7.869756],[114.470103,7.869806],[114.470829,7.87004],[114.472257,7.870903],[114.474657,7.872863],[114.479633,7.878859],[114.482361,7.881015],[114.486388,7.883319],[114.488806,7.88555],[114.489604,7.886456],[114.491032,7.888514],[114.49195,7.891258],[114.492019,7.892254],[114.491796,7.893041],[114.491436,7.893764],[114.49072,7.894571],[114.488654,7.896358],[114.482971,7.899828],[114.476355,7.901924],[114.471935,7.903559],[114.471483,7.903646],[114.471153,7.903531],[114.470846,7.903046],[114.470663,7.902226],[114.470701,7.899287],[114.47083,7.898461],[114.472295,7.895168],[114.474472,7.893101],[114.474626,7.892677],[114.474769,7.89143],[114.474432,7.889958],[114.473532,7.888529],[114.472851,7.887026],[114.471176,7.882584],[114.468977,7.879387],[114.467668,7.876952],[114.466612,7.876295],[114.464067,7.875432],[114.461674,7.875295],[114.46111,7.875164],[114.459942,7.874655],[114.458486,7.873682],[114.454656,7.869981],[114.454265,7.869233],[114.453842,7.867634],[114.453157,7.866592],[114.450801,7.864663],[114.445342,7.860769],[114.444986,7.860104],[114.44501,7.859272],[114.446005,7.858165],[114.448105,7.857408],[114.448866,7.857245],[114.44951,7.857251],[114.450657,7.857635],[114.451748,7.858201],[114.452535,7.85878],[114.456049,7.861873],[114.45922,7.86501],[114.460547,7.865792],[114.462112,7.866444]]],[[[114.430886,9.810563],[114.431306,9.810312],[114.431803,9.810237],[114.43286,9.810526],[114.435586,9.812948],[114.436669,9.814247],[114.437351,9.815509],[114.437408,9.81609],[114.43722,9.816643],[114.436734,9.817076],[114.435761,9.817528],[114.43215,9.818837],[114.431514,9.818865],[114.430962,9.818735],[114.430551,9.818477],[114.430569,9.818182],[114.430785,9.817851],[114.431196,9.817519],[114.431561,9.816993],[114.43172,9.816339],[114.431637,9.814994],[114.430656,9.812145],[114.430542,9.811467],[114.430656,9.810915],[114.430886,9.810563]]],[[[114.452537,9.841115],[114.450858,9.838409],[114.449755,9.834882],[114.449055,9.830517],[114.449268,9.828879],[114.449482,9.828337],[114.450919,9.826268],[114.451301,9.825903],[114.451839,9.825638],[114.453153,9.825616],[114.455017,9.82576],[114.457779,9.826313],[114.463718,9.826368],[114.464403,9.826501],[114.466109,9.827297],[114.467681,9.828326],[114.469137,9.829627],[114.469389,9.829987],[114.469604,9.83046],[114.469566,9.831343],[114.468732,9.833647],[114.465877,9.836674],[114.461188,9.840861],[114.459392,9.841948],[114.457807,9.84248],[114.455647,9.842758],[114.455096,9.842758],[114.453969,9.842388],[114.453182,9.841798],[114.452537,9.841115]]],[[[114.493826,9.851363],[114.493753,9.852148],[114.493004,9.853492],[114.491484,9.854507],[114.489891,9.856029],[114.48923,9.856506],[114.488489,9.856803],[114.487757,9.856849],[114.487166,9.85669],[114.486592,9.856179],[114.48606,9.85503],[114.486217,9.854024],[114.486732,9.852522],[114.488209,9.849932],[114.489266,9.848958],[114.490229,9.848558],[114.490708,9.848506],[114.491536,9.848542],[114.491911,9.848711],[114.49278,9.849388],[114.493222,9.849994],[114.493826,9.851363]]],[[[114.545565,9.858252],[114.552938,9.858965],[114.554016,9.862529],[114.548082,9.86449],[114.545565,9.858252]]],[[[114.515249,9.871182],[114.514432,9.872639],[114.513122,9.873845],[114.512627,9.874137],[114.511462,9.874532],[114.510007,9.875376],[114.508927,9.8756],[114.508174,9.875516],[114.506972,9.875064],[114.504365,9.873542],[114.503949,9.87308],[114.503524,9.87226],[114.503311,9.871415],[114.503347,9.870272],[114.503639,9.868877],[114.504453,9.866191],[114.504843,9.865485],[114.506002,9.8647],[114.506506,9.863514],[114.506887,9.863327],[114.507809,9.863258],[114.509566,9.863493],[114.510998,9.863889],[114.511476,9.864284],[114.512085,9.865203],[114.513967,9.866588],[114.515079,9.867562],[114.515636,9.868334],[114.515833,9.868925],[114.515642,9.870013],[114.515249,9.871182]]],[[[114.527789,9.884751],[114.528084,9.884156],[114.529016,9.883707],[114.5305,9.883688],[114.532098,9.884076],[114.533942,9.884907],[114.535105,9.885795],[114.535745,9.886661],[114.536044,9.887721],[114.536,9.88856],[114.5354,9.890479],[114.534694,9.892119],[114.533686,9.893903],[114.532489,9.895571],[114.531081,9.897186],[114.530276,9.897834],[114.529418,9.898099],[114.527944,9.898046],[114.527132,9.897672],[114.526715,9.896629],[114.52669,9.895409],[114.526505,9.894604],[114.526033,9.894004],[114.525086,9.893341],[114.524742,9.892632],[114.524969,9.891938],[114.525512,9.890994],[114.526354,9.889854],[114.527365,9.888826],[114.528014,9.88757],[114.528216,9.886815],[114.528232,9.886178],[114.527807,9.885171],[114.527789,9.884751]]],[[[114.417625,9.887191],[114.418692,9.883408],[114.419325,9.881812],[114.420387,9.88018],[114.421522,9.879061],[114.422677,9.878437],[114.424427,9.878199],[114.429249,9.878345],[114.429864,9.878529],[114.430124,9.878731],[114.430217,9.879226],[114.429957,9.879721],[114.42884,9.880455],[114.428691,9.880858],[114.428691,9.881335],[114.429745,9.882233],[114.430939,9.883536],[114.431561,9.884584],[114.431769,9.885172],[114.431769,9.886552],[114.431587,9.887523],[114.431769,9.888239],[114.432184,9.888954],[114.433351,9.889491],[114.440953,9.891638],[114.442146,9.892149],[114.444357,9.893888],[114.445011,9.894823],[114.445509,9.896496],[114.445587,9.898229],[114.445198,9.901251],[114.444809,9.902371],[114.444575,9.902724],[114.443298,9.903506],[114.441445,9.903966],[114.439794,9.903905],[114.438144,9.903659],[114.434905,9.902877],[114.433659,9.902294],[114.432024,9.901159],[114.427913,9.898919],[114.424892,9.897493],[114.418723,9.894151],[114.417216,9.894266],[114.41668,9.894184],[114.416212,9.893788],[114.415559,9.892551],[114.415308,9.891496],[114.415542,9.890325],[114.416212,9.889269],[114.417203,9.888122],[114.417625,9.887191]]],[[[114.480265,9.903604],[114.480063,9.903499],[114.479956,9.903171],[114.479659,9.900901],[114.479409,9.89993],[114.47818,9.897372],[114.476368,9.894663],[114.475406,9.892767],[114.475382,9.892124],[114.47562,9.891784],[114.475905,9.891667],[114.476225,9.891691],[114.476665,9.891925],[114.478198,9.89416],[114.478495,9.894359],[114.478756,9.894359],[114.479017,9.894113],[114.48017,9.892217],[114.480787,9.891714],[114.481714,9.891234],[114.482617,9.891035],[114.48327,9.891152],[114.484019,9.891503],[114.484601,9.892077],[114.487202,9.895763],[114.487749,9.896817],[114.487832,9.897425],[114.487606,9.898151],[114.487297,9.898642],[114.486656,9.899204],[114.484185,9.900643],[114.48175,9.902504],[114.48087,9.903417],[114.480265,9.903604]]],[[[114.572063,9.900507],[114.572777,9.900099],[114.573891,9.89981],[114.574065,9.899958],[114.574229,9.9009],[114.574084,9.902311],[114.573708,9.903034],[114.573036,9.903866],[114.572853,9.90503],[114.57259,9.905388],[114.572045,9.905635],[114.571622,9.905478],[114.571456,9.905268],[114.571538,9.904315],[114.572121,9.90383],[114.572255,9.903462],[114.572118,9.902107],[114.571535,9.900897],[114.571672,9.900522],[114.572063,9.900507]]],[[[114.560625,9.908228],[114.559667,9.906821],[114.559428,9.906199],[114.559378,9.905369],[114.560319,9.903145],[114.560531,9.901567],[114.560858,9.900423],[114.560875,9.898905],[114.561114,9.898684],[114.561977,9.898603],[114.563125,9.89881],[114.563692,9.899068],[114.564661,9.899806],[114.564983,9.900236],[114.565326,9.901155],[114.565266,9.903348],[114.564648,9.905835],[114.56353,9.907512],[114.563083,9.907992],[114.56221,9.9085],[114.561241,9.90853],[114.560625,9.908228]]],[[[114.453836,9.912765],[114.452178,9.911334],[114.452185,9.910467],[114.452669,9.909525],[114.453004,9.907242],[114.453497,9.906495],[114.453285,9.904292],[114.453965,9.902644],[114.453983,9.900386],[114.454527,9.899135],[114.455484,9.896224],[114.457229,9.895307],[114.460172,9.895004],[114.462044,9.895082],[114.463913,9.895358],[114.466647,9.896309],[114.468765,9.895585],[114.470265,9.89617],[114.472904,9.899174],[114.47416,9.901421],[114.474378,9.903144],[114.473785,9.905033],[114.468967,9.908939],[114.467213,9.909714],[114.464974,9.911431],[114.463297,9.912364],[114.458281,9.913508],[114.456134,9.913728],[114.453836,9.912765]]],[[[114.601474,9.914417],[114.599046,9.915263],[114.594893,9.916359],[114.591897,9.916258],[114.590482,9.914586],[114.589875,9.912611],[114.589517,9.910576],[114.58954,9.907498],[114.589115,9.906141],[114.588946,9.903738],[114.589077,9.902815],[114.589393,9.902079],[114.590019,9.901468],[114.592701,9.899763],[114.594131,9.899527],[114.595496,9.89966],[114.597543,9.899297],[114.598984,9.899996],[114.600816,9.902821],[114.60303,9.908748],[114.604116,9.910592],[114.604684,9.912088],[114.604851,9.91295],[114.604674,9.913522],[114.604034,9.913862],[114.602846,9.913565],[114.601474,9.914417]]],[[[114.502971,9.91434],[114.503338,9.917342],[114.503377,9.920151],[114.502727,9.921243],[114.496983,9.924019],[114.496258,9.924229],[114.493221,9.924506],[114.492692,9.924643],[114.491779,9.92441],[114.491173,9.923646],[114.490758,9.922687],[114.490115,9.920052],[114.489654,9.917299],[114.488759,9.916097],[114.48744,9.915191],[114.485938,9.914402],[114.484864,9.91296],[114.484755,9.911465],[114.485259,9.908659],[114.486429,9.907458],[114.487981,9.906639],[114.490025,9.906019],[114.495409,9.905746],[114.498352,9.907083],[114.500989,9.909195],[114.502242,9.910878],[114.502971,9.91434]]],[[[114.515806,9.919872],[114.515712,9.917002],[114.514683,9.915273],[114.51001,9.91323],[114.50741,9.912751],[114.504766,9.912655],[114.504694,9.912438],[114.5049,9.911644],[114.507831,9.910574],[114.509803,9.910072],[114.510947,9.910328],[114.514107,9.912371],[114.517641,9.915326],[114.518963,9.915933],[114.519749,9.915939],[114.519887,9.915828],[114.521468,9.913487],[114.522455,9.913035],[114.523033,9.913154],[114.523664,9.913847],[114.523659,9.914536],[114.5233,9.916083],[114.522015,9.917622],[114.515441,9.92352],[114.513829,9.924502],[114.512642,9.924898],[114.51108,9.924886],[114.509693,9.924589],[114.508771,9.924066],[114.507794,9.923198],[114.507509,9.922565],[114.507454,9.92222],[114.507805,9.921706],[114.5085,9.921596],[114.512082,9.922426],[114.513938,9.921981],[114.515157,9.921531],[114.515806,9.919872]]],[[[114.610078,9.920709],[114.609513,9.92152],[114.608909,9.921637],[114.608006,9.921429],[114.60739,9.921464],[114.604525,9.922678],[114.604122,9.922743],[114.603825,9.922659],[114.60333,9.922008],[114.603568,9.92158],[114.604159,9.921167],[114.604498,9.920726],[114.605417,9.919056],[114.606171,9.918],[114.60679,9.917378],[114.607395,9.917031],[114.607695,9.917052],[114.608187,9.917323],[114.609542,9.918759],[114.61006,9.919702],[114.610078,9.920709]]],[[[114.615939,9.927086],[114.617738,9.927534],[114.618523,9.92782],[114.620603,9.929461],[114.621583,9.930026],[114.623057,9.930435],[114.625368,9.930847],[114.62672,9.9315],[114.627431,9.932225],[114.627803,9.933009],[114.627821,9.933951],[114.627456,9.934801],[114.626892,9.935428],[114.626253,9.935871],[114.62464,9.936466],[114.62306,9.936687],[114.622406,9.936652],[114.621805,9.936437],[114.621382,9.935815],[114.621111,9.934976],[114.620817,9.932724],[114.620013,9.931256],[114.619258,9.930545],[114.618127,9.929917],[114.617107,9.929567],[114.616105,9.929543],[114.615104,9.929336],[114.614261,9.928817],[114.613166,9.927536],[114.612377,9.926161],[114.612193,9.925366],[114.612412,9.924642],[114.612699,9.924343],[114.61308,9.924211],[114.613957,9.924479],[114.614486,9.924965],[114.614903,9.925937],[114.615544,9.926764],[114.615939,9.927086]]],[[[114.527177,9.924158],[114.528128,9.925958],[114.528824,9.929832],[114.528911,9.934093],[114.528351,9.93642],[114.526758,9.939023],[114.523742,9.941772],[114.522438,9.942554],[114.519081,9.942508],[114.516072,9.941709],[114.513673,9.940137],[114.512724,9.937978],[114.512678,9.936124],[114.513235,9.934276],[114.514271,9.932729],[114.515787,9.931605],[114.518334,9.930744],[114.516921,9.932714],[114.517014,9.933605],[114.518608,9.934112],[114.521013,9.932942],[114.522527,9.930775],[114.522256,9.927012],[114.522266,9.925626],[114.523074,9.924444],[114.524951,9.923543],[114.526095,9.923731],[114.527177,9.924158]]],[[[114.536128,9.937593],[114.535785,9.938846],[114.535242,9.940044],[114.53457,9.940436],[114.533971,9.940097],[114.533447,9.938567],[114.533931,9.93652],[114.534403,9.935927],[114.535006,9.935598],[114.535675,9.935666],[114.536137,9.936464],[114.536128,9.937593]]],[[[114.547417,9.943757],[114.547922,9.942097],[114.548392,9.941307],[114.549063,9.941047],[114.549569,9.941198],[114.549697,9.941949],[114.549433,9.942995],[114.548806,9.94431],[114.548215,9.945118],[114.54755,9.94562],[114.545929,9.946192],[114.545192,9.946626],[114.544814,9.947204],[114.544533,9.948122],[114.544218,9.9486],[114.543885,9.948628],[114.543302,9.948318],[114.542968,9.947891],[114.542838,9.947206],[114.542875,9.946886],[114.543315,9.946196],[114.54423,9.94544],[114.546245,9.944658],[114.547012,9.944226],[114.547417,9.943757]]],[[[114.564094,9.949133],[114.564655,9.950185],[114.564626,9.950586],[114.563723,9.950608],[114.563248,9.951206],[114.562765,9.95136],[114.562438,9.951245],[114.562234,9.950999],[114.56249,9.94971],[114.562416,9.949164],[114.561877,9.948984],[114.560829,9.949008],[114.560507,9.948877],[114.560459,9.948723],[114.560595,9.948283],[114.56086,9.947966],[114.561298,9.947747],[114.561726,9.947712],[114.563108,9.948267],[114.564094,9.949133]]],[[[114.533014,9.952014],[114.532738,9.953214],[114.532802,9.953612],[114.531194,9.95406],[114.529193,9.953377],[114.527929,9.952573],[114.527201,9.951574],[114.526871,9.950912],[114.526676,9.950179],[114.526814,9.949656],[114.527349,9.94966],[114.528546,9.95059],[114.529547,9.950733],[114.532428,9.949896],[114.532826,9.950224],[114.533021,9.951156],[114.533014,9.952014]]],[[[114.546018,9.955336],[114.547876,9.95335],[114.548771,9.952749],[114.54965,9.952398],[114.550596,9.952339],[114.550921,9.952425],[114.551164,9.95267],[114.551373,9.953423],[114.551679,9.953967],[114.552271,9.95441],[114.553129,9.954751],[114.553231,9.954945],[114.553043,9.955232],[114.551376,9.955737],[114.550289,9.956489],[114.549424,9.956917],[114.547498,9.957156],[114.545452,9.958889],[114.544504,9.959304],[114.544012,9.959203],[114.54387,9.95903],[114.543809,9.958593],[114.544274,9.956322],[114.544727,9.955913],[114.546018,9.955336]]],[[[114.591247,9.964503],[114.590626,9.964415],[114.589937,9.963828],[114.589373,9.963805],[114.588036,9.964528],[114.587272,9.965596],[114.58676,9.966054],[114.586311,9.96619],[114.585968,9.96593],[114.586046,9.965586],[114.58663,9.965399],[114.587028,9.964837],[114.587358,9.962849],[114.587735,9.962],[114.588297,9.96159],[114.589828,9.961013],[114.591038,9.960858],[114.591478,9.961071],[114.591685,9.961405],[114.591767,9.961944],[114.591504,9.963058],[114.591543,9.963969],[114.591247,9.964503]]],[[[114.571497,9.960134],[114.575477,9.961945],[114.575469,9.963035],[114.575134,9.967885],[114.574826,9.968973],[114.573821,9.969857],[114.571319,9.97073],[114.568724,9.970513],[114.56693,9.970104],[114.56464,9.969294],[114.564042,9.969191],[114.56259,9.969775],[114.557867,9.969202],[114.54897,9.96561],[114.54753,9.964583],[114.547116,9.963504],[114.547303,9.962669],[114.548032,9.961957],[114.549664,9.96149],[114.552081,9.959893],[114.553029,9.9599],[114.556616,9.960817],[114.55881,9.961229],[114.56141,9.960555],[114.567209,9.959409],[114.569505,9.959426],[114.571497,9.960134]]],[[[114.600113,9.97832],[114.600576,9.976938],[114.601124,9.976249],[114.601996,9.975967],[114.602662,9.976157],[114.602963,9.976386],[114.603105,9.976851],[114.603006,9.97737],[114.602176,9.979184],[114.601838,9.980456],[114.600876,9.982831],[114.600779,9.983492],[114.600433,9.983783],[114.600169,9.983654],[114.60006,9.983109],[114.600543,9.981464],[114.600629,9.980739],[114.600131,9.979205],[114.600113,9.97832]]],[[[114.60055,9.985491],[114.600953,9.98567],[114.601216,9.986059],[114.601535,9.987403],[114.601885,9.988255],[114.602854,9.989021],[114.602768,9.98924],[114.60236,9.989587],[114.601584,9.989989],[114.601407,9.990336],[114.601577,9.99097],[114.602314,9.991469],[114.602585,9.991841],[114.602584,9.992238],[114.602355,9.99243],[114.601381,9.992362],[114.59951,9.991247],[114.598376,9.991027],[114.597956,9.990802],[114.59738,9.99019],[114.5969,9.988897],[114.596506,9.98824],[114.595973,9.987839],[114.595259,9.987713],[114.594765,9.987458],[114.594057,9.986518],[114.593246,9.985885],[114.591096,9.98497],[114.588182,9.984089],[114.586592,9.983013],[114.58487,9.982236],[114.583276,9.981093],[114.581669,9.980375],[114.581065,9.979922],[114.580849,9.979591],[114.580734,9.978926],[114.580859,9.978274],[114.581657,9.977332],[114.582209,9.975809],[114.582894,9.974745],[114.584441,9.973787],[114.587045,9.971632],[114.587927,9.971409],[114.58887,9.971823],[114.590983,9.972425],[114.59229,9.972528],[114.592542,9.972843],[114.592659,9.974547],[114.592829,9.975357],[114.593147,9.975915],[114.594229,9.976866],[114.594519,9.978496],[114.594402,9.97931],[114.594094,9.979939],[114.593039,9.980693],[114.59222,9.981895],[114.592146,9.982201],[114.592307,9.982599],[114.592834,9.983121],[114.593835,9.98365],[114.59494,9.984422],[114.596144,9.984927],[114.596413,9.985507],[114.596457,9.986424],[114.59661,9.986929],[114.59701,9.987588],[114.597359,9.987839],[114.597867,9.987882],[114.598294,9.9877],[114.599668,9.985964],[114.60014,9.985596],[114.60055,9.985491]]],[[[114.428428,10.224628],[114.428839,10.226889],[114.428253,10.228862],[114.426396,10.229552],[114.424978,10.228692],[114.423562,10.227552],[114.423009,10.225289],[114.423452,10.223315],[114.424748,10.221636],[114.426032,10.221357],[114.427168,10.221791],[114.4283,10.222928],[114.428428,10.224628]]],[[[114.453719,10.233723],[114.454277,10.235417],[114.453836,10.237111],[114.453116,10.23809],[114.45169,10.238359],[114.448279,10.237068],[114.444732,10.235206],[114.440902,10.233054],[114.438212,10.230774],[114.43553,10.227646],[114.43483,10.225952],[114.435417,10.223698],[114.436988,10.223286],[114.440121,10.223446],[114.443809,10.225598],[114.448486,10.228742],[114.451178,10.230741],[114.452588,10.232585],[114.453719,10.233723]]],[[[114.530048,10.239687],[114.530057,10.238558],[114.531206,10.237293],[114.532207,10.23674],[114.534054,10.237594],[114.534617,10.238448],[114.533327,10.239567],[114.532038,10.240406],[114.530756,10.240397],[114.530048,10.239687]]],[[[114.508256,10.238527],[114.504112,10.240049],[114.497533,10.243241],[114.490816,10.245872],[114.487255,10.245699],[114.4837,10.244823],[114.481707,10.244528],[114.480422,10.244797],[114.479564,10.24536],[114.478424,10.245207],[114.476861,10.24477],[114.474154,10.244613],[114.46945,10.244857],[114.466031,10.24483],[114.464895,10.244252],[114.463484,10.242552],[114.463062,10.2417],[114.463498,10.240719],[114.464929,10.239881],[114.466924,10.239896],[114.469913,10.2402],[114.476194,10.238839],[114.484318,10.238478],[114.494159,10.237289],[114.497442,10.236465],[114.49831,10.234783],[114.500028,10.233667],[114.503306,10.233548],[114.506016,10.233144],[114.512431,10.232769],[114.516983,10.233797],[114.518546,10.234369],[114.518962,10.23579],[114.518096,10.237473],[114.516241,10.237739],[114.513391,10.237717],[114.510397,10.237983],[114.508256,10.238527]]],[[[114.456191,10.245882],[114.455208,10.243896],[114.455222,10.242198],[114.455655,10.241362],[114.456654,10.241225],[114.458065,10.24307],[114.458475,10.245331],[114.457329,10.246171],[114.456191,10.245882]]],[[[114.529834,10.249278],[114.530842,10.247876],[114.532998,10.245355],[114.535564,10.245094],[114.537271,10.245667],[114.539254,10.247236],[114.539099,10.248933],[114.537089,10.250887],[114.534662,10.251573],[114.532096,10.251698],[114.530111,10.250409],[114.529834,10.249278]]],[[[114.555103,10.262179],[114.549587,10.256636],[114.54435,10.251791],[114.542522,10.248534],[114.542404,10.245146],[114.544278,10.242333],[114.54713,10.242074],[114.550964,10.243801],[114.554641,10.247641],[114.559998,10.255585],[114.562971,10.258146],[114.566947,10.260009],[114.569364,10.260877],[114.571064,10.262163],[114.571486,10.262871],[114.5709,10.265125],[114.569322,10.266522],[114.56589,10.26805],[114.563751,10.268179],[114.560909,10.267164],[114.555103,10.262179]]],[[[114.597944,10.269707],[114.595218,10.272226],[114.592633,10.274889],[114.59006,10.275855],[114.586635,10.276534],[114.584503,10.275678],[114.582235,10.273963],[114.580974,10.271126],[114.580281,10.268447],[114.580301,10.26562],[114.581024,10.264216],[114.584458,10.262408],[114.587594,10.262286],[114.590156,10.26273],[114.591435,10.263164],[114.594429,10.263042],[114.596845,10.264053],[114.599405,10.264777],[114.599389,10.266891],[114.597944,10.269707]]],[[[114.605506,10.26849],[114.605801,10.267083],[114.60666,10.266529],[114.608369,10.266677],[114.609497,10.268239],[114.609622,10.270643],[114.609185,10.272049],[114.607899,10.272464],[114.606621,10.27175],[114.605777,10.270325],[114.605506,10.26849]]],[[[114.619758,10.268459],[114.622884,10.269611],[114.62472,10.271883],[114.625555,10.274717],[114.627104,10.277266],[114.630781,10.281386],[114.633612,10.284089],[114.638156,10.286381],[114.639005,10.287236],[114.640426,10.287807],[114.642133,10.288244],[114.644554,10.28855],[114.646261,10.288987],[114.646826,10.289832],[114.646672,10.291384],[114.645244,10.291798],[114.642113,10.291071],[114.639983,10.290071],[114.637991,10.289487],[114.636423,10.289476],[114.635707,10.290031],[114.633569,10.289879],[114.632011,10.288594],[114.629614,10.285045],[114.628483,10.283772],[114.622801,10.281183],[114.620671,10.280038],[114.61913,10.276359],[114.619145,10.274245],[114.618588,10.272543],[114.61903,10.270432],[114.619758,10.268459]]],[[[114.462299,10.290189],[114.463321,10.291209],[114.463451,10.293251],[114.463143,10.295145],[114.461963,10.29557],[114.460643,10.294981],[114.459922,10.293079],[114.460082,10.291337],[114.460973,10.290323],[114.462299,10.290189]]],[[[114.477762,10.307508],[114.479966,10.307814],[114.480546,10.308984],[114.480234,10.311312],[114.479047,10.312612],[114.476989,10.312307],[114.476261,10.311281],[114.476125,10.309826],[114.476579,10.308221],[114.477762,10.307508]]],[[[114.440741,10.318724],[114.439713,10.318562],[114.438991,10.316813],[114.438853,10.315647],[114.439745,10.314489],[114.441951,10.314506],[114.44342,10.314952],[114.44547,10.316277],[114.446052,10.317014],[114.446043,10.318179],[114.445303,10.31876],[114.442514,10.317862],[114.441188,10.31814],[114.440741,10.318724]]],[[[114.604657,10.326225],[114.60293,10.328606],[114.601789,10.328742],[114.5998,10.327742],[114.598526,10.326594],[114.594398,10.325724],[114.59084,10.325128],[114.590137,10.323714],[114.590999,10.322726],[114.594434,10.320918],[114.600436,10.318849],[114.608863,10.316509],[114.612288,10.31583],[114.615136,10.316275],[114.617122,10.317419],[114.617828,10.318418],[114.617251,10.319398],[114.612388,10.321765],[114.607661,10.324829],[114.604657,10.326225]]],[[[114.577001,10.326858],[114.569559,10.330894],[114.566415,10.331999],[114.563565,10.331833],[114.560582,10.330402],[114.559035,10.327707],[114.558907,10.325728],[114.560202,10.324049],[114.561922,10.322788],[114.564202,10.322805],[114.565489,10.32239],[114.569349,10.32073],[114.573646,10.3178],[114.578658,10.31473],[114.581085,10.314188],[114.583504,10.314766],[114.583925,10.315619],[114.583055,10.317726],[114.580024,10.322789],[114.577001,10.326858]]],[[[114.455405,10.344194],[114.456281,10.345077],[114.45612,10.346972],[114.455225,10.348419],[114.454192,10.348845],[114.452286,10.347963],[114.452003,10.346497],[114.452458,10.344758],[114.453347,10.344033],[114.455405,10.344194]]],[[[114.500828,10.353366],[114.510866,10.345404],[114.512164,10.343436],[114.514454,10.34218],[114.516317,10.34093],[114.520168,10.340535],[114.524438,10.341417],[114.527002,10.341572],[114.529419,10.34244],[114.530972,10.34443],[114.531529,10.346268],[114.531076,10.349507],[114.528919,10.352038],[114.527478,10.354141],[114.523472,10.356088],[114.520762,10.356203],[114.517328,10.35801],[114.514014,10.362645],[114.512852,10.365463],[114.509699,10.367697],[114.506553,10.368937],[114.503841,10.369341],[114.500854,10.368613],[114.498441,10.367185],[114.497186,10.363643],[114.496925,10.360534],[114.497232,10.357574],[114.49853,10.355606],[114.500828,10.353366]]],[[[114.482866,10.351843],[114.484491,10.350989],[114.485814,10.351144],[114.487572,10.352178],[114.488732,10.354373],[114.489017,10.355685],[114.490039,10.356714],[114.490029,10.358024],[114.489431,10.359184],[114.488402,10.359032],[114.487673,10.35815],[114.4865,10.357562],[114.484602,10.355651],[114.483136,10.354908],[114.48226,10.354025],[114.482269,10.352859],[114.482866,10.351843]]],[[[114.564714,10.407078],[114.564021,10.404535],[114.563905,10.401011],[114.563636,10.398886],[114.562677,10.393513],[114.561702,10.390399],[114.558041,10.384445],[114.557208,10.381476],[114.556506,10.380061],[114.554675,10.377076],[114.551007,10.371971],[114.549466,10.368283],[114.545367,10.3636],[114.543821,10.360761],[114.543274,10.357649],[114.54472,10.354977],[114.545017,10.35329],[114.544188,10.349752],[114.54421,10.346934],[114.544077,10.345515],[114.542952,10.343537],[114.542687,10.340852],[114.542984,10.339301],[114.543142,10.337179],[114.546353,10.327186],[114.546947,10.324083],[114.548238,10.322829],[114.549807,10.322696],[114.550658,10.323272],[114.550775,10.326795],[114.551753,10.329486],[114.555855,10.333609],[114.557962,10.337726],[114.558797,10.34055],[114.558777,10.343088],[114.558448,10.349156],[114.558848,10.352836],[114.56053,10.35666],[114.564715,10.368832],[114.568389,10.373232],[114.570622,10.379744],[114.572571,10.385974],[114.576226,10.392912],[114.579188,10.39717],[114.58146,10.398461],[114.585142,10.401732],[114.587701,10.402745],[114.590969,10.4043],[114.593542,10.409133],[114.592625,10.411671],[114.594209,10.41466],[114.590061,10.418329],[114.58577,10.419558],[114.583591,10.418667],[114.58202,10.418935],[114.577467,10.417771],[114.575768,10.41606],[114.574357,10.414071],[114.572802,10.41237],[114.568537,10.410639],[114.566552,10.409215],[114.564714,10.407078]]],[[[114.437595,10.382783],[114.445611,10.378475],[114.452903,10.375706],[114.454756,10.375585],[114.459172,10.376045],[114.460884,10.375914],[114.463033,10.374522],[114.464041,10.373256],[114.465614,10.372564],[114.470036,10.372174],[114.476762,10.370291],[114.480767,10.370207],[114.483581,10.371865],[114.484565,10.373562],[114.484828,10.376391],[114.483666,10.3792],[114.482076,10.382015],[114.479341,10.385516],[114.47733,10.387479],[114.473901,10.388436],[114.470905,10.388701],[114.46976,10.389397],[114.468179,10.391074],[114.466888,10.392057],[114.462034,10.393003],[114.457616,10.392823],[114.454351,10.391109],[114.452218,10.390387],[114.449221,10.390779],[114.444945,10.390745],[114.440243,10.390427],[114.43682,10.39068],[114.433384,10.392486],[114.430953,10.39346],[114.42881,10.394147],[114.42753,10.393712],[114.426826,10.392578],[114.427264,10.391308],[114.431291,10.386824],[114.437595,10.382783]]],[[[114.429877,10.671523],[114.426527,10.673503],[114.423312,10.676487],[114.422295,10.676766],[114.421135,10.676756],[114.419762,10.676315],[114.418613,10.675015],[114.417969,10.674006],[114.416864,10.669078],[114.418322,10.664457],[114.420657,10.663154],[114.423164,10.66293],[114.428436,10.661904],[114.433075,10.661942],[114.436115,10.662469],[114.437481,10.66377],[114.437535,10.665922],[114.436718,10.668353],[114.433223,10.670188],[114.429877,10.671523]]],[[[114.462136,10.67821],[114.460385,10.680695],[114.45947,10.681558],[114.458333,10.681773],[114.455646,10.684639],[114.453908,10.684338],[114.452102,10.683606],[114.451031,10.681733],[114.450328,10.679075],[114.450815,10.67277],[114.450846,10.669042],[114.451796,10.668189],[114.454119,10.667778],[114.458029,10.668311],[114.463523,10.670077],[114.46583,10.671601],[114.466979,10.672829],[114.466971,10.673905],[114.4666,10.674905],[114.464931,10.67652],[114.462136,10.67821]]],[[[114.499951,10.695251],[114.49469,10.692815],[114.49284,10.692231],[114.490275,10.691786],[114.488851,10.69135],[114.487281,10.691482],[114.485858,10.690901],[114.485157,10.689351],[114.485591,10.688641],[114.486888,10.687107],[114.489319,10.686413],[114.492747,10.686025],[114.495594,10.686888],[114.49957,10.689323],[114.502554,10.6909],[114.504263,10.691338],[114.50497,10.692193],[114.50467,10.694024],[114.503665,10.694865],[114.501521,10.695264],[114.499951,10.695251]]],[[[114.512917,10.697757],[114.513357,10.696207],[114.517214,10.695678],[114.523339,10.697136],[114.526183,10.698432],[114.530302,10.700867],[114.533845,10.704003],[114.538222,10.710107],[114.539608,10.715339],[114.540156,10.718306],[114.540994,10.720571],[114.543395,10.723842],[114.544951,10.725543],[114.544798,10.726951],[114.543935,10.727793],[114.54265,10.727783],[114.539831,10.723389],[114.537701,10.721954],[114.53585,10.721379],[114.533135,10.721918],[114.530421,10.722176],[114.528287,10.72132],[114.525729,10.719881],[114.524892,10.717481],[114.523851,10.715317],[114.523811,10.7105],[114.524606,10.707576],[114.524694,10.706324],[114.523563,10.704906],[114.520582,10.703048],[114.518164,10.7019],[114.515041,10.699897],[114.513194,10.698889],[114.512917,10.697757]]],[[[114.572344,10.780859],[114.572764,10.775289],[114.573831,10.770926],[114.573853,10.768234],[114.57333,10.762837],[114.573536,10.760517],[114.574019,10.75885],[114.574969,10.757466],[114.575545,10.75589],[114.575745,10.754401],[114.575665,10.75245],[114.575213,10.750215],[114.573447,10.747699],[114.570744,10.744977],[114.565312,10.742613],[114.562593,10.741941],[114.557897,10.741624],[114.556587,10.741054],[114.555469,10.739835],[114.555098,10.739181],[114.555292,10.738442],[114.556047,10.737988],[114.557174,10.737996],[114.558671,10.738839],[114.561013,10.739698],[114.561952,10.739795],[114.563553,10.739257],[114.56497,10.738238],[114.566196,10.737598],[114.569395,10.737072],[114.572214,10.737003],[114.576252,10.737315],[114.579065,10.738078],[114.581781,10.73921],[114.583742,10.740625],[114.584577,10.742023],[114.585402,10.74482],[114.585653,10.748815],[114.585517,10.754207],[114.586342,10.756995],[114.587737,10.758776],[114.590254,10.761398],[114.592401,10.763176],[114.594358,10.765422],[114.595464,10.768222],[114.595728,10.770455],[114.595238,10.773143],[114.59343,10.776101],[114.59153,10.778778],[114.587722,10.785162],[114.584282,10.792659],[114.582566,10.795808],[114.581521,10.797281],[114.579164,10.798292],[114.576814,10.798364],[114.574656,10.797877],[114.573722,10.797129],[114.571671,10.795162],[114.570834,10.793945],[114.570192,10.791899],[114.570308,10.789108],[114.571754,10.784287],[114.572344,10.780859]]],[[[114.458609,10.796114],[114.458196,10.794277],[114.441083,10.775839],[114.436886,10.771921],[114.428919,10.767374],[114.41854,10.762209],[114.415553,10.758151],[114.413782,10.753357],[114.413457,10.749866],[114.413613,10.748314],[114.415912,10.746355],[114.417624,10.746369],[114.419115,10.747298],[114.42514,10.749867],[114.429346,10.75259],[114.439217,10.764322],[114.462751,10.786025],[114.467389,10.79144],[114.467672,10.793683],[114.467043,10.796665],[114.466129,10.797554],[114.463022,10.797568],[114.461448,10.798115],[114.459881,10.797678],[114.458609,10.796114]]],[[[114.479005,10.702263],[114.481161,10.700718],[114.483894,10.697136],[114.486429,10.694853],[114.488858,10.694141],[114.492492,10.694541],[114.496766,10.696327],[114.504192,10.700443],[114.506138,10.70184],[114.50772,10.702314],[114.508746,10.702231],[114.51099,10.701328],[114.51211,10.701247],[114.513414,10.701528],[114.515736,10.702567],[114.517025,10.7047],[114.518291,10.709597],[114.519927,10.714957],[114.521388,10.718934],[114.523883,10.721718],[114.526761,10.723313],[114.531793,10.723723],[114.535146,10.72421],[114.537093,10.725517],[114.539866,10.728583],[114.54134,10.731079],[114.544025,10.733503],[114.546162,10.734441],[114.548487,10.7352],[114.550434,10.736597],[114.552377,10.738645],[114.5545,10.741426],[114.556912,10.742917],[114.560734,10.743227],[114.562315,10.7437],[114.56305,10.744998],[114.563504,10.746664],[114.562926,10.749053],[114.562805,10.752746],[114.563063,10.755512],[114.565704,10.763645],[114.566148,10.766512],[114.566318,10.768545],[114.564306,10.77553],[114.563905,10.779131],[114.563971,10.782636],[114.564781,10.786418],[114.566154,10.789753],[114.567615,10.79382],[114.570234,10.804726],[114.572209,10.814605],[114.573366,10.821814],[114.573532,10.824389],[114.574445,10.82698],[114.576755,10.829861],[114.580005,10.831639],[114.5826,10.833782],[114.584812,10.837205],[114.586275,10.841092],[114.586893,10.845622],[114.586678,10.861383],[114.58718,10.868767],[114.587147,10.884999],[114.586474,10.887577],[114.585155,10.889319],[114.582904,10.890683],[114.580567,10.891406],[114.578794,10.891392],[114.57656,10.890814],[114.575542,10.889794],[114.574804,10.888677],[114.574455,10.88545],[114.57409,10.884526],[114.573256,10.883778],[114.572234,10.883219],[114.569443,10.882276],[114.568147,10.880974],[114.567784,10.879589],[114.568644,10.877012],[114.571852,10.872431],[114.571863,10.87095],[114.571693,10.869015],[114.570771,10.867436],[114.56808,10.865663],[114.56594,10.864905],[114.562676,10.864789],[114.559218,10.865592],[114.555952,10.865846],[114.554184,10.865272],[114.55196,10.863321],[114.549914,10.862474],[114.547128,10.86088],[114.543887,10.85791],[114.540639,10.855761],[114.534601,10.852578],[114.533124,10.850534],[114.531674,10.845265],[114.531033,10.843878],[114.527968,10.842011],[114.526574,10.84144],[114.526213,10.839874],[114.526049,10.8371],[114.525776,10.836267],[114.523922,10.83478],[114.521499,10.83448],[114.518045,10.834823],[114.515159,10.834158],[114.510983,10.831541],[114.507637,10.829942],[114.504192,10.829273],[114.501404,10.828049],[114.500111,10.826467],[114.50004,10.823703],[114.501089,10.820857],[114.502311,10.819575],[114.50326,10.81755],[114.503648,10.815621],[114.503476,10.813867],[114.502838,10.81192],[114.500987,10.810153],[114.49885,10.809214],[114.495772,10.809189],[114.494004,10.808714],[114.492429,10.8075],[114.49124,10.804546],[114.490512,10.802137],[114.489309,10.801025],[114.487633,10.800641],[114.48614,10.80081],[114.484457,10.801438],[114.480428,10.803717],[114.477988,10.80554],[114.475651,10.806252],[114.473321,10.805962],[114.471744,10.805028],[114.470459,10.802524],[114.470298,10.799389],[114.471164,10.795982],[114.472205,10.794148],[114.475686,10.790392],[114.477289,10.788192],[114.477585,10.786171],[114.477222,10.784876],[114.476113,10.783666],[114.474537,10.782551],[114.471558,10.781877],[114.468768,10.781023],[114.467188,10.780269],[114.465896,10.778606],[114.465271,10.775277],[114.465673,10.771685],[114.465604,10.768641],[114.46469,10.76633],[114.463022,10.765025],[114.460609,10.763623],[114.457259,10.762765],[114.441975,10.761709],[114.440672,10.761427],[114.438633,10.759929],[114.437528,10.758077],[114.437578,10.75208],[114.438186,10.746097],[114.43784,10.74277],[114.436737,10.740919],[114.433956,10.738864],[114.431534,10.738573],[114.428457,10.738547],[114.42528,10.739442],[114.422755,10.740433],[114.420983,10.740418],[114.419126,10.739481],[114.416721,10.737158],[114.414865,10.736032],[114.409831,10.73599],[114.407037,10.735596],[114.404718,10.734195],[114.403242,10.73225],[114.402894,10.729294],[114.403114,10.72524],[114.403416,10.72247],[114.403243,10.720816],[114.40104,10.716733],[114.396322,10.712268],[114.39531,10.710598],[114.39514,10.708663],[114.395256,10.705901],[114.3948,10.704695],[114.393507,10.703212],[114.390997,10.702361],[114.387641,10.702332],[114.384465,10.703037],[114.38223,10.702838],[114.380843,10.701444],[114.380388,10.70005],[114.380398,10.698948],[114.381447,10.696003],[114.384916,10.693729],[114.391264,10.692581],[114.396955,10.692078],[114.40069,10.691378],[114.403491,10.690751],[114.405179,10.689572],[114.40641,10.687271],[114.406906,10.68359],[114.406401,10.676947],[114.406792,10.674828],[114.407639,10.673913],[114.410153,10.674115],[114.412476,10.675065],[114.413962,10.675808],[114.415714,10.678036],[114.416259,10.679792],[114.416338,10.681545],[114.416881,10.683582],[114.418364,10.684696],[114.422079,10.686298],[114.425525,10.686607],[114.428235,10.685979],[114.431235,10.68389],[114.434629,10.679122],[114.437728,10.676375],[114.438942,10.676023],[114.44155,10.676415],[114.444959,10.681329],[114.446335,10.684104],[114.448554,10.686335],[114.451064,10.687187],[114.45414,10.687302],[114.456002,10.687598],[114.457024,10.687976],[114.45804,10.689177],[114.458481,10.692324],[114.458549,10.695458],[114.458813,10.697393],[114.4601,10.699617],[114.46149,10.700649],[114.463164,10.701213],[114.466617,10.70069],[114.469879,10.700807],[114.471834,10.701193],[114.474529,10.702317],[114.476019,10.702519],[114.479005,10.702263]]],[[[114.580453,10.804309],[114.581004,10.806852],[114.58241,10.80969],[114.583097,10.813083],[114.583935,10.815492],[114.584069,10.816622],[114.583207,10.817456],[114.580494,10.817434],[114.579065,10.817568],[114.578073,10.816575],[114.578666,10.813897],[114.577997,10.807957],[114.576741,10.80428],[114.576897,10.802592],[114.577904,10.801606],[114.579046,10.801615],[114.580453,10.804309]]],[[[114.496081,10.822541],[114.494923,10.824646],[114.493495,10.824634],[114.491358,10.824057],[114.485139,10.816383],[114.484733,10.813552],[114.485034,10.811577],[114.486041,10.810745],[114.489464,10.811053],[114.493308,10.812357],[114.496555,10.8169],[114.496818,10.81972],[114.496081,10.822541]]],[[[114.505095,10.837997],[114.50511,10.836019],[114.505418,10.833203],[114.506428,10.831938],[114.507431,10.831521],[114.508709,10.832245],[114.511549,10.834237],[114.511824,10.835513],[114.509925,10.840863],[114.508775,10.841838],[114.507349,10.841691],[114.506074,10.840407],[114.505095,10.837997]]],[[[114.515061,10.841329],[114.515643,10.84006],[114.519091,10.83727],[114.520668,10.836433],[114.522099,10.836021],[114.522668,10.836305],[114.523078,10.838566],[114.521927,10.839831],[114.519346,10.841219],[114.517053,10.842194],[114.515769,10.842184],[114.515061,10.841329]]],[[[114.528036,10.843412],[114.528456,10.844544],[114.528803,10.854853],[114.528346,10.858372],[114.526759,10.860482],[114.523906,10.86017],[114.519081,10.856464],[114.515818,10.853755],[114.514114,10.852612],[114.513267,10.851476],[114.513135,10.850066],[114.514002,10.848799],[114.515151,10.84796],[114.519016,10.846726],[114.524458,10.844648],[114.526322,10.843533],[114.528036,10.843412]]],[[[114.534911,10.858714],[114.536778,10.857311],[114.539494,10.857053],[114.540486,10.85791],[114.540478,10.858894],[114.539328,10.859878],[114.539466,10.860584],[114.540594,10.862282],[114.543014,10.863295],[114.54786,10.864318],[114.551278,10.865475],[114.552836,10.867041],[114.553253,10.868598],[114.552956,10.869869],[114.548762,10.87661],[114.547049,10.876597],[114.543635,10.875016],[114.534537,10.869857],[114.53198,10.868283],[114.530709,10.866439],[114.53173,10.863765],[114.534911,10.858714]]],[[[114.564067,10.891555],[114.564229,10.889018],[114.565385,10.887329],[114.567541,10.885512],[114.56969,10.884545],[114.571835,10.884273],[114.572397,10.885406],[114.571527,10.887098],[114.57023,10.888641],[114.571216,10.890338],[114.577045,10.893636],[114.580323,10.894511],[114.585049,10.892715],[114.588364,10.888784],[114.588388,10.885677],[114.589261,10.88357],[114.590309,10.877364],[114.5898,10.869456],[114.58883,10.865636],[114.590004,10.861554],[114.590638,10.853375],[114.590673,10.848859],[114.591132,10.844906],[114.590861,10.842925],[114.589172,10.839814],[114.5879,10.838106],[114.586774,10.836119],[114.585216,10.834553],[114.585226,10.833144],[114.585673,10.830744],[114.58626,10.82878],[114.586698,10.82751],[114.587422,10.826106],[114.588849,10.826253],[114.58984,10.827254],[114.590965,10.829521],[114.592811,10.830945],[114.594221,10.833214],[114.595038,10.838306],[114.594708,10.843949],[114.594826,10.847337],[114.595667,10.849178],[114.595924,10.852992],[114.594588,10.859611],[114.594564,10.862719],[114.594117,10.865118],[114.598039,10.874886],[114.59985,10.880835],[114.600103,10.885065],[114.599481,10.891554],[114.600575,10.897913],[114.603533,10.903167],[114.604216,10.907119],[114.604482,10.90966],[114.602326,10.911486],[114.597168,10.913703],[114.593593,10.914235],[114.589456,10.913634],[114.579956,10.90495],[114.576983,10.901684],[114.574139,10.899963],[114.569302,10.897667],[114.56561,10.895099],[114.564067,10.891555]]],[[[114.563022,10.879127],[114.559975,10.885308],[114.558966,10.886429],[114.557255,10.886135],[114.555129,10.88414],[114.55414,10.882859],[114.554011,10.881024],[114.556919,10.874417],[114.559818,10.868939],[114.561828,10.867537],[114.563253,10.867973],[114.565535,10.868271],[114.567099,10.869132],[114.568524,10.869433],[114.56951,10.87113],[114.5695,10.872403],[114.56878,10.873238],[114.566339,10.874916],[114.564323,10.877159],[114.563022,10.879127]]],[[[114.608689,10.919719],[114.616515,10.923448],[114.62021,10.925879],[114.623047,10.928449],[114.624316,10.930573],[114.625298,10.932838],[114.62485,10.935373],[114.620984,10.936617],[114.614413,10.936701],[114.611998,10.934993],[114.609452,10.931866],[114.603208,10.926596],[114.601794,10.924751],[114.601532,10.921777],[114.602686,10.920232],[114.60398,10.919113],[114.608689,10.919719]]],[[[114.604412,11.332138],[114.606417,11.335199],[114.608057,11.337],[114.608969,11.340781],[114.612978,11.344382],[114.612978,11.346723],[114.610062,11.348523],[114.606782,11.347623],[114.60095,11.344742],[114.598216,11.341141],[114.592566,11.33646],[114.589467,11.335379],[114.584182,11.3361],[114.57835,11.334839],[114.57434,11.33736],[114.568326,11.342942],[114.566139,11.346723],[114.566868,11.352664],[114.572882,11.359686],[114.579808,11.363287],[114.58965,11.364907],[114.59293,11.365987],[114.595482,11.367428],[114.60022,11.367068],[114.604412,11.367428],[114.606782,11.369768],[114.607693,11.373189],[114.606417,11.376069],[114.603501,11.377509],[114.599674,11.377149],[114.594024,11.374449],[114.590925,11.375169],[114.589832,11.376249],[114.585822,11.377509],[114.582177,11.376249],[114.579261,11.375529],[114.574705,11.375529],[114.563223,11.371028],[114.559395,11.366708],[114.555386,11.358966],[114.553016,11.350504],[114.552287,11.345462],[114.55411,11.33682],[114.556115,11.331238],[114.558666,11.327817],[114.561765,11.326376],[114.565228,11.326196],[114.569966,11.327817],[114.575616,11.329257],[114.581266,11.328717],[114.586734,11.325836],[114.589832,11.324396],[114.594571,11.324576],[114.598762,11.325656],[114.602954,11.329077],[114.604412,11.332138]]],[[[114.61302,11.385857],[114.610609,11.384891],[114.608969,11.38165],[114.609151,11.37859],[114.610974,11.375349],[114.612796,11.374089],[114.615348,11.373729],[114.619357,11.375169],[114.620269,11.37859],[114.619722,11.38147],[114.616441,11.384531],[114.61302,11.385857]]],[[[114.666561,11.496484],[114.664739,11.502602],[114.660547,11.506021],[114.653257,11.5089],[114.646513,11.50908],[114.642353,11.508842],[114.630846,11.504418],[114.626107,11.49812],[114.617723,11.479584],[114.615901,11.470406],[114.613896,11.454028],[114.611526,11.411883],[114.610797,11.405583],[114.612255,11.400543],[114.615718,11.398382],[114.620092,11.399462],[114.623919,11.403063],[114.625013,11.407743],[114.628658,11.429703],[114.632848,11.447811],[114.636129,11.46005],[114.636676,11.464369],[114.63376,11.469228],[114.634124,11.474268],[114.634302,11.482987],[114.637401,11.486226],[114.640134,11.487846],[114.650705,11.488206],[114.661458,11.489465],[114.66565,11.493065],[114.666561,11.496484]]],[[[115.37233,8.052454],[115.368688,8.050717],[115.365432,8.04879],[115.362955,8.043804],[115.361641,8.036334],[115.361129,8.020447],[115.362301,8.015476],[115.365206,8.009171],[115.369833,8.004405],[115.372144,8.002692],[115.379251,8.001954],[115.383279,8.002927],[115.38692,8.004855],[115.390552,8.008888],[115.392834,8.014448],[115.39453,8.022684],[115.392946,8.034927],[115.390801,8.04334],[115.387903,8.04773],[115.383857,8.050968],[115.377515,8.052474],[115.37233,8.052454]]],[[[114.550882,8.114423],[114.554572,8.115838],[114.562399,8.11761],[114.564987,8.117671],[114.569123,8.117407],[114.571461,8.117499],[114.574852,8.118066],[114.580528,8.118781],[114.586693,8.118771],[114.589899,8.118128],[114.594587,8.116702],[114.596733,8.116291],[114.598165,8.116175],[114.602462,8.11623],[114.602989,8.116361],[114.604767,8.117216],[114.607055,8.118123],[114.610935,8.119193],[114.613058,8.120315],[114.613721,8.120371],[114.615672,8.120239],[114.618527,8.119362],[114.619752,8.118272],[114.621629,8.115671],[114.623195,8.113731],[114.624324,8.111327],[114.62657,8.10736],[114.628068,8.105268],[114.629062,8.103642],[114.630242,8.102408],[114.632034,8.101513],[114.636184,8.099113],[114.638816,8.098409],[114.640466,8.097097],[114.641602,8.096382],[114.642067,8.096258],[114.642898,8.096384],[114.643535,8.096658],[114.644585,8.097396],[114.645249,8.098135],[114.645469,8.098663],[114.6457,8.10072],[114.645676,8.105002],[114.645546,8.105823],[114.645199,8.10659],[114.644846,8.10674],[114.644405,8.106629],[114.644024,8.106245],[114.643208,8.105029],[114.64281,8.104797],[114.64197,8.104599],[114.641082,8.104545],[114.640192,8.104658],[114.639318,8.104893],[114.638423,8.105333],[114.637501,8.106264],[114.636912,8.107309],[114.636255,8.109068],[114.635728,8.111102],[114.635102,8.112164],[114.629784,8.119139],[114.62637,8.122388],[114.624406,8.124606],[114.622749,8.125443],[114.621703,8.125732],[114.613062,8.12638],[114.60967,8.126516],[114.609308,8.126769],[114.608653,8.127525],[114.608389,8.12817],[114.608451,8.129177],[114.609024,8.130116],[114.609452,8.13035],[114.610976,8.130474],[114.620596,8.132652],[114.625167,8.132652],[114.631082,8.136958],[114.632107,8.137396],[114.636468,8.137791],[114.642902,8.137489],[114.646268,8.138227],[114.64728,8.138298],[114.648768,8.13827],[114.65128,8.13772],[114.653951,8.137548],[114.659855,8.139329],[114.663237,8.139227],[114.664893,8.139454],[114.666578,8.140618],[114.669854,8.143475],[114.671683,8.144717],[114.673759,8.146542],[114.675885,8.14781],[114.677515,8.148429],[114.680395,8.14883],[114.692665,8.151635],[114.700734,8.154757],[114.702095,8.155797],[114.702485,8.156312],[114.702872,8.158437],[114.703092,8.160753],[114.703351,8.161366],[114.705062,8.163208],[114.706753,8.164436],[114.707571,8.164671],[114.709745,8.164671],[114.712486,8.164479],[114.715069,8.163401],[114.715851,8.162907],[114.716442,8.161974],[114.71661,8.161417],[114.716472,8.158918],[114.716562,8.155681],[114.716866,8.154429],[114.717384,8.153931],[114.718543,8.153473],[114.719179,8.153358],[114.723955,8.154347],[114.72633,8.154354],[114.730609,8.154032],[114.732047,8.153747],[114.737178,8.152105],[114.750001,8.145952],[114.764794,8.136474],[114.772638,8.131724],[114.777171,8.129356],[114.781951,8.127563],[114.784196,8.12633],[114.784846,8.125789],[114.785478,8.124873],[114.785701,8.124353],[114.785741,8.123902],[114.785701,8.122863],[114.78536,8.121008],[114.784583,8.11838],[114.78425,8.117647],[114.781037,8.11332],[114.779358,8.11144],[114.777852,8.109526],[114.776454,8.108213],[114.773427,8.106302],[114.766529,8.099432],[114.762293,8.097095],[114.759553,8.096009],[114.758569,8.095713],[114.755715,8.095398],[114.754869,8.095108],[114.753992,8.094537],[114.752657,8.093253],[114.750823,8.09174],[114.747291,8.090189],[114.73351,8.089383],[114.729667,8.089883],[114.725626,8.091747],[114.724834,8.091972],[114.723743,8.092049],[114.722814,8.091862],[114.717874,8.089862],[114.717151,8.089777],[114.715525,8.08983],[114.714611,8.090016],[114.711452,8.091349],[114.708366,8.09247],[114.703072,8.092863],[114.693996,8.091507],[114.689007,8.089535],[114.685877,8.089042],[114.684889,8.089074],[114.680693,8.090255],[114.679449,8.090281],[114.67885,8.090037],[114.677916,8.089104],[114.676219,8.087892],[114.675425,8.087628],[114.673761,8.087381],[114.669817,8.08811],[114.666589,8.088372],[114.665508,8.088376],[114.661405,8.088027],[114.66046,8.088111],[114.658891,8.088587],[114.658399,8.089475],[114.657364,8.090189],[114.65601,8.090407],[114.653394,8.090536],[114.652606,8.090964],[114.651342,8.092115],[114.650821,8.092345],[114.65029,8.092215],[114.64963,8.091305],[114.649175,8.090937],[114.648506,8.090729],[114.647445,8.090652],[114.646951,8.090906],[114.644822,8.09332],[114.644485,8.093491],[114.644059,8.093455],[114.643653,8.093082],[114.643649,8.092243],[114.643909,8.091526],[114.644734,8.090038],[114.645382,8.087663],[114.647378,8.08449],[114.648829,8.082706],[114.650472,8.08191],[114.651372,8.081727],[114.655595,8.081825],[114.666367,8.081697],[114.675696,8.082275],[114.687021,8.083357],[114.691574,8.084158],[114.699869,8.086696],[114.704073,8.086909],[114.707322,8.086531],[114.710148,8.085773],[114.714169,8.083923],[114.718577,8.082426],[114.722979,8.081472],[114.727703,8.080661],[114.732231,8.080479],[114.733419,8.080537],[114.738949,8.081461],[114.7449,8.082874],[114.752735,8.085837],[114.758754,8.089535],[114.764064,8.0912],[114.765002,8.091613],[114.773808,8.096637],[114.781869,8.102167],[114.783666,8.103506],[114.793891,8.112647],[114.800826,8.117473],[114.803017,8.119956],[114.803833,8.121299],[114.804128,8.122175],[114.804191,8.123845],[114.803923,8.124848],[114.802134,8.128896],[114.798766,8.135775],[114.796015,8.13895],[114.793361,8.141163],[114.790383,8.142961],[114.78926,8.143384],[114.786412,8.143956],[114.781937,8.14405],[114.778591,8.144662],[114.776515,8.145197],[114.775716,8.145629],[114.773247,8.14797],[114.765892,8.156721],[114.762545,8.163099],[114.760878,8.166969],[114.760243,8.1692],[114.759704,8.170048],[114.759211,8.170484],[114.757999,8.170981],[114.756525,8.171093],[114.751651,8.170026],[114.750431,8.169985],[114.743976,8.170635],[114.738156,8.171516],[114.735463,8.172147],[114.734554,8.172599],[114.730197,8.176256],[114.725838,8.17915],[114.723485,8.180472],[114.722635,8.180681],[114.720764,8.180734],[114.717762,8.180219],[114.716991,8.180247],[114.71392,8.181821],[114.711323,8.184213],[114.708291,8.186113],[114.706003,8.186603],[114.704279,8.186656],[114.703319,8.186518],[114.701141,8.185885],[114.695303,8.183286],[114.693804,8.182482],[114.692338,8.181172],[114.686795,8.175192],[114.683962,8.172636],[114.681014,8.170185],[114.675581,8.166941],[114.670517,8.164398],[114.666864,8.161901],[114.665938,8.161469],[114.664769,8.161196],[114.662961,8.161185],[114.659809,8.161772],[114.657716,8.161957],[114.655513,8.161533],[114.653477,8.160763],[114.651594,8.159666],[114.647791,8.156757],[114.64537,8.155627],[114.643341,8.154896],[114.640011,8.154923],[114.636143,8.155306],[114.632491,8.154947],[114.627616,8.154241],[114.615477,8.151305],[114.608838,8.149297],[114.604345,8.148872],[114.600465,8.149132],[114.596461,8.149113],[114.595471,8.148996],[114.593605,8.148245],[114.584868,8.142817],[114.583158,8.141894],[114.581572,8.141294],[114.580065,8.141207],[114.579107,8.141286],[114.573849,8.142803],[114.572457,8.142767],[114.571262,8.142551],[114.569956,8.141762],[114.568411,8.140493],[114.5658,8.137721],[114.563896,8.136101],[114.560949,8.134541],[114.5599,8.134154],[114.553947,8.133757],[114.549773,8.133113],[114.546725,8.132995],[114.542151,8.13318],[114.538968,8.134132],[114.536677,8.134513],[114.533625,8.134472],[114.530761,8.133809],[114.527926,8.132314],[114.525583,8.13076],[114.523178,8.128458],[114.52066,8.126272],[114.51583,8.119949],[114.509998,8.112944],[114.509698,8.112256],[114.509704,8.111066],[114.510079,8.110108],[114.510499,8.109615],[114.511025,8.109241],[114.512056,8.108836],[114.514965,8.108122],[114.516145,8.107968],[114.519674,8.107901],[114.524175,8.108114],[114.532001,8.109466],[114.542126,8.111518],[114.550882,8.114423]]],[[[115.265513,8.350074],[115.273367,8.355549],[115.274561,8.357693],[115.274699,8.359057],[115.273603,8.362569],[115.272369,8.364502],[115.2702,8.366214],[115.266444,8.367992],[115.262258,8.369409],[115.25959,8.369828],[115.257861,8.369749],[115.247277,8.367692],[115.243323,8.365665],[115.241884,8.365157],[115.239721,8.365434],[115.237768,8.366932],[115.23517,8.367926],[115.232861,8.368489],[115.228463,8.368972],[115.224264,8.370125],[115.221187,8.370686],[115.219169,8.370581],[115.214941,8.370657],[115.212729,8.371222],[115.208492,8.373212],[115.204343,8.377116],[115.19834,8.387136],[115.195929,8.389038],[115.191403,8.391027],[115.188711,8.391493],[115.186887,8.391197],[115.181032,8.389735],[115.173544,8.388265],[115.169323,8.386811],[115.167028,8.384599],[115.16646,8.382779],[115.166371,8.381152],[115.168694,8.377622],[115.1723,8.37491],[115.174659,8.373559],[115.180531,8.369848],[115.183853,8.365528],[115.185829,8.360454],[115.187493,8.357621],[115.189097,8.356161],[115.191291,8.355089],[115.193806,8.354825],[115.205067,8.355458],[115.212723,8.355493],[115.227491,8.354223],[115.232255,8.354262],[115.240195,8.355676],[115.242837,8.355337],[115.246208,8.353968],[115.248615,8.352723],[115.252592,8.34975],[115.255,8.348325],[115.255903,8.347851],[115.257372,8.347346],[115.258848,8.347266],[115.260704,8.347701],[115.264149,8.349251],[115.265513,8.350074]]],[[[115.256792,8.749417],[115.262563,8.749443],[115.269521,8.752585],[115.275494,8.760985],[115.276175,8.769839],[115.273486,8.779156],[115.26962,8.783205],[115.261912,8.78604],[115.248923,8.786698],[115.241241,8.784031],[115.238608,8.781387],[115.235756,8.774198],[115.235549,8.767259],[115.236526,8.763915],[115.241369,8.756761],[115.249328,8.751535],[115.256792,8.749417]]],[[[114.636564,8.865816],[114.635368,8.864732],[114.634538,8.862934],[114.634196,8.860062],[114.63497,8.846617],[114.634562,8.842203],[114.633927,8.839904],[114.634229,8.837825],[114.635035,8.835822],[114.636267,8.834897],[114.638218,8.834407],[114.640741,8.834495],[114.641892,8.835004],[114.650241,8.840402],[114.656353,8.845545],[114.662734,8.852709],[114.665841,8.855598],[114.670152,8.858255],[114.672908,8.859707],[114.6747,8.861512],[114.679217,8.86967],[114.680879,8.873028],[114.681586,8.875305],[114.681936,8.876981],[114.681209,8.877933],[114.679763,8.878522],[114.678439,8.878752],[114.675434,8.878614],[114.670751,8.877628],[114.667576,8.877462],[114.661811,8.877498],[114.658854,8.876956],[114.655859,8.875263],[114.640632,8.868831],[114.636564,8.865816]]],[[[115.741125,8.844122],[115.743306,8.851711],[115.743285,8.858096],[115.740247,8.866465],[115.734803,8.874626],[115.729362,8.881127],[115.720914,8.887482],[115.716299,8.888329],[115.712488,8.888117],[115.709085,8.88591],[115.707108,8.877724],[115.709147,8.868154],[115.7148,8.857799],[115.722861,8.847253],[115.728296,8.841685],[115.734119,8.839909],[115.736325,8.840116],[115.739332,8.840725],[115.741125,8.844122]]],[[[116.279757,8.924332],[116.274463,8.924441],[116.271693,8.925273],[116.267842,8.925744],[116.265897,8.925337],[116.264806,8.924807],[116.26207,8.920746],[116.261125,8.918958],[116.260164,8.914243],[116.258501,8.903949],[116.253712,8.891409],[116.252459,8.887127],[116.252092,8.884784],[116.252588,8.883638],[116.253851,8.882762],[116.259027,8.881337],[116.265043,8.881348],[116.271657,8.882678],[116.275744,8.884959],[116.279382,8.889111],[116.27965,8.88991],[116.282736,8.894259],[116.283487,8.896357],[116.283957,8.898846],[116.284284,8.899911],[116.286065,8.90396],[116.291685,8.914126],[116.295999,8.91876],[116.297931,8.921615],[116.298288,8.923889],[116.297202,8.925442],[116.290822,8.926746],[116.287815,8.926501],[116.284328,8.925178],[116.279757,8.924332]]],[[[115.937772,9.335541],[115.93457,9.336528],[115.933448,9.33669],[115.929688,9.336358],[115.928487,9.33639],[115.927568,9.336607],[115.925063,9.33758],[115.923625,9.337845],[115.922759,9.337796],[115.920761,9.336866],[115.917976,9.334807],[115.915416,9.333511],[115.914719,9.33296],[115.912964,9.33119],[115.9108,9.330014],[115.908704,9.329351],[115.906178,9.329001],[115.904453,9.328961],[115.900554,9.329429],[115.897848,9.329074],[115.896776,9.328681],[115.895616,9.327888],[115.895206,9.327058],[115.895187,9.326113],[115.895548,9.325289],[115.896161,9.324411],[115.897093,9.323535],[115.898173,9.322823],[115.899852,9.322211],[115.903042,9.321868],[115.906719,9.321895],[115.911113,9.322327],[115.913389,9.322731],[115.919366,9.324099],[115.922985,9.324621],[115.925202,9.32481],[115.92778,9.324799],[115.930758,9.324554],[115.936232,9.32352],[115.939185,9.323534],[115.941148,9.323888],[115.945736,9.325336],[115.951042,9.325759],[115.953221,9.326139],[115.954532,9.326519],[115.956107,9.327413],[115.957742,9.328777],[115.958838,9.330149],[115.959314,9.331226],[115.95939,9.332077],[115.959245,9.333156],[115.958891,9.334102],[115.958435,9.334757],[115.957274,9.335728],[115.956222,9.336392],[115.954865,9.336998],[115.953661,9.337347],[115.951809,9.337522],[115.949517,9.33723],[115.948342,9.336855],[115.94543,9.335526],[115.942812,9.335083],[115.941216,9.335052],[115.939352,9.335243],[115.937772,9.335541]]],[[[115.434331,9.400147],[115.431997,9.396847],[115.429313,9.390974],[115.425968,9.384919],[115.423875,9.38156],[115.42352,9.380183],[115.423834,9.377434],[115.42506,9.372595],[115.427796,9.366865],[115.42865,9.364357],[115.429455,9.359457],[115.430432,9.356411],[115.431885,9.354683],[115.435521,9.351883],[115.439262,9.350449],[115.4421,9.349651],[115.445101,9.34941],[115.446764,9.349651],[115.450086,9.351234],[115.454465,9.355201],[115.458808,9.358271],[115.461079,9.360359],[115.462203,9.361933],[115.461474,9.363485],[115.459233,9.366465],[115.457594,9.369329],[115.456255,9.372493],[115.455702,9.375002],[115.455505,9.37859],[115.455438,9.393721],[115.45512,9.397547],[115.452552,9.406328],[115.451752,9.410032],[115.451254,9.413678],[115.450642,9.416008],[115.449246,9.418334],[115.44792,9.418628],[115.446956,9.418623],[115.445934,9.41814],[115.444855,9.417059],[115.441824,9.408075],[115.43889,9.404115],[115.434331,9.400147]]],[[[116.36602,9.520573],[116.365437,9.52306],[116.364565,9.525452],[116.363597,9.527269],[116.362198,9.528606],[116.357614,9.529938],[116.354528,9.529932],[116.350482,9.528106],[116.34846,9.526475],[116.347692,9.52475],[116.347505,9.521496],[116.347992,9.518721],[116.349444,9.515756],[116.352052,9.513368],[116.354947,9.512225],[116.358322,9.512327],[116.361115,9.513672],[116.364293,9.515784],[116.365638,9.51837],[116.36602,9.520573]]],[[[116.171405,9.601591],[116.171864,9.605345],[116.171958,9.607378],[116.17176,9.609538],[116.171188,9.611897],[116.170566,9.613243],[116.169713,9.613913],[116.168715,9.614154],[116.166994,9.613855],[116.165871,9.61348],[116.164924,9.612989],[116.16056,9.609927],[116.159198,9.608807],[116.157675,9.607032],[116.156569,9.605147],[116.155846,9.602963],[116.155315,9.600168],[116.155299,9.597409],[116.155927,9.596206],[116.156669,9.595385],[116.157796,9.594595],[116.159137,9.593999],[116.16015,9.593766],[116.16162,9.593677],[116.16356,9.593772],[116.165182,9.594062],[116.166256,9.594464],[116.167295,9.595094],[116.168685,9.596235],[116.169524,9.597113],[116.170163,9.598056],[116.170724,9.599211],[116.171153,9.600408],[116.171405,9.601591]]],[[[114.662063,9.711501],[114.665352,9.710137],[114.668202,9.710699],[114.670556,9.712705],[114.67121,9.71476],[114.671199,9.716388],[114.67082,9.718436],[114.669897,9.720299],[114.667395,9.72197],[114.664588,9.722109],[114.662904,9.721435],[114.660852,9.719815],[114.65995,9.718482],[114.659659,9.716611],[114.660164,9.713901],[114.662063,9.711501]]],[[[115.871586,9.744679],[115.871832,9.743389],[115.872344,9.741919],[115.872929,9.740736],[115.873635,9.739653],[115.873741,9.737484],[115.873676,9.735336],[115.873398,9.732906],[115.872942,9.730299],[115.87235,9.729443],[115.87203,9.72755],[115.871833,9.727029],[115.870104,9.724472],[115.869801,9.72309],[115.869099,9.720925],[115.867869,9.719858],[115.867946,9.719028],[115.867863,9.718681],[115.866777,9.717029],[115.866467,9.716305],[115.866384,9.714503],[115.865928,9.714372],[115.865035,9.714528],[115.864554,9.714388],[115.862383,9.712841],[115.861862,9.712066],[115.861874,9.711569],[115.862161,9.711059],[115.862551,9.710679],[115.863102,9.710404],[115.86326,9.70989],[115.863208,9.709142],[115.863064,9.708944],[115.862698,9.708803],[115.861669,9.708794],[115.861252,9.708684],[115.860797,9.708352],[115.860721,9.707743],[115.861028,9.706984],[115.86173,9.706579],[115.861963,9.706168],[115.862044,9.705648],[115.86175,9.704641],[115.861773,9.703985],[115.862067,9.702906],[115.862544,9.701934],[115.861952,9.700906],[115.861882,9.699967],[115.861678,9.699323],[115.860978,9.698499],[115.860677,9.69785],[115.860432,9.695299],[115.860174,9.694354],[115.85867,9.691831],[115.857796,9.690615],[115.856568,9.689423],[115.854156,9.686623],[115.853433,9.686441],[115.852287,9.686497],[115.85114,9.687031],[115.850867,9.687598],[115.850714,9.688286],[115.850707,9.6902],[115.85136,9.693402],[115.851303,9.694137],[115.852232,9.699379],[115.85373,9.705677],[115.854542,9.707833],[115.855261,9.709128],[115.856119,9.712313],[115.856284,9.713342],[115.856304,9.714491],[115.85601,9.715758],[115.855646,9.716546],[115.855499,9.717192],[115.855435,9.718246],[115.855706,9.720308],[115.854924,9.724546],[115.854697,9.725363],[115.854419,9.725871],[115.852876,9.727119],[115.851072,9.729886],[115.850245,9.730609],[115.8488,9.731156],[115.846327,9.73132],[115.845482,9.731131],[115.844887,9.730549],[115.845495,9.728116],[115.84532,9.725412],[115.845431,9.72362],[115.847741,9.715038],[115.847997,9.713562],[115.848047,9.712277],[115.847847,9.710793],[115.847426,9.70932],[115.846896,9.708291],[115.845329,9.705831],[115.844861,9.704406],[115.844153,9.700597],[115.84398,9.698707],[115.84406,9.696075],[115.844513,9.69356],[115.844421,9.691961],[115.844174,9.690916],[115.843347,9.688766],[115.842581,9.685153],[115.841134,9.681094],[115.840664,9.67848],[115.840478,9.67569],[115.840504,9.673803],[115.8407,9.672537],[115.841393,9.670345],[115.841491,9.668444],[115.841359,9.66607],[115.840613,9.661454],[115.840439,9.658581],[115.840571,9.658008],[115.840888,9.657525],[115.841413,9.657033],[115.842039,9.656708],[115.843206,9.656538],[115.844095,9.656768],[115.845338,9.657693],[115.846122,9.658759],[115.847005,9.660643],[115.84748,9.662071],[115.848844,9.667863],[115.849429,9.671677],[115.850045,9.673585],[115.850556,9.67453],[115.85108,9.675204],[115.853815,9.677209],[115.855271,9.678984],[115.856574,9.681523],[115.858307,9.685837],[115.860754,9.688961],[115.862125,9.691756],[115.862673,9.693762],[115.863536,9.695619],[115.863715,9.697533],[115.864067,9.699421],[115.865288,9.703358],[115.86539,9.704853],[115.86522,9.708237],[115.865466,9.709701],[115.865967,9.710881],[115.866593,9.711877],[115.867023,9.712312],[115.867992,9.712857],[115.86899,9.71437],[115.871438,9.719597],[115.871905,9.720921],[115.872239,9.722829],[115.872503,9.723676],[115.874066,9.726693],[115.874654,9.728326],[115.875808,9.735552],[115.877134,9.749444],[115.877574,9.751811],[115.878236,9.754229],[115.88013,9.759706],[115.883691,9.766894],[115.88499,9.769917],[115.885647,9.772073],[115.886356,9.775891],[115.887188,9.778889],[115.887733,9.780024],[115.889333,9.78273],[115.891688,9.787341],[115.892461,9.789356],[115.893174,9.792139],[115.893213,9.793156],[115.892931,9.794239],[115.892381,9.795288],[115.891651,9.796246],[115.89,9.797811],[115.887634,9.799731],[115.884358,9.80288],[115.882373,9.804513],[115.880952,9.805495],[115.878511,9.806676],[115.875397,9.807602],[115.869753,9.808549],[115.86712,9.808612],[115.865852,9.808463],[115.864752,9.80815],[115.861226,9.806328],[115.859477,9.805253],[115.857207,9.803538],[115.854482,9.802219],[115.853168,9.801409],[115.852206,9.800665],[115.851247,9.799609],[115.850366,9.798154],[115.849755,9.796252],[115.849441,9.794085],[115.849397,9.791614],[115.849164,9.790929],[115.84858,9.789917],[115.847177,9.788093],[115.846078,9.786274],[115.844816,9.783823],[115.843249,9.780265],[115.840421,9.775639],[115.838374,9.771569],[115.837109,9.769717],[115.834945,9.767511],[115.834072,9.766325],[115.833696,9.765458],[115.833631,9.76427],[115.833876,9.762689],[115.83434,9.761335],[115.835066,9.76003],[115.836053,9.758767],[115.836745,9.758135],[115.837615,9.757708],[115.839023,9.757387],[115.84047,9.75735],[115.84097,9.757134],[115.841389,9.756704],[115.84295,9.754458],[115.843404,9.753382],[115.84363,9.752229],[115.843692,9.750572],[115.843587,9.750141],[115.843061,9.749203],[115.842985,9.748663],[115.843161,9.748012],[115.844018,9.746283],[115.844104,9.745289],[115.843708,9.74378],[115.841612,9.738468],[115.841575,9.737796],[115.841876,9.737031],[115.842418,9.736209],[115.84387,9.734815],[115.844056,9.734397],[115.844318,9.733077],[115.844666,9.732639],[115.845375,9.732498],[115.847568,9.732613],[115.850032,9.731519],[115.851004,9.731393],[115.851657,9.731501],[115.851948,9.731815],[115.852087,9.732249],[115.852223,9.733518],[115.852125,9.734333],[115.851743,9.734916],[115.850356,9.735991],[115.849892,9.736513],[115.849201,9.737953],[115.84904,9.73929],[115.849302,9.740822],[115.849941,9.742409],[115.850829,9.7434],[115.852451,9.744676],[115.852944,9.745728],[115.852878,9.74682],[115.852412,9.748388],[115.852745,9.750003],[115.852852,9.751554],[115.852712,9.751941],[115.852192,9.752598],[115.851742,9.753444],[115.851152,9.755412],[115.851323,9.75622],[115.852545,9.757391],[115.852729,9.757899],[115.85273,9.758288],[115.852447,9.759139],[115.852029,9.759749],[115.851058,9.76074],[115.849237,9.762254],[115.846791,9.765711],[115.844643,9.767721],[115.844566,9.768118],[115.844747,9.76909],[115.844653,9.770727],[115.844989,9.772202],[115.847036,9.77585],[115.848084,9.778103],[115.849275,9.779855],[115.849492,9.780391],[115.849586,9.781061],[115.849506,9.781884],[115.849638,9.782669],[115.849888,9.782995],[115.850197,9.78313],[115.850795,9.78319],[115.851837,9.783002],[115.852511,9.78354],[115.852778,9.784383],[115.85283,9.785991],[115.853115,9.787389],[115.854151,9.789097],[115.855459,9.790479],[115.858577,9.792901],[115.859893,9.79581],[115.860918,9.797695],[115.86202,9.799026],[115.863681,9.800527],[115.866488,9.802585],[115.86777,9.802981],[115.868975,9.803046],[115.872079,9.802827],[115.874928,9.802246],[115.877387,9.801395],[115.88022,9.800002],[115.881357,9.799355],[115.882186,9.798671],[115.882952,9.797764],[115.88376,9.796422],[115.884592,9.79417],[115.884389,9.79219],[115.884565,9.791574],[115.88505,9.791103],[115.885453,9.790923],[115.886281,9.791372],[115.886531,9.791374],[115.88706,9.790928],[115.887376,9.790417],[115.887687,9.789487],[115.887769,9.788536],[115.887329,9.784407],[115.887106,9.783333],[115.886687,9.782266],[115.884704,9.779874],[115.883856,9.778085],[115.883283,9.775952],[115.88325,9.772352],[115.88281,9.770196],[115.882176,9.768482],[115.880503,9.765647],[115.879611,9.762651],[115.87859,9.760258],[115.878189,9.758937],[115.877918,9.758359],[115.877678,9.758143],[115.876834,9.757997],[115.875604,9.758088],[115.875242,9.75792],[115.875123,9.75756],[115.875126,9.756699],[115.875274,9.755575],[115.876129,9.752539],[115.876047,9.752136],[115.875311,9.751004],[115.873352,9.748851],[115.872639,9.747873],[115.871792,9.745977],[115.871586,9.744679]]],[[[116.42962,9.7719],[116.428899,9.771659],[116.428026,9.770773],[116.427579,9.770465],[116.427326,9.770453],[116.427089,9.770615],[116.426936,9.771071],[116.427135,9.772181],[116.427062,9.772571],[116.426838,9.772769],[116.426399,9.772789],[116.425926,9.772665],[116.425604,9.772418],[116.425301,9.77189],[116.425218,9.77136],[116.425559,9.770665],[116.426099,9.770126],[116.427197,9.769529],[116.428304,9.769154],[116.428728,9.768847],[116.428928,9.768555],[116.428884,9.767882],[116.429347,9.767659],[116.429652,9.767812],[116.429838,9.768087],[116.429959,9.769334],[116.430415,9.770336],[116.430531,9.770913],[116.430512,9.771305],[116.430331,9.771613],[116.430012,9.771827],[116.42962,9.7719]]],[[[116.426262,9.775788],[116.425909,9.775356],[116.425781,9.77483],[116.42589,9.774531],[116.426212,9.774353],[116.426669,9.774381],[116.427233,9.774619],[116.427924,9.775151],[116.42806,9.775424],[116.42797,9.775849],[116.427433,9.776033],[116.426719,9.776035],[116.426262,9.775788]]],[[[116.414728,9.778734],[116.41716,9.776122],[116.418064,9.775429],[116.419737,9.774966],[116.420195,9.775076],[116.420572,9.775443],[116.420891,9.775412],[116.421359,9.774969],[116.421623,9.774083],[116.422302,9.773755],[116.423675,9.77363],[116.424046,9.773737],[116.424257,9.77396],[116.424217,9.774204],[116.423656,9.774458],[116.422757,9.775309],[116.42216,9.776251],[116.421272,9.776424],[116.420883,9.776657],[116.421059,9.77701],[116.421711,9.777528],[116.423403,9.778278],[116.423553,9.778681],[116.423421,9.778988],[116.423001,9.779342],[116.421246,9.780022],[116.420699,9.780621],[116.419572,9.784709],[116.419606,9.786753],[116.419264,9.788319],[116.419262,9.789584],[116.419506,9.789874],[116.42025,9.790062],[116.420829,9.790017],[116.421389,9.789752],[116.421812,9.789199],[116.422295,9.787772],[116.423313,9.786238],[116.423706,9.78589],[116.424156,9.785895],[116.42451,9.786083],[116.424897,9.786512],[116.42523,9.787496],[116.425586,9.788026],[116.426406,9.788577],[116.42651,9.789215],[116.426744,9.789611],[116.428419,9.790922],[116.429355,9.792082],[116.430168,9.792794],[116.430433,9.793426],[116.430336,9.793827],[116.43004,9.794018],[116.429511,9.794133],[116.427953,9.794035],[116.427112,9.794264],[116.426341,9.794722],[116.426149,9.79473],[116.425876,9.794469],[116.42578,9.794028],[116.425476,9.793612],[116.425668,9.792455],[116.425499,9.791777],[116.424836,9.791013],[116.423961,9.790622],[116.421151,9.790928],[116.420092,9.791471],[116.418995,9.791594],[116.418408,9.791942],[116.418371,9.793112],[116.418903,9.794289],[116.419103,9.794118],[116.419706,9.794071],[116.419959,9.794179],[116.420055,9.794502],[116.420041,9.795483],[116.419238,9.795884],[116.419131,9.797078],[116.419493,9.798719],[116.420451,9.801303],[116.420909,9.801842],[116.422121,9.802147],[116.424387,9.803456],[116.425554,9.803822],[116.427024,9.803927],[116.427685,9.803695],[116.428137,9.802906],[116.428598,9.802689],[116.429401,9.802722],[116.430176,9.803169],[116.430809,9.803267],[116.432576,9.803092],[116.433912,9.802601],[116.434157,9.802149],[116.433965,9.800927],[116.434334,9.800015],[116.434291,9.799198],[116.434029,9.79845],[116.433599,9.797814],[116.433346,9.797554],[116.43297,9.797513],[116.432683,9.797306],[116.432431,9.796489],[116.432484,9.796128],[116.4327,9.795808],[116.432976,9.79561],[116.433242,9.795621],[116.434598,9.79647],[116.435403,9.797475],[116.436795,9.798338],[116.43756,9.798998],[116.437578,9.79943],[116.436863,9.800655],[116.436879,9.801146],[116.437023,9.801427],[116.438632,9.802007],[116.440856,9.802245],[116.441708,9.802945],[116.442626,9.803287],[116.443142,9.8037],[116.444272,9.805402],[116.444273,9.805805],[116.443957,9.807016],[116.444033,9.80728],[116.444259,9.807472],[116.444552,9.807548],[116.445154,9.807362],[116.446568,9.806359],[116.447124,9.80611],[116.448198,9.806003],[116.449095,9.806183],[116.449779,9.806744],[116.450612,9.808749],[116.450884,9.809071],[116.451245,9.809263],[116.451699,9.809365],[116.452399,9.809322],[116.454758,9.808677],[116.455378,9.808763],[116.455816,9.809379],[116.455704,9.810869],[116.455818,9.811593],[116.456053,9.812035],[116.456874,9.81262],[116.458856,9.812904],[116.459276,9.81261],[116.459595,9.811955],[116.459658,9.809669],[116.459814,9.808504],[116.45959,9.807933],[116.459167,9.807364],[116.458121,9.806651],[116.457633,9.806144],[116.457378,9.805236],[116.457562,9.804645],[116.458319,9.804197],[116.460932,9.8043],[116.461999,9.804111],[116.462619,9.803873],[116.463308,9.802995],[116.464783,9.801933],[116.466507,9.800045],[116.469655,9.79788],[116.471221,9.796627],[116.471625,9.796182],[116.472211,9.795134],[116.472643,9.794693],[116.473301,9.794231],[116.473868,9.794069],[116.474491,9.794409],[116.4754,9.795501],[116.475912,9.796558],[116.476179,9.797696],[116.476114,9.799341],[116.475864,9.800518],[116.475392,9.80173],[116.475385,9.803523],[116.475152,9.804485],[116.474881,9.804894],[116.474148,9.805542],[116.473569,9.806465],[116.472246,9.807732],[116.47189,9.808718],[116.471747,9.810147],[116.47131,9.811112],[116.470719,9.811669],[116.469012,9.812832],[116.467951,9.813251],[116.464076,9.814115],[116.462425,9.814268],[116.460885,9.814166],[116.459682,9.814319],[116.458712,9.814631],[116.455829,9.8159],[116.454246,9.816257],[116.452717,9.816367],[116.450735,9.816178],[116.449941,9.815926],[116.449252,9.815553],[116.447354,9.814158],[116.445972,9.812915],[116.444394,9.811163],[116.442637,9.808903],[116.441703,9.807955],[116.440514,9.807284],[116.43748,9.806125],[116.435809,9.805667],[116.434187,9.805462],[116.429733,9.805636],[116.423638,9.805224],[116.418758,9.805245],[116.415784,9.804965],[116.414487,9.804581],[116.413415,9.804027],[116.412761,9.803385],[116.412302,9.802325],[116.412143,9.80113],[116.412331,9.799861],[116.412349,9.797491],[116.412615,9.795534],[116.414512,9.789923],[116.414819,9.78863],[116.414844,9.787368],[116.414687,9.786132],[116.414231,9.784281],[116.413558,9.782451],[116.413466,9.781808],[116.413756,9.780496],[116.414728,9.778734]]],[[[116.450067,9.803825],[116.449734,9.803071],[116.449434,9.802728],[116.44947,9.802635],[116.449906,9.802609],[116.450235,9.80288],[116.450323,9.803365],[116.450067,9.803825]]],[[[116.447521,9.804602],[116.446575,9.803343],[116.446518,9.80309],[116.446851,9.802711],[116.447336,9.802605],[116.4482,9.803411],[116.448686,9.804161],[116.448725,9.804607],[116.448431,9.804932],[116.447962,9.804883],[116.447521,9.804602]]],[[[116.450783,9.805086],[116.450541,9.804707],[116.450681,9.804198],[116.451108,9.803883],[116.451721,9.803834],[116.451821,9.804104],[116.451716,9.804341],[116.451089,9.80499],[116.450783,9.805086]]],[[[116.451816,9.808782],[116.451485,9.808346],[116.45147,9.807857],[116.451679,9.807466],[116.452116,9.807358],[116.45241,9.807636],[116.452396,9.808154],[116.452072,9.80882],[116.451816,9.808782]]],[[[115.501358,9.895691],[115.500989,9.895713],[115.499973,9.895277],[115.499074,9.895087],[115.49884,9.894734],[115.498806,9.894363],[115.499075,9.893455],[115.499973,9.892598],[115.500191,9.891362],[115.501394,9.887979],[115.502165,9.886555],[115.502691,9.885902],[115.504059,9.884442],[115.506037,9.882655],[115.507321,9.881667],[115.508767,9.880784],[115.510556,9.880022],[115.512163,9.879563],[115.514579,9.879101],[115.515051,9.879118],[115.515419,9.879301],[115.515966,9.88002],[115.516268,9.880865],[115.516287,9.881882],[115.516018,9.882582],[115.514838,9.883411],[115.510297,9.885434],[115.509281,9.886053],[115.508356,9.886805],[115.507315,9.88794],[115.506564,9.88934],[115.504558,9.890456],[115.503668,9.891151],[115.503298,9.891855],[115.503135,9.892579],[115.503176,9.894147],[115.50281,9.894529],[115.501703,9.895163],[115.501358,9.895691]]],[[[115.575589,9.897154],[115.577716,9.900079],[115.578591,9.901709],[115.578204,9.905236],[115.577789,9.903559],[115.577009,9.902719],[115.575863,9.902594],[115.574837,9.90265],[115.57381,9.903184],[115.573203,9.904078],[115.573001,9.908802],[115.572627,9.911671],[115.570802,9.915312],[115.566987,9.918585],[115.561908,9.921374],[115.555144,9.923199],[115.550859,9.923719],[115.546016,9.923736],[115.552866,9.922162],[115.562181,9.919263],[115.565154,9.91735],[115.568027,9.914829],[115.571318,9.910181],[115.571743,9.906433],[115.570881,9.90298],[115.570752,9.90086],[115.570775,9.898734],[115.570252,9.897509],[115.567077,9.893741],[115.565864,9.892479],[115.564243,9.891085],[115.562368,9.890055],[115.561319,9.88913],[115.561001,9.888765],[115.560502,9.887555],[115.559817,9.886385],[115.55928,9.885692],[115.55869,9.885164],[115.557591,9.884432],[115.555712,9.883532],[115.553596,9.88166],[115.552842,9.881137],[115.549166,9.880044],[115.547751,9.87942],[115.54625,9.878552],[115.545297,9.878359],[115.544404,9.878395],[115.54296,9.87874],[115.541217,9.879393],[115.540238,9.879592],[115.539349,9.879598],[115.538435,9.879353],[115.537982,9.879361],[115.53709,9.879685],[115.53609,9.880499],[115.535592,9.880691],[115.534843,9.880654],[115.533929,9.880327],[115.533279,9.880317],[115.53307,9.880444],[115.532144,9.8817],[115.531515,9.882146],[115.529421,9.882581],[115.526544,9.883806],[115.525481,9.88385],[115.52431,9.88357],[115.523551,9.883635],[115.521436,9.885125],[115.520222,9.885411],[115.519357,9.885293],[115.518611,9.884961],[115.517989,9.884426],[115.517452,9.883694],[115.516904,9.881954],[115.516795,9.879221],[115.517158,9.878828],[115.517861,9.878671],[115.520715,9.878517],[115.524936,9.878694],[115.528341,9.878236],[115.533306,9.877077],[115.535496,9.876418],[115.537498,9.875486],[115.54029,9.873792],[115.541904,9.873218],[115.542999,9.87301],[115.544236,9.872947],[115.545415,9.873061],[115.546809,9.873394],[115.548603,9.874244],[115.553749,9.87753],[115.557222,9.880117],[115.56291,9.884605],[115.567782,9.889055],[115.575589,9.897154]]],[[[114.639034,9.935118],[114.638988,9.934084],[114.63911,9.933372],[114.639446,9.932421],[114.639854,9.932006],[114.640528,9.931938],[114.641306,9.932145],[114.641834,9.932479],[114.642386,9.933092],[114.642841,9.933891],[114.643184,9.934991],[114.643444,9.936736],[114.643563,9.939892],[114.643866,9.941154],[114.644541,9.942712],[114.645837,9.945008],[114.647777,9.947746],[114.648813,9.948746],[114.651481,9.950622],[114.652716,9.951848],[114.652924,9.952313],[114.652916,9.952892],[114.652753,9.953383],[114.652435,9.953724],[114.651988,9.953944],[114.651507,9.953972],[114.650576,9.953546],[114.647157,9.950507],[114.644143,9.946832],[114.642275,9.943921],[114.640705,9.940783],[114.639633,9.937844],[114.639034,9.935118]]],[[[114.607621,9.999432],[114.606934,9.998879],[114.606419,9.998071],[114.606232,9.997254],[114.606462,9.996496],[114.607142,9.995776],[114.608243,9.995388],[114.609296,9.995135],[114.611041,9.995112],[114.61432,9.996028],[114.617111,9.996114],[114.618623,9.995958],[114.62003,9.99478],[114.62323,9.99411],[114.626386,9.993867],[114.628835,9.992269],[114.630838,9.991492],[114.634232,9.991615],[114.638628,9.99125],[114.642432,9.989892],[114.643937,9.988913],[114.644345,9.987728],[114.643761,9.985645],[114.640083,9.983342],[114.638092,9.982536],[114.637895,9.982139],[114.638005,9.980754],[114.639823,9.977897],[114.641936,9.975536],[114.643555,9.972677],[114.645868,9.970318],[114.648782,9.967765],[114.650969,9.96522],[114.650425,9.961343],[114.650477,9.959717],[114.650926,9.957928],[114.651586,9.956785],[114.652169,9.956143],[114.653113,9.955648],[114.654272,9.955512],[114.655791,9.955523],[114.657084,9.956967],[114.658563,9.962573],[114.659024,9.96896],[114.659922,9.974921],[114.661688,9.980959],[114.66713,9.994633],[114.668763,9.99706],[114.671991,10.0008],[114.672701,10.002251],[114.672753,10.003457],[114.67203,10.0059],[114.670726,10.007174],[114.668834,10.008217],[114.666479,10.008427],[114.6646,10.007718],[114.65742,10.00755],[114.651183,10.007036],[114.647895,10.005847],[114.643907,10.003714],[114.641204,10.003117],[114.630612,10.002572],[114.613098,10.000976],[114.609381,10.000043],[114.6088,10.000024],[114.607621,9.999432]]],[[[115.177942,9.991617],[115.178432,9.993611],[115.178218,9.996],[115.176903,9.997984],[115.174889,9.999218],[115.173399,9.999531],[115.171084,9.99953],[115.170122,9.999241],[115.169116,9.99815],[115.167626,9.996838],[115.167085,9.994893],[115.1672,9.992405],[115.168012,9.990617],[115.170133,9.988338],[115.172793,9.988204],[115.174446,9.988611],[115.176497,9.989817],[115.177942,9.991617]]],[[[116.14749,10.123196],[116.145217,10.124056],[116.143591,10.123846],[116.14198,10.122911],[116.141178,10.121182],[116.141181,10.11998],[116.1428,10.117724],[116.146035,10.113873],[116.148055,10.112404],[116.149668,10.112282],[116.150742,10.112818],[116.151142,10.11441],[116.150998,10.117745],[116.148434,10.122132],[116.14749,10.123196]]],[[[115.309909,10.178564],[115.314143,10.180591],[115.320568,10.188551],[115.324511,10.191874],[115.32933,10.198241],[115.330644,10.20099],[115.330938,10.203452],[115.330645,10.204461],[115.329332,10.204896],[115.327434,10.203591],[115.319988,10.199833],[115.316338,10.198815],[115.310353,10.19838],[115.306411,10.199398],[115.301011,10.202434],[115.291378,10.208792],[115.285539,10.212411],[115.28262,10.213133],[115.281306,10.212698],[115.280284,10.211254],[115.27999,10.207052],[115.279259,10.199824],[115.279695,10.195631],[115.282468,10.190134],[115.284949,10.186524],[115.286923,10.183095],[115.287283,10.181435],[115.287281,10.175963],[115.286259,10.172631],[115.286696,10.171622],[115.287426,10.171622],[115.302463,10.175528],[115.309909,10.178564]]],[[[115.36379,10.243432],[115.365971,10.244164],[115.366871,10.244581],[115.370052,10.246314],[115.371193,10.247041],[115.375856,10.250499],[115.378094,10.253808],[115.37888,10.256044],[115.378877,10.256559],[115.37839,10.2577],[115.378054,10.257862],[115.376304,10.257886],[115.373463,10.257459],[115.369923,10.25806],[115.366733,10.257906],[115.365139,10.257589],[115.363481,10.256276],[115.362897,10.255277],[115.361634,10.251321],[115.360893,10.247058],[115.36097,10.245616],[115.361079,10.244758],[115.361497,10.244348],[115.36254,10.243838],[115.36379,10.243432]]],[[[114.699927,10.336176],[114.699114,10.342117],[114.699399,10.345169],[114.70015,10.347766],[114.701818,10.351438],[114.705171,10.356188],[114.707615,10.35895],[114.710816,10.363548],[114.716006,10.369836],[114.71814,10.372901],[114.719507,10.375503],[114.7195,10.37657],[114.719341,10.377179],[114.718567,10.377784],[114.717336,10.377622],[114.715804,10.376392],[114.709693,10.369639],[114.706325,10.36687],[114.701264,10.363937],[114.698503,10.362545],[114.692356,10.360671],[114.690679,10.358372],[114.689159,10.355616],[114.688251,10.353475],[114.687954,10.351948],[114.687047,10.349655],[114.685547,10.344154],[114.684173,10.34262],[114.682948,10.341696],[114.682184,10.340776],[114.679542,10.339483],[114.676711,10.336644],[114.673867,10.33563],[114.671026,10.3342],[114.669458,10.334188],[114.667599,10.335024],[114.662894,10.335126],[114.653195,10.335904],[114.642647,10.335827],[114.638939,10.33608],[114.637232,10.335643],[114.635953,10.335064],[114.631821,10.334899],[114.628679,10.33558],[114.622264,10.335668],[114.619844,10.335226],[114.615429,10.334769],[114.612869,10.33391],[114.611737,10.332772],[114.611889,10.3315],[114.612893,10.330658],[114.621016,10.331007],[114.627007,10.330347],[114.631,10.330087],[114.636985,10.330275],[114.642405,10.32989],[114.648819,10.329937],[114.653103,10.328839],[114.657682,10.326334],[114.664296,10.318342],[114.668191,10.311875],[114.669797,10.306521],[114.669813,10.304262],[114.669401,10.302001],[114.668558,10.300296],[114.665301,10.297454],[114.659338,10.294024],[114.655932,10.291876],[114.654521,10.289887],[114.654246,10.288476],[114.655394,10.2875],[114.657243,10.287938],[114.660506,10.29022],[114.663629,10.291932],[114.667327,10.293088],[114.671888,10.29313],[114.673736,10.293703],[114.675292,10.295412],[114.67797,10.299659],[114.68165,10.303363],[114.687197,10.304956],[114.692019,10.308523],[114.694141,10.310797],[114.69625,10.314904],[114.697835,10.319038],[114.703876,10.322481],[114.704794,10.32325],[114.705094,10.324472],[114.704613,10.327061],[114.700711,10.3342],[114.699927,10.336176]]],[[[115.743798,10.459697],[115.740295,10.461012],[115.738948,10.461278],[115.733954,10.465515],[115.732872,10.466713],[115.730986,10.467501],[115.7287,10.467221],[115.72776,10.466819],[115.725741,10.466947],[115.723316,10.467732],[115.719944,10.469987],[115.716839,10.472632],[115.716155,10.475296],[115.71574,10.478494],[115.715466,10.479424],[115.714792,10.479683],[115.713986,10.479544],[115.712913,10.478609],[115.710908,10.47541],[115.710646,10.473809],[115.711595,10.472087],[115.714291,10.470634],[115.716451,10.468771],[115.718878,10.467588],[115.721577,10.465466],[115.72414,10.463741],[115.726112,10.462718],[115.726358,10.462081],[115.728732,10.458968],[115.729947,10.458042],[115.730965,10.457541],[115.731503,10.457408],[115.733587,10.457388],[115.735065,10.456463],[115.737353,10.456472],[115.740722,10.455157],[115.742741,10.454767],[115.745162,10.454776],[115.748392,10.454518],[115.751352,10.45453],[115.753369,10.454673],[115.755118,10.454942],[115.759155,10.45456],[115.763325,10.454576],[115.764808,10.453922],[115.767761,10.454489],[115.769184,10.453935],[115.769995,10.45375],[115.780419,10.452581],[115.784858,10.452797],[115.789811,10.454528],[115.790579,10.455056],[115.791386,10.455977],[115.791845,10.457126],[115.792245,10.459256],[115.792493,10.461612],[115.793882,10.467877],[115.794048,10.477734],[115.794573,10.481198],[115.794296,10.483321],[115.794827,10.485185],[115.795763,10.486788],[115.795211,10.490384],[115.796142,10.493451],[115.79734,10.496782],[115.801089,10.501587],[115.801219,10.503187],[115.800945,10.504388],[115.801342,10.506252],[115.801309,10.514902],[115.802238,10.518503],[115.802364,10.520763],[115.801275,10.524094],[115.801538,10.525822],[115.80274,10.527959],[115.803,10.530618],[115.803528,10.533286],[115.803238,10.53888],[115.802562,10.539673],[115.799732,10.540864],[115.794885,10.541379],[115.793269,10.541771],[115.790981,10.541762],[115.788831,10.541085],[115.780234,10.536795],[115.777012,10.53492],[115.771231,10.533298],[115.765446,10.532878],[115.761005,10.532987],[115.757774,10.533381],[115.754407,10.534163],[115.751979,10.535618],[115.749438,10.536436],[115.748711,10.537274],[115.747426,10.538283],[115.746507,10.538635],[115.744221,10.5392],[115.741588,10.539381],[115.740384,10.539307],[115.737432,10.53876],[115.735317,10.538916],[115.734409,10.538855],[115.733103,10.538479],[115.731382,10.537533],[115.728565,10.535127],[115.727023,10.533321],[115.726167,10.532654],[115.725654,10.531873],[115.725218,10.530856],[115.724556,10.528187],[115.723489,10.525652],[115.723362,10.523925],[115.718544,10.517244],[115.716771,10.513892],[115.712452,10.509778],[115.71158,10.508649],[115.710634,10.507219],[115.708245,10.502027],[115.701941,10.492528],[115.700269,10.490671],[115.699635,10.489558],[115.699444,10.488558],[115.699608,10.486834],[115.701158,10.484137],[115.703728,10.481282],[115.707395,10.47912],[115.70794,10.477396],[115.709288,10.476868],[115.710093,10.477404],[115.71009,10.478064],[115.71103,10.478601],[115.711967,10.479807],[115.712094,10.48167],[115.713154,10.48594],[115.718373,10.492876],[115.719979,10.494753],[115.721719,10.497418],[115.722111,10.500221],[115.721962,10.503682],[115.722094,10.504478],[115.722496,10.504878],[115.723573,10.504882],[115.724247,10.504351],[115.725862,10.504231],[115.727613,10.503832],[115.728825,10.50371],[115.732591,10.503987],[115.733933,10.505059],[115.733927,10.506388],[115.732842,10.508779],[115.728782,10.514357],[115.72756,10.517145],[115.727553,10.518881],[115.72822,10.520347],[115.729293,10.521418],[115.731039,10.522085],[115.731981,10.522225],[115.732792,10.521297],[115.731991,10.519567],[115.732142,10.515573],[115.73282,10.514111],[115.735927,10.511186],[115.737006,10.510395],[115.739161,10.50987],[115.741575,10.511877],[115.746134,10.516026],[115.747878,10.517362],[115.750027,10.518572],[115.751775,10.518841],[115.755004,10.51899],[115.758722,10.51889],[115.761734,10.518347],[115.764023,10.518094],[115.765101,10.517565],[115.765778,10.516763],[115.766722,10.515971],[115.768204,10.515715],[115.769684,10.515721],[115.770762,10.515318],[115.771035,10.514253],[115.770769,10.513456],[115.76916,10.51185],[115.769435,10.510523],[115.770517,10.509062],[115.77173,10.508534],[115.774153,10.508146],[115.775501,10.507617],[115.776446,10.50669],[115.77645,10.505759],[115.77525,10.502826],[115.774718,10.501088],[115.774725,10.499362],[115.77433,10.497227],[115.773125,10.495623],[115.771649,10.494551],[115.770846,10.49349],[115.770187,10.489619],[115.770197,10.487088],[115.769396,10.485494],[115.767922,10.483889],[115.766849,10.482953],[115.766317,10.481487],[115.766332,10.477356],[115.766743,10.475632],[115.767689,10.474569],[115.769171,10.474177],[115.771053,10.474184],[115.77267,10.473657],[115.77469,10.473258],[115.777786,10.473008],[115.778859,10.473681],[115.780474,10.473687],[115.784104,10.474234],[115.785045,10.4745],[115.785987,10.474504],[115.786395,10.473574],[115.785189,10.47197],[115.779421,10.467555],[115.771909,10.461533],[115.769893,10.460866],[115.767477,10.459392],[115.766003,10.458048],[115.764659,10.45751],[115.763448,10.457641],[115.761022,10.45896],[115.759407,10.459089],[115.755908,10.459076],[115.755103,10.458675],[115.753093,10.456534],[115.752421,10.456405],[115.749455,10.457984],[115.74717,10.457577],[115.743798,10.459697]]],[[[115.838637,10.611739],[115.843893,10.618818],[115.846238,10.627455],[115.850168,10.635837],[115.856587,10.644063],[115.857129,10.645072],[115.857046,10.645894],[115.856298,10.646633],[115.855574,10.646893],[115.854619,10.646574],[115.851725,10.643425],[115.84857,10.639492],[115.847784,10.637659],[115.846468,10.636346],[115.844335,10.641568],[115.842727,10.647838],[115.840871,10.649661],[115.839555,10.648349],[115.837968,10.648866],[115.836638,10.651476],[115.836883,10.656444],[115.833968,10.658787],[115.835283,10.660361],[115.835792,10.66533],[115.836849,10.665334],[115.837394,10.660891],[115.838714,10.661158],[115.83923,10.664297],[115.838945,10.669787],[115.835758,10.67422],[115.832045,10.678129],[115.828345,10.678638],[115.826234,10.677845],[115.823857,10.677836],[115.820677,10.680178],[115.818299,10.68043],[115.816718,10.679378],[115.815935,10.676761],[115.818063,10.673108],[115.818867,10.670235],[115.819422,10.663177],[115.822091,10.656128],[115.821842,10.652205],[115.819494,10.644613],[115.818458,10.639118],[115.821652,10.632855],[115.822466,10.627367],[115.818009,10.61846],[115.817488,10.616628],[115.819629,10.609315],[115.822825,10.602529],[115.822841,10.598345],[115.824965,10.595477],[115.827078,10.595485],[115.832865,10.60152],[115.838637,10.611739]]],[[[115.876751,10.662081],[115.874377,10.661027],[115.870959,10.656831],[115.868591,10.654207],[115.86331,10.653404],[115.861729,10.652352],[115.859677,10.648709],[115.858873,10.647783],[115.858873,10.647208],[115.859039,10.646715],[115.859621,10.646469],[115.860975,10.646733],[115.863069,10.647389],[115.869138,10.64898],[115.874143,10.65292],[115.877818,10.659209],[115.877544,10.661823],[115.876751,10.662081]]],[[[116.174258,10.722895],[116.175834,10.729207],[116.17551,10.731413],[116.174075,10.731409],[116.172645,10.729986],[116.170198,10.72929],[116.167642,10.729439],[116.165262,10.728953],[116.164052,10.727996],[116.163183,10.726922],[116.163046,10.726276],[116.163546,10.72499],[116.164632,10.723057],[116.164777,10.722127],[116.16216,10.718921],[116.161631,10.716915],[116.161432,10.714886],[116.161631,10.713119],[116.161859,10.712298],[116.164588,10.704894],[116.165561,10.698748],[116.166073,10.686135],[116.165132,10.680771],[116.16514,10.677775],[116.164354,10.673831],[116.163565,10.671149],[116.163578,10.666576],[116.160402,10.662626],[116.160248,10.661049],[116.159777,10.658524],[116.160421,10.656003],[116.159023,10.645633],[116.159023,10.643084],[116.159506,10.634003],[116.159989,10.627789],[116.159748,10.622133],[116.158782,10.617034],[116.157574,10.613369],[116.15701,10.610581],[116.157091,10.608908],[116.157332,10.607553],[116.158137,10.606279],[116.159184,10.605243],[116.159777,10.60487],[116.165337,10.603943],[116.170896,10.604336],[116.176454,10.605776],[116.180557,10.608264],[116.184528,10.611406],[116.197763,10.629212],[116.205174,10.639816],[116.206895,10.642696],[116.207292,10.644005],[116.207027,10.646493],[116.206498,10.648718],[116.204777,10.651205],[116.202395,10.652776],[116.199934,10.653269],[116.194659,10.660035],[116.177869,10.683801],[116.176586,10.686951],[116.174495,10.694041],[116.174486,10.697668],[116.175902,10.703978],[116.175575,10.707131],[116.173793,10.718164],[116.174258,10.722895]]],[[[116.207525,10.674732],[116.206568,10.675045],[116.205932,10.674571],[116.20785,10.672368],[116.21072,10.671429],[116.211515,10.671904],[116.211989,10.673324],[116.210551,10.674898],[116.207525,10.674732]]],[[[116.228809,10.738192],[116.227318,10.74021],[116.225271,10.741676],[116.222291,10.744609],[116.22043,10.745708],[116.218576,10.744232],[116.218586,10.740556],[116.217104,10.738898],[116.217478,10.737796],[116.219704,10.739088],[116.222496,10.736889],[116.224728,10.735792],[116.226402,10.735245],[116.227701,10.735432],[116.228809,10.738192]]],[[[115.873887,10.77162],[115.870439,10.778681],[115.8704,10.789139],[115.863835,10.797727],[115.86009,10.800789],[115.852301,10.803835],[115.848242,10.807819],[115.844481,10.814879],[115.837281,10.826539],[115.832906,10.831444],[115.830733,10.830205],[115.822069,10.818177],[115.81556,10.812001],[115.813407,10.805534],[115.813116,10.800612],[115.809406,10.794754],[115.805081,10.787048],[115.804799,10.779665],[115.810137,10.767075],[115.810788,10.759696],[115.80802,10.751689],[115.809287,10.74585],[115.806118,10.741566],[115.803965,10.738053],[115.802949,10.738385],[115.801808,10.73772],[115.801095,10.736879],[115.800454,10.735688],[115.799491,10.73159],[115.799705,10.730014],[115.802022,10.726161],[115.805183,10.722975],[115.805171,10.710374],[115.812686,10.689475],[115.816365,10.682717],[115.819886,10.682925],[115.824144,10.684848],[115.828874,10.686304],[115.832027,10.68646],[115.834445,10.686876],[115.836652,10.687604],[115.833183,10.696026],[115.831291,10.704864],[115.82982,10.709231],[115.82509,10.709231],[115.823092,10.710166],[115.822987,10.712714],[115.828874,10.713701],[115.831764,10.715989],[115.830135,10.721395],[115.826771,10.723682],[115.822252,10.72337],[115.818993,10.723318],[115.812371,10.726177],[115.812371,10.728101],[115.815104,10.72914],[115.817048,10.734079],[115.815218,10.740336],[115.816118,10.748952],[115.813605,10.755094],[115.815452,10.760022],[115.820138,10.754811],[115.821991,10.758201],[115.817926,10.763722],[115.819164,10.765265],[115.82665,10.760064],[115.828503,10.763455],[115.822573,10.768661],[115.817255,10.77633],[115.815366,10.782166],[115.81629,10.784323],[115.820649,10.783417],[115.824372,10.785891],[115.824353,10.790812],[115.822786,10.793882],[115.825899,10.793279],[115.831215,10.786225],[115.835874,10.788088],[115.842404,10.788728],[115.851136,10.782916],[115.857388,10.774943],[115.855223,10.771551],[115.853353,10.772467],[115.849294,10.77645],[115.84931,10.772452],[115.852751,10.767236],[115.854311,10.766012],[115.85896,10.770642],[115.860183,10.776183],[115.862959,10.782345],[115.859518,10.787561],[115.862318,10.787571],[115.865108,10.790042],[115.867301,10.786052],[115.867009,10.780822],[115.864551,10.772816],[115.866123,10.768208],[115.868301,10.768216],[115.871729,10.766383],[115.870217,10.75469],[115.867734,10.75345],[115.860883,10.755578],[115.857469,10.753413],[115.857188,10.745415],[115.859708,10.73712],[115.863465,10.730367],[115.870345,10.720242],[115.875611,10.726105],[115.878721,10.726116],[115.876871,10.721804],[115.879996,10.717816],[115.882812,10.713213],[115.880346,10.707052],[115.879138,10.697513],[115.874491,10.692575],[115.872946,10.689801],[115.874827,10.68581],[115.884176,10.680307],[115.884184,10.678154],[115.878925,10.670753],[115.877385,10.666749],[115.878326,10.6646],[115.881121,10.665532],[115.884834,10.670467],[115.887915,10.678475],[115.89502,10.691418],[115.89935,10.6982],[115.898402,10.702195],[115.893097,10.707098],[115.888699,10.719385],[115.884606,10.732904],[115.879241,10.7538],[115.87361,10.762391],[115.873887,10.77162]]],[[[116.182337,10.749837],[116.177534,10.740082],[116.17643,10.736219],[116.177362,10.735119],[116.178481,10.733467],[116.183316,10.731274],[116.184616,10.731278],[116.1872,10.737534],[116.187935,10.740661],[116.186431,10.747275],[116.18717,10.748931],[116.189397,10.749488],[116.19088,10.750963],[116.190874,10.753168],[116.188259,10.758309],[116.188253,10.760514],[116.188805,10.762722],[116.190095,10.766585],[116.195096,10.772297],[116.19769,10.774693],[116.199354,10.777638],[116.199532,10.780948],[116.197104,10.785537],[116.195606,10.790128],[116.196714,10.792337],[116.205612,10.80008],[116.208021,10.80266],[116.208942,10.805603],[116.20763,10.809828],[116.209292,10.813876],[116.208915,10.815713],[116.207241,10.816628],[116.205198,10.816071],[116.202604,10.813307],[116.199278,10.806498],[116.196683,10.804101],[116.195944,10.802629],[116.192245,10.796369],[116.191142,10.791955],[116.187631,10.784593],[116.185982,10.776133],[116.185255,10.770249],[116.184148,10.767305],[116.184153,10.765467],[116.185278,10.761426],[116.185289,10.757382],[116.182337,10.749837]]],[[[116.250497,10.781965],[116.251836,10.779824],[116.253178,10.776777],[116.254013,10.776367],[116.256596,10.77695],[116.258011,10.778025],[116.258175,10.779345],[116.257504,10.78058],[116.254832,10.782058],[116.253411,10.783621],[116.253489,10.785682],[116.252152,10.787163],[116.250815,10.787901],[116.249482,10.787486],[116.248234,10.786411],[116.24782,10.785503],[116.248407,10.784103],[116.250497,10.781965]]],[[[116.27431,10.796697],[116.274801,10.800408],[116.273112,10.809308],[116.271605,10.811696],[116.269933,10.813176],[116.267345,10.814489],[116.265177,10.814484],[116.260756,10.814885],[116.259506,10.814388],[116.255843,10.811741],[116.253265,10.809096],[116.25252,10.806703],[116.252277,10.803982],[116.253198,10.802418],[116.254701,10.80135],[116.257122,10.800284],[116.258793,10.799298],[116.261461,10.799222],[116.263799,10.797991],[116.266054,10.796512],[116.268558,10.795529],[116.272146,10.794795],[116.273395,10.795376],[116.27431,10.796697]]],[[[116.087515,10.806394],[116.088911,10.801192],[116.090017,10.799566],[116.090435,10.799209],[116.091843,10.799133],[116.093164,10.799405],[116.093716,10.799828],[116.095191,10.802175],[116.09545,10.803032],[116.095572,10.80565],[116.094972,10.808675],[116.093889,10.811805],[116.092701,10.813873],[116.091091,10.815316],[116.090205,10.815426],[116.088965,10.815102],[116.088092,10.81427],[116.087756,10.813563],[116.087099,10.810388],[116.087515,10.806394]]],[[[116.285369,10.807185],[116.286168,10.806296],[116.286868,10.806197],[116.287567,10.806394],[116.289766,10.807679],[116.302157,10.815581],[116.308553,10.81894],[116.309752,10.819335],[116.311451,10.819632],[116.320744,10.819236],[116.323442,10.819236],[116.325141,10.818841],[116.32654,10.817952],[116.328139,10.817755],[116.329039,10.817755],[116.331237,10.818446],[116.333635,10.818742],[116.336633,10.818644],[116.340031,10.81894],[116.342129,10.819829],[116.343478,10.821222],[116.345532,10.821797],[116.346953,10.822705],[116.348402,10.824218],[116.349046,10.825412],[116.349127,10.826706],[116.348523,10.828457],[116.347033,10.830487],[116.344819,10.832597],[116.343369,10.833552],[116.341236,10.834269],[116.340149,10.834388],[116.337975,10.834269],[116.333661,10.83241],[116.331537,10.832868],[116.329938,10.833066],[116.318846,10.832967],[116.31215,10.833461],[116.309952,10.833066],[116.307454,10.833066],[116.303856,10.83435],[116.300958,10.835535],[116.297061,10.836622],[116.295362,10.836819],[116.292764,10.836523],[116.290565,10.836029],[116.288567,10.834646],[116.284769,10.830794],[116.282971,10.828324],[116.281472,10.825065],[116.280672,10.822694],[116.280372,10.820916],[116.280572,10.817557],[116.281771,10.813408],[116.282771,10.811334],[116.285369,10.807185]]],[[[116.214658,10.82103],[116.215962,10.819563],[116.221541,10.817923],[116.223213,10.818111],[116.226904,10.827863],[116.22837,10.835587],[116.228545,10.839815],[116.228167,10.842571],[116.225937,10.842566],[116.22297,10.840169],[116.217598,10.833721],[116.214835,10.824156],[116.214658,10.82103]]],[[[116.355903,10.84336],[116.353428,10.843559],[116.352193,10.843047],[116.351885,10.842333],[116.352402,10.841417],[116.353435,10.8404],[116.354369,10.837345],[116.3553,10.836022],[116.35757,10.834906],[116.358703,10.835418],[116.359217,10.836132],[116.358595,10.837761],[116.35869,10.841634],[116.358276,10.842448],[116.355903,10.84336]]],[[[116.242548,10.849753],[116.24385,10.849205],[116.245433,10.847831],[116.248314,10.847746],[116.249147,10.848942],[116.249413,10.853719],[116.248854,10.854544],[116.24634,10.856559],[116.245311,10.859404],[116.241492,10.863068],[116.238143,10.864621],[116.23582,10.864707],[116.234428,10.863693],[116.233321,10.860843],[116.233051,10.857444],[116.233057,10.855148],[116.234083,10.853589],[116.235199,10.853041],[116.237059,10.852403],[116.239198,10.85149],[116.241801,10.851037],[116.242548,10.849753]]],[[[116.392403,10.897092],[116.388429,10.900025],[116.382638,10.901648],[116.378997,10.903765],[116.374699,10.902939],[116.372721,10.900484],[116.371074,10.897376],[116.36893,10.894757],[116.368437,10.893448],[116.369612,10.884954],[116.370121,10.878909],[116.370454,10.877765],[116.371127,10.872047],[116.37229,10.869272],[116.374941,10.866499],[116.377092,10.865523],[116.380729,10.865694],[116.38288,10.864881],[116.386687,10.862274],[116.389338,10.859665],[116.390329,10.85983],[116.391978,10.862121],[116.394611,10.867683],[116.39527,10.869155],[116.395265,10.871442],[116.397077,10.874714],[116.397567,10.877983],[116.397559,10.881905],[116.396718,10.889093],[116.395882,10.893504],[116.392403,10.897092]]],[[[114.931642,10.884078],[114.933423,10.891978],[114.935311,10.896301],[114.9372,10.902013],[114.937578,10.904948],[114.937146,10.907777],[114.935149,10.909592],[114.934124,10.909752],[114.931857,10.909112],[114.930724,10.906016],[114.928404,10.90292],[114.926461,10.899877],[114.924788,10.897689],[114.921982,10.893579],[114.921874,10.891764],[114.921496,10.889736],[114.919823,10.887334],[114.917827,10.884932],[114.915055,10.884053],[114.913058,10.882932],[114.911927,10.882013],[114.908959,10.881052],[114.90644,10.876711],[114.900863,10.87318],[114.897862,10.870977],[114.895701,10.86833],[114.892679,10.866248],[114.889765,10.86454],[114.884207,10.862725],[114.879026,10.861711],[114.876632,10.860646],[114.875412,10.861038],[114.874262,10.861245],[114.872541,10.860784],[114.871485,10.860238],[114.86956,10.858697],[114.869318,10.858256],[114.86921,10.856742],[114.869907,10.855773],[114.870369,10.855469],[114.87352,10.855012],[114.875334,10.855204],[114.876885,10.855706],[114.878209,10.856524],[114.878678,10.857126],[114.878822,10.857542],[114.880807,10.857867],[114.886095,10.859949],[114.892679,10.862832],[114.896079,10.864647],[114.89678,10.864807],[114.897536,10.86422],[114.900936,10.862458],[114.903688,10.863312],[114.907034,10.863259],[114.911243,10.86406],[114.914535,10.863953],[114.917017,10.864113],[114.919608,10.863739],[114.921604,10.864754],[114.923547,10.866782],[114.925598,10.869665],[114.927001,10.874469],[114.928674,10.877405],[114.929807,10.880875],[114.931642,10.884078]]],[[[116.240897,10.87767],[116.242296,10.875929],[116.243784,10.875198],[116.245456,10.875753],[116.247036,10.875573],[116.247871,10.876034],[116.249635,10.876498],[116.251491,10.877696],[116.252507,10.880087],[116.251383,10.883574],[116.249517,10.886693],[116.24923,10.889723],[116.248204,10.891557],[116.247085,10.893116],[116.24578,10.894307],[116.245037,10.894305],[116.242443,10.891268],[116.240965,10.887866],[116.239392,10.885106],[116.238937,10.881339],[116.239314,10.87932],[116.240897,10.87767]]],[[[115.910637,10.888669],[115.910693,10.887533],[115.911003,10.886352],[115.911535,10.8853],[115.912225,10.884425],[115.913009,10.883744],[115.913981,10.883175],[115.915124,10.882785],[115.916237,10.882639],[115.917424,10.882719],[115.918417,10.882978],[115.919453,10.883468],[115.92037,10.884148],[115.921059,10.884895],[115.921676,10.885889],[115.92206,10.886919],[115.922243,10.888083],[115.92219,10.889203],[115.921882,10.890392],[115.921375,10.891409],[115.920774,10.892203],[115.919938,10.892964],[115.918956,10.893555],[115.917983,10.893915],[115.916784,10.894111],[115.915626,10.894065],[115.914571,10.893816],[115.913517,10.893342],[115.912578,10.89267],[115.911839,10.891885],[115.911226,10.890913],[115.910807,10.889786],[115.910637,10.888669]]],[[[116.413212,10.909062],[116.411059,10.910855],[116.407089,10.911501],[116.405602,10.911171],[116.404611,10.910352],[116.40478,10.908555],[116.413732,10.896643],[116.417046,10.892891],[116.41705,10.890767],[116.418874,10.888319],[116.419373,10.886686],[116.424508,10.881467],[116.428151,10.878532],[116.432783,10.876907],[116.435924,10.877239],[116.445503,10.882159],[116.453758,10.888547],[116.45871,10.893295],[116.460356,10.897219],[116.461505,10.901633],[116.460344,10.903756],[116.458354,10.906857],[116.455046,10.907832],[116.453394,10.906848],[116.449099,10.90488],[116.445132,10.904219],[116.437359,10.905348],[116.420652,10.909239],[116.417839,10.910051],[116.41602,10.910047],[116.413212,10.909062]]],[[[116.422522,10.958764],[116.42572,10.959948],[116.426919,10.96054],[116.427719,10.962317],[116.427919,10.963896],[116.427919,10.965278],[116.427119,10.967055],[116.42632,10.967845],[116.42512,10.968042],[116.423721,10.968832],[116.421722,10.969227],[116.419923,10.969029],[116.418124,10.968634],[116.416725,10.967845],[116.415926,10.96666],[116.415326,10.963502],[116.415726,10.961725],[116.416425,10.96054],[116.417325,10.959553],[116.419524,10.958764],[116.421522,10.958616],[116.422522,10.958764]]],[[[114.643019,10.950202],[114.645315,10.948666],[114.647316,10.948537],[114.656983,10.954547],[114.660956,10.957965],[114.664654,10.960107],[114.667362,10.960841],[114.669496,10.961987],[114.670487,10.963259],[114.669618,10.964806],[114.66833,10.965221],[114.664478,10.964487],[114.663331,10.965038],[114.662448,10.968419],[114.662276,10.972374],[114.664222,10.979444],[114.666877,10.987233],[114.666144,10.989621],[114.663707,10.990876],[114.66099,10.991135],[114.65814,10.990264],[114.653069,10.980912],[114.650096,10.977221],[114.644619,10.965038],[114.64336,10.961641],[114.642388,10.957957],[114.642427,10.952736],[114.643019,10.950202]]],[[[114.733449,11.008389],[114.736092,11.007939],[114.739372,11.00866],[114.742562,11.010913],[114.744475,11.013887],[114.74484,11.01569],[114.743655,11.017402],[114.741942,11.018237],[114.738188,11.017132],[114.735818,11.01596],[114.732993,11.013617],[114.731991,11.011364],[114.732173,11.009651],[114.733449,11.008389]]],[[[115.01637,11.072627],[115.017755,11.072286],[115.018831,11.072412],[115.020146,11.073025],[115.021777,11.07429],[115.025883,11.07852],[115.026367,11.079521],[115.026839,11.081101],[115.026971,11.082223],[115.026971,11.08382],[115.026764,11.084823],[115.026158,11.086061],[115.025676,11.086531],[115.024728,11.087016],[115.02358,11.087099],[115.02205,11.086815],[115.02036,11.086296],[115.018465,11.085052],[115.014532,11.080913],[115.014112,11.079926],[115.013822,11.078825],[115.013773,11.077287],[115.01414,11.076257],[115.015079,11.07429],[115.01637,11.072627]]],[[[114.688321,11.037544],[114.691198,11.030767],[114.691937,11.026344],[114.684149,11.019926],[114.680868,11.01605],[114.679775,11.013166],[114.679866,11.011003],[114.681324,11.00866],[114.682691,11.007668],[114.685151,11.007218],[114.687313,11.006652],[114.68712,11.002114],[114.690735,10.999604],[114.701613,11.001181],[114.722988,11.014792],[114.74734,11.035],[114.768936,11.059969],[114.783001,11.080696],[114.784986,11.087903],[114.786808,11.089389],[114.790293,11.089558],[114.792077,11.088693],[114.792317,11.088099],[114.794322,11.087018],[114.798696,11.087739],[114.801795,11.091704],[114.805622,11.098732],[114.806908,11.101588],[114.80872,11.10612],[114.810725,11.121437],[114.813277,11.136572],[114.81273,11.143059],[114.812365,11.149185],[114.809632,11.155491],[114.807991,11.157113],[114.804346,11.158914],[114.803475,11.158914],[114.800378,11.160571],[114.788733,11.163355],[114.779349,11.161559],[114.776197,11.160255],[114.765946,11.154948],[114.760223,11.151319],[114.754965,11.146198],[114.75287,11.143193],[114.749406,11.140926],[114.743793,11.142677],[114.738161,11.146968],[114.728453,11.149884],[114.72513,11.148962],[114.723498,11.144765],[114.723385,11.139833],[114.725104,11.132822],[114.728488,11.125824],[114.728974,11.121643],[114.727362,11.114906],[114.71858,11.096158],[114.713775,11.09134],[114.706976,11.090093],[114.692902,11.090434],[114.684581,11.09037],[114.679294,11.089283],[114.665262,11.071798],[114.645835,11.058875],[114.631912,11.044421],[114.625462,11.03385],[114.620478,11.020421],[114.627714,11.01197],[114.628362,11.006595],[114.632023,11.002739],[114.63959,11.0022],[114.647415,11.007341],[114.659971,11.026268],[114.674116,11.035642],[114.688321,11.037544]]],[[[116.063197,11.118512],[116.065732,11.108038],[116.070117,11.099917],[116.077254,11.093837],[116.08077,11.087817],[116.0849,11.082383],[116.086558,11.07705],[116.089338,11.070328],[116.092891,11.066453],[116.097468,11.065899],[116.101615,11.068451],[116.104389,11.075318],[116.10448,11.080561],[116.103852,11.086055],[116.097535,11.097606],[116.095966,11.104546],[116.0919,11.134416],[116.083073,11.161308],[116.077451,11.171178],[116.073047,11.181743],[116.068161,11.192317],[116.061293,11.200063],[116.052027,11.208803],[116.041634,11.21957],[116.036355,11.221566],[116.033209,11.221143],[116.031452,11.217358],[116.03256,11.211617],[116.036553,11.205112],[116.041523,11.199305],[116.045516,11.1928],[116.050189,11.186383],[116.053987,11.179166],[116.055065,11.171697],[116.05581,11.162446],[116.058068,11.153467],[116.059417,11.144205],[116.060698,11.131071],[116.063197,11.118512]]],[[[116.220945,11.307229],[116.222614,11.317745],[116.230464,11.354408],[116.230829,11.355627],[116.231958,11.364569],[116.237442,11.389642],[116.238225,11.400687],[116.237919,11.405079],[116.235453,11.407602],[116.232182,11.408423],[116.227549,11.406778],[116.224627,11.405495],[116.221676,11.402687],[116.219081,11.398157],[116.216605,11.38962],[116.214204,11.363919],[116.214876,11.358377],[116.215063,11.329971],[116.215154,11.328837],[116.214157,11.319469],[116.209686,11.304795],[116.203637,11.293609],[116.192777,11.282465],[116.185931,11.275068],[116.183136,11.265838],[116.18655,11.260197],[116.191792,11.257838],[116.197692,11.259763],[116.206728,11.267313],[116.214155,11.277081],[116.217146,11.285106],[116.220945,11.307229]]],[[[116.040389,11.315268],[116.041543,11.315615],[116.045654,11.318596],[116.048183,11.319507],[116.055515,11.318809],[116.056497,11.319746],[116.056548,11.322606],[116.053591,11.330286],[116.054657,11.33599],[116.058443,11.34241],[116.063398,11.349382],[116.066357,11.352764],[116.071276,11.357638],[116.074065,11.362359],[116.075689,11.366717],[116.07578,11.371865],[116.074458,11.373605],[116.072139,11.373645],[116.069987,11.372156],[116.063054,11.362739],[116.058306,11.356527],[116.053347,11.349364],[116.048802,11.34372],[116.045413,11.337865],[116.040958,11.326306],[116.039508,11.3208],[116.039251,11.31718],[116.039519,11.315958],[116.040389,11.315268]]],[[[114.645237,11.396772],[114.650523,11.401992],[114.652892,11.407033],[114.652892,11.409553],[114.651434,11.410993],[114.6487,11.411173],[114.645527,11.409937],[114.636854,11.404333],[114.630657,11.398032],[114.627559,11.392812],[114.629199,11.390111],[114.631751,11.389751],[114.636125,11.390471],[114.641775,11.392812],[114.645237,11.396772]]],[[[116.091429,11.429472],[116.085698,11.421526],[116.081968,11.41563],[116.079025,11.411509],[116.076326,11.404106],[116.074644,11.394449],[116.074056,11.386526],[116.07513,11.38174],[116.078945,11.378813],[116.083386,11.378545],[116.086495,11.379445],[116.088847,11.381311],[116.090231,11.383004],[116.090271,11.385292],[116.088031,11.389717],[116.085393,11.393578],[116.084681,11.397023],[116.085356,11.402352],[116.089218,11.415653],[116.091547,11.419189],[116.093706,11.421685],[116.095415,11.424337],[116.095477,11.427763],[116.094147,11.429425],[116.091429,11.429472]]],[[[116.196051,11.453424],[116.198347,11.457542],[116.203461,11.465494],[116.206034,11.469864],[116.210458,11.473898],[116.215468,11.479225],[116.217456,11.482302],[116.21969,11.484845],[116.223019,11.488133],[116.228211,11.491348],[116.233339,11.492988],[116.238415,11.493316],[116.240456,11.497706],[116.239572,11.502211],[116.236272,11.506284],[116.231568,11.508572],[116.226971,11.506911],[116.220407,11.502698],[116.215982,11.498663],[116.20696,11.492967],[116.200078,11.487451],[116.197311,11.484177],[116.203763,11.518086],[116.20469,11.530587],[116.206966,11.538882],[116.208274,11.541227],[116.207633,11.543408],[116.204062,11.545224],[116.197765,11.545709],[116.193303,11.543487],[116.187838,11.531953],[116.173471,11.510616],[116.153953,11.484065],[116.152583,11.474058],[116.156348,11.471038],[116.163698,11.472669],[116.173875,11.48425],[116.183522,11.506871],[116.189898,11.520517],[116.194378,11.523217],[116.195757,11.521247],[116.196267,11.509729],[116.187148,11.476069],[116.183515,11.460281],[116.182644,11.45789],[116.182744,11.45693],[116.165407,11.381585],[116.155514,11.343274],[116.142235,11.293137],[116.139121,11.27889],[116.139228,11.27242],[116.1417,11.270528],[116.14314,11.270113],[116.146495,11.272138],[116.151092,11.287047],[116.169865,11.365349],[116.184576,11.423697],[116.190147,11.449849],[116.19251,11.451459],[116.196051,11.453424]]],[[[116.325092,11.401939],[116.324546,11.397673],[116.324643,11.397418],[116.32434,11.394371],[116.326385,11.390937],[116.329002,11.389635],[116.332415,11.389979],[116.336023,11.392396],[116.338882,11.39382],[116.343359,11.401841],[116.344554,11.410811],[116.347407,11.419716],[116.354738,11.436643],[116.363593,11.450229],[116.370558,11.458151],[116.371655,11.464666],[116.369436,11.471314],[116.365392,11.473934],[116.358586,11.470961],[116.353481,11.46703],[116.349966,11.46225],[116.347279,11.457437],[116.343563,11.447746],[116.341472,11.43717],[116.335238,11.426759],[116.330728,11.41792],[116.326119,11.406624],[116.325092,11.401939]]],[[[114.689525,11.436013],[114.692624,11.439613],[114.696451,11.446452],[114.697362,11.450412],[114.696269,11.451492],[114.693068,11.451339],[114.687338,11.445552],[114.684422,11.440333],[114.68424,11.436913],[114.686427,11.435293],[114.689525,11.436013]]],[[[114.694446,11.46283],[114.698638,11.46283],[114.700825,11.46571],[114.703741,11.469849],[114.704106,11.474349],[114.702101,11.477948],[114.69882,11.481187],[114.694629,11.483527],[114.692493,11.484241],[114.688432,11.487126],[114.685334,11.489825],[114.681871,11.490185],[114.67294,11.489825],[114.668019,11.487846],[114.666379,11.485506],[114.666197,11.482987],[114.667837,11.480107],[114.673123,11.477948],[114.677861,11.476328],[114.682235,11.471469],[114.686792,11.46805],[114.690984,11.46463],[114.694446,11.46283]]],[[[116.378551,11.491843],[116.384425,11.493247],[116.389533,11.496324],[116.39305,11.501103],[116.39836,11.509091],[116.402908,11.518749],[116.405698,11.526017],[116.411413,11.543828],[116.410192,11.554537],[116.408904,11.563609],[116.405094,11.571961],[116.400253,11.575435],[116.398454,11.572228],[116.398185,11.565678],[116.400404,11.55903],[116.396751,11.550975],[116.392303,11.543773],[116.387026,11.536603],[116.385166,11.531757],[116.386657,11.527598],[116.387318,11.523472],[116.38463,11.518659],[116.378558,11.512341],[116.373249,11.504353],[116.369699,11.498755],[116.374472,11.493645],[116.378551,11.491843]]],[[[116.218496,11.578797],[116.223264,11.585575],[116.227048,11.591418],[116.22713,11.595802],[116.225439,11.598503],[116.222367,11.599702],[116.217881,11.597686],[116.21453,11.594314],[116.21133,11.588651],[116.206763,11.58225],[116.200568,11.571492],[116.197724,11.564106],[116.19604,11.5567],[116.198732,11.555888],[116.202985,11.555812],[116.209734,11.554737],[116.215537,11.554823],[116.219815,11.556081],[116.220455,11.559311],[116.217787,11.561457],[116.215767,11.567214],[116.215469,11.571986],[116.218496,11.578797]]],[[[116.280825,11.697348],[116.279792,11.689841],[116.279996,11.685879],[116.268002,11.65077],[116.255745,11.636157],[116.239911,11.614137],[116.232548,11.603285],[116.231225,11.597587],[116.23526,11.589164],[116.245567,11.582651],[116.255669,11.580099],[116.261535,11.580946],[116.262524,11.587376],[116.25763,11.601583],[116.26016,11.619093],[116.273988,11.636519],[116.282577,11.650557],[116.29587,11.654705],[116.304563,11.653284],[116.30781,11.643453],[116.307183,11.628024],[116.309134,11.622197],[116.312788,11.622412],[116.318248,11.631181],[116.322982,11.648963],[116.323988,11.664737],[116.317481,11.684042],[116.312094,11.704023],[116.309619,11.723888],[116.307624,11.72864],[116.300108,11.732171],[116.293917,11.732415],[116.288994,11.727936],[116.2833,11.713424],[116.280825,11.697348]]],[[[116.669604,9.052186],[116.66844,9.053492],[116.665943,9.056854],[116.663986,9.058676],[116.662199,9.05997],[116.660251,9.061111],[116.658861,9.061689],[116.657122,9.062115],[116.655176,9.062298],[116.651664,9.062273],[116.650536,9.062088],[116.649333,9.061622],[116.648083,9.060785],[116.646943,9.059509],[116.646156,9.058081],[116.6457,9.056537],[116.645615,9.055205],[116.645746,9.05307],[116.647172,9.045887],[116.648199,9.04212],[116.649177,9.039314],[116.649652,9.038555],[116.650344,9.038095],[116.651701,9.037496],[116.655121,9.036727],[116.656455,9.036243],[116.657594,9.035515],[116.660291,9.033365],[116.662747,9.032148],[116.664369,9.031606],[116.668269,9.030621],[116.670439,9.030374],[116.671968,9.030604],[116.673743,9.031646],[116.675313,9.032909],[116.677414,9.035069],[116.678167,9.036022],[116.678598,9.036931],[116.678812,9.038011],[116.678866,9.039675],[116.678623,9.041516],[116.678082,9.043432],[116.677332,9.045384],[116.676527,9.046771],[116.675578,9.047818],[116.674057,9.049131],[116.670795,9.051241],[116.669604,9.052186]]],[[[116.932358,9.459921],[116.933438,9.462159],[116.933692,9.463568],[116.933635,9.464795],[116.932849,9.466672],[116.931041,9.46818],[116.929667,9.468921],[116.928848,9.46928],[116.927594,9.46928],[116.926558,9.468921],[116.924606,9.467676],[116.921569,9.465162],[116.918846,9.461931],[116.916846,9.460279],[116.916123,9.459346],[116.915834,9.4587],[116.915834,9.45791],[116.916076,9.456665],[116.917357,9.453023],[116.918003,9.451671],[116.918723,9.450572],[116.919815,9.449378],[116.920912,9.448638],[116.92181,9.44833],[116.923095,9.448292],[116.923857,9.448454],[116.92555,9.44956],[116.927309,9.451212],[116.929994,9.452896],[116.930404,9.453383],[116.931124,9.454459],[116.931522,9.455415],[116.932019,9.458697],[116.932358,9.459921]]],[[[116.596164,9.711579],[116.595616,9.713063],[116.595168,9.713507],[116.594156,9.713971],[116.593276,9.714546],[116.592448,9.71482],[116.591285,9.714743],[116.590768,9.714487],[116.590261,9.713749],[116.590289,9.713112],[116.593326,9.711332],[116.597359,9.709355],[116.599599,9.708415],[116.600843,9.707674],[116.60164,9.707476],[116.601889,9.707624],[116.601939,9.708168],[116.601789,9.709206],[116.601391,9.70975],[116.600744,9.710343],[116.598553,9.711431],[116.598006,9.711579],[116.596512,9.711382],[116.596164,9.711579]]],[[[116.571023,9.715328],[116.570869,9.716986],[116.570611,9.717425],[116.56912,9.718656],[116.568323,9.718951],[116.566687,9.719006],[116.565584,9.718182],[116.565176,9.71721],[116.565157,9.716909],[116.56555,9.716447],[116.57021,9.714867],[116.570712,9.714799],[116.57089,9.714953],[116.571023,9.715328]]],[[[116.447101,9.752358],[116.449352,9.75016],[116.451245,9.747769],[116.453051,9.74495],[116.455005,9.741282],[116.455627,9.740839],[116.456629,9.740536],[116.456944,9.740204],[116.457085,9.739706],[116.456986,9.738425],[116.457276,9.737255],[116.457754,9.736549],[116.459136,9.735152],[116.459927,9.734056],[116.461395,9.730859],[116.462327,9.729345],[116.463052,9.728724],[116.46453,9.728254],[116.465106,9.727973],[116.46555,9.727581],[116.467459,9.726834],[116.468322,9.72624],[116.469375,9.725261],[116.470958,9.723271],[116.47141,9.722371],[116.471879,9.720773],[116.472193,9.720099],[116.473724,9.717566],[116.47515,9.715762],[116.476352,9.714879],[116.477861,9.714316],[116.479081,9.714079],[116.481137,9.714123],[116.482124,9.713936],[116.483697,9.712732],[116.485887,9.711844],[116.48677,9.710598],[116.487443,9.710155],[116.488082,9.709935],[116.488814,9.709939],[116.489815,9.710493],[116.490869,9.710838],[116.492796,9.712067],[116.494241,9.712676],[116.495589,9.712917],[116.497727,9.712784],[116.498284,9.712948],[116.498773,9.713559],[116.49913,9.714285],[116.499818,9.716621],[116.501335,9.720013],[116.503059,9.724392],[116.505773,9.728633],[116.506312,9.729189],[116.508181,9.730527],[116.510027,9.733405],[116.510823,9.734099],[116.511849,9.734733],[116.514105,9.73551],[116.517524,9.737325],[116.52134,9.738847],[116.523091,9.739243],[116.524218,9.739251],[116.525236,9.739104],[116.528428,9.737893],[116.529168,9.737725],[116.53039,9.737711],[116.533162,9.738],[116.535126,9.737694],[116.535939,9.737344],[116.536926,9.736723],[116.540623,9.733878],[116.542604,9.732842],[116.545421,9.731784],[116.549661,9.731097],[116.551407,9.730582],[116.553093,9.729916],[116.554967,9.728886],[116.55725,9.72721],[116.557775,9.726488],[116.558736,9.724117],[116.559134,9.723439],[116.560266,9.722394],[116.561601,9.721761],[116.562222,9.721677],[116.565717,9.721811],[116.568441,9.722056],[116.570142,9.72237],[116.575882,9.723855],[116.576758,9.723982],[116.577444,9.723935],[116.57895,9.723517],[116.580057,9.723369],[116.581103,9.72288],[116.582153,9.722654],[116.582898,9.722352],[116.583198,9.722028],[116.583534,9.720706],[116.583897,9.720085],[116.584818,9.719824],[116.585491,9.7193],[116.586146,9.719316],[116.586818,9.719143],[116.587507,9.718212],[116.588179,9.717777],[116.58856,9.717737],[116.589041,9.718063],[116.589587,9.71791],[116.589811,9.717671],[116.590183,9.716818],[116.590785,9.716385],[116.59457,9.715471],[116.596011,9.715244],[116.597576,9.715377],[116.599702,9.716317],[116.603593,9.717412],[116.604313,9.717948],[116.604827,9.718968],[116.604834,9.719614],[116.604446,9.722011],[116.604126,9.723164],[116.60357,9.724486],[116.602629,9.726122],[116.600005,9.729153],[116.59841,9.731542],[116.59733,9.733514],[116.596425,9.736385],[116.595749,9.737477],[116.594806,9.738254],[116.593772,9.738795],[116.588313,9.739963],[116.586328,9.740667],[116.584818,9.741412],[116.583334,9.742353],[116.581759,9.743549],[116.578811,9.746306],[116.577009,9.747351],[116.576123,9.748552],[116.575485,9.749144],[116.574065,9.749947],[116.572548,9.750191],[116.568801,9.750113],[116.567543,9.749855],[116.565429,9.748953],[116.564446,9.748665],[116.56269,9.748376],[116.560346,9.748227],[116.555567,9.7485],[116.551893,9.748941],[116.549193,9.749436],[116.547617,9.749445],[116.545848,9.749169],[116.542333,9.74785],[116.541098,9.747692],[116.539633,9.747676],[116.53832,9.747847],[116.537087,9.748192],[116.53322,9.749631],[116.527811,9.750393],[116.525412,9.751214],[116.524147,9.751508],[116.517347,9.752444],[116.514052,9.752602],[116.511427,9.752541],[116.510847,9.752421],[116.510647,9.751992],[116.511103,9.748691],[116.510591,9.745165],[116.510618,9.742481],[116.510386,9.741175],[116.509182,9.739614],[116.508568,9.737456],[116.507597,9.735119],[116.505556,9.733097],[116.504599,9.731778],[116.50231,9.726217],[116.501229,9.724305],[116.5,9.723082],[116.498135,9.721921],[116.496928,9.720949],[116.495675,9.720533],[116.495069,9.720212],[116.492843,9.718442],[116.49173,9.71801],[116.489271,9.717505],[116.48823,9.717167],[116.486148,9.716081],[116.484468,9.714753],[116.483636,9.714457],[116.483316,9.714703],[116.483285,9.715441],[116.484146,9.716046],[116.484528,9.716913],[116.484469,9.717483],[116.48414,9.718043],[116.483807,9.718208],[116.482513,9.718383],[116.481422,9.719646],[116.480082,9.720432],[116.47892,9.720842],[116.477141,9.721036],[116.476508,9.721324],[116.476014,9.721792],[116.476003,9.722733],[116.475753,9.723666],[116.474934,9.724613],[116.473995,9.725139],[116.471446,9.725749],[116.470545,9.726195],[116.46987,9.727117],[116.469639,9.727818],[116.469961,9.72909],[116.470824,9.730556],[116.470717,9.731347],[116.470263,9.732124],[116.469557,9.732722],[116.46802,9.733581],[116.466888,9.733908],[116.464698,9.73428],[116.462986,9.734949],[116.46244,9.735412],[116.461721,9.736699],[116.460927,9.737578],[116.460556,9.738581],[116.460864,9.739705],[116.460152,9.740908],[116.460068,9.741358],[116.460174,9.742039],[116.460751,9.743091],[116.460851,9.744036],[116.460637,9.744387],[116.459856,9.74458],[116.459111,9.745106],[116.458725,9.745579],[116.458585,9.746019],[116.458799,9.747014],[116.459278,9.748038],[116.459968,9.748955],[116.460845,9.749692],[116.46105,9.749999],[116.461144,9.75058],[116.460856,9.751216],[116.459858,9.751956],[116.458942,9.752258],[116.455924,9.752108],[116.454287,9.752413],[116.452109,9.752528],[116.450859,9.752845],[116.449987,9.753491],[116.44971,9.753882],[116.449422,9.755224],[116.449452,9.756897],[116.449202,9.757618],[116.448769,9.758193],[116.447893,9.758593],[116.445753,9.759267],[116.443585,9.760325],[116.442858,9.760799],[116.442083,9.761692],[116.439924,9.762189],[116.439142,9.762524],[116.438426,9.763434],[116.43783,9.765128],[116.437444,9.76543],[116.436759,9.765504],[116.436156,9.765148],[116.435034,9.765024],[116.434066,9.764552],[116.43368,9.764713],[116.433619,9.765379],[116.433387,9.765698],[116.433012,9.765901],[116.432644,9.765876],[116.432522,9.765399],[116.432567,9.765064],[116.433689,9.763524],[116.433467,9.762986],[116.432673,9.762441],[116.432204,9.761937],[116.432298,9.761292],[116.432742,9.760627],[116.434022,9.759967],[116.436718,9.759757],[116.438749,9.758942],[116.440317,9.757822],[116.441913,9.756363],[116.443501,9.755568],[116.444354,9.754179],[116.445981,9.753222],[116.447101,9.752358]]],[[[116.514367,9.763682],[116.513989,9.764449],[116.51333,9.765282],[116.511713,9.766755],[116.510244,9.767697],[116.508087,9.768799],[116.507119,9.769056],[116.506526,9.768931],[116.505931,9.768575],[116.505107,9.767565],[116.504215,9.766792],[116.504058,9.76648],[116.503883,9.765487],[116.502666,9.764081],[116.502348,9.763082],[116.502629,9.762294],[116.503182,9.761624],[116.503721,9.76125],[116.505131,9.760643],[116.505643,9.760217],[116.505942,9.758428],[116.506429,9.757637],[116.507439,9.756974],[116.508569,9.756787],[116.509264,9.756941],[116.512865,9.758301],[116.514067,9.758589],[116.514846,9.759169],[116.515066,9.759517],[116.515106,9.759878],[116.514367,9.763682]]],[[[116.497021,9.767512],[116.497774,9.766261],[116.498844,9.765367],[116.499781,9.765043],[116.501093,9.765242],[116.501973,9.765715],[116.502697,9.766478],[116.503858,9.768812],[116.504071,9.770037],[116.503737,9.770558],[116.503309,9.77095],[116.501792,9.771502],[116.500842,9.772161],[116.5,9.7724],[116.499447,9.772131],[116.498909,9.771687],[116.498593,9.771286],[116.498373,9.770572],[116.498018,9.769969],[116.496866,9.769134],[116.49675,9.768589],[116.497021,9.767512]]],[[[116.489553,9.775433],[116.489846,9.774952],[116.489876,9.774226],[116.490631,9.773986],[116.492544,9.774538],[116.49364,9.775227],[116.494387,9.775491],[116.494527,9.775732],[116.494368,9.776223],[116.493765,9.776864],[116.492002,9.778228],[116.491224,9.778976],[116.490621,9.779247],[116.489692,9.779315],[116.488805,9.779181],[116.488161,9.778859],[116.487847,9.778331],[116.487722,9.777587],[116.487795,9.777132],[116.488303,9.776456],[116.489553,9.775433]]],[[[116.48316,9.784563],[116.48307,9.783611],[116.482388,9.78232],[116.482388,9.782139],[116.482639,9.781867],[116.485755,9.782463],[116.488067,9.782668],[116.488455,9.782782],[116.488591,9.782963],[116.488582,9.783319],[116.487297,9.784843],[116.485804,9.786039],[116.485256,9.786151],[116.484663,9.786059],[116.484147,9.785799],[116.48316,9.784563]]],[[[116.482002,9.784648],[116.48228,9.784988],[116.482454,9.785499],[116.482584,9.787082],[116.481769,9.789555],[116.481485,9.790106],[116.480838,9.790884],[116.479723,9.791651],[116.478818,9.792543],[116.478016,9.792612],[116.477033,9.79225],[116.476235,9.791428],[116.475934,9.790833],[116.475849,9.790376],[116.476062,9.789996],[116.477133,9.789054],[116.477308,9.787863],[116.477593,9.787715],[116.478671,9.78779],[116.479042,9.787648],[116.479386,9.78694],[116.479424,9.785585],[116.480077,9.784673],[116.48107,9.784427],[116.482002,9.784648]]],[[[116.461226,9.799607],[116.46248,9.799189],[116.464938,9.797564],[116.465144,9.797496],[116.46525,9.797592],[116.465262,9.797774],[116.465024,9.798175],[116.464435,9.798826],[116.463541,9.79946],[116.462401,9.80006],[116.455815,9.802232],[116.455417,9.802218],[116.454896,9.801845],[116.455034,9.801538],[116.455405,9.801304],[116.456788,9.801086],[116.458095,9.800561],[116.459854,9.800238],[116.461226,9.799607]]],[[[116.45455,9.803193],[116.455036,9.803317],[116.455751,9.804083],[116.455794,9.804691],[116.455432,9.805122],[116.455088,9.805085],[116.454762,9.804579],[116.454151,9.804578],[116.453868,9.804192],[116.453749,9.803772],[116.453798,9.803443],[116.454091,9.803264],[116.45455,9.803193]]],[[[116.454201,9.806401],[116.4534,9.805998],[116.453451,9.805747],[116.453695,9.805464],[116.454212,9.805409],[116.455228,9.805691],[116.455277,9.806008],[116.455006,9.806287],[116.454201,9.806401]]],[[[116.454571,9.807796],[116.454335,9.807661],[116.454315,9.807468],[116.454462,9.807151],[116.454755,9.806948],[116.455157,9.806973],[116.455606,9.807381],[116.455598,9.807677],[116.455447,9.807827],[116.454571,9.807796]]],[[[116.540289,10.443944],[116.539645,10.443382],[116.539243,10.44227],[116.539486,10.441312],[116.539326,10.440507],[116.53949,10.438202],[116.539733,10.437795],[116.540298,10.437317],[116.541507,10.4374],[116.542635,10.437881],[116.54344,10.438605],[116.543758,10.441716],[116.543353,10.44355],[116.542465,10.444344],[116.541901,10.44466],[116.541175,10.444424],[116.540289,10.443944]]],[[[116.550917,10.454428],[116.548093,10.45634],[116.547688,10.457054],[116.547204,10.457216],[116.546318,10.456979],[116.544948,10.456101],[116.543661,10.454417],[116.543341,10.452744],[116.543583,10.452347],[116.544632,10.452104],[116.545599,10.452106],[116.546486,10.451709],[116.548099,10.451476],[116.551647,10.450279],[116.555679,10.450131],[116.556243,10.450204],[116.556564,10.450928],[116.556643,10.451805],[116.556159,10.452681],[116.554708,10.452923],[116.550917,10.454428]]],[[[116.548727,10.464396],[116.548728,10.463438],[116.549131,10.463122],[116.549938,10.462969],[116.553487,10.461374],[116.555503,10.461296],[116.555744,10.462092],[116.55542,10.463375],[116.554692,10.46473],[116.554207,10.465362],[116.553481,10.46584],[116.552675,10.466083],[116.552191,10.46592],[116.550982,10.465918],[116.549934,10.465437],[116.548727,10.464396]]],[[[116.626683,10.477398],[116.629629,10.467629],[116.63044,10.45839],[116.62991,10.455216],[116.62698,10.452049],[116.622451,10.448346],[116.621656,10.444385],[116.623268,10.434614],[116.622471,10.431973],[116.616078,10.425104],[116.610216,10.421399],[116.60355,10.419538],[116.59609,10.414511],[116.587301,10.405794],[116.586509,10.399718],[116.586514,10.39602],[116.588917,10.393383],[116.591318,10.392591],[116.596117,10.393655],[116.60278,10.395778],[116.616106,10.402394],[116.628896,10.4106],[116.639557,10.415892],[116.659285,10.422251],[116.664085,10.422256],[116.671286,10.42173],[116.681691,10.417781],[116.685958,10.416999],[116.689958,10.417003],[116.692891,10.418326],[116.697155,10.421765],[116.703014,10.429952],[116.710469,10.443158],[116.714726,10.455051],[116.717648,10.469048],[116.721908,10.477496],[116.728299,10.488332],[116.738692,10.501802],[116.741087,10.508675],[116.741879,10.517653],[116.741598,10.535607],[116.738388,10.546426],[116.734112,10.554351],[116.72637,10.560149],[116.719698,10.56252],[116.710893,10.562512],[116.696487,10.560917],[116.685548,10.560635],[116.677011,10.559568],[116.66821,10.557182],[116.652753,10.541326],[116.644763,10.529167],[116.636773,10.518074],[116.631981,10.509091],[116.627997,10.494558],[116.62694,10.486376],[116.626683,10.477398]]],[[[116.610524,10.328664],[116.613116,10.329433],[116.616041,10.330002],[116.619159,10.330377],[116.628902,10.3312],[116.640043,10.33314],[116.642743,10.333886],[116.65002,10.336599],[116.652048,10.337077],[116.653864,10.337242],[116.655746,10.337053],[116.657895,10.336396],[116.663768,10.333957],[116.671813,10.330198],[116.674207,10.329321],[116.676133,10.328816],[116.678916,10.328597],[116.683827,10.32883],[116.689573,10.32934],[116.694392,10.330042],[116.697788,10.330747],[116.701407,10.331771],[116.705258,10.333161],[116.709036,10.334789],[116.711268,10.336108],[116.7165,10.340147],[116.71785,10.340921],[116.719321,10.341527],[116.721909,10.342347],[116.724822,10.343063],[116.732911,10.344371],[116.7364,10.345204],[116.73905,10.34615],[116.744613,10.348511],[116.747292,10.349511],[116.759098,10.352807],[116.763822,10.354314],[116.767833,10.355917],[116.771031,10.357606],[116.773747,10.359487],[116.776725,10.36204],[116.77953,10.364751],[116.784241,10.369766],[116.786431,10.371858],[116.788351,10.373393],[116.793218,10.376951],[116.795771,10.37915],[116.798854,10.382389],[116.801865,10.385901],[116.804962,10.389862],[116.807902,10.39397],[116.810618,10.39855],[116.813261,10.403944],[116.814938,10.408324],[116.818156,10.418002],[116.820187,10.422783],[116.829002,10.438351],[116.837777,10.454285],[116.83763,10.454298],[116.843278,10.465709],[116.845145,10.467816],[116.850211,10.469672],[116.858212,10.470995],[116.863812,10.473376],[116.86648,10.475492],[116.867242,10.47754],[116.873156,10.486191],[116.87524,10.488605],[116.876867,10.490083],[116.878842,10.491647],[116.887265,10.497642],[116.892309,10.501531],[116.904323,10.508839],[116.914492,10.515279],[116.928998,10.520897],[116.937668,10.525021],[116.940668,10.527002],[116.943504,10.530474],[116.948004,10.540374],[116.951505,10.545492],[116.952839,10.548954],[116.952838,10.551594],[116.951336,10.556548],[116.948167,10.561005],[116.944998,10.563807],[116.940829,10.564963],[116.93299,10.565459],[116.928821,10.564464],[116.921818,10.560168],[116.912147,10.556702],[116.907477,10.554884],[116.904309,10.55538],[116.89747,10.558352],[116.88863,10.561812],[116.88296,10.563627],[116.875955,10.564944],[116.870117,10.567582],[116.865446,10.571042],[116.862775,10.578138],[116.85927,10.583253],[116.854098,10.586216],[116.848092,10.591168],[116.837913,10.601062],[116.834908,10.605852],[116.826062,10.617727],[116.82172,10.625318],[116.821219,10.626963],[116.824045,10.643798],[116.826873,10.657994],[116.828539,10.661466],[116.831541,10.664433],[116.835376,10.667084],[116.839213,10.667574],[116.84038,10.668569],[116.84088,10.670387],[116.840879,10.672367],[116.839877,10.674843],[116.838207,10.676985],[116.835037,10.678629],[116.82853,10.679122],[116.824692,10.680937],[116.822522,10.682916],[116.820684,10.687535],[116.820014,10.691991],[116.819012,10.693473],[116.816175,10.693643],[116.813507,10.693145],[116.810672,10.691163],[116.804503,10.684062],[116.796,10.675803],[116.788161,10.671503],[116.781992,10.667702],[116.77749,10.664236],[116.774324,10.659117],[116.76999,10.65482],[116.763821,10.650693],[116.756818,10.647216],[116.74848,10.643584],[116.738641,10.639942],[116.73147,10.637793],[116.726469,10.634652],[116.719134,10.629194],[116.713298,10.62672],[116.70913,10.624728],[116.705298,10.619941],[116.7053,10.617302],[116.706303,10.61516],[116.707972,10.614664],[116.71114,10.615987],[116.715975,10.618306],[116.719809,10.620452],[116.725979,10.621615],[116.733985,10.622444],[116.739988,10.624926],[116.744323,10.62691],[116.761164,10.635177],[116.772002,10.64014],[116.778173,10.642449],[116.78351,10.64295],[116.787681,10.64279],[116.793188,10.64048],[116.797026,10.636857],[116.80237,10.628272],[116.807715,10.614253],[116.810888,10.608478],[116.820067,10.599895],[116.827743,10.594294],[116.838589,10.585223],[116.850268,10.574833],[116.859444,10.565923],[116.864449,10.561802],[116.867286,10.558169],[116.871625,10.550089],[116.877298,10.543817],[116.88714,10.530947],[116.889644,10.525831],[116.890648,10.520128],[116.890761,10.520147],[116.889837,10.514876],[116.889554,10.51411],[116.888666,10.513037],[116.887101,10.512018],[116.871441,10.50565],[116.870047,10.504976],[116.868333,10.503941],[116.865631,10.501897],[116.86237,10.498998],[116.858618,10.494831],[116.85733,10.493559],[116.850916,10.488498],[116.850885,10.488606],[116.843802,10.486566],[116.836068,10.482602],[116.831535,10.479698],[116.82807,10.475203],[116.82594,10.46834],[116.824875,10.464108],[116.824709,10.461621],[116.818873,10.450234],[116.817524,10.448175],[116.813176,10.442178],[116.812027,10.440281],[116.811496,10.439121],[116.810984,10.437455],[116.810604,10.435239],[116.810192,10.428534],[116.80991,10.426178],[116.809395,10.424076],[116.808674,10.422388],[116.807977,10.421289],[116.803922,10.415847],[116.784337,10.389953],[116.783064,10.388459],[116.781461,10.38692],[116.779549,10.385406],[116.777331,10.383935],[116.774933,10.382573],[116.772105,10.381168],[116.768711,10.380013],[116.763016,10.378712],[116.76067,10.378052],[116.757924,10.376948],[116.756075,10.37583],[116.754908,10.374715],[116.754242,10.373513],[116.753849,10.372171],[116.753175,10.368383],[116.752479,10.366654],[116.751001,10.364589],[116.749826,10.36321],[116.748617,10.362128],[116.747205,10.361271],[116.744344,10.36026],[116.740843,10.359601],[116.737643,10.359286],[116.731251,10.359122],[116.72863,10.358947],[116.726271,10.358594],[116.723452,10.357898],[116.71975,10.356736],[116.716015,10.355335],[116.712205,10.353711],[116.704376,10.349921],[116.700473,10.348389],[116.697583,10.347551],[116.695761,10.347222],[116.692351,10.346908],[116.685402,10.346703],[116.676226,10.346919],[116.659864,10.347774],[116.655918,10.34783],[116.651729,10.347715],[116.641744,10.346956],[116.637965,10.346343],[116.628161,10.344361],[116.625161,10.343974],[116.622867,10.343921],[116.619333,10.344195],[116.614902,10.344896],[116.612553,10.345888],[116.608339,10.348415],[116.606674,10.349241],[116.604813,10.349771],[116.603076,10.349731],[116.601725,10.349345],[116.600425,10.348744],[116.5987,10.347681],[116.597226,10.346566],[116.596375,10.345652],[116.595667,10.344633],[116.593361,10.339894],[116.592188,10.338192],[116.591411,10.337471],[116.59062,10.336944],[116.586975,10.334953],[116.584268,10.33383],[116.581658,10.333046],[116.570924,10.331021],[116.565414,10.329638],[116.560687,10.328175],[116.55632,10.32644],[116.55418,10.325344],[116.552286,10.324176],[116.548085,10.32101],[116.543611,10.317143],[116.543051,10.316432],[116.541752,10.314307],[116.541232,10.313807],[116.540718,10.313538],[116.534336,10.31142],[116.525999,10.314002],[116.515829,10.322033],[116.506874,10.332877],[116.505236,10.34093],[116.50604,10.346563],[116.509283,10.351396],[116.51171,10.358641],[116.517795,10.365494],[116.524693,10.371941],[116.527531,10.376773],[116.525888,10.388044],[116.52588,10.393269],[116.529937,10.397705],[116.534806,10.403751],[116.536014,10.410994],[116.539661,10.418241],[116.542094,10.422674],[116.542086,10.427899],[116.537609,10.431925],[116.533137,10.432723],[116.520949,10.42908],[116.512421,10.424637],[116.503899,10.415773],[116.496601,10.4057],[116.486861,10.397232],[116.480377,10.385957],[116.47592,10.377904],[116.475117,10.371457],[116.477577,10.358189],[116.477996,10.350542],[116.475573,10.342085],[116.4703,10.336037],[116.468272,10.334027],[116.463003,10.326777],[116.461795,10.319525],[116.461805,10.313892],[116.464666,10.303835],[116.469149,10.295399],[116.47769,10.289374],[116.485011,10.284558],[116.49192,10.282553],[116.502886,10.284188],[116.514252,10.290235],[116.524805,10.296697],[116.531711,10.297512],[116.53896,10.296322],[116.539008,10.296428],[116.542836,10.294699],[116.543766,10.294429],[116.545405,10.294424],[116.54737,10.294962],[116.549405,10.295964],[116.553001,10.298289],[116.562746,10.30549],[116.56642,10.308046],[116.576758,10.314664],[116.582113,10.317788],[116.585243,10.319358],[116.5886,10.320773],[116.60132,10.324873],[116.610524,10.328664]]],[[[116.55627,10.495612],[116.561181,10.493851],[116.564752,10.492972],[116.56676,10.492975],[116.569205,10.500049],[116.571433,10.502704],[116.569637,10.509994],[116.566955,10.513747],[116.562489,10.51595],[116.558918,10.515945],[116.556242,10.515278],[116.552903,10.50975],[116.551124,10.505107],[116.552695,10.499143],[116.55627,10.495612]]],[[[116.571833,10.536071],[116.565821,10.526782],[116.566046,10.525015],[116.572521,10.522593],[116.575419,10.524365],[116.575191,10.528342],[116.580098,10.530116],[116.580764,10.532106],[116.576293,10.538508],[116.57473,10.538948],[116.571833,10.536071]]],[[[116.583427,10.5436],[116.586328,10.543162],[116.587003,10.539627],[116.587007,10.536755],[116.589683,10.537421],[116.594364,10.541846],[116.593692,10.543613],[116.589005,10.544491],[116.587218,10.545815],[116.588331,10.547805],[116.59145,10.551345],[116.593905,10.55179],[116.596361,10.550467],[116.597922,10.551574],[116.598143,10.553563],[116.594343,10.557535],[116.591219,10.557752],[116.587208,10.552886],[116.583868,10.547136],[116.583427,10.5436]]],[[[116.608607,10.573022],[116.605041,10.56904],[116.605713,10.567273],[116.609731,10.566394],[116.611741,10.565512],[116.617322,10.563972],[116.619331,10.564196],[116.620667,10.566407],[116.620216,10.570384],[116.617981,10.573033],[116.61396,10.57568],[116.611282,10.575456],[116.608607,10.573022]]],[[[116.621853,10.580842],[116.622982,10.5806],[116.624273,10.580601],[116.625402,10.580286],[116.62621,10.579166],[116.626292,10.577973],[116.626697,10.576852],[116.627746,10.5767],[116.628228,10.577333],[116.628228,10.578454],[116.626853,10.581879],[116.626529,10.582276],[116.62427,10.582997],[116.62298,10.582914],[116.621932,10.582271],[116.62153,10.581556],[116.621853,10.580842]]],[[[116.996716,10.584195],[116.998735,10.584426],[116.999356,10.585272],[116.999434,10.586118],[116.999045,10.587348],[116.998347,10.588502],[116.997492,10.588886],[116.996638,10.588732],[116.995862,10.588425],[116.995085,10.587579],[116.994542,10.586271],[116.994852,10.585195],[116.996716,10.584195]]],[[[116.639778,10.590817],[116.636795,10.589855],[116.636392,10.589294],[116.63607,10.588498],[116.636314,10.58754],[116.638007,10.587063],[116.64326,10.586373],[116.645561,10.586945],[116.646902,10.588276],[116.646957,10.589704],[116.646069,10.591059],[116.645504,10.591456],[116.644052,10.591536],[116.639778,10.590817]]],[[[116.657844,10.591714],[116.657117,10.59259],[116.654534,10.594658],[116.653808,10.594657],[116.652922,10.593942],[116.653004,10.592658],[116.653731,10.59171],[116.654619,10.590906],[116.65591,10.590428],[116.6572,10.59043],[116.657844,10.590991],[116.657844,10.591714]]],[[[116.670922,10.59962],[116.669551,10.599782],[116.668825,10.599465],[116.667939,10.598343],[116.666087,10.595149],[116.665846,10.594272],[116.66617,10.593477],[116.667138,10.59308],[116.668186,10.593081],[116.669234,10.593797],[116.670603,10.594991],[116.671329,10.596195],[116.671731,10.597867],[116.671326,10.598988],[116.670922,10.59962]]],[[[116.681477,10.611791],[116.680913,10.611392],[116.680833,10.610597],[116.681883,10.609558],[116.683577,10.608439],[116.684626,10.608124],[116.685433,10.608685],[116.685995,10.610123],[116.686155,10.611633],[116.686074,10.61251],[116.685348,10.612672],[116.684703,10.612355],[116.681477,10.611791]]],[[[117.162814,10.751033],[117.141961,10.744763],[117.1346,10.728928],[117.135891,10.689982],[117.131881,10.65426],[117.136197,10.628946],[117.142589,10.609524],[117.15418,10.598251],[117.17128,10.588531],[117.183686,10.582006],[117.195968,10.586253],[117.20365,10.609246],[117.197639,10.637029],[117.208864,10.658074],[117.23843,10.669935],[117.2812,10.679415],[117.309601,10.678754],[117.325853,10.663673],[117.330119,10.637758],[117.33224,10.617921],[117.339325,10.600855],[117.352933,10.594266],[117.376136,10.599212],[117.390862,10.617098],[117.392584,10.654712],[117.393262,10.695965],[117.382883,10.720363],[117.363998,10.730781],[117.340807,10.72643],[117.325684,10.726504],[117.296448,10.73558],[117.272266,10.736052],[117.249212,10.734677],[117.243696,10.733125],[117.23225,10.734227],[117.208618,10.733471],[117.19658,10.748359],[117.186848,10.760752],[117.176004,10.761825],[117.162814,10.751033]]],[[[116.697513,10.792489],[116.694446,10.793598],[116.691297,10.794399],[116.690247,10.794877],[116.687746,10.794794],[116.686536,10.794232],[116.684841,10.793995],[116.683712,10.793352],[116.682825,10.792556],[116.682261,10.791353],[116.682181,10.789996],[116.682425,10.787926],[116.682346,10.785928],[116.680575,10.781542],[116.680899,10.780105],[116.683481,10.780424],[116.687192,10.782426],[116.690501,10.783143],[116.692113,10.784347],[116.693565,10.785063],[116.694855,10.786339],[116.696306,10.788573],[116.697596,10.790175],[116.698323,10.790573],[116.698725,10.791288],[116.698402,10.792011],[116.697513,10.792489]]],[[[116.663672,10.786466],[116.6611,10.792984],[116.656699,10.79624],[116.6468,10.800576],[116.642398,10.804556],[116.637997,10.807449],[116.633599,10.808531],[116.630663,10.81215],[116.629918,10.821569],[116.629182,10.824104],[116.624783,10.825548],[116.621488,10.823008],[116.618203,10.812135],[116.617483,10.802352],[116.618225,10.795108],[116.622631,10.78823],[116.625933,10.784611],[116.632536,10.778098],[116.643535,10.772314],[116.658192,10.771606],[116.66515,10.774874],[116.671745,10.775243],[116.673939,10.779231],[116.670269,10.784661],[116.663672,10.786466]]],[[[116.861653,10.804968],[116.862621,10.806406],[116.863185,10.807763],[116.864233,10.808559],[116.864637,10.810078],[116.864635,10.811669],[116.863989,10.813106],[116.862859,10.814145],[116.860677,10.815418],[116.858983,10.815417],[116.857691,10.815262],[116.854706,10.813904],[116.85398,10.813026],[116.853416,10.811109],[116.852045,10.809833],[116.850028,10.808232],[116.849383,10.807191],[116.849384,10.8056],[116.851,10.803124],[116.852696,10.802086],[116.854149,10.801617],[116.85544,10.801609],[116.857781,10.802253],[116.859313,10.803528],[116.861653,10.804968]]],[[[116.701732,10.813991],[116.701166,10.815988],[116.700681,10.816621],[116.699712,10.817099],[116.698097,10.817097],[116.697372,10.81622],[116.697695,10.815262],[116.698099,10.814629],[116.698827,10.812551],[116.701653,10.811044],[116.702542,10.810882],[116.702945,10.811597],[116.70254,10.813115],[116.701732,10.813991]]],[[[116.80032,10.827886],[116.79299,10.827881],[116.787863,10.823892],[116.782004,10.816642],[116.782372,10.815555],[116.786037,10.814471],[116.79703,10.81629],[116.806923,10.817383],[116.814618,10.819562],[116.815349,10.821374],[116.811682,10.824994],[116.80032,10.827886]]],[[[116.711654,10.821305],[116.714402,10.816833],[116.71529,10.816517],[116.71642,10.816518],[116.719082,10.818754],[116.720211,10.819794],[116.720613,10.821711],[116.720289,10.823627],[116.719642,10.824585],[116.718592,10.825136],[116.71722,10.82546],[116.713184,10.826008],[116.712619,10.825528],[116.711732,10.823294],[116.711654,10.821305]]],[[[116.768277,10.820232],[116.768842,10.821589],[116.76989,10.822385],[116.770293,10.823904],[116.770292,10.825495],[116.769645,10.826932],[116.768515,10.827971],[116.766334,10.829244],[116.764639,10.829243],[116.763347,10.829088],[116.760362,10.827729],[116.759636,10.826852],[116.759072,10.824935],[116.757701,10.823659],[116.755684,10.822057],[116.755039,10.821017],[116.75504,10.819426],[116.756656,10.81695],[116.758352,10.815912],[116.759805,10.815443],[116.761096,10.815435],[116.763437,10.816079],[116.764969,10.817355],[116.767309,10.818794],[116.768277,10.820232]]],[[[116.830909,10.829603],[116.833895,10.831919],[116.834297,10.832723],[116.834297,10.833673],[116.833731,10.836394],[116.832359,10.837903],[116.829855,10.839104],[116.828563,10.839898],[116.827514,10.839898],[116.82711,10.839174],[116.82703,10.838062],[116.827112,10.837104],[116.826789,10.836308],[116.82679,10.83535],[116.827356,10.831996],[116.828082,10.831518],[116.828729,10.830406],[116.829698,10.82953],[116.830425,10.829449],[116.830909,10.829603]]],[[[116.632542,10.830912],[116.634156,10.831077],[116.635609,10.831711],[116.637303,10.832192],[116.638432,10.832673],[116.638996,10.833876],[116.638672,10.835069],[116.637702,10.836189],[116.634553,10.837216],[116.633584,10.837775],[116.632291,10.838813],[116.631403,10.838649],[116.631,10.838016],[116.630113,10.837689],[116.629549,10.836812],[116.629145,10.836658],[116.627856,10.834577],[116.627615,10.833383],[116.627616,10.832741],[116.628101,10.832344],[116.630119,10.83203],[116.631169,10.83139],[116.632542,10.830912]]],[[[116.637254,10.84013],[116.640485,10.837901],[116.641938,10.837667],[116.643713,10.838944],[116.645,10.842616],[116.644756,10.84493],[116.643785,10.84708],[116.642896,10.848435],[116.642006,10.849393],[116.640957,10.850115],[116.639261,10.850348],[116.637889,10.849948],[116.635874,10.847713],[116.633375,10.844437],[116.632166,10.842601],[116.632328,10.841724],[116.633297,10.841409],[116.635316,10.841167],[116.637254,10.84013]]],[[[116.859556,10.851802],[116.860203,10.849805],[116.862868,10.846615],[116.865452,10.845658],[116.867146,10.845902],[116.869164,10.846699],[116.870536,10.84829],[116.870858,10.850524],[116.871019,10.853082],[116.870695,10.854836],[116.870129,10.85611],[116.869403,10.85667],[116.868596,10.856435],[116.867306,10.852204],[116.866661,10.851724],[116.864722,10.852438],[116.861736,10.85419],[116.860363,10.854117],[116.859314,10.853158],[116.859556,10.851802]]],[[[116.725834,10.854505],[116.725109,10.852272],[116.724948,10.851069],[116.725111,10.849795],[116.726645,10.848919],[116.727776,10.848685],[116.728583,10.849002],[116.72963,10.851073],[116.732777,10.852993],[116.735036,10.854748],[116.735116,10.855788],[116.734227,10.856267],[116.729223,10.856579],[116.728093,10.856343],[116.727367,10.855863],[116.725834,10.854505]]],[[[116.841876,10.855383],[116.843008,10.85259],[116.845188,10.849481],[116.847127,10.847647],[116.84858,10.846527],[116.849872,10.846211],[116.851244,10.846528],[116.852211,10.847731],[116.852292,10.849566],[116.850191,10.854826],[116.849141,10.855784],[116.847849,10.8577],[116.845507,10.859616],[116.844699,10.860013],[116.843893,10.860248],[116.843005,10.859931],[116.842198,10.858972],[116.841794,10.857299],[116.841876,10.855383]]],[[[116.651245,10.853236],[116.65213,10.855787],[116.652693,10.85802],[116.653014,10.860019],[116.653093,10.862414],[116.652446,10.863526],[116.65091,10.86544],[116.649779,10.866081],[116.64558,10.867432],[116.643884,10.868307],[116.642835,10.868062],[116.642109,10.866624],[116.641788,10.86543],[116.641627,10.864155],[116.64147,10.860484],[116.641474,10.856254],[116.641637,10.855142],[116.642203,10.854184],[116.646,10.851476],[116.647696,10.85052],[116.64915,10.850196],[116.650683,10.850921],[116.651245,10.853236]]],[[[116.744396,10.861139],[116.7448,10.860109],[116.745446,10.859549],[116.746819,10.860029],[116.74811,10.860265],[116.749886,10.85995],[116.7515,10.860114],[116.752549,10.860992],[116.753275,10.862584],[116.753435,10.864419],[116.753192,10.865621],[116.752303,10.866895],[116.750364,10.868087],[116.748749,10.86936],[116.747861,10.869766],[116.746812,10.868961],[116.745602,10.867043],[116.745038,10.865687],[116.744394,10.863535],[116.744396,10.861139]]],[[[116.875131,10.870478],[116.876018,10.871753],[116.876099,10.874628],[116.876663,10.875658],[116.878116,10.877096],[116.879003,10.878534],[116.879003,10.880207],[116.878437,10.881328],[116.877387,10.882683],[116.876015,10.883397],[116.874158,10.883721],[116.871737,10.883476],[116.869073,10.881405],[116.867298,10.879009],[116.866894,10.877254],[116.866733,10.875419],[116.867541,10.872391],[116.868672,10.871035],[116.870207,10.86968],[116.871902,10.869202],[116.873597,10.869275],[116.875131,10.870478]]],[[[116.643172,10.891919],[116.64043,10.889367],[116.639463,10.887766],[116.638819,10.885695],[116.638904,10.882259],[116.63947,10.880904],[116.639714,10.879151],[116.639797,10.877397],[116.639316,10.874124],[116.640044,10.873085],[116.641659,10.871893],[116.644163,10.871182],[116.6503,10.869906],[116.653045,10.869827],[116.6549,10.871113],[116.655947,10.872705],[116.655784,10.87454],[116.655218,10.876059],[116.65449,10.877251],[116.654084,10.87933],[116.65384,10.881644],[116.650933,10.881559],[116.649802,10.882751],[116.648186,10.883473],[116.647458,10.885226],[116.647941,10.886582],[116.649555,10.887298],[116.651088,10.888737],[116.650682,10.890889],[116.650035,10.891765],[116.647935,10.892802],[116.646481,10.892882],[116.643172,10.891919]]],[[[116.749179,10.889313],[116.747483,10.889709],[116.745707,10.889943],[116.744739,10.88939],[116.744174,10.888432],[116.744255,10.88779],[116.744902,10.886678],[116.745549,10.885956],[116.746195,10.884682],[116.746196,10.883642],[116.7466,10.882765],[116.748537,10.88293],[116.750071,10.883889],[116.750958,10.885318],[116.751118,10.886919],[116.750472,10.888193],[116.749179,10.889313]]],[[[116.651284,10.893927],[116.653303,10.893206],[116.657179,10.892496],[116.661216,10.892338],[116.662588,10.892502],[116.664121,10.892983],[116.665494,10.89378],[116.66752,10.896124],[116.666911,10.90011],[116.666455,10.901203],[116.665646,10.902558],[116.664192,10.903352],[116.663143,10.903351],[116.661448,10.90287],[116.659915,10.901829],[116.657978,10.900868],[116.656445,10.899438],[116.654832,10.898478],[116.652652,10.898313],[116.650716,10.896792],[116.650636,10.895282],[116.651284,10.893927]]],[[[116.897646,10.908384],[116.896274,10.907578],[116.895709,10.906701],[116.896032,10.905671],[116.896678,10.905192],[116.898616,10.902634],[116.899585,10.902002],[116.900393,10.901676],[116.901442,10.901677],[116.902492,10.902238],[116.903218,10.902961],[116.90346,10.904155],[116.903218,10.905194],[116.90241,10.906224],[116.900392,10.907426],[116.899664,10.907986],[116.898776,10.908384],[116.897646,10.908384]]],[[[116.474886,10.908357],[116.473065,10.909661],[116.471576,10.910148],[116.469426,10.910635],[116.467109,10.911448],[116.465622,10.911119],[116.464963,10.909973],[116.464966,10.908176],[116.467618,10.904422],[116.46845,10.901319],[116.469279,10.900013],[116.470933,10.900016],[116.476545,10.905091],[116.476543,10.906235],[116.474886,10.908357]]],[[[116.676098,10.906556],[116.676018,10.905119],[116.677069,10.904008],[116.678039,10.90353],[116.679007,10.903684],[116.681428,10.904492],[116.682478,10.905126],[116.683042,10.906328],[116.683041,10.907685],[116.682716,10.909357],[116.681988,10.910314],[116.680857,10.910873],[116.680292,10.910629],[116.679485,10.909914],[116.678841,10.909108],[116.67763,10.908474],[116.676582,10.907596],[116.676098,10.906556]]],[[[116.799225,10.906418],[116.80092,10.907296],[116.801403,10.908652],[116.801322,10.910171],[116.800756,10.911925],[116.799787,10.912882],[116.798656,10.913126],[116.797122,10.913197],[116.796154,10.912482],[116.795508,10.911523],[116.795347,10.910646],[116.795348,10.909525],[116.795914,10.90769],[116.797611,10.906417],[116.799225,10.906418]]],[[[116.48299,10.907063],[116.483982,10.907065],[116.485964,10.908539],[116.489265,10.912139],[116.491243,10.915248],[116.491241,10.916555],[116.490413,10.917697],[116.488758,10.918348],[116.483468,10.917686],[116.48132,10.916702],[116.480495,10.91572],[116.479837,10.913921],[116.48067,10.910164],[116.481831,10.907878],[116.48299,10.907063]]],[[[116.920093,10.907586],[116.920577,10.906637],[116.922111,10.906158],[116.923726,10.907514],[116.924694,10.909666],[116.925097,10.912613],[116.924936,10.91509],[116.923644,10.917965],[116.920655,10.920595],[116.917264,10.921552],[116.91363,10.921868],[116.911531,10.921713],[116.910644,10.921153],[116.909755,10.920276],[116.909352,10.919073],[116.909433,10.918042],[116.910079,10.917084],[116.911775,10.916606],[116.915731,10.916128],[116.917589,10.91573],[116.918961,10.915252],[116.920414,10.914131],[116.921061,10.912133],[116.92098,10.910777],[116.920173,10.908942],[116.920093,10.907586]]],[[[116.914774,10.937047],[116.913165,10.940627],[116.909544,10.942217],[116.902707,10.942214],[116.898283,10.941815],[116.893458,10.939029],[116.889437,10.933857],[116.889438,10.931868],[116.891853,10.928298],[116.897484,10.926311],[116.901908,10.925914],[116.909146,10.927508],[116.913168,10.929896],[116.914775,10.933078],[116.914774,10.937047]]],[[[116.837135,10.96683],[116.841559,10.965242],[116.848799,10.966041],[116.856441,10.969227],[116.859657,10.972799],[116.860459,10.976777],[116.859653,10.98155],[116.854019,10.986321],[116.845169,10.986308],[116.841147,10.984723],[116.834714,10.980344],[116.833107,10.97557],[116.833914,10.970797],[116.837135,10.96683]]],[[[116.958205,10.98516],[116.957,10.979202],[116.958207,10.973634],[116.961023,10.971645],[116.964643,10.97085],[116.970677,10.972044],[116.977917,10.978011],[116.980732,10.985162],[116.978721,10.989538],[116.974296,10.992322],[116.968664,10.992321],[116.963032,10.991525],[116.960216,10.988343],[116.958205,10.98516]]],[[[116.900282,10.977986],[116.904305,10.974417],[116.90873,10.973623],[116.913959,10.976011],[116.91798,10.979185],[116.920393,10.98197],[116.921197,10.987937],[116.919185,10.991914],[116.914759,10.993495],[116.909932,10.992698],[116.905909,10.991504],[116.900681,10.987931],[116.899476,10.98276],[116.900282,10.977986]]],[[[117.266354,10.992427],[117.28664,11.001587],[117.31153,11.037359],[117.319862,11.082007],[117.311106,11.124063],[117.296464,11.143391],[117.283965,11.14586],[117.264213,11.13811],[117.237084,11.117273],[117.222671,11.098749],[117.222639,11.087256],[117.236744,11.034436],[117.250586,10.997432],[117.266354,10.992427]]],[[[117.015701,11.078],[117.019027,11.080285],[117.020934,11.08521],[117.020607,11.091748],[117.01364,11.115992],[117.007887,11.120362],[117.004073,11.12098],[116.998986,11.120591],[116.994287,11.118517],[116.992167,11.115725],[116.992047,11.112999],[116.992694,11.11024],[116.992846,11.108908],[116.997122,11.099127],[116.998096,11.089831],[117.000537,11.082444],[117.004357,11.078487],[117.007809,11.07667],[117.011502,11.076815],[117.015701,11.078]]]]}},{"type":"Feature","properties":{"id":"81297802B68033195953544","label":"나트랑 · Nha Trang (이전)","era":"2020","sourceName":"Nha Trang","viewBounds":[109.11339329800006,12.141940111000054,109.24302467300004,12.379107184000077]},"geometry":{"type":"MultiPolygon","coordinates":[[[[109.304368,12.171848],[109.297462,12.170477],[109.297017,12.167323],[109.299595,12.164083],[109.303022,12.16356],[109.309041,12.165159],[109.313166,12.161634],[109.314418,12.163752],[109.316735,12.163644],[109.31153,12.167049],[109.311022,12.169343],[109.304368,12.171848]]],[[[109.245195,12.179731],[109.235576,12.179211],[109.234379,12.177306],[109.240914,12.173486],[109.24721,12.172433],[109.251809,12.169953],[109.248942,12.177149],[109.245195,12.179731]]],[[[109.277138,12.180448],[109.275687,12.182064],[109.275293,12.180293],[109.272061,12.181639],[109.27113,12.175082],[109.275266,12.173863],[109.277737,12.175549],[109.277138,12.180448]]],[[[109.224503,12.195825],[109.223479,12.197381],[109.222227,12.196956],[109.222746,12.193799],[109.220397,12.193526],[109.218571,12.189154],[109.221996,12.188482],[109.223742,12.183698],[109.225424,12.182836],[109.226428,12.187394],[109.234046,12.194316],[109.232251,12.195475],[109.225345,12.193285],[109.227076,12.196453],[109.224503,12.195825]]],[[[109.270856,12.232113],[109.267718,12.233803],[109.266548,12.236435],[109.264494,12.235659],[109.264684,12.232546],[109.261283,12.227787],[109.262509,12.219791],[109.259777,12.216566],[109.260261,12.213071],[109.258448,12.212118],[109.255777,12.214975],[109.25475,12.219172],[109.252234,12.220233],[109.251524,12.224697],[109.248959,12.222832],[109.245215,12.224208],[109.243889,12.229269],[109.244685,12.231373],[109.241989,12.229987],[109.237898,12.232626],[109.234048,12.232188],[109.230395,12.226408],[109.240091,12.224458],[109.241795,12.218573],[109.240473,12.21541],[109.243983,12.209647],[109.24849,12.208665],[109.253766,12.205294],[109.253528,12.203905],[109.258496,12.199355],[109.269313,12.197088],[109.272615,12.193114],[109.27324,12.187939],[109.276528,12.184568],[109.28429,12.181011],[109.290971,12.18026],[109.291943,12.182937],[109.295223,12.181948],[109.294414,12.185367],[109.289528,12.188615],[109.289128,12.19427],[109.298662,12.202359],[109.302374,12.207576],[109.302222,12.203844],[109.303991,12.201199],[109.30019,12.200044],[109.299707,12.197337],[109.297856,12.197978],[109.297159,12.195756],[109.299184,12.192637],[109.30617,12.19276],[109.311058,12.190036],[109.323286,12.194121],[109.32396,12.191778],[109.32025,12.191772],[109.315731,12.188624],[109.318372,12.1856],[109.323856,12.185041],[109.325916,12.186837],[109.326694,12.191383],[109.335458,12.193908],[109.331482,12.200387],[109.3276,12.20121],[109.328574,12.204713],[109.327582,12.20987],[109.330536,12.210935],[109.331341,12.21671],[109.328667,12.221398],[109.32434,12.220338],[109.320663,12.22163],[109.318244,12.227313],[109.316254,12.227236],[109.314375,12.225169],[109.311429,12.214857],[109.306674,12.213422],[109.304779,12.21496],[109.303244,12.222667],[109.300789,12.221697],[109.297972,12.223586],[109.29813,12.228082],[109.296355,12.23031],[109.291363,12.229209],[109.288159,12.230194],[109.28192,12.227719],[109.275337,12.228709],[109.272658,12.232367],[109.270856,12.232113]]],[[[109.360532,12.274188],[109.357855,12.272625],[109.357691,12.270219],[109.359482,12.268056],[109.362459,12.2678],[109.36398,12.271597],[109.362695,12.27386],[109.360532,12.274188]]],[[[109.370428,12.280112],[109.370466,12.285138],[109.3688,12.285852],[109.368391,12.281959],[109.370428,12.280112]]],[[[109.243853,12.290148],[109.241704,12.288917],[109.24285,12.287439],[109.24629,12.288207],[109.243853,12.290148]]],[[[109.218587,12.360853],[109.214767,12.362602],[109.21374,12.361074],[109.210356,12.360746],[109.215474,12.357762],[109.218587,12.360853]]],[[[109.223651,12.14194],[109.223012,12.147918],[109.223969,12.14866],[109.220914,12.154342],[109.212333,12.158568],[109.208964,12.158768],[109.200898,12.163736],[109.201768,12.165107],[109.200039,12.171695],[109.201905,12.173313],[109.205179,12.171409],[109.205978,12.174512],[109.208122,12.175264],[109.209479,12.18483],[109.206778,12.188687],[109.215879,12.197729],[109.21542,12.207497],[109.217615,12.209638],[109.216856,12.211395],[109.210539,12.214736],[109.20208,12.225629],[109.197833,12.238178],[109.196981,12.253812],[109.20049,12.264305],[109.20638,12.26822],[109.206844,12.273098],[109.204202,12.272538],[109.20262,12.275275],[109.203176,12.282037],[109.207145,12.290717],[109.219237,12.295443],[109.229792,12.293858],[109.235161,12.295086],[109.235113,12.297256],[109.23912,12.299569],[109.239767,12.302291],[109.240919,12.301444],[109.2405,12.302976],[109.241442,12.302576],[109.243025,12.305434],[109.239448,12.307468],[109.238727,12.306483],[109.23665,12.308239],[109.234616,12.30784],[109.226571,12.316127],[109.222488,12.317841],[109.22131,12.321588],[109.211973,12.324294],[109.209282,12.330939],[109.210302,12.331753],[109.2022,12.335915],[109.201751,12.341162],[109.203921,12.343374],[109.197867,12.34765],[109.199138,12.355331],[109.195783,12.359878],[109.198667,12.366467],[109.19674,12.378277],[109.19296,12.379107],[109.187668,12.377946],[109.18258,12.373996],[109.176698,12.375288],[109.17353,12.378101],[109.169606,12.37573],[109.171745,12.36734],[109.17523,12.36184],[109.175228,12.359936],[109.173335,12.358952],[109.167499,12.361049],[109.159427,12.360013],[109.158243,12.362512],[109.159316,12.365971],[109.156787,12.369208],[109.148713,12.366223],[109.142148,12.369261],[109.135306,12.36782],[109.124493,12.358497],[109.121666,12.358722],[109.119567,12.35673],[109.121934,12.348217],[109.118651,12.347644],[109.116159,12.343569],[109.113393,12.34287],[109.117863,12.336821],[109.117622,12.332611],[109.124491,12.328739],[109.13131,12.319658],[109.132382,12.30865],[109.129621,12.303116],[109.129326,12.299016],[109.132077,12.292954],[109.132658,12.283192],[109.134181,12.281227],[109.137054,12.282612],[109.137229,12.279619],[109.134859,12.276538],[109.140966,12.273329],[109.143083,12.266321],[109.137025,12.265066],[109.131679,12.260945],[109.127494,12.261995],[109.125845,12.259794],[109.126721,12.255215],[109.122007,12.252666],[109.121208,12.249973],[109.127925,12.249508],[109.129759,12.247639],[109.128102,12.237099],[109.13183,12.226513],[109.125334,12.220381],[109.124423,12.215271],[109.120524,12.213055],[109.117077,12.203221],[109.125864,12.189901],[109.125204,12.186145],[109.136607,12.181261],[109.136146,12.176126],[109.140425,12.172926],[109.144622,12.163542],[109.147765,12.160242],[109.150334,12.161808],[109.154795,12.154028],[109.159504,12.153855],[109.161707,12.155241],[109.162744,12.150353],[109.167146,12.147756],[109.171,12.150167],[109.172406,12.148598],[109.17522,12.148838],[109.185617,12.145333],[109.189594,12.146898],[109.191799,12.149985],[109.195161,12.146483],[109.199367,12.14512],[109.21541,12.147313],[109.223651,12.14194]]]]}},{"type":"Feature","properties":{"id":"81297802B88990967828920","label":"깜라인 · Cam Ranh (이전)","era":"2020","sourceName":"Cam Ranh","viewBounds":[109.00234494300008,11.804579210000043,109.28417399200004,12.027740269000049]},"geometry":{"type":"MultiPolygon","coordinates":[[[[109.223625,11.770465],[109.222336,11.770576],[109.224071,11.768934],[109.225988,11.769968],[109.223625,11.770465]]],[[[109.214197,11.785939],[109.211689,11.783768],[109.215758,11.778468],[109.21623,11.774756],[109.220289,11.772],[109.22203,11.772291],[109.221953,11.783385],[109.220946,11.784416],[109.217937,11.78252],[109.21681,11.785468],[109.214197,11.785939]]],[[[109.202995,11.815367],[109.202095,11.817874],[109.200788,11.817285],[109.202995,11.815367]]],[[[109.221647,11.851692],[109.220853,11.84737],[109.225214,11.845336],[109.224324,11.84201],[109.225475,11.84058],[109.223325,11.83922],[109.224818,11.838792],[109.224562,11.835675],[109.22676,11.835737],[109.228355,11.832451],[109.232991,11.831139],[109.235175,11.828203],[109.23985,11.829372],[109.238631,11.83353],[109.239963,11.835104],[109.245558,11.832909],[109.249553,11.833218],[109.252262,11.836442],[109.251204,11.840372],[109.246349,11.843072],[109.249356,11.848045],[109.247995,11.850574],[109.242663,11.850224],[109.241956,11.844221],[109.243251,11.84158],[109.238515,11.838348],[109.230028,11.841737],[109.229624,11.844857],[109.227401,11.845263],[109.22552,11.849721],[109.221647,11.851692]]],[[[109.271856,11.861626],[109.270316,11.861049],[109.271226,11.859604],[109.271856,11.861626]]],[[[109.24258,11.864368],[109.241861,11.8664],[109.240962,11.864911],[109.24258,11.864368]]],[[[109.323,12.00634],[109.322748,12.007301],[109.320768,12.004374],[109.323247,12.003399],[109.323,12.00634]]],[[[109.059992,11.861252],[109.076888,11.83495],[109.090629,11.825868],[109.094628,11.815906],[109.10746,11.809842],[109.109357,11.807066],[109.111104,11.80804],[109.11938,11.805036],[109.135023,11.804579],[109.177932,11.811307],[109.195006,11.811869],[109.191969,11.814562],[109.188028,11.813029],[109.185154,11.813534],[109.181889,11.816508],[109.180899,11.822333],[109.181789,11.829181],[109.184807,11.830309],[109.179253,11.834145],[109.179795,11.836538],[109.177506,11.841612],[109.178924,11.847589],[109.183479,11.851518],[109.180522,11.852369],[109.179969,11.856343],[109.19233,11.871976],[109.2082,11.881629],[109.217249,11.882588],[109.220047,11.881289],[109.221425,11.878177],[109.223959,11.881496],[109.231704,11.880911],[109.239335,11.875957],[109.240756,11.872851],[109.239849,11.869346],[109.24491,11.866505],[109.247502,11.863293],[109.249251,11.863343],[109.246866,11.856362],[109.248787,11.852321],[109.251856,11.855148],[109.250735,11.855712],[109.2506,11.860095],[109.256375,11.865435],[109.259915,11.865684],[109.262735,11.861166],[109.266561,11.863293],[109.26891,11.861309],[109.271622,11.862192],[109.271182,11.865379],[109.276315,11.872386],[109.279224,11.873881],[109.280862,11.878606],[109.280852,11.880196],[109.277283,11.880586],[109.277768,11.882851],[109.272534,11.882299],[109.275113,11.885726],[109.275046,11.888248],[109.271439,11.887277],[109.271258,11.889428],[109.267032,11.892664],[109.269526,11.895558],[109.267194,11.895986],[109.267527,11.897728],[109.26174,11.90341],[109.262245,11.905799],[109.259456,11.91269],[109.258133,11.922722],[109.260912,11.931059],[109.264862,11.935266],[109.26826,11.936684],[109.27082,11.935961],[109.270583,11.934333],[109.272705,11.934619],[109.272829,11.935885],[109.274314,11.935209],[109.273809,11.937351],[109.276322,11.94486],[109.278844,11.944822],[109.279862,11.946221],[109.281871,11.944822],[109.282242,11.948877],[109.284174,11.949962],[109.282699,11.950856],[109.284031,11.954626],[109.277312,11.95058],[109.274066,11.951637],[109.270773,11.955092],[109.270249,11.958004],[109.272819,11.959146],[109.270849,11.959975],[109.272458,11.970044],[109.271649,11.97211],[109.269621,11.972262],[109.270173,11.974975],[109.265519,11.974346],[109.262673,11.977992],[109.259856,11.978963],[109.25424,11.975527],[109.247892,11.980457],[109.24102,11.989289],[109.219293,12.02774],[109.204157,12.0234],[109.198651,12.018815],[109.189377,12.017971],[109.175877,12.012769],[109.16776,12.015381],[109.166384,12.011059],[109.15126,12.009062],[109.147004,12.005659],[109.145585,12.003933],[109.145819,11.998009],[109.148318,11.988678],[109.147559,11.983127],[109.144343,11.977764],[109.144955,11.973658],[109.140984,11.970302],[109.137957,11.963679],[109.131952,11.956404],[109.128304,11.958335],[109.123667,11.966854],[109.118967,11.968549],[109.114566,11.97266],[109.113614,11.971545],[109.112814,11.972339],[109.107008,11.966277],[109.106433,11.961369],[109.103674,11.958286],[109.100164,11.959226],[109.082647,11.954694],[109.070789,11.946832],[109.064003,11.935382],[109.056934,11.946763],[109.053831,11.948875],[109.044955,11.95076],[109.041197,11.949747],[109.040056,11.952592],[109.031327,11.956089],[109.019502,11.959606],[109.011169,11.959217],[109.006784,11.961318],[109.002556,11.947793],[109.002345,11.935614],[109.003487,11.933201],[109.002345,11.929956],[109.005895,11.923304],[109.021032,11.910259],[109.035909,11.909781],[109.049002,11.898064],[109.054906,11.884577],[109.059992,11.861252]]]]}},{"type":"Feature","properties":{"id":"81297802B15274858883665","label":"깜럼 · Cam Lam (이전)","era":"2020","sourceName":"Cam Lam","viewBounds":[108.94181583700004,11.93538168300006,109.22365086800005,12.213055272000076]},"geometry":{"type":"MultiPolygon","coordinates":[[[[109.325504,12.032089],[109.324181,12.031575],[109.3247,12.029971],[109.325827,12.030076],[109.325504,12.032089]]],[[[109.326188,12.046168],[109.32233,12.041943],[109.321373,12.038698],[109.32576,12.033951],[109.327266,12.035118],[109.324254,12.035621],[109.325892,12.036906],[109.324082,12.042824],[109.327123,12.044188],[109.327801,12.046276],[109.326188,12.046168]]],[[[109.326368,12.04703],[109.326753,12.049371],[109.325735,12.049119],[109.326368,12.04703]]],[[[109.223651,12.14194],[109.21541,12.147313],[109.199367,12.14512],[109.195161,12.146483],[109.191799,12.149985],[109.189594,12.146898],[109.185617,12.145333],[109.17522,12.148838],[109.172406,12.148598],[109.171,12.150167],[109.167146,12.147756],[109.162744,12.150353],[109.161707,12.155241],[109.159504,12.153855],[109.154795,12.154028],[109.150334,12.161808],[109.147765,12.160242],[109.144622,12.163542],[109.140425,12.172926],[109.136146,12.176126],[109.136607,12.181261],[109.125204,12.186145],[109.125864,12.189901],[109.117077,12.203221],[109.120524,12.213055],[109.115895,12.212888],[109.115253,12.210814],[109.108708,12.20743],[109.107234,12.200347],[109.102606,12.200178],[109.095685,12.203253],[109.089099,12.195372],[109.081696,12.197455],[109.078098,12.200573],[109.075337,12.204059],[109.075167,12.207823],[109.070568,12.206863],[109.063381,12.196873],[109.062306,12.203706],[109.060587,12.205215],[109.059375,12.203072],[109.055541,12.201374],[109.056764,12.194962],[109.055466,12.189441],[109.05318,12.189328],[109.047004,12.185089],[109.027965,12.181765],[109.02571,12.177944],[109.020411,12.180833],[109.017622,12.186133],[109.013438,12.184013],[109.00957,12.184525],[109.003674,12.180505],[109.001517,12.181052],[108.998561,12.172828],[108.99923,12.168806],[108.995381,12.165992],[108.9768,12.175823],[108.974293,12.171573],[108.974271,12.161898],[108.969534,12.158687],[108.967234,12.159184],[108.965717,12.156472],[108.969466,12.150007],[108.963603,12.141868],[108.960892,12.124371],[108.957719,12.121161],[108.949005,12.118266],[108.943098,12.107776],[108.941816,12.101395],[108.945731,12.094034],[108.946158,12.075245],[108.953096,12.071503],[108.956607,12.07217],[108.962445,12.069843],[108.972663,12.071889],[108.979517,12.071057],[108.984996,12.067189],[108.986282,12.06388],[108.993119,12.060076],[108.995509,12.056207],[108.999359,12.055832],[109.005599,12.047138],[109.00911,12.045141],[109.009047,12.042562],[108.994812,12.033867],[108.996381,12.026761],[108.999935,12.029507],[109.003403,12.027344],[109.004757,12.022019],[109.003509,12.013699],[109.011101,12.006169],[109.008521,12.005087],[109.004735,11.997974],[109.003382,11.990486],[109.007632,11.984828],[109.00742,11.971391],[109.005813,11.964485],[109.006784,11.961318],[109.011169,11.959217],[109.019502,11.959606],[109.031327,11.956089],[109.040056,11.952592],[109.041197,11.949747],[109.044955,11.95076],[109.053831,11.948875],[109.056934,11.946763],[109.064003,11.935382],[109.070789,11.946832],[109.082647,11.954694],[109.100164,11.959226],[109.103674,11.958286],[109.106433,11.961369],[109.107008,11.966277],[109.112814,11.972339],[109.113614,11.971545],[109.114566,11.97266],[109.118967,11.968549],[109.123667,11.966854],[109.128304,11.958335],[109.131952,11.956404],[109.137957,11.963679],[109.140984,11.970302],[109.144955,11.973658],[109.144343,11.977764],[109.147559,11.983127],[109.148318,11.988678],[109.145819,11.998009],[109.145585,12.003933],[109.147004,12.005659],[109.15126,12.009062],[109.166384,12.011059],[109.16776,12.015381],[109.175877,12.012769],[109.189377,12.017971],[109.198651,12.018815],[109.204157,12.0234],[109.219293,12.02774],[109.204643,12.057504],[109.200012,12.070866],[109.195158,12.090611],[109.19483,12.108642],[109.196914,12.117508],[109.206808,12.118094],[109.211848,12.123362],[109.214603,12.137581],[109.217302,12.139823],[109.223241,12.140394],[109.223651,12.14194]]]]}},{"type":"Feature","properties":{"id":"81297802B57264474428475","label":"Dien Khanh (이전)","era":"2020","sourceName":"Dien Khanh","viewBounds":[108.93566543400004,12.165992310000036,109.14308339300004,12.389927226000054]},"geometry":{"type":"Polygon","coordinates":[[[109.120524,12.213055],[109.124423,12.215271],[109.125334,12.220381],[109.13183,12.226513],[109.128102,12.237099],[109.129759,12.247639],[109.127925,12.249508],[109.121208,12.249973],[109.122007,12.252666],[109.126721,12.255215],[109.125845,12.259794],[109.127494,12.261995],[109.131679,12.260945],[109.137025,12.265066],[109.143083,12.266321],[109.140966,12.273329],[109.134859,12.276538],[109.137229,12.279619],[109.137054,12.282612],[109.134181,12.281227],[109.132658,12.283192],[109.132077,12.292954],[109.129326,12.299016],[109.129621,12.303116],[109.132382,12.30865],[109.13131,12.319658],[109.124491,12.328739],[109.117622,12.332611],[109.117863,12.336821],[109.113393,12.34287],[109.112313,12.347143],[109.108482,12.348202],[109.107039,12.351316],[109.099955,12.355487],[109.098102,12.35894],[109.09391,12.361513],[109.094973,12.365735],[109.086384,12.373362],[109.078674,12.377039],[109.078738,12.38003],[109.073398,12.382025],[109.067301,12.389927],[109.064041,12.382962],[109.057339,12.379352],[109.051427,12.372949],[109.050035,12.365659],[109.047221,12.360426],[109.040014,12.356439],[109.031828,12.356129],[109.024432,12.351145],[109.017067,12.342048],[109.013085,12.34398],[109.009166,12.339868],[109.004394,12.339743],[108.998326,12.336689],[108.992321,12.336752],[108.989572,12.335132],[108.977861,12.336473],[108.978968,12.338465],[108.977546,12.342171],[108.981133,12.345105],[108.978192,12.34822],[108.978524,12.351336],[108.972454,12.352582],[108.969277,12.355543],[108.9655,12.352831],[108.958263,12.338309],[108.950235,12.335565],[108.943249,12.337371],[108.936955,12.333933],[108.935665,12.328198],[108.93849,12.321239],[108.937538,12.315868],[108.939663,12.314938],[108.946019,12.317004],[108.953921,12.313225],[108.946021,12.302156],[108.944676,12.287691],[108.949839,12.289414],[108.95328,12.293615],[108.955076,12.293784],[108.956829,12.291631],[108.958733,12.281228],[108.963051,12.281313],[108.960939,12.274878],[108.964875,12.264073],[108.961079,12.260094],[108.960331,12.257326],[108.964969,12.249425],[108.964717,12.24192],[108.957195,12.234369],[108.95423,12.220443],[108.960511,12.213346],[108.964331,12.199557],[108.9768,12.175823],[108.995381,12.165992],[108.99923,12.168806],[108.998561,12.172828],[109.001517,12.181052],[109.003674,12.180505],[109.00957,12.184525],[109.013438,12.184013],[109.017622,12.186133],[109.020411,12.180833],[109.02571,12.177944],[109.027965,12.181765],[109.047004,12.185089],[109.05318,12.189328],[109.055466,12.189441],[109.056764,12.194962],[109.055541,12.201374],[109.059375,12.203072],[109.060587,12.205215],[109.062306,12.203706],[109.063381,12.196873],[109.070568,12.206863],[109.075167,12.207823],[109.075337,12.204059],[109.078098,12.200573],[109.081696,12.197455],[109.089099,12.195372],[109.095685,12.203253],[109.102606,12.200178],[109.107234,12.200347],[109.108708,12.20743],[109.115253,12.210814],[109.115895,12.212888],[109.120524,12.213055]]]}},{"type":"Feature","properties":{"id":"81297802B58839501230111","label":"Ninh Hoa (이전)","era":"2020","sourceName":"Ninh Hoa","viewBounds":[108.86405295200007,12.342869816000075,109.34198180700008,12.752593466000064]},"geometry":{"type":"MultiPolygon","coordinates":[[[[109.374402,12.364433],[109.372174,12.36969],[109.367847,12.367667],[109.373688,12.36153],[109.374188,12.358128],[109.379839,12.356141],[109.380327,12.359317],[109.376793,12.364124],[109.374402,12.364433]]],[[[109.231213,12.398648],[109.229836,12.399466],[109.226558,12.398169],[109.226602,12.394127],[109.221148,12.388052],[109.223215,12.385427],[109.232667,12.383143],[109.235088,12.38087],[109.238503,12.383066],[109.240448,12.38811],[109.237581,12.394886],[109.233262,12.396141],[109.231213,12.398648]]],[[[109.20454,12.400977],[109.202991,12.402387],[109.201753,12.401405],[109.20454,12.400977]]],[[[109.224811,12.398284],[109.224579,12.402287],[109.220635,12.399932],[109.224811,12.398284]]],[[[109.218553,12.403658],[109.216078,12.402599],[109.218666,12.399899],[109.220135,12.401356],[109.218553,12.403658]]],[[[109.307129,12.476285],[109.303274,12.476499],[109.305121,12.475466],[109.307129,12.476285]]],[[[109.350644,12.485527],[109.349138,12.489238],[109.346692,12.489562],[109.346787,12.483594],[109.351118,12.48221],[109.352682,12.47713],[109.357935,12.480247],[109.361052,12.478754],[109.360588,12.482638],[109.355811,12.483346],[109.355246,12.48732],[109.350644,12.485527]]],[[[109.314524,12.497906],[109.294244,12.494459],[109.291517,12.485764],[109.299748,12.485357],[109.302796,12.486456],[109.305651,12.491596],[109.309955,12.495329],[109.314909,12.496714],[109.314524,12.497906]]],[[[109.113393,12.34287],[109.116159,12.343569],[109.118651,12.347644],[109.121934,12.348217],[109.119567,12.35673],[109.121666,12.358722],[109.124493,12.358497],[109.135306,12.36782],[109.142148,12.369261],[109.148713,12.366223],[109.156787,12.369208],[109.159316,12.365971],[109.158243,12.362512],[109.159427,12.360013],[109.167499,12.361049],[109.173335,12.358952],[109.175228,12.359936],[109.17523,12.36184],[109.171745,12.36734],[109.169606,12.37573],[109.17353,12.378101],[109.176698,12.375288],[109.18258,12.373996],[109.187668,12.377946],[109.19296,12.379107],[109.19674,12.378277],[109.201194,12.388996],[109.199673,12.390545],[109.199787,12.394],[109.197903,12.395042],[109.198346,12.39854],[109.192414,12.397355],[109.189522,12.401224],[109.183162,12.404089],[109.177965,12.403289],[109.172738,12.40778],[109.171465,12.402676],[109.163006,12.404936],[109.163458,12.406316],[109.158723,12.412134],[109.160204,12.41935],[109.155719,12.424263],[109.151352,12.424584],[109.152454,12.429581],[109.156394,12.432251],[109.160335,12.432151],[109.163404,12.434178],[109.166459,12.441231],[109.170929,12.444239],[109.17475,12.452327],[109.176624,12.452922],[109.177011,12.456372],[109.187956,12.447419],[109.188997,12.448579],[109.190663,12.447865],[109.194452,12.441929],[109.199223,12.438954],[109.200341,12.440168],[109.207123,12.438026],[109.211263,12.432673],[109.214297,12.432137],[109.214678,12.42971],[109.218271,12.425641],[109.221352,12.424666],[109.223458,12.421299],[109.225124,12.420954],[109.225659,12.416207],[109.230989,12.411829],[109.233773,12.41253],[109.236283,12.410698],[109.237937,12.404809],[109.243124,12.40494],[109.245515,12.396136],[109.254079,12.387353],[109.258612,12.380536],[109.264808,12.375525],[109.263345,12.37187],[109.260318,12.371642],[109.261003,12.362348],[109.264116,12.36157],[109.265186,12.359064],[109.26837,12.357865],[109.270333,12.358436],[109.272846,12.356951],[109.275273,12.358886],[109.277343,12.358564],[109.279178,12.356508],[109.278799,12.352311],[109.284589,12.347743],[109.293119,12.346036],[109.296595,12.351961],[109.300314,12.353939],[109.299251,12.363119],[109.301614,12.36828],[109.301892,12.379905],[109.307788,12.385644],[109.308516,12.388571],[109.311329,12.389328],[109.314898,12.3875],[109.315155,12.384816],[109.318896,12.383974],[109.319948,12.3775],[109.327925,12.372955],[109.330548,12.37794],[109.327681,12.380219],[109.326438,12.384246],[109.330085,12.387304],[109.337033,12.388017],[109.341982,12.399046],[109.337033,12.408481],[109.332773,12.406565],[109.32968,12.406982],[109.325885,12.41086],[109.325445,12.413406],[109.322119,12.41534],[109.322276,12.416796],[109.319435,12.418195],[109.314567,12.417781],[109.310355,12.41554],[109.30715,12.416282],[109.302331,12.418507],[109.298893,12.424765],[109.294753,12.422504],[109.289649,12.42768],[109.285199,12.44317],[109.289818,12.449286],[109.290046,12.453312],[109.287683,12.456446],[109.293023,12.461817],[109.294374,12.466614],[109.292899,12.469926],[109.297544,12.473124],[109.295574,12.474685],[109.296811,12.476017],[109.295041,12.479606],[109.291595,12.479882],[109.289882,12.483784],[109.287988,12.484307],[109.284876,12.488847],[109.281164,12.489809],[109.277195,12.485811],[109.251549,12.506714],[109.245995,12.508463],[109.243761,12.507114],[109.239099,12.508877],[109.23769,12.520499],[109.232941,12.525048],[109.230076,12.535308],[109.230143,12.545778],[109.232151,12.561797],[109.23652,12.573323],[109.240784,12.575312],[109.245647,12.573941],[109.243572,12.576254],[109.245571,12.580204],[109.243905,12.585582],[109.234188,12.58878],[109.233807,12.593491],[109.231751,12.593339],[109.223299,12.586486],[109.219606,12.576454],[109.215666,12.575788],[109.21134,12.56894],[109.207324,12.568987],[109.203774,12.566075],[109.202042,12.567027],[109.200757,12.566037],[109.194265,12.57269],[109.200005,12.583326],[109.200039,12.588478],[109.19515,12.588175],[109.192249,12.585639],[109.176645,12.584055],[109.170507,12.582126],[109.167524,12.582783],[109.166331,12.584764],[109.1617,12.58538],[109.159489,12.594083],[109.159416,12.613856],[109.154791,12.627514],[109.134325,12.638705],[109.117932,12.641582],[109.123334,12.647747],[109.128402,12.659397],[109.133214,12.665929],[109.121416,12.675366],[109.116957,12.674934],[109.110596,12.680662],[109.114241,12.688106],[109.107,12.708426],[109.108469,12.722047],[109.09894,12.726041],[109.100473,12.730331],[109.096764,12.734739],[109.088063,12.738781],[109.087459,12.742951],[109.082981,12.742434],[109.079768,12.743834],[109.069392,12.752593],[109.061857,12.74415],[109.058749,12.745964],[109.05111,12.746484],[109.045526,12.743946],[109.041575,12.745034],[109.039678,12.743118],[109.0411,12.737729],[109.040099,12.736123],[109.033145,12.733999],[109.027113,12.735409],[109.020001,12.72981],[109.01476,12.728462],[109.014918,12.726596],[109.021238,12.723121],[109.020554,12.721618],[109.016366,12.720892],[109.015523,12.717988],[109.009939,12.717729],[109.005383,12.713011],[108.994822,12.706478],[108.987817,12.701812],[108.98966,12.699064],[108.988897,12.695953],[108.991846,12.692375],[108.991188,12.689938],[108.986343,12.687345],[108.980629,12.681279],[108.968699,12.685374],[108.965171,12.683247],[108.963274,12.68361],[108.948763,12.689],[108.944338,12.693355],[108.930805,12.68407],[108.925749,12.68355],[108.920905,12.678934],[108.909503,12.677479],[108.903474,12.674521],[108.903317,12.670736],[108.916145,12.659955],[108.916462,12.655291],[108.913857,12.648821],[108.913834,12.639952],[108.909621,12.637773],[108.897618,12.623507],[108.890614,12.622623],[108.884635,12.626458],[108.878315,12.625003],[108.868708,12.615612],[108.864053,12.605652],[108.865691,12.59414],[108.880624,12.586886],[108.888605,12.579474],[108.893976,12.579372],[108.893767,12.576261],[108.896401,12.573461],[108.895429,12.567652],[108.897431,12.56449],[108.895325,12.562881],[108.894646,12.54976],[108.892253,12.54504],[108.882882,12.540945],[108.882095,12.537153],[108.875151,12.525429],[108.875152,12.522265],[108.879183,12.514851],[108.875499,12.512568],[108.874053,12.509248],[108.87516,12.506033],[108.873529,12.504788],[108.876615,12.49748],[108.882905,12.495628],[108.890744,12.49065],[108.901743,12.487728],[108.918446,12.486618],[108.924498,12.482816],[108.931485,12.47273],[108.930222,12.468557],[108.93155,12.46644],[108.946055,12.460964],[108.948616,12.452495],[108.946628,12.443528],[108.947829,12.439481],[108.951589,12.438423],[108.953928,12.434812],[108.964198,12.427901],[108.973107,12.426906],[108.985145,12.413767],[108.986346,12.410032],[108.991907,12.40748],[108.993772,12.400893],[108.997184,12.401329],[109.000534,12.397094],[109.00382,12.396222],[109.005779,12.405066],[109.010614,12.405564],[109.01251,12.40737],[109.024264,12.403321],[109.02872,12.405064],[109.045689,12.405809],[109.048912,12.404252],[109.053587,12.398521],[109.065469,12.393476],[109.067301,12.389927],[109.073398,12.382025],[109.078738,12.38003],[109.078674,12.377039],[109.086384,12.373362],[109.094973,12.365735],[109.09391,12.361513],[109.098102,12.35894],[109.099955,12.355487],[109.107039,12.351316],[109.108482,12.348202],[109.112313,12.347143],[109.113393,12.34287]]]]}},{"type":"Feature","properties":{"id":"81297802B51561347842325","label":"Van Ninh (이전)","era":"2020","sourceName":"Van Ninh","viewBounds":[109.08745878000008,12.56236857700003,109.46137206700007,12.868523774000039]},"geometry":{"type":"MultiPolygon","coordinates":[[[[109.392802,12.546634],[109.39398,12.548157],[109.393075,12.549204],[109.391018,12.547298],[109.392802,12.546634]]],[[[109.462027,12.565043],[109.461284,12.5662],[109.459643,12.564801],[109.462027,12.565043]]],[[[109.303138,12.634981],[109.303624,12.636508],[109.301682,12.637279],[109.296935,12.634374],[109.303138,12.634981]]],[[[109.308212,12.635648],[109.308976,12.637933],[109.306963,12.638739],[109.305807,12.636726],[109.308212,12.635648]]],[[[109.322608,12.637341],[109.318304,12.639704],[109.316198,12.63582],[109.304505,12.630017],[109.302405,12.619721],[109.308287,12.610741],[109.316271,12.607565],[109.317096,12.603545],[109.31938,12.603931],[109.321022,12.607272],[109.325791,12.609042],[109.332929,12.608014],[109.334214,12.605458],[109.33627,12.605387],[109.339625,12.602061],[109.338507,12.590033],[109.345043,12.589152],[109.347809,12.585773],[109.350992,12.586386],[109.355536,12.581193],[109.359897,12.581984],[109.360611,12.578932],[109.364328,12.578236],[109.366714,12.576065],[109.367196,12.571514],[109.373614,12.566404],[109.384256,12.566083],[109.385238,12.564055],[109.384036,12.561402],[109.389509,12.55907],[109.390394,12.556065],[109.397825,12.549861],[109.402102,12.54863],[109.404387,12.550825],[109.407837,12.550159],[109.412358,12.554192],[109.413464,12.557035],[109.411519,12.560117],[109.4072,12.562728],[109.402531,12.569159],[109.397867,12.570925],[109.399646,12.576577],[109.397236,12.583043],[109.396029,12.582579],[109.394893,12.585416],[109.397468,12.592703],[109.393881,12.596463],[109.390098,12.597534],[109.388284,12.602376],[109.384911,12.605297],[109.386321,12.609092],[109.383388,12.613595],[109.386208,12.617503],[109.38472,12.618384],[109.384911,12.623755],[109.376166,12.628318],[109.36929,12.629871],[109.367523,12.631899],[109.363502,12.63244],[109.358493,12.629633],[109.355911,12.62573],[109.350575,12.627937],[109.346536,12.626331],[109.344163,12.627628],[109.344302,12.630895],[109.34261,12.633008],[109.338241,12.63138],[109.332131,12.635778],[109.322608,12.637341]]],[[[109.294451,12.636325],[109.296735,12.639038],[109.295729,12.639944],[109.292452,12.63756],[109.294451,12.636325]]],[[[109.220052,12.642937],[109.218452,12.644085],[109.216584,12.642996],[109.216858,12.641551],[109.220118,12.640438],[109.220052,12.642937]]],[[[109.31771,12.645467],[109.314919,12.645139],[109.316993,12.640652],[109.31771,12.645467]]],[[[109.377066,12.64469],[109.375681,12.646936],[109.373787,12.646179],[109.3762,12.643533],[109.377066,12.64469]]],[[[109.349178,12.652107],[109.340011,12.651242],[109.338911,12.647223],[109.343253,12.641785],[109.348178,12.642999],[109.347051,12.646811],[109.349877,12.649852],[109.349178,12.652107]]],[[[109.395019,12.654212],[109.394442,12.65686],[109.395096,12.652814],[109.392931,12.650048],[109.402633,12.643106],[109.402104,12.64567],[109.399189,12.648377],[109.401003,12.649239],[109.403936,12.647716],[109.404614,12.650477],[109.403288,12.649846],[109.401604,12.652636],[109.397208,12.655158],[109.395019,12.654212]]],[[[109.467155,12.650873],[109.46921,12.653833],[109.468059,12.657659],[109.466535,12.657291],[109.46586,12.654851],[109.467155,12.650873]]],[[[109.280858,12.694149],[109.286969,12.699432],[109.287235,12.70123],[109.279492,12.695329],[109.280858,12.694149]]],[[[109.307474,12.72421],[109.29697,12.71971],[109.294123,12.714423],[109.294646,12.711454],[109.302717,12.71193],[109.304845,12.71631],[109.313375,12.722306],[109.307474,12.72421]]],[[[109.321253,12.729481],[109.321272,12.731056],[109.320249,12.729357],[109.321253,12.729481]]],[[[109.330928,12.84631],[109.328817,12.840658],[109.321489,12.835894],[109.319336,12.836901],[109.316814,12.843331],[109.309525,12.838943],[109.30527,12.838966],[109.301937,12.841075],[109.297292,12.836232],[109.28686,12.831884],[109.279886,12.834183],[109.27122,12.832145],[109.260875,12.838075],[109.257233,12.837853],[109.254011,12.835958],[109.255158,12.833326],[109.252435,12.832126],[109.24847,12.82702],[109.233561,12.817428],[109.229416,12.812509],[109.220007,12.819439],[109.216779,12.826651],[109.210056,12.829793],[109.187452,12.826987],[109.182135,12.829493],[109.17863,12.826139],[109.169302,12.826808],[109.164883,12.823544],[109.162198,12.815035],[109.158338,12.813184],[109.155847,12.804214],[109.141076,12.781189],[109.126404,12.795848],[109.119404,12.798289],[109.117961,12.796619],[109.11783,12.79082],[109.113054,12.785566],[109.110127,12.779014],[109.109468,12.773144],[109.10551,12.770698],[109.103221,12.766496],[109.092575,12.760358],[109.092047,12.75725],[109.093941,12.750669],[109.087459,12.742951],[109.088063,12.738781],[109.096764,12.734739],[109.100473,12.730331],[109.09894,12.726041],[109.108469,12.722047],[109.107,12.708426],[109.114241,12.688106],[109.110596,12.680662],[109.116957,12.674934],[109.121416,12.675366],[109.133214,12.665929],[109.128402,12.659397],[109.123334,12.647747],[109.117932,12.641582],[109.134325,12.638705],[109.154791,12.627514],[109.159416,12.613856],[109.159489,12.594083],[109.1617,12.58538],[109.166331,12.584764],[109.167524,12.582783],[109.170507,12.582126],[109.176645,12.584055],[109.192249,12.585639],[109.19515,12.588175],[109.200039,12.588478],[109.199291,12.592439],[109.20198,12.597293],[109.202741,12.602386],[109.199505,12.604979],[109.202218,12.606859],[109.203788,12.617709],[109.201837,12.621064],[109.196555,12.619851],[109.192819,12.625062],[109.191534,12.624729],[109.190606,12.631367],[109.197102,12.644121],[109.20099,12.645999],[109.203445,12.649668],[109.2073,12.649839],[109.211421,12.646558],[109.213218,12.649342],[109.214991,12.649675],[109.215502,12.651329],[109.214229,12.652102],[109.215431,12.655231],[109.21022,12.661953],[109.210458,12.667866],[109.224067,12.685039],[109.227483,12.693263],[109.241284,12.702305],[109.247875,12.70397],[109.252539,12.702019],[109.256132,12.703161],[109.25844,12.709538],[109.265317,12.712227],[109.269314,12.717914],[109.270885,12.72322],[109.288445,12.73833],[109.287779,12.739329],[109.291562,12.74228],[109.294775,12.749275],[109.302246,12.755971],[109.304388,12.760753],[109.312692,12.761883],[109.314976,12.765441],[109.31945,12.766],[109.324262,12.764179],[109.327593,12.770889],[109.325499,12.772245],[109.329735,12.778051],[109.329235,12.78695],[109.331793,12.793672],[109.33914,12.797866],[109.350412,12.799115],[109.352524,12.796736],[109.355201,12.786207],[109.352957,12.764628],[109.360544,12.744702],[109.372037,12.72506],[109.37488,12.717671],[109.378699,12.716291],[109.379662,12.711496],[109.378215,12.709878],[109.378863,12.70805],[109.37595,12.705043],[109.373704,12.704281],[109.372581,12.707765],[109.369859,12.708393],[109.366182,12.704931],[109.365718,12.702754],[109.368253,12.702147],[109.371268,12.697942],[109.368491,12.689698],[109.359047,12.687713],[109.357612,12.688648],[109.357034,12.694787],[109.352944,12.692267],[109.346762,12.679019],[109.347461,12.675507],[109.343771,12.665527],[109.340052,12.665534],[109.335126,12.662429],[109.330293,12.664221],[109.328709,12.662929],[109.333027,12.661437],[109.336882,12.656133],[109.338246,12.6515],[109.344313,12.659866],[109.349603,12.662051],[109.353193,12.661201],[109.354407,12.652885],[109.361959,12.650551],[109.360646,12.646489],[109.364165,12.641985],[109.36812,12.646725],[109.364772,12.653306],[109.369904,12.655533],[109.370725,12.658117],[109.366399,12.666005],[109.368084,12.672466],[109.373966,12.674464],[109.375515,12.672002],[109.379962,12.669939],[109.388079,12.670867],[109.393218,12.668825],[109.394703,12.672102],[109.391048,12.67879],[109.394111,12.684222],[109.396352,12.684308],[109.396937,12.677498],[109.400921,12.675085],[109.402612,12.669853],[109.404439,12.668913],[109.40639,12.671397],[109.408192,12.658343],[109.409721,12.654046],[109.41152,12.653399],[109.412234,12.649059],[109.405352,12.644985],[109.409683,12.642225],[109.405274,12.640051],[109.409536,12.63893],[109.409179,12.63394],[109.407637,12.632991],[109.404296,12.634876],[109.403132,12.633505],[109.401326,12.634947],[109.402047,12.63297],[109.400977,12.631835],[109.396765,12.633269],[109.390005,12.629554],[109.390383,12.626652],[109.395116,12.620806],[109.397614,12.612725],[109.397429,12.6072],[109.399378,12.605758],[109.403225,12.607735],[109.405467,12.603217],[109.407794,12.602025],[109.41077,12.605137],[109.414468,12.603362],[109.415287,12.59926],[109.413554,12.594263],[109.415211,12.590218],[109.412212,12.585859],[109.412641,12.584145],[109.414811,12.584593],[109.415686,12.577083],[109.418704,12.575865],[109.420502,12.577131],[109.424938,12.573466],[109.427898,12.575694],[109.432247,12.566328],[109.4324,12.562369],[109.440138,12.567841],[109.440509,12.572181],[109.439386,12.573457],[109.440633,12.578739],[109.435683,12.585392],[109.438548,12.588723],[109.436169,12.590303],[109.437711,12.597099],[109.433114,12.595024],[109.429554,12.596395],[109.430125,12.601363],[109.432048,12.603857],[109.434675,12.604133],[109.435588,12.606379],[109.433313,12.607645],[109.433618,12.612194],[109.435055,12.613108],[109.437911,12.612099],[109.434865,12.616839],[109.436464,12.619618],[109.434922,12.621903],[109.435702,12.62295],[109.432714,12.624625],[109.437044,12.631002],[109.434265,12.634],[109.434912,12.640643],[109.438881,12.648029],[109.442403,12.647325],[109.445487,12.647877],[109.446972,12.649942],[109.450236,12.648819],[109.453805,12.65057],[109.456623,12.647725],[109.459602,12.649219],[109.461372,12.648058],[109.460544,12.650942],[109.457194,12.652855],[109.459916,12.658994],[109.457679,12.659803],[109.454291,12.664486],[109.453558,12.668169],[109.447352,12.667636],[109.442479,12.663953],[109.440557,12.667331],[109.440566,12.671871],[109.436435,12.670196],[109.435741,12.668264],[109.429782,12.667569],[109.428279,12.668949],[109.42687,12.668312],[109.424348,12.671005],[109.416086,12.682493],[109.410452,12.693344],[109.41167,12.696437],[109.414183,12.696456],[109.417362,12.70408],[109.413878,12.703385],[109.410604,12.700254],[109.406568,12.699968],[109.40239,12.702728],[109.397488,12.71],[109.375578,12.75086],[109.36667,12.772304],[109.359969,12.794414],[109.358846,12.810603],[109.362044,12.81423],[109.366146,12.814287],[109.357523,12.818418],[109.357808,12.823776],[109.360826,12.831666],[109.365604,12.837139],[109.368659,12.835502],[109.371552,12.836806],[109.376454,12.836406],[109.390406,12.843628],[109.376695,12.855729],[109.375118,12.860098],[109.367821,12.868524],[109.364696,12.864571],[109.363615,12.859762],[109.350816,12.856684],[109.343202,12.84733],[109.340942,12.849024],[109.332432,12.848678],[109.330928,12.84631]]]]}},{"type":"Feature","properties":{"id":"81297802B87924827202169","label":"Khanh Vinh (이전)","era":"2020","sourceName":"Khanh Vinh","viewBounds":[108.67106467800005,12.087060733000044,109.06730083000008,12.504831542000034]},"geometry":{"type":"Polygon","coordinates":[[[108.793299,12.159077],[108.802279,12.159841],[108.814838,12.153042],[108.817287,12.150049],[108.820058,12.139393],[108.822586,12.139281],[108.826692,12.135217],[108.837895,12.138623],[108.843494,12.117514],[108.85497,12.110153],[108.862075,12.111533],[108.865547,12.105435],[108.868169,12.103763],[108.871824,12.10329],[108.88173,12.106979],[108.883455,12.106143],[108.886033,12.097964],[108.888045,12.09663],[108.898688,12.097855],[108.902,12.092884],[108.908424,12.095056],[108.912758,12.093204],[108.914069,12.090221],[108.929057,12.087061],[108.933493,12.089503],[108.933778,12.099741],[108.941816,12.101395],[108.943098,12.107776],[108.949005,12.118266],[108.957719,12.121161],[108.960892,12.124371],[108.963603,12.141868],[108.969466,12.150007],[108.965717,12.156472],[108.967234,12.159184],[108.969534,12.158687],[108.974271,12.161898],[108.974293,12.171573],[108.9768,12.175823],[108.964331,12.199557],[108.960511,12.213346],[108.95423,12.220443],[108.957195,12.234369],[108.964717,12.24192],[108.964969,12.249425],[108.960331,12.257326],[108.961079,12.260094],[108.964875,12.264073],[108.960939,12.274878],[108.963051,12.281313],[108.958733,12.281228],[108.956829,12.291631],[108.955076,12.293784],[108.95328,12.293615],[108.949839,12.289414],[108.944676,12.287691],[108.946021,12.302156],[108.953921,12.313225],[108.946019,12.317004],[108.939663,12.314938],[108.937538,12.315868],[108.93849,12.321239],[108.935665,12.328198],[108.936955,12.333933],[108.943249,12.337371],[108.950235,12.335565],[108.958263,12.338309],[108.9655,12.352831],[108.969277,12.355543],[108.972454,12.352582],[108.978524,12.351336],[108.978192,12.34822],[108.981133,12.345105],[108.977546,12.342171],[108.978968,12.338465],[108.977861,12.336473],[108.989572,12.335132],[108.992321,12.336752],[108.998326,12.336689],[109.004394,12.339743],[109.009166,12.339868],[109.013085,12.34398],[109.017067,12.342048],[109.024432,12.351145],[109.031828,12.356129],[109.040014,12.356439],[109.047221,12.360426],[109.050035,12.365659],[109.051427,12.372949],[109.057339,12.379352],[109.064041,12.382962],[109.067301,12.389927],[109.065469,12.393476],[109.053587,12.398521],[109.048912,12.404252],[109.045689,12.405809],[109.02872,12.405064],[109.024264,12.403321],[109.01251,12.40737],[109.010614,12.405564],[109.005779,12.405066],[109.00382,12.396222],[109.000534,12.397094],[108.997184,12.401329],[108.993772,12.400893],[108.991907,12.40748],[108.986346,12.410032],[108.985145,12.413767],[108.973107,12.426906],[108.964198,12.427901],[108.953928,12.434812],[108.951589,12.438423],[108.947829,12.439481],[108.946628,12.443528],[108.948616,12.452495],[108.946055,12.460964],[108.93155,12.46644],[108.930222,12.468557],[108.931485,12.47273],[108.924498,12.482816],[108.918446,12.486618],[108.901743,12.487728],[108.890744,12.49065],[108.882905,12.495628],[108.876615,12.49748],[108.873529,12.504788],[108.867398,12.500791],[108.861217,12.493424],[108.880095,12.47886],[108.878125,12.469732],[108.8721,12.466202],[108.870026,12.455933],[108.872028,12.452822],[108.870949,12.45194],[108.865738,12.452612],[108.856289,12.457171],[108.851604,12.457272],[108.848601,12.462249],[108.840785,12.4624],[108.836836,12.465509],[108.835833,12.469346],[108.830753,12.471314],[108.828437,12.470431],[108.826593,12.473023],[108.822381,12.474576],[108.821852,12.478828],[108.815191,12.483076],[108.811084,12.484007],[108.806744,12.480425],[108.801376,12.48011],[108.797477,12.48519],[108.799262,12.490896],[108.796865,12.49328],[108.79602,12.49665],[108.793228,12.499189],[108.785094,12.500738],[108.780327,12.504832],[108.775065,12.501975],[108.77101,12.503112],[108.768697,12.499532],[108.764567,12.497402],[108.756774,12.499314],[108.75296,12.496873],[108.750632,12.481779],[108.748397,12.479547],[108.744766,12.479337],[108.74081,12.476796],[108.736294,12.476995],[108.717443,12.483458],[108.702952,12.47416],[108.699994,12.460517],[108.689584,12.450807],[108.683782,12.440117],[108.674556,12.431601],[108.671065,12.424907],[108.677733,12.415891],[108.681996,12.415326],[108.680373,12.408427],[108.67583,12.401368],[108.679855,12.392666],[108.688053,12.38904],[108.686038,12.379702],[108.69004,12.37701],[108.691597,12.372863],[108.689864,12.370061],[108.688794,12.362488],[108.683327,12.359318],[108.679578,12.348371],[108.679925,12.344326],[108.684805,12.332974],[108.68463,12.325558],[108.686106,12.322915],[108.681613,12.318709],[108.681722,12.315701],[108.684026,12.317438],[108.686943,12.316866],[108.689491,12.314412],[108.69045,12.310597],[108.695065,12.311872],[108.696736,12.30867],[108.702144,12.308362],[108.708514,12.299041],[108.705083,12.296123],[108.702635,12.286956],[108.704673,12.279136],[108.703703,12.274496],[108.70644,12.268977],[108.704025,12.264987],[108.707977,12.255136],[108.70159,12.244777],[108.706791,12.234084],[108.710618,12.230561],[108.71577,12.229032],[108.717763,12.225391],[108.72026,12.225164],[108.723857,12.217729],[108.714408,12.199307],[108.712105,12.190799],[108.717258,12.186816],[108.718862,12.182485],[108.721985,12.180188],[108.721602,12.173209],[108.726091,12.170107],[108.73195,12.161677],[108.737727,12.157081],[108.742253,12.156242],[108.75727,12.15545],[108.764444,12.157604],[108.76702,12.156686],[108.769948,12.152649],[108.773922,12.157557],[108.774387,12.161618],[108.777427,12.164303],[108.782966,12.163848],[108.788197,12.158181],[108.793299,12.159077]]]}},{"type":"Feature","properties":{"id":"81297802B29051358194838","label":"Khanh Son (이전)","era":"2020","sourceName":"Khanh Son","viewBounds":[108.78621714400003,11.914513508000027,109.01110124500008,12.159841008000058]},"geometry":{"type":"Polygon","coordinates":[[[109.005895,11.923304],[109.002345,11.929956],[109.003487,11.933201],[109.002345,11.935614],[109.002556,11.947793],[109.006784,11.961318],[109.005813,11.964485],[109.00742,11.971391],[109.007632,11.984828],[109.003382,11.990486],[109.004735,11.997974],[109.008521,12.005087],[109.011101,12.006169],[109.003509,12.013699],[109.004757,12.022019],[109.003403,12.027344],[108.999935,12.029507],[108.996381,12.026761],[108.994812,12.033867],[109.009047,12.042562],[109.00911,12.045141],[109.005599,12.047138],[108.999359,12.055832],[108.995509,12.056207],[108.993119,12.060076],[108.986282,12.06388],[108.984996,12.067189],[108.979517,12.071057],[108.972663,12.071889],[108.962445,12.069843],[108.956607,12.07217],[108.953096,12.071503],[108.946158,12.075245],[108.945731,12.094034],[108.941816,12.101395],[108.933778,12.099741],[108.933493,12.089503],[108.929057,12.087061],[108.914069,12.090221],[108.912758,12.093204],[108.908424,12.095056],[108.902,12.092884],[108.898688,12.097855],[108.888045,12.09663],[108.886033,12.097964],[108.883455,12.106143],[108.88173,12.106979],[108.871824,12.10329],[108.868169,12.103763],[108.865547,12.105435],[108.862075,12.111533],[108.85497,12.110153],[108.843494,12.117514],[108.837895,12.138623],[108.826692,12.135217],[108.822586,12.139281],[108.820058,12.139393],[108.817287,12.150049],[108.814838,12.153042],[108.802279,12.159841],[108.793299,12.159077],[108.786217,12.123722],[108.790883,12.117045],[108.792158,12.112525],[108.794889,12.110645],[108.7959,12.102344],[108.798428,12.100109],[108.799466,12.096622],[108.796095,12.093858],[108.796397,12.087733],[108.80153,12.08482],[108.804251,12.07595],[108.803141,12.070348],[108.810648,12.059046],[108.805398,12.051323],[108.803449,12.050785],[108.801973,12.044113],[108.807586,12.044577],[108.810901,12.041628],[108.821228,12.039176],[108.825564,12.030059],[108.838471,12.021509],[108.857103,12.017306],[108.856636,12.014313],[108.85972,12.004388],[108.860019,11.994981],[108.858246,11.990972],[108.849406,11.983252],[108.847615,11.979651],[108.850969,11.975364],[108.851675,11.965253],[108.854637,11.9638],[108.867196,11.967342],[108.871934,11.963419],[108.874585,11.958209],[108.875988,11.957903],[108.878791,11.9612],[108.882063,11.959592],[108.882921,11.957216],[108.889505,11.952812],[108.893013,11.946836],[108.9068,11.9496],[108.90941,11.948029],[108.911979,11.951172],[108.916653,11.95217],[108.921094,11.948953],[108.924523,11.942746],[108.927873,11.940447],[108.931651,11.940563],[108.936014,11.936196],[108.939052,11.937806],[108.942557,11.935354],[108.948009,11.937271],[108.954553,11.932061],[108.957553,11.924665],[108.965187,11.923593],[108.966433,11.920911],[108.97543,11.916812],[108.98069,11.916858],[108.982181,11.914559],[108.99054,11.914514],[108.993655,11.917579],[109.005895,11.923304]]]}}]}