{"type":"FeatureCollection","features":[{"type":"Feature","properties":{"id":"VN91","label":"안장성 · An Giang","era":"2025","sourceCode":"VN91","validOn":"2025-09-25","topologyRepaired":true,"viewBounds":[104.43905100000012,9.383194000000117,105.57572,10.961932]},"geometry":{"type":"MultiPolygon","coordinates":[[[[103.467485,9.256197],[103.467873,9.256398],[103.468152,9.256879],[103.468369,9.256925],[103.469082,9.2566],[103.469284,9.256259],[103.468803,9.25539],[103.468167,9.254646],[103.467702,9.254305],[103.467501,9.254305],[103.467314,9.254351],[103.467206,9.254724],[103.467159,9.255483],[103.467485,9.256197]]],[[[103.48448,9.28144],[103.484386,9.282215],[103.484697,9.28296],[103.484945,9.28327],[103.485689,9.28327],[103.485937,9.282991],[103.486185,9.282154],[103.486061,9.279983],[103.486681,9.278525],[103.486278,9.277874],[103.48603,9.277161],[103.485689,9.276944],[103.485317,9.276913],[103.484976,9.277068],[103.484324,9.278029],[103.4842,9.278432],[103.484169,9.279269],[103.484511,9.279952],[103.484355,9.280293],[103.48448,9.28144]]],[[[103.510653,9.3087],[103.50594,9.309072],[103.504327,9.3087],[103.503335,9.307583],[103.502466,9.306343],[103.501846,9.304854],[103.501846,9.303366],[103.502342,9.301877],[103.504823,9.297783],[103.504451,9.296295],[103.502963,9.296915],[103.50197,9.298031],[103.500854,9.299024],[103.500109,9.300388],[103.496388,9.300388],[103.496016,9.300513],[103.494651,9.299396],[103.493659,9.29828],[103.493287,9.296667],[103.492667,9.295054],[103.49093,9.29493],[103.489565,9.29431],[103.488201,9.291333],[103.48696,9.290217],[103.486216,9.288852],[103.485968,9.287239],[103.485224,9.285875],[103.482123,9.285255],[103.480882,9.286123],[103.480758,9.287612],[103.479145,9.28786],[103.478401,9.286495],[103.477037,9.285875],[103.475424,9.285875],[103.47406,9.286619],[103.473687,9.288356],[103.472943,9.289844],[103.472323,9.291581],[103.472323,9.295054],[103.472943,9.296543],[103.474183,9.297411],[103.475548,9.298031],[103.475796,9.29952],[103.475796,9.301009],[103.474928,9.302373],[103.473687,9.303242],[103.472199,9.303614],[103.470834,9.304234],[103.469346,9.303862],[103.467981,9.303242],[103.465004,9.30411],[103.463392,9.30411],[103.460414,9.303242],[103.458802,9.303242],[103.457933,9.304482],[103.457933,9.305971],[103.45843,9.307583],[103.459298,9.308948],[103.461283,9.311181],[103.462399,9.312173],[103.46947,9.315894],[103.471951,9.318003],[103.473315,9.318871],[103.47468,9.319492],[103.476168,9.319988],[103.485844,9.321228],[103.489069,9.321228],[103.492046,9.32036],[103.495148,9.319864],[103.496636,9.31974],[103.498249,9.319368],[103.499737,9.319244],[103.501102,9.319988],[103.50259,9.32036],[103.505816,9.32036],[103.507304,9.31974],[103.5078,9.318251],[103.5078,9.316763],[103.508421,9.315398],[103.509537,9.314282],[103.510405,9.312917],[103.51115,9.311305],[103.511646,9.309816],[103.510653,9.3087]]],[[[103.532966,9.324857],[103.533525,9.32433],[103.534672,9.323988],[103.535075,9.323988],[103.535199,9.323616],[103.535106,9.32281],[103.534951,9.322469],[103.534641,9.322159],[103.533618,9.322221],[103.533183,9.321973],[103.532749,9.321321],[103.532501,9.320577],[103.532563,9.320174],[103.533308,9.318809],[103.533742,9.31729],[103.534641,9.316515],[103.534734,9.316142],[103.534672,9.31577],[103.534238,9.315615],[103.532997,9.315646],[103.532253,9.315956],[103.530951,9.317166],[103.529524,9.318065],[103.527508,9.318716],[103.525275,9.320391],[103.524934,9.320546],[103.524097,9.320639],[103.523012,9.321073],[103.522671,9.321228],[103.522453,9.321601],[103.522298,9.322841],[103.522795,9.323461],[103.523601,9.323771],[103.524531,9.323802],[103.525338,9.323988],[103.525679,9.324236],[103.527136,9.324795],[103.527446,9.325043],[103.52788,9.325694],[103.527943,9.327431],[103.528253,9.328113],[103.528687,9.328113],[103.529462,9.327896],[103.530672,9.327834],[103.531385,9.327493],[103.532563,9.326376],[103.532966,9.324857]]],[[[103.541989,9.327439],[103.543198,9.324896],[103.543541,9.324547],[103.543262,9.324299],[103.542487,9.324361],[103.542146,9.324516],[103.540905,9.32557],[103.53951,9.327617],[103.539448,9.328392],[103.53889,9.32895],[103.537398,9.329515],[103.536309,9.329711],[103.535901,9.329489],[103.535478,9.329478],[103.535168,9.329757],[103.535199,9.330129],[103.535385,9.33047],[103.536006,9.330966],[103.536378,9.33109],[103.536626,9.331431],[103.536688,9.331803],[103.537432,9.332083],[103.538652,9.333605],[103.539913,9.334656],[103.540829,9.335079],[103.541867,9.336052],[103.542177,9.335804],[103.541949,9.335112],[103.541856,9.333469],[103.541856,9.333065],[103.542164,9.332557],[103.542115,9.331865],[103.541793,9.331421],[103.540765,9.330563],[103.541309,9.330098],[103.541495,9.329695],[103.541557,9.328919],[103.541337,9.328462],[103.541989,9.327439]]],[[[104.042296,9.820325],[104.043598,9.821116],[104.043691,9.821977],[104.043691,9.822907],[104.043366,9.823186],[104.043854,9.823488],[104.044436,9.823326],[104.044668,9.82314],[104.045924,9.82193],[104.046041,9.821628],[104.045994,9.821046],[104.04504,9.81986],[104.044087,9.819116],[104.043529,9.818418],[104.043017,9.818046],[104.042738,9.817999],[104.041901,9.818185],[104.041669,9.81981],[104.041505,9.820046],[104.041714,9.820279],[104.042296,9.820325]]],[[[104.093839,9.845671],[104.093043,9.846521],[104.092676,9.847229],[104.092558,9.847948],[104.092738,9.848947],[104.093696,9.85072],[104.094605,9.85139],[104.095764,9.851857],[104.096838,9.851762],[104.09717,9.851982],[104.097608,9.851839],[104.098222,9.851298],[104.098539,9.850353],[104.097675,9.848506],[104.097489,9.847297],[104.097662,9.84653],[104.094905,9.843764],[104.094708,9.842994],[104.09443,9.84277],[104.094108,9.843066],[104.094135,9.843675],[104.093813,9.844319],[104.093839,9.845671]]],[[[103.992659,9.902146],[103.992308,9.902704],[103.99239,9.903645],[103.992649,9.903996],[103.993228,9.904296],[103.993672,9.904059],[103.99423,9.902983],[103.994354,9.902611],[103.994272,9.902063],[103.994075,9.901888],[103.993807,9.901846],[103.993424,9.901919],[103.993104,9.902136],[103.992659,9.902146]]],[[[103.989347,9.907555],[103.989159,9.907125],[103.988969,9.907201],[103.988709,9.907525],[103.988659,9.908028],[103.988927,9.908049],[103.989279,9.907677],[103.989347,9.907555]]],[[[104.022941,9.906944],[104.022487,9.906944],[104.022176,9.906727],[104.022104,9.906469],[104.022197,9.906045],[104.022073,9.906004],[104.022042,9.905755],[104.021856,9.90558],[104.021205,9.905363],[104.020864,9.905466],[104.020812,9.905704],[104.021381,9.906045],[104.021763,9.906903],[104.021618,9.907378],[104.021112,9.907751],[104.021132,9.907999],[104.021474,9.908185],[104.021339,9.908578],[104.021432,9.908671],[104.021928,9.908609],[104.022373,9.908857],[104.022332,9.909477],[104.022817,9.909849],[104.023107,9.909828],[104.023417,9.909632],[104.023737,9.908216],[104.023593,9.907585],[104.022941,9.906944]]],[[[103.994572,9.912204],[103.994055,9.91206],[103.99362,9.91177],[103.992897,9.910261],[103.991863,9.909951],[103.991636,9.909785],[103.991346,9.909248],[103.990664,9.908855],[103.98994,9.909124],[103.989796,9.909331],[103.988555,9.909144],[103.988121,9.909806],[103.987335,9.909579],[103.987087,9.909661],[103.986178,9.910592],[103.985806,9.911253],[103.985826,9.91177],[103.986074,9.912514],[103.987811,9.913093],[103.987997,9.913259],[103.988018,9.913507],[103.988535,9.913693],[103.989403,9.914251],[103.98992,9.914189],[103.990271,9.913817],[103.993931,9.912659],[103.994406,9.912825],[103.994964,9.913341],[103.995109,9.913135],[103.995047,9.912887],[103.994572,9.912204]]],[[[104.015587,9.909589],[104.015091,9.909692],[104.014719,9.910643],[104.014326,9.910974],[104.01383,9.91114],[104.012569,9.910726],[104.0123,9.910747],[104.012155,9.910974],[104.011411,9.910974],[104.011225,9.91114],[104.010687,9.911222],[104.010315,9.911615],[104.010398,9.911863],[104.011163,9.912587],[104.011742,9.912628],[104.013189,9.91207],[104.014802,9.912091],[104.015815,9.912421],[104.016435,9.912855],[104.016579,9.913372],[104.017675,9.914075],[104.01782,9.914344],[104.018068,9.914406],[104.018254,9.913641],[104.018151,9.913414],[104.016931,9.912814],[104.016786,9.912607],[104.0166,9.911326],[104.016001,9.910912],[104.016063,9.910395],[104.016331,9.910292],[104.016435,9.910064],[104.016083,9.909713],[104.015587,9.909589]]],[[[104.024849,9.918768],[104.026131,9.916784],[104.026338,9.916639],[104.026379,9.91637],[104.025718,9.915998],[104.02549,9.915523],[104.024477,9.915502],[104.024332,9.915709],[104.023568,9.915564],[104.02181,9.916432],[104.021707,9.916949],[104.021293,9.917735],[104.021438,9.919575],[104.021417,9.919844],[104.021107,9.920257],[104.021149,9.920526],[104.021521,9.920836],[104.022038,9.920774],[104.023092,9.919988],[104.023154,9.919471],[104.02272,9.91881],[104.022761,9.918314],[104.02365,9.918892],[104.024415,9.918975],[104.024849,9.918768]]],[[[103.997497,9.918417],[103.996505,9.918748],[103.995719,9.919451],[103.995512,9.919947],[103.995554,9.920484],[103.995884,9.920898],[103.996835,9.921311],[103.997828,9.921518],[103.998737,9.922056],[103.99973,9.922345],[104.001053,9.923131],[104.001549,9.923213],[104.002252,9.922428],[104.002417,9.921932],[104.002459,9.920402],[104.003286,9.915068],[104.002707,9.915274],[104.002335,9.915605],[104.002087,9.91606],[104.001177,9.916722],[103.999606,9.91821],[103.999151,9.918417],[103.997497,9.918417]]],[[[103.979362,9.918894],[103.979818,9.919222],[103.980265,9.918996],[103.980951,9.919249],[103.981226,9.920236],[103.981226,9.92188],[103.981319,9.922252],[103.981691,9.922376],[103.982001,9.922159],[103.981981,9.919134],[103.981919,9.918731],[103.981671,9.918421],[103.980554,9.918049],[103.979645,9.918003],[103.979272,9.918065],[103.979046,9.91824],[103.97848,9.918922],[103.979362,9.918894]]],[[[104.023195,9.931917],[104.023101,9.930708],[104.022621,9.929788],[104.022091,9.929526],[104.021282,9.929545],[104.020383,9.928767],[104.019311,9.928233],[104.018978,9.927783],[104.017779,9.927783],[104.017282,9.928031],[104.016331,9.92923],[104.016125,9.929726],[104.016207,9.930222],[104.015835,9.931173],[104.015877,9.931711],[104.017016,9.932821],[104.0173,9.933236],[104.018151,9.933695],[104.019044,9.933936],[104.019639,9.933819],[104.020756,9.933902],[104.021707,9.933406],[104.022534,9.932703],[104.023195,9.931917]]],[[[104.016952,9.967312],[104.017737,9.967292],[104.01813,9.96663],[104.018523,9.966299],[104.021314,9.961296],[104.021479,9.961089],[104.022162,9.960717],[104.022492,9.959952],[104.022575,9.959456],[104.023009,9.958815],[104.022885,9.958071],[104.023071,9.957016],[104.022823,9.956272],[104.022699,9.955259],[104.021376,9.954039],[104.021273,9.953812],[104.021314,9.950752],[104.021893,9.948995],[104.023051,9.94823],[104.024064,9.94794],[104.024953,9.947382],[104.025697,9.946059],[104.025759,9.945025],[104.025284,9.943702],[104.025263,9.943144],[104.024973,9.942668],[104.02487,9.942172],[104.02365,9.941717],[104.023361,9.941014],[104.022534,9.939712],[104.022038,9.940084],[104.020508,9.940332],[104.020136,9.940663],[104.020053,9.941159],[104.019681,9.94149],[104.018771,9.941986],[104.018399,9.942358],[104.018358,9.944012],[104.018027,9.944425],[104.016662,9.945211],[104.015835,9.945914],[104.015339,9.945997],[104.014843,9.945873],[104.014057,9.945252],[104.013892,9.946245],[104.011204,9.947733],[104.010542,9.948519],[104.01046,9.949057],[104.010625,9.949553],[104.01108,9.94976],[104.011411,9.950132],[104.011618,9.951124],[104.011948,9.951496],[104.012403,9.951289],[104.012858,9.951496],[104.013272,9.951786],[104.013561,9.95224],[104.013685,9.953812],[104.013437,9.954845],[104.013189,9.9553],[104.012858,9.955755],[104.012445,9.956045],[104.0117,9.957409],[104.010935,9.957078],[104.010811,9.957306],[104.011473,9.957699],[104.011638,9.957885],[104.011618,9.958401],[104.012279,9.958774],[104.012548,9.959187],[104.012734,9.959683],[104.012672,9.960428],[104.012775,9.96202],[104.01261,9.962516],[104.012176,9.963157],[104.011576,9.963694],[104.011308,9.963839],[104.010832,9.963611],[104.009902,9.964025],[104.00986,9.964273],[104.010108,9.964335],[104.010315,9.96479],[104.010005,9.965782],[104.010026,9.966072],[104.010274,9.966547],[104.01015,9.968098],[104.010274,9.968325],[104.011018,9.968573],[104.012321,9.968677],[104.013024,9.968987],[104.013499,9.968801],[104.014223,9.968098],[104.014719,9.96785],[104.015484,9.967932],[104.016063,9.967085],[104.01629,9.966981],[104.016538,9.967002],[104.016952,9.967312]]],[[[104.026462,9.96878],[104.025387,9.968739],[104.024932,9.969028],[104.024022,9.970393],[104.022699,9.971261],[104.022327,9.971633],[104.021831,9.972625],[104.021417,9.973039],[104.019433,9.973659],[104.017903,9.973576],[104.017407,9.973742],[104.017076,9.974197],[104.017076,9.974776],[104.017282,9.975768],[104.017241,9.977422],[104.016662,9.978249],[104.015504,9.9792],[104.014223,9.980937],[104.013809,9.982384],[104.013148,9.983831],[104.01323,9.984327],[104.014264,9.984658],[104.01691,9.984699],[104.018895,9.983997],[104.019887,9.982756],[104.020756,9.98135],[104.021128,9.980978],[104.022327,9.980068],[104.023319,9.979613],[104.023443,9.978538],[104.023898,9.977629],[104.024105,9.976636],[104.023443,9.975272],[104.023443,9.974734],[104.023816,9.974404],[104.024891,9.974362],[104.025139,9.973907],[104.025056,9.973411],[104.025428,9.97308],[104.026007,9.971675],[104.026669,9.970848],[104.026875,9.969772],[104.026462,9.96878]]],[[[104.039497,9.994582],[104.042215,9.992925],[104.042181,9.992479],[104.041854,9.992308],[104.041895,9.99115],[104.041513,9.991016],[104.041244,9.991284],[104.0405,9.991512],[104.040179,9.991739],[104.040086,9.991977],[104.039714,9.991998],[104.039404,9.992566],[104.038949,9.993011],[104.038567,9.993021],[104.038329,9.993796],[104.037502,9.995305],[104.037006,9.995305],[104.036592,9.996318],[104.036686,9.996794],[104.036427,9.997259],[104.03651,9.997476],[104.036989,9.997347],[104.037746,9.996766],[104.038679,9.995298],[104.039497,9.994582]]],[[[104.009519,9.991346],[104.009312,9.991532],[104.008982,9.992215],[104.008527,9.992442],[104.007803,9.993476],[104.007204,9.993931],[104.007348,9.994447],[104.007224,9.995212],[104.007472,9.995936],[104.007472,9.996474],[104.006894,9.99821],[104.006976,9.998748],[104.006852,9.999823],[104.006583,10.000836],[104.006687,10.001353],[104.007204,10.001704],[104.008775,10.000671],[104.009664,9.99974],[104.012041,9.997921],[104.014088,9.994882],[104.014192,9.993538],[104.014357,9.993062],[104.014274,9.992318],[104.01293,9.991119],[104.012414,9.990871],[104.010822,9.990747],[104.010532,9.990788],[104.010305,9.991264],[104.009519,9.991346]]],[[[104.237208,10.206305],[104.237208,10.20556],[104.236836,10.205209],[104.236588,10.20525],[104.236402,10.205726],[104.236382,10.206505],[104.236429,10.20684],[104.236761,10.207414],[104.237208,10.206305]]],[[[104.237164,10.210813],[104.239014,10.211694],[104.239564,10.21176],[104.239806,10.21165],[104.239476,10.21121],[104.239476,10.210945],[104.238948,10.210703],[104.237142,10.208634],[104.236944,10.208083],[104.23668,10.208061],[104.236548,10.208304],[104.236715,10.210088],[104.237164,10.210813]]],[[[104.0504,10.403734],[104.051334,10.40359],[104.051646,10.403287],[104.053203,10.402842],[104.055689,10.403325],[104.056157,10.403023],[104.056161,10.402104],[104.055386,10.401484],[104.055234,10.400716],[104.056171,10.399806],[104.058197,10.398753],[104.059603,10.397234],[104.060701,10.394946],[104.061178,10.392499],[104.061962,10.390975],[104.069458,10.383538],[104.073837,10.377605],[104.075091,10.375165],[104.07759,10.372431],[104.07822,10.370598],[104.077913,10.369523],[104.076524,10.367058],[104.076376,10.365218],[104.076698,10.362617],[104.079836,10.355905],[104.079997,10.354527],[104.079223,10.353601],[104.077669,10.353433],[104.076738,10.352965],[104.07519,10.351418],[104.074109,10.349569],[104.07288,10.346033],[104.072274,10.342197],[104.072761,10.337299],[104.073239,10.334546],[104.073709,10.333631],[104.073917,10.331482],[104.074232,10.329807],[104.074078,10.329349],[104.074239,10.327521],[104.07487,10.323257],[104.075808,10.320213],[104.077213,10.31641],[104.078302,10.314434],[104.078929,10.311998],[104.079708,10.310173],[104.079865,10.309259],[104.079265,10.302855],[104.077429,10.295379],[104.075896,10.290037],[104.074664,10.286516],[104.074046,10.283294],[104.073897,10.276551],[104.074831,10.27043],[104.075763,10.267986],[104.077936,10.263714],[104.078713,10.261268],[104.080114,10.253619],[104.080597,10.250218],[104.080584,10.246881],[104.079965,10.244578],[104.078573,10.241043],[104.075791,10.230755],[104.074863,10.22799],[104.074091,10.22446],[104.073318,10.222155],[104.071152,10.217541],[104.070068,10.216154],[104.069913,10.215693],[104.06883,10.214152],[104.064802,10.211821],[104.062943,10.21104],[104.058917,10.206871],[104.055977,10.202404],[104.053348,10.195795],[104.051029,10.188728],[104.050564,10.188265],[104.048493,10.176543],[104.04822,10.175994],[104.047597,10.1714],[104.04682,10.167723],[104.045112,10.162819],[104.044489,10.159446],[104.043546,10.152178],[104.041525,10.152805],[104.03966,10.151251],[104.038039,10.148047],[104.034375,10.146132],[104.030946,10.139641],[104.029853,10.136708],[104.030788,10.134234],[104.031798,10.132812],[104.032119,10.131114],[104.034001,10.128406],[104.035469,10.125056],[104.035858,10.121513],[104.037122,10.119411],[104.035073,10.117812],[104.033982,10.115649],[104.032736,10.113638],[104.032268,10.112557],[104.029781,10.110076],[104.028228,10.108986],[104.027139,10.107593],[104.026048,10.105429],[104.025265,10.102499],[104.02535,10.100022],[104.025717,10.096144],[104.025809,10.092243],[104.024249,10.089742],[104.022903,10.088781],[104.020417,10.085428],[104.018501,10.084872],[104.01913,10.084099],[104.020053,10.081335],[104.021135,10.080112],[104.023146,10.078895],[104.023607,10.077205],[104.024381,10.076749],[104.025775,10.076606],[104.026739,10.074493],[104.026432,10.075414],[104.026934,10.078006],[104.027427,10.078992],[104.028202,10.078819],[104.02913,10.077902],[104.030938,10.076755],[104.031821,10.075791],[104.033771,10.075068],[104.034357,10.073898],[104.034529,10.072992],[104.035171,10.073015],[104.036234,10.071592],[104.037122,10.071898],[104.039554,10.071133],[104.041435,10.070751],[104.042659,10.069894],[104.043424,10.068854],[104.043516,10.067049],[104.04272,10.065336],[104.043393,10.064173],[104.042814,10.061828],[104.043087,10.060961],[104.041425,10.060132],[104.039565,10.060272],[104.038635,10.060112],[104.037672,10.058605],[104.03654,10.057412],[104.036357,10.055392],[104.035592,10.052486],[104.035378,10.049671],[104.035592,10.046092],[104.036204,10.044226],[104.03758,10.042726],[104.037965,10.041942],[104.038988,10.041809],[104.038735,10.040408],[104.038112,10.039326],[104.037026,10.038856],[104.035942,10.039156],[104.035324,10.039767],[104.03393,10.040218],[104.033236,10.039728],[104.031767,10.037495],[104.031676,10.035965],[104.030697,10.032967],[104.030635,10.031009],[104.033328,10.027827],[104.03908,10.022259],[104.040117,10.018895],[104.040159,10.017407],[104.041275,10.015546],[104.042226,10.013354],[104.043219,10.012486],[104.044046,10.012238],[104.044666,10.011886],[104.045886,10.012403],[104.046444,10.013726],[104.04756,10.013913],[104.050207,10.011824],[104.052191,10.008062],[104.051943,10.0074],[104.052191,10.004878],[104.051698,10.005367],[104.051499,10.004789],[104.050724,10.004475],[104.049175,10.004925],[104.045306,10.006898],[104.043608,10.00904],[104.041906,10.010259],[104.040668,10.010712],[104.039741,10.011937],[104.03928,10.013319],[104.038663,10.014392],[104.037735,10.015],[104.036186,10.015297],[104.034636,10.014977],[104.032773,10.01404],[104.031848,10.009468],[104.030607,10.0117],[104.027967,10.013388],[104.025031,10.016291],[104.023328,10.017048],[104.02147,10.01765],[104.01899,10.017324],[104.015287,10.016559],[104.015163,10.015567],[104.014419,10.014181],[104.014039,10.012836],[104.014673,10.012084],[104.013571,10.010687],[104.012614,10.01036],[104.012074,10.009848],[104.01148,10.009508],[104.009887,10.009349],[104.009011,10.009701],[104.008317,10.010396],[104.007931,10.011834],[104.007646,10.012352],[104.007598,10.012984],[104.008146,10.013955],[104.008214,10.014471],[104.007704,10.015566],[104.007775,10.016254],[104.008264,10.017226],[104.008391,10.017741],[104.008348,10.018602],[104.007916,10.020787],[104.007463,10.021766],[104.006318,10.023555],[104.005876,10.025166],[104.005519,10.02821],[104.005296,10.028901],[104.005068,10.029304],[104.00472,10.029594],[104.003843,10.029946],[104.002184,10.0326],[104.001972,10.033864],[104.001572,10.034556],[104.001463,10.035016],[104.002122,10.035699],[104.002249,10.036158],[104.002155,10.037478],[104.00064,10.041623],[103.999993,10.042119],[103.99904,10.044661],[103.996781,10.046207],[103.995637,10.046361],[103.994104,10.046961],[103.99209,10.046989],[103.99081,10.047676],[103.990302,10.048411],[103.990482,10.050567],[103.990727,10.051655],[103.990336,10.05301],[103.989265,10.055396],[103.989364,10.056321],[103.989908,10.057581],[103.98987,10.060797],[103.988715,10.067161],[103.988369,10.070358],[103.987997,10.071407],[103.987978,10.074318],[103.98705,10.07947],[103.985859,10.083841],[103.98515,10.087934],[103.984877,10.08991],[103.984867,10.092667],[103.984194,10.09615],[103.981866,10.106579],[103.981483,10.110387],[103.980711,10.112944],[103.980028,10.116579],[103.978337,10.124137],[103.977583,10.126388],[103.976618,10.132152],[103.975391,10.137133],[103.973116,10.149251],[103.972743,10.150301],[103.972759,10.151003],[103.970855,10.159239],[103.970207,10.164277],[103.9691,10.168393],[103.967689,10.17159],[103.965792,10.178298],[103.965625,10.180589],[103.964827,10.184708],[103.962129,10.1963],[103.961645,10.199658],[103.960849,10.203624],[103.959751,10.20606],[103.957233,10.213067],[103.956755,10.215508],[103.95659,10.217188],[103.956119,10.218406],[103.95534,10.219163],[103.953139,10.224954],[103.951555,10.231058],[103.950611,10.23365],[103.949975,10.236551],[103.947469,10.241575],[103.945129,10.244458],[103.943249,10.248264],[103.942156,10.249783],[103.939811,10.253584],[103.93763,10.255703],[103.935767,10.256602],[103.934053,10.258267],[103.931248,10.261298],[103.929229,10.262348],[103.928448,10.263411],[103.926248,10.268897],[103.925615,10.271186],[103.92545,10.272867],[103.924981,10.273628],[103.924508,10.275153],[103.923254,10.277588],[103.922322,10.27819],[103.917017,10.284715],[103.916392,10.285626],[103.914681,10.286985],[103.908777,10.289984],[103.906294,10.290875],[103.90536,10.291631],[103.903657,10.29146],[103.903042,10.290688],[103.901962,10.290065],[103.901496,10.290213],[103.897784,10.289408],[103.895617,10.289079],[103.895307,10.289229],[103.890352,10.28887],[103.888641,10.290076],[103.888016,10.290988],[103.887223,10.294193],[103.886596,10.29541],[103.884411,10.298142],[103.877406,10.304035],[103.873366,10.306134],[103.871974,10.305813],[103.867164,10.307139],[103.865152,10.306815],[103.862675,10.306638],[103.861286,10.305861],[103.860672,10.304938],[103.860828,10.304787],[103.861151,10.302497],[103.860536,10.301727],[103.859917,10.301721],[103.858828,10.302475],[103.857731,10.304604],[103.855389,10.307639],[103.854916,10.30901],[103.855829,10.31177],[103.85675,10.311735],[103.850533,10.326055],[103.847496,10.341274],[103.841667,10.357385],[103.835342,10.36179],[103.833939,10.361343],[103.832565,10.362647],[103.833244,10.364121],[103.832397,10.36535],[103.833771,10.365465],[103.833992,10.367877],[103.83799,10.371217],[103.837807,10.373779],[103.835968,10.376265],[103.836166,10.377805],[103.837708,10.378304],[103.843681,10.37755],[103.844978,10.375397],[103.847443,10.374522],[103.84922,10.375129],[103.85186,10.37782],[103.856392,10.374855],[103.858528,10.375151],[103.859467,10.374166],[103.861526,10.374483],[103.864471,10.373479],[103.86837,10.373713],[103.874161,10.370861],[103.881493,10.371704],[103.884583,10.370388],[103.888786,10.370124],[103.89225,10.367969],[103.893997,10.368607],[103.897141,10.366444],[103.900734,10.365144],[103.90538,10.364815],[103.913147,10.36238],[103.91626,10.362563],[103.918358,10.360322],[103.921669,10.359797],[103.928505,10.362547],[103.93541,10.36907],[103.937073,10.371508],[103.942253,10.381881],[103.945488,10.398071],[103.947052,10.401869],[103.95266,10.405318],[103.956355,10.406593],[103.956772,10.406874],[103.958691,10.406951],[103.960393,10.407241],[103.965349,10.409184],[103.966898,10.410088],[103.966745,10.410395],[103.966904,10.411617],[103.967218,10.412685],[103.968931,10.415882],[103.969556,10.417712],[103.969876,10.42031],[103.971133,10.425499],[103.971332,10.437277],[103.971961,10.439866],[103.973982,10.442596],[103.975535,10.444262],[103.977086,10.445471],[103.979571,10.448198],[103.981276,10.449253],[103.982204,10.449398],[103.984838,10.450598],[103.988861,10.451025],[103.99041,10.451776],[103.991802,10.451765],[103.993038,10.451603],[103.997832,10.451562],[103.999577,10.450897],[104.005885,10.447584],[104.007293,10.445912],[104.00838,10.44411],[104.008709,10.442249],[104.010591,10.43859],[104.013409,10.434481],[104.01388,10.43326],[104.014505,10.432653],[104.01764,10.427167],[104.019203,10.425344],[104.022335,10.420471],[104.024835,10.417738],[104.02593,10.416216],[104.030766,10.412739],[104.032323,10.412294],[104.034035,10.412157],[104.035738,10.413859],[104.036665,10.4154],[104.038373,10.415876],[104.039774,10.415583],[104.041024,10.414369],[104.042121,10.412388],[104.046806,10.407683],[104.04712,10.407074],[104.048994,10.405253],[104.049308,10.40449],[104.0504,10.403734]]],[[[104.310644,10.256166],[104.310054,10.256104],[104.309269,10.256208],[104.308659,10.256704],[104.308421,10.256766],[104.308328,10.256993],[104.308555,10.257086],[104.310747,10.256631],[104.310964,10.256476],[104.310964,10.256352],[104.310644,10.256166]]],[[[104.315023,10.278767],[104.313618,10.278681],[104.313491,10.278929],[104.314196,10.279634],[104.316062,10.280324],[104.316929,10.280953],[104.317122,10.280963],[104.317218,10.280263],[104.315971,10.279249],[104.315023,10.278767]]],[[[104.310127,10.285582],[104.310308,10.285865],[104.311289,10.285943],[104.311315,10.285556],[104.310566,10.285194],[104.310231,10.285272],[104.310127,10.285582]]],[[[104.315948,10.290925],[104.315017,10.291123],[104.314505,10.290867],[104.313871,10.290136],[104.313101,10.289807],[104.312492,10.289812],[104.312064,10.289996],[104.312135,10.29061],[104.313017,10.2913],[104.314025,10.291854],[104.314593,10.292422],[104.315664,10.292908],[104.316252,10.293004],[104.317155,10.292421],[104.317084,10.291746],[104.316704,10.291589],[104.31625,10.291024],[104.315948,10.290925]]],[[[104.320735,10.303503],[104.319011,10.302899],[104.318493,10.302317],[104.317954,10.300743],[104.317631,10.300484],[104.316941,10.300269],[104.316466,10.299859],[104.3161,10.299924],[104.316013,10.300721],[104.316747,10.302209],[104.316682,10.302317],[104.316833,10.302425],[104.316747,10.302511],[104.316811,10.302921],[104.316833,10.302813],[104.316898,10.302921],[104.316811,10.303287],[104.316941,10.303675],[104.317005,10.303632],[104.316941,10.303977],[104.317242,10.304689],[104.319291,10.306478],[104.3197,10.306521],[104.32039,10.306198],[104.320563,10.306004],[104.320477,10.305918],[104.320541,10.305573],[104.320779,10.305249],[104.320865,10.305292],[104.320951,10.304667],[104.321059,10.30471],[104.321059,10.304581],[104.320886,10.304581],[104.321037,10.304106],[104.320951,10.303697],[104.320735,10.303503]]],[[[104.320399,10.311708],[104.321844,10.312477],[104.322533,10.313246],[104.322624,10.31359],[104.322303,10.314278],[104.322292,10.314554],[104.322555,10.314645],[104.322808,10.314531],[104.323129,10.313349],[104.322969,10.312557],[104.322567,10.311662],[104.321661,10.311146],[104.320605,10.311123],[104.320364,10.311433],[104.320399,10.311708]]],[[[104.359679,9.645896],[104.359831,9.646583],[104.359656,9.646815],[104.359714,9.647222],[104.359377,9.647815],[104.359354,9.649083],[104.359517,9.649513],[104.359842,9.649792],[104.361412,9.649932],[104.362191,9.649106],[104.362156,9.648688],[104.36254,9.647908],[104.362529,9.647594],[104.361331,9.645722],[104.360331,9.644664],[104.360191,9.644722],[104.359831,9.645385],[104.359935,9.645792],[104.359679,9.645896]]],[[[104.365029,9.654316],[104.365436,9.654589],[104.365994,9.653741],[104.366041,9.652583],[104.365831,9.652072],[104.365558,9.651833],[104.363604,9.65156],[104.362587,9.651787],[104.362093,9.652048],[104.361796,9.652368],[104.361465,9.653037],[104.36136,9.653589],[104.361494,9.653839],[104.361308,9.654049],[104.361296,9.654619],[104.361517,9.655089],[104.361697,9.655212],[104.362046,9.655206],[104.362569,9.654845],[104.363215,9.654642],[104.363924,9.654229],[104.364267,9.653828],[104.364604,9.653717],[104.364814,9.653781],[104.365029,9.654316]]],[[[104.391599,9.662508],[104.391438,9.662406],[104.391257,9.661953],[104.390854,9.661869],[104.390793,9.662038],[104.390955,9.662199],[104.390964,9.662209],[104.39098,9.662247],[104.39089,9.662196],[104.390844,9.662347],[104.390697,9.662353],[104.390671,9.662575],[104.390965,9.662925],[104.391165,9.662956],[104.391415,9.662813],[104.391599,9.662508]]],[[[104.39133,9.664252],[104.390913,9.664361],[104.390939,9.664522],[104.391234,9.664752],[104.391489,9.664509],[104.39133,9.664252]]],[[[104.385305,9.67754],[104.385601,9.678529],[104.385892,9.678901],[104.386555,9.679279],[104.38684,9.679616],[104.387183,9.679628],[104.387084,9.678726],[104.38645,9.67747],[104.385694,9.677023],[104.385305,9.67754]]],[[[104.404139,9.681773],[104.40397,9.681227],[104.403313,9.680418],[104.402708,9.680035],[104.401987,9.679907],[104.401749,9.680529],[104.401877,9.681023],[104.402191,9.681541],[104.40265,9.681791],[104.40304,9.682349],[104.403592,9.68257],[104.403883,9.682523],[104.404121,9.68214],[104.404139,9.681773]]],[[[104.405395,9.68532],[104.40518,9.684617],[104.404877,9.684303],[104.404912,9.684024],[104.404714,9.683564],[104.404296,9.683657],[104.404121,9.683896],[104.404127,9.684564],[104.403935,9.685018],[104.404104,9.685623],[104.40447,9.685861],[104.404831,9.685844],[104.404912,9.685582],[104.405395,9.68532]]],[[[104.358378,9.685266],[104.35789,9.683591],[104.35796,9.682614],[104.358588,9.680032],[104.359495,9.678497],[104.360123,9.677939],[104.360821,9.676404],[104.36089,9.67452],[104.360611,9.672845],[104.360611,9.671938],[104.361309,9.667682],[104.361309,9.666845],[104.36096,9.666077],[104.360821,9.66524],[104.360821,9.664333],[104.36096,9.663495],[104.362007,9.66203],[104.362216,9.661193],[104.362077,9.660286],[104.361588,9.659588],[104.360821,9.659169],[104.358309,9.659309],[104.357402,9.659588],[104.356704,9.660076],[104.355866,9.660216],[104.354192,9.659588],[104.353634,9.661263],[104.353634,9.663077],[104.352936,9.663565],[104.352029,9.663565],[104.351401,9.664193],[104.351401,9.6651],[104.352099,9.666705],[104.351819,9.667542],[104.350982,9.667682],[104.350075,9.667403],[104.3484,9.667822],[104.347633,9.669357],[104.347563,9.670264],[104.347214,9.671938],[104.347423,9.672776],[104.347633,9.67459],[104.347493,9.675427],[104.346726,9.677032],[104.346516,9.678846],[104.346307,9.679684],[104.346237,9.684079],[104.346377,9.684917],[104.346795,9.685684],[104.34847,9.686312],[104.350284,9.686452],[104.350982,9.68708],[104.351191,9.687917],[104.350982,9.688824],[104.350424,9.689452],[104.350075,9.69029],[104.350075,9.691964],[104.350843,9.692313],[104.352517,9.692174],[104.354262,9.691476],[104.355029,9.691825],[104.355587,9.692592],[104.355866,9.695383],[104.355657,9.696221],[104.355238,9.696988],[104.355099,9.697825],[104.355448,9.69957],[104.355169,9.700477],[104.354192,9.701872],[104.353843,9.70271],[104.353564,9.703547],[104.353494,9.704454],[104.353564,9.707036],[104.353982,9.708711],[104.354331,9.712269],[104.355238,9.712339],[104.356774,9.711432],[104.357262,9.710734],[104.358518,9.707455],[104.360053,9.706617],[104.360611,9.705989],[104.360681,9.703338],[104.360402,9.701663],[104.36096,9.700965],[104.363123,9.696221],[104.363193,9.694406],[104.362635,9.693778],[104.361797,9.693499],[104.360053,9.693569],[104.359355,9.693011],[104.358448,9.691406],[104.358169,9.690569],[104.358378,9.68701],[104.358378,9.685266]]],[[[104.387613,9.682314],[104.387206,9.682709],[104.386753,9.683977],[104.386753,9.684268],[104.386904,9.6845],[104.387392,9.684826],[104.387602,9.685663],[104.387985,9.685861],[104.388323,9.686349],[104.388602,9.686454],[104.388927,9.687222],[104.388125,9.687896],[104.388265,9.688431],[104.389486,9.689303],[104.391777,9.689908],[104.393091,9.691234],[104.394451,9.692164],[104.394882,9.692211],[104.396173,9.691257],[104.396324,9.691013],[104.395754,9.690164],[104.393975,9.689292],[104.393556,9.688873],[104.393172,9.687745],[104.393161,9.687291],[104.393568,9.687163],[104.393672,9.686849],[104.393486,9.686303],[104.393719,9.685605],[104.393602,9.684884],[104.391765,9.683372],[104.391556,9.682802],[104.391335,9.68257],[104.390207,9.682314],[104.388974,9.681232],[104.388148,9.680825],[104.387404,9.680628],[104.387369,9.680907],[104.387764,9.681919],[104.387613,9.682314]]],[[[104.388305,9.708407],[104.388642,9.707634],[104.388642,9.707053],[104.38834,9.706146],[104.387898,9.705378],[104.387735,9.704517],[104.387805,9.702703],[104.38841,9.701703],[104.388642,9.701517],[104.388759,9.701261],[104.388689,9.700982],[104.38834,9.700517],[104.386793,9.699209],[104.385154,9.69654],[104.384851,9.696586],[104.3842,9.697191],[104.383619,9.69854],[104.38263,9.701985],[104.382584,9.702288],[104.382828,9.702517],[104.382921,9.704238],[104.3832,9.705076],[104.383456,9.707122],[104.382828,9.708844],[104.382805,9.709425],[104.38327,9.710169],[104.383781,9.710402],[104.384875,9.709472],[104.385177,9.708658],[104.385177,9.708355],[104.385526,9.70789],[104.386456,9.708588],[104.387061,9.708727],[104.388017,9.708646],[104.388305,9.708407]]],[[[104.343499,9.704625],[104.343522,9.704927],[104.344127,9.705532],[104.34401,9.706416],[104.344313,9.706904],[104.343917,9.707346],[104.343475,9.708765],[104.343382,9.709347],[104.343452,9.711161],[104.343243,9.711347],[104.342661,9.71144],[104.342243,9.711835],[104.342312,9.712138],[104.34301,9.712742],[104.343266,9.714882],[104.343475,9.715091],[104.343754,9.71458],[104.343778,9.713417],[104.34408,9.711975],[104.34415,9.710742],[104.344615,9.709998],[104.344941,9.708556],[104.344964,9.704927],[104.345522,9.703509],[104.345824,9.702299],[104.345801,9.701997],[104.345592,9.701741],[104.345034,9.701508],[104.344452,9.701508],[104.344034,9.70188],[104.343847,9.702439],[104.34401,9.703578],[104.343499,9.704625]]],[[[104.366891,9.711672],[104.367147,9.711254],[104.367147,9.710533],[104.366036,9.709707],[104.365455,9.709573],[104.364751,9.709655],[104.364385,9.710341],[104.364554,9.711324],[104.364821,9.711632],[104.364827,9.711829],[104.365182,9.711952],[104.365943,9.711667],[104.36642,9.7118],[104.366891,9.711672]]],[[[104.353959,9.71965],[104.35325,9.719697],[104.35304,9.720069],[104.353308,9.722755],[104.353227,9.723046],[104.352622,9.7235],[104.352145,9.72429],[104.352215,9.725477],[104.352343,9.725756],[104.352087,9.726791],[104.351843,9.727163],[104.351889,9.727791],[104.352157,9.728512],[104.352506,9.728814],[104.352936,9.728965],[104.353948,9.728814],[104.354541,9.728372],[104.354773,9.727989],[104.355076,9.726953],[104.355052,9.724814],[104.355425,9.723639],[104.355262,9.722767],[104.354471,9.720941],[104.354471,9.720325],[104.35468,9.719639],[104.35461,9.719348],[104.354331,9.718976],[104.354052,9.718897],[104.353959,9.71965]]],[[[104.34166,9.73087],[104.341945,9.731538],[104.342712,9.732242],[104.342933,9.731114],[104.342735,9.730567],[104.341933,9.730044],[104.34166,9.73087]]],[[[104.365,9.742162],[104.365628,9.741418],[104.366023,9.741243],[104.366326,9.740929],[104.366326,9.740638],[104.366047,9.740127],[104.365942,9.739557],[104.365512,9.738789],[104.362918,9.738254],[104.362453,9.737905],[104.36179,9.736591],[104.361372,9.736301],[104.36072,9.73658],[104.360523,9.737254],[104.360813,9.738708],[104.360953,9.738731],[104.361011,9.739731],[104.361674,9.74165],[104.361767,9.742383],[104.361988,9.742953],[104.362337,9.743174],[104.36286,9.742313],[104.363488,9.741929],[104.363907,9.741848],[104.36443,9.742104],[104.365,9.742162]]],[[[104.469142,10.020185],[104.469839,10.021024],[104.470122,10.021045],[104.470188,10.020926],[104.470068,10.020555],[104.469382,10.019946],[104.469316,10.019401],[104.468924,10.019009],[104.468521,10.018976],[104.468402,10.019053],[104.468434,10.019597],[104.468663,10.019935],[104.469142,10.020185]]],[[[104.474097,10.057648],[104.473509,10.057147],[104.473237,10.057201],[104.473379,10.05755],[104.473716,10.057811],[104.473977,10.057833],[104.474097,10.057648]]],[[[104.468815,10.072132],[104.469861,10.072546],[104.470514,10.073439],[104.470754,10.07333],[104.470863,10.072262],[104.470754,10.072001],[104.469948,10.071805],[104.469425,10.071957],[104.468619,10.071609],[104.468402,10.071761],[104.468815,10.072132]]],[[[104.495689,10.136906],[104.495934,10.136435],[104.496642,10.136029],[104.496764,10.135822],[104.496871,10.135359],[104.496685,10.134488],[104.496266,10.13417],[104.495452,10.134189],[104.494793,10.134292],[104.494025,10.134654],[104.493753,10.135378],[104.493976,10.136247],[104.494339,10.136857],[104.494791,10.13742],[104.495055,10.137513],[104.495515,10.137374],[104.495746,10.137758],[104.496286,10.137921],[104.495776,10.13768],[104.495689,10.136906]]],[[[104.495591,10.141678],[104.495237,10.140911],[104.49466,10.140508],[104.494486,10.139985],[104.49405,10.139566],[104.493527,10.138155],[104.493092,10.137812],[104.492629,10.137883],[104.492465,10.13846],[104.492678,10.140137],[104.49313,10.141014],[104.493386,10.142],[104.495199,10.143241],[104.495918,10.142569],[104.496086,10.142081],[104.496037,10.141738],[104.495591,10.141678]]],[[[104.396351,10.146723],[104.397582,10.147256],[104.398041,10.147275],[104.398262,10.147146],[104.398372,10.146705],[104.397858,10.145749],[104.397858,10.14483],[104.397619,10.144426],[104.397398,10.144445],[104.397306,10.144647],[104.397123,10.145529],[104.396553,10.145915],[104.396259,10.146282],[104.396351,10.146723]]],[[[104.334522,10.28602],[104.33162,10.285868],[104.331269,10.285969],[104.329669,10.284885],[104.329204,10.28442],[104.328584,10.284162],[104.327294,10.28411],[104.326055,10.283542],[104.32491,10.283389],[104.324514,10.283434],[104.324327,10.283632],[104.324382,10.284195],[104.324712,10.285091],[104.324351,10.285659],[104.323886,10.286072],[104.324844,10.287347],[104.325346,10.287601],[104.326274,10.287672],[104.326794,10.287409],[104.328278,10.287399],[104.32842,10.287278],[104.328383,10.287134],[104.329669,10.287001],[104.331372,10.288447],[104.334057,10.288499],[104.334063,10.287834],[104.334549,10.286853],[104.335141,10.286433],[104.335356,10.286041],[104.335224,10.285625],[104.334732,10.285711],[104.334522,10.28602]]],[[[104.340614,10.29046],[104.340149,10.289944],[104.33953,10.289738],[104.338858,10.289738],[104.338239,10.289893],[104.337773,10.290236],[104.337505,10.290683],[104.337484,10.291149],[104.338063,10.291611],[104.337003,10.292255],[104.338159,10.292011],[104.3386,10.293042],[104.338239,10.294333],[104.338652,10.294797],[104.339271,10.29521],[104.339684,10.297172],[104.340149,10.297688],[104.340717,10.297998],[104.341388,10.297947],[104.342421,10.297224],[104.343265,10.297118],[104.343448,10.296388],[104.343448,10.295566],[104.343012,10.294815],[104.342318,10.294384],[104.342778,10.293558],[104.342687,10.292777],[104.341853,10.292009],[104.341182,10.2917],[104.340614,10.29046]]],[[[104.352,10.296725],[104.351691,10.296649],[104.350737,10.29671],[104.350482,10.296973],[104.34964,10.29712],[104.348906,10.296961],[104.348374,10.296654],[104.347782,10.296717],[104.346648,10.296471],[104.346676,10.29622],[104.346521,10.29605],[104.346397,10.296225],[104.346016,10.296124],[104.345702,10.296608],[104.345726,10.29707],[104.348221,10.298958],[104.34864,10.301015],[104.349388,10.301335],[104.350716,10.299515],[104.352165,10.299548],[104.352371,10.297289],[104.352,10.296725]]],[[[104.336793,10.298824],[104.336764,10.299008],[104.337006,10.299027],[104.336929,10.298834],[104.336793,10.298824]]],[[[104.34202,10.302127],[104.342175,10.301895],[104.342155,10.301663],[104.341845,10.301372],[104.341633,10.301469],[104.341613,10.301953],[104.34202,10.302127]]],[[[104.323661,10.307726],[104.324758,10.307687],[104.324887,10.307283],[104.32456,10.306981],[104.324216,10.306965],[104.323623,10.307171],[104.323367,10.307448],[104.323661,10.307726]]],[[[104.336874,10.318798],[104.335451,10.317422],[104.335222,10.316917],[104.334831,10.316527],[104.333547,10.315999],[104.332858,10.31538],[104.332284,10.315058],[104.33116,10.313613],[104.330541,10.313268],[104.329875,10.312672],[104.3296,10.312534],[104.329026,10.312534],[104.328453,10.312649],[104.327902,10.312924],[104.327282,10.313911],[104.326525,10.314783],[104.326273,10.31593],[104.325194,10.316481],[104.324437,10.31733],[104.323795,10.318363],[104.323565,10.318523],[104.322991,10.318615],[104.32212,10.318477],[104.321867,10.318615],[104.321867,10.31889],[104.322028,10.319166],[104.323473,10.31912],[104.323588,10.319693],[104.323267,10.320519],[104.32329,10.321139],[104.323496,10.321758],[104.323749,10.322011],[104.324965,10.321713],[104.325997,10.319854],[104.32664,10.319257],[104.327305,10.319166],[104.327971,10.319303],[104.328541,10.319029],[104.32957,10.319124],[104.330331,10.319524],[104.330939,10.320153],[104.331066,10.320518],[104.330326,10.321137],[104.331071,10.320823],[104.331305,10.321031],[104.331867,10.321203],[104.332258,10.321852],[104.332466,10.322004],[104.333638,10.322217],[104.334212,10.322149],[104.334395,10.321896],[104.334992,10.321827],[104.335267,10.32185],[104.335726,10.322194],[104.337011,10.322149],[104.337264,10.322034],[104.337539,10.321483],[104.337539,10.320221],[104.336874,10.318798]]],[[[104.332239,10.323514],[104.332663,10.322745],[104.332112,10.323009],[104.331986,10.32356],[104.332239,10.323514]]],[[[104.498707,9.97367],[104.499564,9.973302],[104.49954,9.972224],[104.499417,9.971955],[104.499246,9.971685],[104.498682,9.971514],[104.497849,9.972004],[104.497751,9.97291],[104.497898,9.973498],[104.498119,9.973694],[104.498707,9.97367]]],[[[104.507585,10.085069],[104.504214,10.083131],[104.503784,10.083223],[104.502989,10.083931],[104.502973,10.08471],[104.50386,10.085097],[104.504367,10.085837],[104.505418,10.086006],[104.506567,10.086403],[104.507198,10.087171],[104.508119,10.087482],[104.508304,10.087389],[104.508445,10.086632],[104.50814,10.085821],[104.507585,10.085069]]],[[[104.509491,10.088946],[104.511309,10.090014],[104.511854,10.089937],[104.512083,10.089611],[104.511974,10.088925],[104.511636,10.088696],[104.509883,10.088347],[104.509469,10.088424],[104.509393,10.088696],[104.509491,10.088946]]],[[[104.516798,10.103272],[104.516123,10.102793],[104.51597,10.102554],[104.515578,10.101443],[104.514794,10.098415],[104.514881,10.097326],[104.514402,10.095715],[104.513727,10.094538],[104.513487,10.094386],[104.513161,10.094408],[104.512093,10.096281],[104.511897,10.097065],[104.512159,10.098111],[104.512899,10.098873],[104.51364,10.09933],[104.513814,10.099831],[104.51405,10.099984],[104.513749,10.100376],[104.513618,10.101203],[104.513444,10.101443],[104.512747,10.101879],[104.512115,10.102772],[104.512028,10.104688],[104.512442,10.105058],[104.513008,10.105233],[104.513379,10.105625],[104.513945,10.105712],[104.514947,10.104775],[104.516036,10.104688],[104.516558,10.10447],[104.516907,10.104057],[104.516951,10.103773],[104.516798,10.103272]]],[[[104.502314,10.10606],[104.501203,10.106148],[104.500484,10.10569],[104.500179,10.105233],[104.500179,10.10495],[104.499635,10.104318],[104.499352,10.103534],[104.498677,10.102619],[104.498023,10.102096],[104.497283,10.101726],[104.496477,10.101617],[104.496477,10.10214],[104.49713,10.103098],[104.497326,10.103599],[104.497261,10.104144],[104.497544,10.104601],[104.497588,10.105167],[104.497718,10.105407],[104.497958,10.105516],[104.497631,10.107084],[104.497675,10.107629],[104.499003,10.10985],[104.49909,10.111549],[104.499679,10.112137],[104.500789,10.112333],[104.501072,10.112268],[104.501465,10.111897],[104.502227,10.110417],[104.502401,10.11022],[104.502946,10.11009],[104.50312,10.109872],[104.504013,10.108434],[104.505341,10.106648],[104.505385,10.106365],[104.505276,10.106104],[104.505015,10.106017],[104.504209,10.106365],[104.503773,10.105995],[104.502989,10.105647],[104.502314,10.10606]]],[[[104.538058,10.116704],[104.538156,10.116073],[104.53797,10.115727],[104.537568,10.115637],[104.537107,10.115871],[104.536925,10.116241],[104.537045,10.11662],[104.537513,10.116881],[104.53781,10.116868],[104.538058,10.116704]]],[[[104.525441,10.11827],[104.52558,10.118577],[104.525988,10.118861],[104.526174,10.118812],[104.526133,10.118313],[104.525561,10.118044],[104.525441,10.11827]]],[[[104.501149,10.118807],[104.50006,10.118568],[104.499804,10.118786],[104.50019,10.119406],[104.500577,10.119537],[104.500915,10.11951],[104.501557,10.119031],[104.501666,10.118791],[104.501633,10.118655],[104.501149,10.118807]]],[[[104.498252,10.119867],[104.498524,10.119709],[104.498442,10.119431],[104.498176,10.119393],[104.498094,10.119763],[104.498252,10.119867]]],[[[104.526975,10.121952],[104.526751,10.121363],[104.526364,10.12154],[104.526374,10.121782],[104.526734,10.122073],[104.526975,10.121952]]],[[[104.527381,10.122488],[104.527476,10.123447],[104.527757,10.123414],[104.527852,10.122992],[104.527582,10.122717],[104.527593,10.122584],[104.527381,10.122488]]],[[[104.50306,10.122714],[104.502466,10.123929],[104.502521,10.124321],[104.502962,10.124647],[104.503648,10.124686],[104.503801,10.124473],[104.503648,10.12394],[104.503784,10.123542],[104.50373,10.123036],[104.503452,10.122556],[104.503256,10.122518],[104.50306,10.122714]]],[[[104.526237,10.123942],[104.526229,10.124209],[104.525571,10.125118],[104.525584,10.125423],[104.525873,10.125826],[104.525976,10.126224],[104.526189,10.12603],[104.526115,10.125516],[104.526235,10.125219],[104.526847,10.124283],[104.526845,10.12395],[104.526692,10.12376],[104.526237,10.123942]]],[[[104.496727,10.128837],[104.496896,10.128157],[104.496793,10.127808],[104.496945,10.127503],[104.497386,10.127079],[104.498181,10.126899],[104.498426,10.126491],[104.498491,10.125538],[104.4978,10.124176],[104.497756,10.123567],[104.498089,10.122723],[104.498737,10.122156],[104.498943,10.121628],[104.498764,10.121323],[104.498257,10.121024],[104.49786,10.121198],[104.498089,10.121857],[104.497958,10.122488],[104.497697,10.123065],[104.49737,10.123376],[104.497582,10.123643],[104.497669,10.123997],[104.497549,10.12447],[104.496863,10.124901],[104.496335,10.124694],[104.496172,10.124487],[104.495469,10.1244],[104.495301,10.125118],[104.494604,10.12575],[104.494413,10.126115],[104.493863,10.12655],[104.494043,10.126986],[104.494664,10.127846],[104.494625,10.128571],[104.495099,10.129159],[104.496166,10.1293],[104.496477,10.129159],[104.496727,10.128837]]],[[[104.497543,10.13668],[104.496778,10.137507],[104.497012,10.137946],[104.497028,10.138743],[104.497301,10.138997],[104.497622,10.139617],[104.498275,10.140238],[104.498793,10.141202],[104.499114,10.140448],[104.498853,10.139495],[104.498196,10.138232],[104.498079,10.137309],[104.497543,10.13668]]],[[[104.520021,10.137694],[104.519444,10.138935],[104.519651,10.140003],[104.520032,10.140362],[104.520108,10.140634],[104.520054,10.141222],[104.519531,10.142409],[104.519607,10.143237],[104.52001,10.143651],[104.520577,10.143531],[104.52086,10.143237],[104.520849,10.142834],[104.520598,10.142181],[104.520588,10.141288],[104.520882,10.140667],[104.522319,10.139338],[104.523288,10.138935],[104.523539,10.138424],[104.523354,10.138108],[104.522025,10.137759],[104.521753,10.137454],[104.520381,10.137509],[104.520021,10.137694]]],[[[104.532344,10.140003],[104.531446,10.141135],[104.531228,10.14168],[104.531315,10.142213],[104.531805,10.142491],[104.532263,10.14223],[104.532638,10.141467],[104.532992,10.139513],[104.532889,10.139273],[104.532622,10.139306],[104.532344,10.140003]]],[[[104.53331,10.143368],[104.53313,10.143836],[104.533204,10.144038],[104.533403,10.144087],[104.533637,10.144065],[104.534154,10.143746],[104.534334,10.14339],[104.534168,10.143145],[104.533746,10.143115],[104.53331,10.143368]]],[[[104.531889,10.144721],[104.531306,10.145012],[104.53086,10.144887],[104.530688,10.144966],[104.530579,10.145622],[104.530775,10.145941],[104.531078,10.145832],[104.531734,10.14517],[104.532001,10.144816],[104.531889,10.144721]]],[[[104.530901,10.146455],[104.530982,10.146344],[104.530895,10.146278],[104.530721,10.146401],[104.530901,10.146455]]],[[[104.507322,10.1507],[104.506933,10.150975],[104.507314,10.150806],[104.507322,10.1507]]],[[[104.505165,10.150604],[104.504087,10.151949],[104.50413,10.152358],[104.504517,10.152733],[104.505165,10.152614],[104.505693,10.1522],[104.505949,10.15183],[104.506477,10.151503],[104.50596,10.151138],[104.505769,10.150708],[104.505448,10.150593],[104.505165,10.150604]]],[[[104.524464,10.155502],[104.524192,10.155208],[104.524203,10.154195],[104.523887,10.153847],[104.523267,10.152279],[104.522472,10.151473],[104.522384,10.15095],[104.522014,10.150373],[104.521916,10.149828],[104.521328,10.148576],[104.521143,10.147792],[104.520631,10.147629],[104.520359,10.147738],[104.519934,10.148064],[104.519782,10.149153],[104.5194,10.149534],[104.518235,10.149894],[104.518061,10.150112],[104.518039,10.150776],[104.518497,10.151462],[104.519749,10.152148],[104.519934,10.152671],[104.520722,10.15348],[104.521132,10.155328],[104.521894,10.156265],[104.52208,10.156787],[104.522319,10.156907],[104.523593,10.156853],[104.524149,10.157267],[104.524421,10.157865],[104.524247,10.158802],[104.524639,10.159543],[104.524639,10.160229],[104.524769,10.160229],[104.525913,10.159423],[104.526152,10.158954],[104.525706,10.15792],[104.525172,10.157321],[104.525281,10.157212],[104.52539,10.156014],[104.524464,10.155502]]],[[[104.508052,10.162034],[104.508406,10.162252],[104.508934,10.162137],[104.508782,10.161838],[104.508401,10.161533],[104.507829,10.161598],[104.508052,10.162034]]],[[[104.52956,10.160204],[104.529528,10.162502],[104.529005,10.163449],[104.529212,10.164397],[104.529473,10.16456],[104.529615,10.164549],[104.530355,10.163907],[104.530497,10.163242],[104.530889,10.162698],[104.531161,10.16187],[104.530867,10.1604],[104.530279,10.159627],[104.530007,10.159671],[104.52956,10.160204]]],[[[104.521267,10.166248],[104.521758,10.166831],[104.521768,10.166079],[104.521267,10.166248]]],[[[104.527913,10.187904],[104.528282,10.188334],[104.528365,10.188306],[104.528186,10.187806],[104.52836,10.187588],[104.529144,10.187261],[104.530767,10.186902],[104.53154,10.186346],[104.531768,10.185834],[104.532498,10.18505],[104.53277,10.18431],[104.53301,10.182404],[104.53313,10.182154],[104.533587,10.181827],[104.533761,10.181326],[104.533522,10.180585],[104.533021,10.179823],[104.532988,10.179431],[104.532618,10.179311],[104.532302,10.179028],[104.531801,10.17759],[104.531409,10.177242],[104.531398,10.1771],[104.531986,10.176839],[104.531975,10.176697],[104.531453,10.176632],[104.531736,10.176001],[104.532248,10.175336],[104.533054,10.175129],[104.53325,10.174955],[104.533282,10.173452],[104.533522,10.172646],[104.53399,10.172156],[104.534731,10.171797],[104.534763,10.171535],[104.534393,10.170937],[104.533511,10.170501],[104.532912,10.169771],[104.531692,10.16914],[104.531169,10.169325],[104.530483,10.169782],[104.530178,10.170218],[104.530374,10.171002],[104.530451,10.172069],[104.530963,10.172712],[104.531028,10.174563],[104.530788,10.176349],[104.530483,10.177438],[104.530527,10.178048],[104.53032,10.178527],[104.530312,10.179055],[104.529939,10.179148],[104.529558,10.178974],[104.529481,10.179082],[104.52983,10.179268],[104.529928,10.179507],[104.529852,10.179758],[104.529177,10.180259],[104.528621,10.181032],[104.52836,10.181162],[104.527968,10.181064],[104.527859,10.181141],[104.527412,10.181827],[104.527184,10.182502],[104.526171,10.183428],[104.52604,10.183678],[104.525561,10.183929],[104.525321,10.184277],[104.524918,10.18431],[104.523938,10.184778],[104.523721,10.185137],[104.52384,10.185377],[104.524984,10.18602],[104.525485,10.187294],[104.525953,10.187806],[104.526193,10.188263],[104.526454,10.188372],[104.526759,10.188132],[104.527314,10.188198],[104.527913,10.187904]]],[[[104.523746,10.244507],[104.523136,10.243081],[104.523271,10.242083],[104.523116,10.241985],[104.522862,10.242212],[104.52279,10.24245],[104.523028,10.243199],[104.522774,10.244207],[104.522619,10.244481],[104.522299,10.244455],[104.522102,10.244621],[104.522144,10.24507],[104.52203,10.24537],[104.522097,10.245629],[104.522418,10.245949],[104.522785,10.246042],[104.522733,10.24628],[104.522878,10.246394],[104.523829,10.245453],[104.523746,10.244507]]],[[[104.528513,10.272325],[104.527808,10.272727],[104.527544,10.27346],[104.527595,10.273977],[104.527926,10.274482],[104.528395,10.274284],[104.528925,10.273467],[104.528745,10.272434],[104.528513,10.272325]]],[[[104.647096,9.818516],[104.648709,9.818454],[104.650259,9.817771],[104.651872,9.817896],[104.654105,9.81864],[104.656462,9.818268],[104.657888,9.817523],[104.658384,9.816965],[104.65857,9.815477],[104.658632,9.812375],[104.65733,9.809522],[104.656214,9.807414],[104.656214,9.805801],[104.655965,9.804995],[104.655903,9.80425],[104.655593,9.803568],[104.654663,9.802204],[104.653609,9.800095],[104.652678,9.798792],[104.650259,9.796745],[104.649577,9.796311],[104.648026,9.795939],[104.647344,9.795629],[104.644987,9.795629],[104.644305,9.795257],[104.643561,9.795133],[104.642878,9.794761],[104.642134,9.794637],[104.641514,9.795071],[104.64077,9.795071],[104.640087,9.794761],[104.638785,9.793892],[104.638041,9.793582],[104.63649,9.793396],[104.635746,9.79352],[104.635312,9.794141],[104.635188,9.795629],[104.634071,9.796621],[104.630598,9.798854],[104.629854,9.79904],[104.628365,9.79904],[104.626132,9.79873],[104.624768,9.797924],[104.623155,9.7978],[104.62024,9.796745],[104.618813,9.796063],[104.617263,9.796063],[104.615712,9.796249],[104.614968,9.796063],[104.614224,9.796249],[104.614286,9.796993],[104.611867,9.798792],[104.611184,9.79842],[104.609944,9.797366],[104.608393,9.79687],[104.606905,9.796808],[104.60616,9.796932],[104.605726,9.797552],[104.60585,9.798296],[104.606595,9.798482],[104.607029,9.799102],[104.607091,9.799847],[104.607339,9.800591],[104.607835,9.801211],[104.608517,9.801645],[104.61013,9.801707],[104.61106,9.800467],[104.612611,9.800591],[104.613293,9.800901],[104.613479,9.801087],[104.613603,9.804126],[104.614844,9.805119],[104.615278,9.805801],[104.615464,9.806545],[104.616084,9.806979],[104.616518,9.807662],[104.61658,9.808406],[104.617263,9.809832],[104.617759,9.811383],[104.619744,9.81281],[104.621232,9.813182],[104.622597,9.813864],[104.623217,9.81436],[104.623961,9.81467],[104.624582,9.815229],[104.625016,9.815849],[104.625574,9.817337],[104.62607,9.817896],[104.62669,9.818392],[104.627497,9.818392],[104.628179,9.818702],[104.628489,9.819446],[104.628613,9.82019],[104.629295,9.820562],[104.63004,9.820625],[104.631528,9.821369],[104.632831,9.822237],[104.634319,9.822423],[104.636738,9.822361],[104.638289,9.822051],[104.639715,9.821183],[104.640521,9.821369],[104.641204,9.820997],[104.643065,9.819632],[104.643375,9.81895],[104.643995,9.818454],[104.644801,9.818268],[104.645608,9.818268],[104.647096,9.818516]]],[[[104.855594,9.977876],[104.855555,9.97774],[104.856234,9.977333],[104.857024,9.976476],[104.857408,9.97565],[104.857986,9.975263],[104.858075,9.974988],[104.857935,9.974476],[104.857335,9.97384],[104.856148,9.97353],[104.856059,9.972906],[104.856055,9.973743],[104.855931,9.973883],[104.855373,9.973805],[104.853869,9.974162],[104.853187,9.973759],[104.852753,9.972627],[104.851311,9.971991],[104.848938,9.968626],[104.848364,9.968053],[104.847589,9.966921],[104.846132,9.965355],[104.845961,9.965013],[104.845899,9.964254],[104.845651,9.963525],[104.845387,9.963246],[104.844472,9.962796],[104.844116,9.962331],[104.843868,9.961788],[104.84379,9.961199],[104.842844,9.959741],[104.842891,9.959555],[104.843247,9.959385],[104.843263,9.959199],[104.843046,9.958904],[104.842488,9.958703],[104.842534,9.958501],[104.842302,9.958191],[104.841867,9.956733],[104.841216,9.955679],[104.841216,9.954904],[104.841526,9.953043],[104.841433,9.952671],[104.841185,9.952392],[104.840162,9.951802],[104.839666,9.951213],[104.839045,9.950717],[104.83796,9.950314],[104.837681,9.950066],[104.837588,9.949259],[104.837371,9.948949],[104.83703,9.948763],[104.836782,9.948453],[104.836378,9.948422],[104.836006,9.948608],[104.835944,9.949384],[104.834859,9.950469],[104.834518,9.950655],[104.832967,9.951058],[104.831479,9.951678],[104.831199,9.951989],[104.831137,9.952733],[104.8303,9.953539],[104.829804,9.954593],[104.829432,9.954593],[104.829029,9.95478],[104.828284,9.955679],[104.827943,9.956392],[104.827664,9.957912],[104.827633,9.95909],[104.827478,9.959493],[104.827478,9.959897],[104.827757,9.96061],[104.827819,9.961881],[104.827292,9.964145],[104.827276,9.964719],[104.828687,9.967711],[104.829277,9.968533],[104.830083,9.969091],[104.831308,9.970409],[104.831835,9.970704],[104.832998,9.971014],[104.833231,9.97134],[104.833715,9.971429],[104.834188,9.971262],[104.834808,9.971429],[104.835781,9.971266],[104.837743,9.971549],[104.83858,9.972638],[104.839212,9.973197],[104.839119,9.974402],[104.839476,9.97486],[104.840007,9.974798],[104.84065,9.974433],[104.841569,9.974697],[104.842557,9.974573],[104.843399,9.974247],[104.843899,9.974282],[104.844515,9.97474],[104.845349,9.974825],[104.845721,9.97505],[104.846593,9.974856],[104.84674,9.975042],[104.84674,9.975918],[104.847074,9.976135],[104.847725,9.976441],[104.848942,9.976686],[104.851113,9.977705],[104.851846,9.977767],[104.852284,9.97762],[104.853164,9.977709],[104.853908,9.977938],[104.855594,9.977876]]],[[[104.557362,10.03433],[104.561548,10.027376],[104.561953,10.024675],[104.561953,10.023999],[104.561683,10.022649],[104.560806,10.020623],[104.560671,10.019273],[104.560063,10.017247],[104.559725,10.016639],[104.559118,10.016099],[104.557159,10.015019],[104.555741,10.014411],[104.554391,10.014141],[104.55169,10.014276],[104.551082,10.014681],[104.55088,10.015424],[104.549934,10.01745],[104.548179,10.020691],[104.547571,10.022716],[104.546153,10.025282],[104.545545,10.026633],[104.544397,10.028591],[104.544195,10.029266],[104.544195,10.030617],[104.544465,10.031967],[104.544938,10.032507],[104.545545,10.032845],[104.546086,10.033385],[104.547368,10.035883],[104.548449,10.036694],[104.549732,10.037369],[104.551082,10.037842],[104.552433,10.037909],[104.553682,10.037268],[104.553749,10.039631],[104.553884,10.039969],[104.554155,10.040205],[104.554526,10.040205],[104.554931,10.040137],[104.555269,10.039462],[104.555201,10.038753],[104.554796,10.038078],[104.554728,10.03774],[104.554897,10.03639],[104.555471,10.035951],[104.556889,10.035613],[104.557429,10.035006],[104.557362,10.03433]]],[[[104.54119,10.1239],[104.540852,10.124575],[104.540886,10.125622],[104.540194,10.1265],[104.540211,10.126854],[104.540481,10.127074],[104.541511,10.127293],[104.54222,10.127833],[104.542237,10.128002],[104.542625,10.128424],[104.542692,10.129437],[104.542169,10.130838],[104.542152,10.13153],[104.542676,10.132644],[104.542709,10.133336],[104.542861,10.133674],[104.543621,10.134417],[104.543942,10.134569],[104.544279,10.134552],[104.544769,10.134282],[104.545528,10.133488],[104.545714,10.133168],[104.545917,10.132138],[104.545934,10.131615],[104.545697,10.130754],[104.54568,10.12991],[104.545815,10.129066],[104.544938,10.127698],[104.544938,10.127192],[104.545393,10.126179],[104.545343,10.125453],[104.544499,10.124086],[104.543874,10.12363],[104.543604,10.122769],[104.54325,10.122381],[104.542743,10.122431],[104.542321,10.123022],[104.54173,10.123377],[104.54119,10.1239]]],[[[104.634647,10.135043],[104.634795,10.135309],[104.6351,10.135294],[104.635332,10.134895],[104.635126,10.134406],[104.634942,10.134367],[104.634745,10.134492],[104.634647,10.135043]]],[[[104.638584,10.13485],[104.638429,10.134998],[104.638446,10.135391],[104.638802,10.135501],[104.639044,10.13582],[104.639164,10.135817],[104.6392,10.135589],[104.638734,10.135213],[104.638833,10.13497],[104.638584,10.13485]]],[[[104.63801,10.135907],[104.638307,10.135848],[104.638321,10.135513],[104.637981,10.13552],[104.637635,10.135295],[104.637268,10.13523],[104.637137,10.135486],[104.637163,10.136289],[104.637308,10.136343],[104.63801,10.135907]]],[[[104.544887,10.135058],[104.54509,10.136172],[104.545571,10.137075],[104.545765,10.137261],[104.546195,10.13732],[104.546381,10.137101],[104.546592,10.136409],[104.546643,10.135539],[104.546094,10.134645],[104.545942,10.134552],[104.545512,10.134586],[104.545098,10.134763],[104.544887,10.135058]]],[[[104.544895,10.13938],[104.545225,10.139456],[104.545368,10.139253],[104.545047,10.139135],[104.544879,10.138865],[104.543663,10.138823],[104.543317,10.138949],[104.543182,10.139169],[104.543216,10.139338],[104.543452,10.139473],[104.544895,10.13938]]],[[[104.537975,10.141683],[104.536986,10.143027],[104.536999,10.143243],[104.537291,10.143155],[104.537514,10.142695],[104.537813,10.142521],[104.538164,10.141655],[104.537975,10.141683]]],[[[104.552306,10.14598],[104.553066,10.145153],[104.553133,10.144815],[104.552846,10.143802],[104.55239,10.142823],[104.552255,10.141979],[104.552036,10.141675],[104.551682,10.141574],[104.551395,10.141152],[104.551175,10.140122],[104.550736,10.139363],[104.550179,10.139228],[104.548862,10.139717],[104.547833,10.139835],[104.547698,10.140139],[104.547799,10.140477],[104.548204,10.140831],[104.548846,10.141152],[104.549082,10.142047],[104.549588,10.142587],[104.549234,10.143988],[104.548846,10.144815],[104.548913,10.145339],[104.550078,10.146098],[104.550264,10.146115],[104.552306,10.14598]]],[[[104.618644,10.144743],[104.618907,10.144909],[104.619148,10.144565],[104.618808,10.144146],[104.618579,10.144088],[104.618428,10.144183],[104.618408,10.144362],[104.618644,10.144743]]],[[[104.554129,10.150487],[104.554788,10.14993],[104.555412,10.149187],[104.555311,10.148478],[104.554771,10.148259],[104.554602,10.147972],[104.553657,10.148056],[104.551732,10.149458],[104.549699,10.151201],[104.549313,10.152049],[104.549392,10.15251],[104.549704,10.152971],[104.549784,10.153663],[104.550406,10.153968],[104.552962,10.15188],[104.554129,10.150487]]],[[[104.592521,10.153953],[104.592795,10.153732],[104.59279,10.153571],[104.591987,10.15328],[104.59167,10.153401],[104.591322,10.1541],[104.590648,10.153975],[104.590517,10.153788],[104.590539,10.152944],[104.590344,10.152511],[104.589871,10.15212],[104.589167,10.151884],[104.586427,10.152146],[104.585941,10.152394],[104.585686,10.152705],[104.585755,10.153058],[104.586488,10.154204],[104.587098,10.154498],[104.588416,10.154639],[104.589603,10.154302],[104.591095,10.154639],[104.591236,10.154607],[104.591566,10.154176],[104.592521,10.153953]]],[[[104.579485,10.156137],[104.581049,10.155633],[104.581925,10.155935],[104.582258,10.15585],[104.582067,10.155412],[104.58235,10.154803],[104.582317,10.154411],[104.58146,10.153237],[104.580988,10.152886],[104.580064,10.15286],[104.578968,10.15324],[104.577622,10.15293],[104.576721,10.153009],[104.576306,10.152842],[104.575612,10.152806],[104.574775,10.15291],[104.572799,10.15367],[104.571982,10.154204],[104.571612,10.154792],[104.571459,10.155351],[104.571631,10.155994],[104.572058,10.15624],[104.572657,10.156349],[104.574215,10.156284],[104.575837,10.156687],[104.576186,10.156894],[104.578024,10.156782],[104.579485,10.156137]]],[[[104.579206,10.169874],[104.579045,10.169559],[104.578527,10.169385],[104.578086,10.169396],[104.578331,10.169962],[104.578838,10.170283],[104.579079,10.1706],[104.579202,10.170474],[104.579206,10.169874]]],[[[104.48281,10.37623],[104.482283,10.376352],[104.481956,10.376648],[104.4818,10.377033],[104.481891,10.377485],[104.481784,10.377552],[104.480477,10.376898],[104.479528,10.376756],[104.478574,10.377098],[104.47769,10.377988],[104.477078,10.378131],[104.476571,10.377914],[104.476752,10.376596],[104.476261,10.37554],[104.475349,10.374893],[104.474501,10.374712],[104.473601,10.374868],[104.4731,10.375155],[104.472607,10.375656],[104.471619,10.3751],[104.470728,10.37506],[104.470114,10.375243],[104.468664,10.376062],[104.467763,10.376382],[104.464726,10.376604],[104.464532,10.376433],[104.464425,10.375821],[104.464215,10.375494],[104.464406,10.375318],[104.463972,10.374844],[104.463841,10.374959],[104.463543,10.37484],[104.46318,10.374291],[104.462683,10.374115],[104.461728,10.372086],[104.460907,10.371729],[104.460842,10.371437],[104.460214,10.371007],[104.4601,10.36961],[104.459985,10.36923],[104.459728,10.369018],[104.459391,10.368952],[104.458061,10.369392],[104.455247,10.369741],[104.454338,10.369759],[104.453091,10.369536],[104.452531,10.36922],[104.452457,10.367296],[104.452351,10.367104],[104.45182,10.366758],[104.448872,10.366706],[104.446719,10.364778],[104.446313,10.364548],[104.4441,10.364304],[104.443491,10.364447],[104.442949,10.364829],[104.442483,10.365555],[104.44225,10.366225],[104.442161,10.367383],[104.442787,10.368609],[104.442922,10.368763],[104.443367,10.368869],[104.44354,10.36929],[104.443488,10.370852],[104.443568,10.371071],[104.444938,10.372213],[104.445363,10.373072],[104.446133,10.373525],[104.446255,10.373998],[104.445718,10.375532],[104.44578,10.37635],[104.445653,10.376991],[104.445389,10.3775],[104.444285,10.378201],[104.444198,10.378402],[104.444168,10.378919],[104.444785,10.378798],[104.445045,10.379057],[104.445283,10.379682],[104.445283,10.380184],[104.445173,10.380766],[104.444685,10.381879],[104.444076,10.382804],[104.443619,10.38323],[104.443567,10.383997],[104.443768,10.384298],[104.444463,10.384543],[104.445014,10.384376],[104.445239,10.384441],[104.445644,10.385031],[104.445839,10.385663],[104.445873,10.386431],[104.445698,10.387407],[104.445312,10.388397],[104.445559,10.389111],[104.445806,10.389446],[104.446646,10.39001],[104.447463,10.391058],[104.448288,10.391535],[104.449058,10.392221],[104.450903,10.393371],[104.450875,10.394721],[104.450688,10.395062],[104.45039,10.395009],[104.450325,10.395306],[104.450492,10.395395],[104.451158,10.395229],[104.45162,10.395402],[104.451658,10.395492],[104.451262,10.395855],[104.451262,10.396101],[104.451653,10.396245],[104.452054,10.395883],[104.452316,10.396543],[104.452689,10.396777],[104.452706,10.397562],[104.45248,10.399365],[104.452539,10.39964],[104.45278,10.399793],[104.452789,10.399931],[104.452568,10.400183],[104.451115,10.405681],[104.449793,10.408727],[104.449161,10.409746],[104.448666,10.41085],[104.448146,10.411283],[104.447525,10.412473],[104.44682,10.413321],[104.44625,10.414614],[104.442424,10.419418],[104.442245,10.419841],[104.442306,10.420285],[104.441495,10.421015],[104.440905,10.421298],[104.439051,10.423179],[104.453669,10.426372],[104.463941,10.429023],[104.478324,10.431454],[104.48914,10.420363],[104.489262,10.419133],[104.48861,10.418878],[104.488791,10.418259],[104.489483,10.416944],[104.489379,10.416814],[104.488919,10.416783],[104.491412,10.413259],[104.491997,10.411596],[104.493851,10.40865],[104.496289,10.405637],[104.497691,10.40453],[104.497961,10.404449],[104.499915,10.406432],[104.501294,10.408301],[104.504564,10.413872],[104.50875,10.421386],[104.510175,10.425028],[104.511239,10.427392],[104.513493,10.431558],[104.516726,10.437975],[104.518265,10.440265],[104.520241,10.442066],[104.528104,10.446856],[104.536323,10.447504],[104.541839,10.447605],[104.543061,10.448172],[104.544397,10.449073],[104.549129,10.453627],[104.55159,10.456328],[104.552554,10.457549],[104.555104,10.462485],[104.555585,10.463702],[104.556221,10.467953],[104.557897,10.471564],[104.558337,10.472845],[104.559044,10.478824],[104.559489,10.483838],[104.559848,10.490041],[104.559645,10.49249],[104.559841,10.492986],[104.561383,10.493979],[104.562804,10.494357],[104.564839,10.495188],[104.570059,10.498806],[104.573322,10.500321],[104.576942,10.501171],[104.579389,10.502042],[104.582927,10.504064],[104.583814,10.504844],[104.585843,10.507672],[104.587012,10.509921],[104.587252,10.511053],[104.587775,10.516699],[104.587395,10.519529],[104.587692,10.524218],[104.587742,10.527411],[104.589325,10.528964],[104.590421,10.529628],[104.591009,10.529926],[104.591663,10.529994],[104.593083,10.530496],[104.593121,10.530878],[104.59496,10.531631],[104.59737,10.533226],[104.598468,10.53373],[104.598739,10.533998],[104.603221,10.533953],[104.608266,10.533161],[104.616341,10.528275],[104.623221,10.528226],[104.632747,10.528823],[104.637519,10.529952],[104.639292,10.529987],[104.640574,10.529746],[104.645872,10.529764],[104.646824,10.54001],[104.695203,10.537709],[104.694902,10.536437],[104.705023,10.533692],[104.710917,10.532793],[104.718657,10.530779],[104.734017,10.525636],[104.753349,10.518904],[104.762316,10.519354],[104.763784,10.519384],[104.7638,10.519246],[104.76549,10.519189],[104.769893,10.519205],[104.781216,10.519604],[104.78411,10.51957],[104.78832,10.519895],[104.788367,10.519713],[104.788773,10.519662],[104.790237,10.519657],[104.790646,10.519796],[104.790751,10.519502],[104.79112,10.51966],[104.791412,10.51966],[104.791452,10.519547],[104.79507,10.520012],[104.799517,10.520351],[104.79968,10.520253],[104.80218,10.520311],[104.802219,10.520199],[104.805348,10.520328],[104.805351,10.520229],[104.810731,10.520223],[104.823712,10.520553],[104.828345,10.519779],[104.829375,10.519872],[104.829383,10.519618],[104.831371,10.519623],[104.839055,10.520302],[104.839057,10.520223],[104.841076,10.520334],[104.841076,10.520203],[104.841807,10.520192],[104.841804,10.52008],[104.844289,10.520209],[104.846192,10.520443],[104.847926,10.520443],[104.84793,10.520317],[104.852502,10.520476],[104.852537,10.520072],[104.854686,10.520161],[104.858512,10.520674],[104.861592,10.520892],[104.86161,10.521118],[104.866497,10.521167],[104.868261,10.52158],[104.868515,10.521688],[104.870122,10.523135],[104.88272,10.53479],[104.886612,10.538592],[104.891368,10.542672],[104.895906,10.546934],[104.898521,10.548776],[104.899804,10.550039],[104.900935,10.551763],[104.903831,10.556885],[104.904636,10.55818],[104.904807,10.558254],[104.905083,10.55908],[104.90782,10.56363],[104.911854,10.569637],[104.912257,10.570003],[104.914724,10.573603],[104.918119,10.579177],[104.918902,10.58065],[104.918801,10.580674],[104.921838,10.587489],[104.923001,10.58959],[104.928993,10.602694],[104.935145,10.61385],[104.943308,10.623449],[104.952359,10.634761],[104.953006,10.635192],[104.9533,10.636167],[104.953844,10.636716],[104.96339,10.642844],[104.963387,10.642998],[104.964149,10.643426],[104.963791,10.644209],[104.978163,10.650226],[104.983476,10.654653],[104.988261,10.657426],[104.989034,10.65776],[104.991436,10.659271],[104.991476,10.65917],[104.992842,10.659956],[104.993157,10.660145],[104.993121,10.660247],[104.993578,10.660517],[104.993609,10.660414],[104.997876,10.662964],[104.998037,10.662713],[105.006821,10.667957],[105.019493,10.675011],[105.019214,10.676164],[105.098315,10.721644],[105.092455,10.756132],[105.076258,10.77831],[105.076011,10.778416],[105.075471,10.778139],[105.074929,10.778191],[105.074779,10.778352],[105.074099,10.778427],[105.073899,10.778686],[105.073029,10.779047],[105.06582,10.780569],[105.064161,10.780487],[105.063701,10.784857],[105.063364,10.788997],[105.063448,10.789216],[105.063321,10.789294],[105.062867,10.792635],[105.062707,10.795071],[105.062651,10.797295],[105.062733,10.797319],[105.058082,10.806023],[105.058927,10.819856],[105.05833,10.820886],[105.056691,10.824617],[105.0562,10.826386],[105.055753,10.827228],[105.055831,10.827331],[105.055704,10.827986],[105.054616,10.829067],[105.053494,10.831174],[105.049769,10.838968],[105.04989,10.839143],[105.049707,10.839716],[105.049155,10.839618],[105.048507,10.84092],[105.046907,10.842122],[105.046404,10.842174],[105.046291,10.843171],[105.045583,10.844404],[105.045339,10.84458],[105.044939,10.844574],[105.044618,10.845554],[105.044156,10.845377],[105.044024,10.847197],[105.04347,10.847061],[105.043204,10.848413],[105.042059,10.851637],[105.041954,10.851695],[105.04173,10.852785],[105.041058,10.854075],[105.040349,10.854916],[105.040288,10.855679],[105.040148,10.855589],[105.039828,10.856503],[105.040025,10.856561],[105.039799,10.857825],[105.038929,10.859545],[105.038663,10.860467],[105.037674,10.861948],[105.037616,10.862307],[105.036393,10.864428],[105.035916,10.865507],[105.034903,10.866639],[105.034637,10.867231],[105.034449,10.868331],[105.034022,10.868262],[105.033965,10.869544],[105.034329,10.869573],[105.034166,10.87042],[105.033668,10.87066],[105.033102,10.871989],[105.032927,10.87282],[105.033144,10.873474],[105.033147,10.874587],[105.032949,10.876368],[105.032367,10.87801],[105.03218,10.87787],[105.032232,10.879569],[105.031817,10.880739],[105.03156,10.880663],[105.031239,10.882055],[105.031388,10.88224],[105.030817,10.883875],[105.03074,10.884836],[105.030494,10.885304],[105.030011,10.885556],[105.029719,10.886629],[105.029577,10.888399],[105.029502,10.888629],[105.029259,10.888806],[105.029093,10.889302],[105.029171,10.889421],[105.028478,10.89228],[105.031368,10.892791],[105.038103,10.897326],[105.038698,10.897605],[105.040692,10.897909],[105.041262,10.898213],[105.041754,10.898643],[105.042357,10.899552],[105.044807,10.901124],[105.045162,10.901569],[105.045431,10.902152],[105.045374,10.902829],[105.043722,10.906646],[105.042204,10.908715],[105.041916,10.909524],[105.041935,10.910276],[105.042839,10.911931],[105.045322,10.913977],[105.047292,10.91489],[105.050039,10.915752],[105.052293,10.916132],[105.052656,10.916462],[105.052705,10.91938],[105.053011,10.920727],[105.053058,10.92161],[105.052894,10.922307],[105.052424,10.922887],[105.051462,10.923677],[105.051016,10.924931],[105.051321,10.926859],[105.051838,10.927857],[105.053487,10.929567],[105.058325,10.933001],[105.061785,10.935782],[105.065381,10.937658],[105.068413,10.938962],[105.069567,10.939229],[105.07108,10.939075],[105.075285,10.937495],[105.077118,10.936647],[105.077585,10.936638],[105.077846,10.936838],[105.077904,10.937542],[105.077032,10.939811],[105.078229,10.94033],[105.078274,10.94194],[105.079415,10.945464],[105.079677,10.947101],[105.079459,10.948534],[105.079023,10.949934],[105.078891,10.951442],[105.079121,10.952088],[105.079861,10.953066],[105.081212,10.953712],[105.082122,10.954489],[105.082756,10.956451],[105.086078,10.955522],[105.090166,10.954716],[105.094137,10.954524],[105.09559,10.954542],[105.097547,10.954752],[105.100831,10.955583],[105.10276,10.956366],[105.105821,10.958045],[105.109748,10.960514],[105.112299,10.961636],[105.112987,10.961829],[105.114764,10.961931],[105.116007,10.961804],[105.116864,10.961316],[105.117421,10.96049],[105.117506,10.95958],[105.117462,10.955873],[105.118273,10.947931],[105.117972,10.945644],[105.117565,10.94431],[105.116584,10.942368],[105.115027,10.940206],[105.114305,10.939377],[105.112933,10.938149],[105.109541,10.933884],[105.107508,10.931997],[105.102109,10.928046],[105.101282,10.927322],[105.100573,10.926457],[105.09984,10.92536],[105.099273,10.923865],[105.098965,10.922603],[105.09887,10.921856],[105.098965,10.921225],[105.099272,10.920874],[105.101043,10.919776],[105.103499,10.91877],[105.107279,10.918208],[105.109853,10.918347],[105.120437,10.920096],[105.126786,10.920987],[105.128754,10.920992],[105.133312,10.921572],[105.136575,10.921808],[105.156886,10.923926],[105.176958,10.913987],[105.180259,10.911824],[105.187232,10.911549],[105.188553,10.900113],[105.188252,10.884679],[105.187758,10.87407],[105.193724,10.865496],[105.205223,10.857171],[105.210915,10.848692],[105.216962,10.83735],[105.222396,10.828787],[105.222539,10.826706],[105.222568,10.82252],[105.228792,10.811488],[105.229644,10.810271],[105.23057,10.809188],[105.232101,10.807816],[105.233801,10.806747],[105.23567,10.80598],[105.239269,10.805213],[105.251785,10.803116],[105.257381,10.801785],[105.258572,10.801597],[105.259376,10.801298],[105.260391,10.798684],[105.262708,10.795829],[105.262302,10.794304],[105.261938,10.791811],[105.26137,10.790411],[105.260824,10.788547],[105.260049,10.787212],[105.259063,10.785897],[105.258501,10.784446],[105.258152,10.782623],[105.258415,10.780335],[105.25943,10.775447],[105.260069,10.773662],[105.26062,10.772567],[105.261397,10.771494],[105.262455,10.770378],[105.26533,10.76823],[105.267729,10.766771],[105.271088,10.765196],[105.273571,10.764338],[105.276082,10.763841],[105.279039,10.763519],[105.282184,10.763469],[105.285187,10.763583],[105.291955,10.763383],[105.295381,10.763182],[105.298123,10.762779],[105.299774,10.76226],[105.301148,10.761552],[105.302849,10.76011],[105.303468,10.759324],[105.30399,10.7585],[105.304376,10.757294],[105.304296,10.754595],[105.304023,10.753064],[105.303537,10.751284],[105.303188,10.750442],[105.302121,10.748994],[105.301187,10.747988],[105.300025,10.746976],[105.297933,10.745695],[105.295512,10.74451],[105.28573,10.739159],[105.283522,10.737707],[105.280356,10.735253],[105.278282,10.733184],[105.277347,10.731859],[105.276122,10.729326],[105.275917,10.728423],[105.275947,10.727227],[105.276418,10.725928],[105.277219,10.724714],[105.278476,10.723143],[105.28012,10.721974],[105.284977,10.719653],[105.28844,10.718272],[105.29202,10.717101],[105.296433,10.716312],[105.298078,10.716233],[105.302124,10.71621],[105.305144,10.71659],[105.308978,10.717563],[105.318466,10.720463],[105.321854,10.721378],[105.324027,10.721919],[105.327191,10.722455],[105.333258,10.723147],[105.336355,10.723048],[105.339672,10.722705],[105.341087,10.722366],[105.342451,10.721854],[105.344734,10.720626],[105.346591,10.719323],[105.349275,10.716703],[105.352352,10.713362],[105.351293,10.711105],[105.348776,10.704329],[105.346932,10.696102],[105.34493,10.688504],[105.34414,10.68645],[105.338461,10.675453],[105.338024,10.67397],[105.337732,10.67196],[105.337632,10.669137],[105.337819,10.663633],[105.338248,10.657411],[105.338824,10.652863],[105.3394,10.649082],[105.34094,10.641567],[105.347837,10.621736],[105.349743,10.616594],[105.354682,10.606046],[105.359296,10.597056],[105.360968,10.592737],[105.3649,10.58463],[105.365653,10.582811],[105.366884,10.579149],[105.367801,10.577067],[105.369001,10.575267],[105.37177,10.572179],[105.373169,10.571215],[105.375337,10.570795],[105.376783,10.570769],[105.380168,10.571445],[105.382746,10.571526],[105.385401,10.571325],[105.389011,10.570582],[105.390832,10.569952],[105.39305,10.568942],[105.396136,10.567108],[105.400231,10.563461],[105.406438,10.556734],[105.40853,10.554224],[105.410988,10.552423],[105.412323,10.55164],[105.416813,10.549999],[105.417927,10.549769],[105.419929,10.549885],[105.426588,10.550779],[105.432294,10.551743],[105.437264,10.552425],[105.439393,10.552629],[105.446388,10.552968],[105.448851,10.550751],[105.452034,10.548769],[105.459425,10.544831],[105.463488,10.543133],[105.473498,10.537352],[105.478918,10.535042],[105.482214,10.53405],[105.486089,10.538349],[105.486456,10.538606],[105.486816,10.538684],[105.487031,10.53893],[105.487355,10.539518],[105.488267,10.542497],[105.490115,10.542839],[105.498816,10.545178],[105.499227,10.543862],[105.503751,10.54583],[105.505121,10.546215],[105.506776,10.546148],[105.509813,10.545191],[105.510417,10.545665],[105.511507,10.547367],[105.512866,10.546986],[105.519282,10.544242],[105.52571,10.540963],[105.527429,10.539951],[105.530988,10.538187],[105.532567,10.537282],[105.533508,10.535972],[105.535147,10.533227],[105.535991,10.532698],[105.538464,10.531724],[105.541839,10.529984],[105.544699,10.527872],[105.546895,10.525738],[105.550664,10.520899],[105.554817,10.513828],[105.55551,10.513144],[105.555729,10.512369],[105.557376,10.508911],[105.559826,10.502953],[105.562053,10.498991],[105.562846,10.496492],[105.565675,10.4904],[105.570501,10.478456],[105.572712,10.47022],[105.573322,10.467448],[105.573751,10.46447],[105.573841,10.460027],[105.574234,10.455592],[105.574249,10.45427],[105.574566,10.452279],[105.575254,10.4499],[105.57572,10.446396],[105.573082,10.441868],[105.572693,10.438345],[105.572732,10.436278],[105.573051,10.432532],[105.573266,10.430897],[105.573813,10.428632],[105.571449,10.428535],[105.568553,10.428822],[105.566257,10.429292],[105.562046,10.430932],[105.55485,10.434325],[105.552159,10.432158],[105.551614,10.431004],[105.551329,10.429418],[105.551091,10.429403],[105.550175,10.429821],[105.549659,10.429869],[105.548905,10.429747],[105.548462,10.429434],[105.548313,10.428696],[105.548421,10.427653],[105.549384,10.425108],[105.549401,10.424787],[105.546659,10.421404],[105.54635,10.420827],[105.546559,10.42032],[105.547189,10.419898],[105.551092,10.41928],[105.551994,10.41895],[105.552492,10.418496],[105.552763,10.417838],[105.55274,10.417162],[105.552307,10.41662],[105.551415,10.416085],[105.548044,10.414968],[105.547336,10.414497],[105.545772,10.413104],[105.545206,10.412871],[105.544268,10.412826],[105.541949,10.413388],[105.540169,10.413506],[105.539639,10.413345],[105.538992,10.412914],[105.53826,10.412197],[105.536908,10.410282],[105.536163,10.409658],[105.534287,10.408959],[105.533033,10.408971],[105.531674,10.408131],[105.53145,10.407736],[105.531407,10.407301],[105.531639,10.405251],[105.531575,10.404532],[105.529475,10.400356],[105.529054,10.400249],[105.528154,10.400295],[105.525763,10.400799],[105.524936,10.401175],[105.523947,10.400417],[105.523749,10.40009],[105.523715,10.399432],[105.525092,10.396092],[105.526512,10.391081],[105.526617,10.389875],[105.526409,10.386349],[105.526484,10.384878],[105.526873,10.383524],[105.528332,10.380359],[105.528741,10.379216],[105.528935,10.37761],[105.528734,10.375948],[105.527888,10.374576],[105.526371,10.373196],[105.524131,10.371761],[105.521529,10.370587],[105.520589,10.369599],[105.520362,10.369039],[105.520227,10.366827],[105.520443,10.365445],[105.521004,10.363329],[105.520417,10.363008],[105.519554,10.362847],[105.516065,10.362577],[105.515381,10.362392],[105.513314,10.36149],[105.512508,10.360903],[105.5116,10.360007],[105.51075,10.358996],[105.509631,10.357311],[105.509035,10.356709],[105.508484,10.356258],[105.507141,10.355527],[105.505372,10.355243],[105.50253,10.35544],[105.501356,10.355127],[105.500705,10.354802],[105.499621,10.353923],[105.497861,10.35073],[105.497222,10.349925],[105.496017,10.349168],[105.494256,10.348344],[105.492473,10.347247],[105.491719,10.346528],[105.490516,10.344915],[105.49037,10.344454],[105.490457,10.342968],[105.491498,10.340218],[105.491579,10.339563],[105.491496,10.338598],[105.491017,10.337517],[105.48861,10.333683],[105.494107,10.327485],[105.49653,10.324991],[105.491968,10.324543],[105.490147,10.324247],[105.48955,10.324261],[105.488865,10.324052],[105.48722,10.323815],[105.486707,10.322841],[105.485085,10.317729],[105.484755,10.316944],[105.484286,10.316273],[105.477073,10.310655],[105.476558,10.311301],[105.476199,10.311048],[105.476288,10.310924],[105.475521,10.310387],[105.475242,10.310731],[105.468638,10.310632],[105.467946,10.310097],[105.45587,10.307987],[105.455991,10.307629],[105.454617,10.307096],[105.45465,10.307003],[105.453995,10.306706],[105.454076,10.306481],[105.453306,10.30616],[105.453233,10.306329],[105.451837,10.30554],[105.451062,10.30788],[105.450418,10.307254],[105.449333,10.306697],[105.448563,10.30595],[105.447878,10.305515],[105.44765,10.305224],[105.447594,10.304742],[105.44329,10.306201],[105.443018,10.305879],[105.442556,10.305751],[105.429941,10.303705],[105.426592,10.303003],[105.436318,10.281008],[105.441437,10.270014],[105.44107,10.269806],[105.43601,10.267361],[105.434238,10.266954],[105.431422,10.26595],[105.430265,10.265366],[105.427501,10.264565],[105.397817,10.253129],[105.369837,10.244652],[105.365686,10.243506],[105.336177,10.234495],[105.321285,10.258473],[105.312019,10.273942],[105.306618,10.268916],[105.301462,10.277015],[105.296069,10.271611],[105.291542,10.267482],[105.291469,10.267302],[105.292078,10.266506],[105.287515,10.261993],[105.288855,10.259913],[105.277153,10.248991],[105.27467,10.246821],[105.27457,10.246545],[105.267059,10.23902],[105.260926,10.245882],[105.253093,10.238583],[105.25239,10.237495],[105.242755,10.2248],[105.243193,10.224339],[105.239092,10.218713],[105.2329,10.210946],[105.225759,10.200951],[105.233898,10.194159],[105.249793,10.181878],[105.269503,10.165685],[105.275871,10.16079],[105.288554,10.148487],[105.298154,10.13864],[105.303266,10.143724],[105.306882,10.139563],[105.306589,10.13925],[105.310585,10.134653],[105.317022,10.141389],[105.327045,10.129859],[105.331775,10.125019],[105.333929,10.122383],[105.337883,10.118144],[105.352637,10.101074],[105.352507,10.100983],[105.352714,10.100632],[105.353897,10.09538],[105.355776,10.085433],[105.355635,10.085323],[105.355675,10.085101],[105.355845,10.085105],[105.356705,10.081297],[105.356994,10.081467],[105.357781,10.080832],[105.357801,10.08066],[105.358241,10.080484],[105.360655,10.077691],[105.360356,10.077483],[105.360847,10.076724],[105.36171,10.075833],[105.361841,10.075894],[105.361977,10.075675],[105.361903,10.075592],[105.363318,10.073946],[105.363626,10.07384],[105.364095,10.073218],[105.36447,10.073338],[105.364817,10.072861],[105.367723,10.070191],[105.369189,10.069215],[105.398233,10.042593],[105.399164,10.041678],[105.399071,10.041397],[105.402578,10.039785],[105.436361,10.007803],[105.444191,10.000518],[105.444277,10.000104],[105.444695,9.99997],[105.444856,9.9997],[105.448008,9.996749],[105.465361,9.980849],[105.476903,9.970352],[105.47883,9.968762],[105.483949,9.964016],[105.485204,9.962689],[105.4987,9.950437],[105.503546,9.945866],[105.504228,9.94568],[105.507263,9.94293],[105.531536,9.920239],[105.539398,9.913028],[105.533385,9.900098],[105.516539,9.863103],[105.519039,9.862202],[105.520875,9.859099],[105.500819,9.846783],[105.496536,9.844448],[105.480385,9.835013],[105.477062,9.832979],[105.476645,9.832581],[105.475031,9.832444],[105.473667,9.831884],[105.473317,9.831872],[105.472997,9.832066],[105.472255,9.831383],[105.471214,9.831867],[105.469835,9.831284],[105.468773,9.830437],[105.467916,9.830342],[105.462562,9.826948],[105.461608,9.825399],[105.461391,9.825502],[105.460783,9.825455],[105.460603,9.825682],[105.455498,9.822578],[105.454271,9.822163],[105.444776,9.819692],[105.442976,9.819321],[105.438578,9.817915],[105.436961,9.817927],[105.436338,9.817698],[105.435,9.816934],[105.434064,9.816844],[105.433071,9.81718],[105.432535,9.817152],[105.430899,9.816193],[105.433874,9.800754],[105.434199,9.798322],[105.434034,9.797748],[105.434264,9.796925],[105.434175,9.79642],[105.434001,9.796439],[105.433965,9.796127],[105.434389,9.795772],[105.43518,9.795398],[105.435353,9.795187],[105.435942,9.794976],[105.436413,9.794018],[105.437281,9.793155],[105.437357,9.792753],[105.436505,9.792009],[105.435811,9.793173],[105.435435,9.793346],[105.435261,9.793279],[105.435058,9.793126],[105.434758,9.792112],[105.43411,9.790878],[105.43351,9.790247],[105.43297,9.790114],[105.431688,9.791044],[105.431301,9.790968],[105.431137,9.79048],[105.431338,9.789302],[105.431221,9.788651],[105.431067,9.788431],[105.430671,9.788307],[105.429678,9.789199],[105.429311,9.789381],[105.428675,9.789478],[105.428153,9.789258],[105.427148,9.788034],[105.425535,9.787012],[105.425264,9.78662],[105.425524,9.786141],[105.42701,9.78589],[105.42756,9.785488],[105.427848,9.784894],[105.427674,9.783937],[105.427451,9.78364],[105.426727,9.783182],[105.425954,9.782838],[105.425539,9.782781],[105.424922,9.782897],[105.424488,9.783433],[105.423776,9.784908],[105.423477,9.785292],[105.422928,9.785541],[105.422348,9.785274],[105.422145,9.784843],[105.42167,9.782824],[105.421995,9.780795],[105.422051,9.779388],[105.421877,9.778593],[105.421712,9.778345],[105.421201,9.778269],[105.420583,9.778509],[105.419466,9.780013],[105.419254,9.78054],[105.419131,9.781976],[105.41889,9.782694],[105.41837,9.783077],[105.417752,9.783049],[105.417482,9.782877],[105.417046,9.781911],[105.417199,9.780695],[105.417343,9.780264],[105.417709,9.779795],[105.419194,9.77862],[105.419347,9.777758],[105.419115,9.777308],[105.418526,9.777127],[105.417658,9.777329],[105.417253,9.77756],[105.415489,9.779342],[105.414785,9.77964],[105.414225,9.779631],[105.413974,9.779354],[105.413839,9.778913],[105.413857,9.778138],[105.414165,9.777583],[105.415833,9.776528],[105.416854,9.775196],[105.416999,9.774822],[105.416911,9.77421],[105.416457,9.773598],[105.416042,9.77333],[105.415385,9.773283],[105.414961,9.773379],[105.414556,9.773638],[105.413235,9.775009],[105.411926,9.777241],[105.411656,9.777471],[105.411357,9.777519],[105.410893,9.777299],[105.410506,9.776065],[105.410214,9.774237],[105.409315,9.772678],[105.409314,9.772084],[105.409632,9.77173],[105.410279,9.771681],[105.410636,9.771719],[105.411707,9.772225],[105.412875,9.772578],[105.413802,9.772481],[105.41426,9.772288],[105.414467,9.771915],[105.414563,9.771456],[105.414504,9.770939],[105.414321,9.770671],[105.412563,9.769955],[105.411801,9.769842],[105.407045,9.770709],[105.405896,9.770576],[105.405152,9.77007],[105.404852,9.769314],[105.405073,9.768012],[105.406643,9.765799],[105.406979,9.764621],[105.407027,9.76397],[105.40658,9.761807],[105.406675,9.76063],[105.407051,9.759691],[105.407571,9.759317],[105.408362,9.759383],[105.410883,9.760883],[105.411906,9.761102],[105.412311,9.761082],[105.413199,9.760813],[105.413565,9.760535],[105.413979,9.760066],[105.414595,9.75862],[105.415219,9.75613],[105.415225,9.754766],[105.413345,9.751236],[105.41171,9.74899],[105.410333,9.747945],[105.409474,9.747764],[105.408857,9.747832],[105.408471,9.747966],[105.40797,9.74835],[105.405897,9.750304],[105.404978,9.750747],[105.404415,9.75077],[105.403517,9.750471],[105.40262,9.749949],[105.401274,9.748989],[105.399361,9.747249],[105.398299,9.746484],[105.395963,9.745425],[105.393827,9.74492],[105.393279,9.744055],[105.393104,9.743309],[105.392722,9.738585],[105.392345,9.737696],[105.391765,9.736835],[105.390896,9.736017],[105.389433,9.7351],[105.387073,9.734356],[105.385147,9.733971],[105.382325,9.7336],[105.378141,9.732753],[105.376779,9.732322],[105.375776,9.731864],[105.373706,9.730675],[105.37006,9.727983],[105.367948,9.725546],[105.365413,9.721757],[105.363654,9.719555],[105.358644,9.713969],[105.356754,9.712558],[105.353968,9.711076],[105.350121,9.709843],[105.348007,9.708947],[105.347081,9.708441],[105.34348,9.705989],[105.339815,9.70403],[105.339164,9.703765],[105.336752,9.703238],[105.332031,9.702762],[105.330597,9.702495],[105.329008,9.701791],[105.32835,9.701307],[105.328019,9.700784],[105.32789,9.700123],[105.327934,9.699504],[105.328417,9.698278],[105.329641,9.696994],[105.3306,9.696206],[105.332153,9.695311],[105.333352,9.694205],[105.33397,9.693282],[105.334285,9.692564],[105.334461,9.691741],[105.334336,9.68986],[105.335536,9.689754],[105.336405,9.689536],[105.336947,9.689182],[105.337427,9.688641],[105.337742,9.688042],[105.338094,9.686331],[105.338332,9.68248],[105.338804,9.680688],[105.33843,9.680106],[105.33821,9.679407],[105.33799,9.678467],[105.338008,9.678087],[105.33812,9.677402],[105.338361,9.676931],[105.339147,9.676238],[105.340494,9.675768],[105.341982,9.675561],[105.343466,9.675534],[105.349,9.676658],[105.350956,9.676778],[105.352329,9.676419],[105.352735,9.676214],[105.353494,9.675544],[105.354191,9.674317],[105.354442,9.673476],[105.354773,9.671009],[105.355221,9.669786],[105.3555,9.669361],[105.356034,9.668973],[105.357101,9.668731],[105.358381,9.668826],[105.360951,9.669402],[105.364927,9.670537],[105.367021,9.671195],[105.370399,9.672589],[105.371856,9.67275],[105.372599,9.672615],[105.373254,9.672174],[105.373879,9.67135],[105.373947,9.67083],[105.373805,9.669536],[105.373399,9.668742],[105.372704,9.667882],[105.369836,9.665271],[105.369382,9.664717],[105.368872,9.663787],[105.368618,9.662841],[105.368549,9.662258],[105.368673,9.661343],[105.369154,9.660303],[105.370031,9.65947],[105.371014,9.65899],[105.372162,9.659046],[105.373021,9.659447],[105.374286,9.660547],[105.375098,9.661058],[105.375711,9.661268],[105.376779,9.661319],[105.377807,9.661147],[105.378605,9.660858],[105.383409,9.658658],[105.385391,9.658114],[105.387043,9.658028],[105.387875,9.658183],[105.388707,9.658517],[105.391555,9.660177],[105.39287,9.66051],[105.394328,9.660052],[105.395363,9.659513],[105.397087,9.658328],[105.400581,9.6555],[105.402327,9.653835],[105.404546,9.652319],[105.405471,9.651937],[105.406649,9.651809],[105.406513,9.650917],[105.406114,9.65047],[105.404526,9.649716],[105.403232,9.648056],[105.402228,9.64756],[105.401112,9.646456],[105.40121,9.645387],[105.40149,9.644833],[105.401728,9.6447],[105.403308,9.645022],[105.403925,9.644597],[105.406185,9.645075],[105.406723,9.645035],[105.406872,9.644544],[105.406934,9.643454],[105.406359,9.642326],[105.405693,9.64193],[105.405395,9.64115],[105.404747,9.640765],[105.404494,9.640159],[105.404429,9.639226],[105.402929,9.638004],[105.40193,9.635878],[105.400841,9.635271],[105.399217,9.630964],[105.399037,9.630222],[105.399006,9.627962],[105.399121,9.62714],[105.399151,9.62402],[105.399418,9.622415],[105.399378,9.621861],[105.399061,9.621987],[105.398421,9.622797],[105.397843,9.623168],[105.396655,9.623254],[105.395729,9.623737],[105.394832,9.62354],[105.394126,9.623632],[105.393465,9.623572],[105.392606,9.6238],[105.392321,9.623988],[105.391599,9.625006],[105.390747,9.625341],[105.390245,9.625848],[105.389595,9.625024],[105.389644,9.623562],[105.389528,9.623132],[105.38833,9.621832],[105.383624,9.62068],[105.382824,9.620034],[105.381547,9.6197],[105.380922,9.619177],[105.380229,9.617205],[105.379392,9.617372],[105.378744,9.617272],[105.376653,9.616052],[105.376031,9.61458],[105.375183,9.613289],[105.374671,9.611595],[105.374429,9.611211],[105.373951,9.610813],[105.373993,9.609973],[105.374336,9.609366],[105.374458,9.608713],[105.374523,9.608052],[105.374388,9.60718],[105.374664,9.606905],[105.374662,9.605519],[105.374783,9.605081],[105.374268,9.60458],[105.374003,9.604087],[105.373849,9.602986],[105.374383,9.602454],[105.374116,9.602052],[105.374406,9.601507],[105.374192,9.600297],[105.374907,9.600111],[105.374876,9.598934],[105.374658,9.598685],[105.374696,9.598453],[105.374454,9.598131],[105.374236,9.597289],[105.374267,9.596814],[105.373695,9.596155],[105.372822,9.596824],[105.372106,9.596916],[105.371657,9.596846],[105.370975,9.596416],[105.370521,9.595602],[105.370475,9.594602],[105.37058,9.594072],[105.371752,9.591542],[105.371937,9.590721],[105.371782,9.589548],[105.371132,9.588498],[105.370492,9.588011],[105.369634,9.587658],[105.368968,9.587654],[105.368168,9.587946],[105.36746,9.588562],[105.366392,9.590407],[105.365776,9.591174],[105.364399,9.592061],[105.363261,9.592379],[105.360415,9.592466],[105.353451,9.593702],[105.351587,9.59389],[105.350144,9.593829],[105.349408,9.593666],[105.347515,9.592647],[105.346822,9.592407],[105.34607,9.592417],[105.345267,9.592786],[105.344909,9.593241],[105.344809,9.593614],[105.344817,9.59422],[105.344989,9.594789],[105.345528,9.595622],[105.347587,9.597761],[105.347919,9.598522],[105.347984,9.599336],[105.347715,9.60004],[105.347091,9.600675],[105.346362,9.60108],[105.344546,9.601741],[105.343828,9.602183],[105.342974,9.603029],[105.342307,9.604089],[105.341476,9.606058],[105.341341,9.607508],[105.34159,9.608666],[105.342319,9.609876],[105.342632,9.6107],[105.342665,9.611192],[105.342351,9.612052],[105.341598,9.61261],[105.340959,9.6127],[105.340274,9.61256],[105.339567,9.612086],[105.339229,9.611576],[105.339024,9.611037],[105.338923,9.610257],[105.338981,9.607508],[105.338813,9.606935],[105.338051,9.605933],[105.33718,9.605194],[105.336261,9.604773],[105.335483,9.604629],[105.332701,9.604511],[105.331913,9.604226],[105.331474,9.603845],[105.3311,9.603257],[105.330708,9.60108],[105.33049,9.600454],[105.329925,9.599776],[105.329091,9.599327],[105.327826,9.599456],[105.326845,9.600036],[105.326007,9.601128],[105.324972,9.602993],[105.32456,9.60343],[105.323948,9.603763],[105.322927,9.604009],[105.320706,9.604197],[105.319572,9.604484],[105.318359,9.604997],[105.316108,9.60632],[105.31488,9.606839],[105.313557,9.607007],[105.310855,9.606894],[105.309488,9.607177],[105.308674,9.607572],[105.307604,9.608431],[105.306803,9.609744],[105.306258,9.611333],[105.305097,9.61625],[105.304546,9.617402],[105.303618,9.618887],[105.302921,9.620568],[105.302783,9.621661],[105.302897,9.622959],[105.302999,9.623428],[105.303528,9.624563],[105.303939,9.626552],[105.30394,9.627032],[105.303585,9.62813],[105.302827,9.628975],[105.302239,9.629283],[105.300814,9.62944],[105.298489,9.629171],[105.297501,9.629503],[105.296951,9.629935],[105.296396,9.630672],[105.295962,9.631927],[105.294862,9.637433],[105.293121,9.637339],[105.292491,9.637067],[105.291953,9.636556],[105.291552,9.635643],[105.291212,9.633359],[105.29078,9.631546],[105.290235,9.63015],[105.28972,9.629375],[105.287539,9.627666],[105.286837,9.626684],[105.286511,9.625929],[105.286228,9.623991],[105.28635,9.622301],[105.286867,9.62071],[105.288497,9.616774],[105.288876,9.614965],[105.288931,9.613698],[105.288817,9.612872],[105.288021,9.610192],[105.287819,9.609053],[105.288011,9.60596],[105.287963,9.605174],[105.287727,9.604414],[105.28661,9.602401],[105.28635,9.601712],[105.286206,9.600742],[105.286411,9.599767],[105.287065,9.598964],[105.289241,9.59722],[105.289919,9.596314],[105.290874,9.594659],[105.292966,9.590246],[105.294023,9.586086],[105.294701,9.584831],[105.295319,9.584082],[105.296519,9.583143],[105.299226,9.582046],[105.300145,9.581498],[105.303734,9.578283],[105.307625,9.575758],[105.311079,9.573739],[105.312062,9.572983],[105.312727,9.572082],[105.312842,9.5716],[105.312824,9.570717],[105.312562,9.569938],[105.311729,9.56874],[105.30964,9.566661],[105.308597,9.564995],[105.308079,9.5637],[105.307473,9.560773],[105.307183,9.55776],[105.307365,9.556971],[105.307999,9.555954],[105.308402,9.555647],[105.308948,9.555493],[105.309577,9.555518],[105.310146,9.555687],[105.312446,9.556972],[105.314927,9.558874],[105.316032,9.559565],[105.317169,9.560018],[105.318513,9.560318],[105.320409,9.560433],[105.321944,9.560091],[105.32281,9.559747],[105.323475,9.559194],[105.323871,9.558688],[105.324233,9.557593],[105.3243,9.556523],[105.323942,9.554405],[105.323103,9.551794],[105.322675,9.550013],[105.322405,9.546589],[105.32256,9.545081],[105.322889,9.543812],[105.323675,9.542345],[105.324864,9.540828],[105.326563,9.539292],[105.32656,9.538374],[105.325891,9.534132],[105.326046,9.532803],[105.326379,9.531576],[105.327492,9.529882],[105.329604,9.528264],[105.329957,9.527615],[105.329587,9.526958],[105.328651,9.525795],[105.327857,9.525212],[105.326918,9.524851],[105.325712,9.52465],[105.324639,9.524672],[105.323792,9.52494],[105.32139,9.526013],[105.320606,9.52573],[105.320095,9.525097],[105.319862,9.524423],[105.319834,9.523694],[105.320004,9.522406],[105.320332,9.521291],[105.321267,9.519301],[105.322019,9.518404],[105.32337,9.51734],[105.323435,9.516843],[105.322955,9.515949],[105.320528,9.51293],[105.318434,9.511531],[105.316473,9.510848],[105.315918,9.510293],[105.315633,9.5092],[105.315689,9.507721],[105.316128,9.506645],[105.316878,9.505537],[105.316935,9.505175],[105.316464,9.503754],[105.316002,9.502851],[105.315586,9.502446],[105.31518,9.502207],[105.314762,9.502131],[105.313769,9.502608],[105.311853,9.504455],[105.311227,9.505345],[105.310628,9.506673],[105.309889,9.507058],[105.308766,9.506814],[105.306836,9.505579],[105.306415,9.505047],[105.305904,9.503692],[105.305374,9.503435],[105.304756,9.503514],[105.30429,9.503775],[105.302096,9.505907],[105.301031,9.506647],[105.300485,9.506438],[105.299619,9.50569],[105.299081,9.505026],[105.29869,9.504085],[105.298255,9.501732],[105.298289,9.500093],[105.298562,9.498398],[105.298354,9.496567],[105.298406,9.495556],[105.298202,9.494033],[105.29708,9.492978],[105.296391,9.491422],[105.296019,9.490909],[105.295567,9.490681],[105.294415,9.490544],[105.294079,9.490335],[105.293871,9.490009],[105.293973,9.488879],[105.294547,9.488106],[105.294646,9.487792],[105.294532,9.486747],[105.294635,9.486188],[105.294238,9.485213],[105.294212,9.484076],[105.29439,9.483819],[105.294993,9.483676],[105.295239,9.483429],[105.295738,9.482301],[105.29578,9.481949],[105.295345,9.480847],[105.294721,9.479901],[105.293981,9.478965],[105.293159,9.478186],[105.292978,9.477835],[105.29248,9.471223],[105.291252,9.467501],[105.29133,9.464222],[105.291114,9.462385],[105.290861,9.461613],[105.291225,9.459846],[105.29116,9.45609],[105.291471,9.455043],[105.29204,9.451748],[105.292147,9.449966],[105.292692,9.446895],[105.293605,9.439933],[105.294553,9.434071],[105.294786,9.433457],[105.295451,9.432393],[105.297067,9.430822],[105.301653,9.425789],[105.30238,9.42432],[105.303148,9.423568],[105.303507,9.422833],[105.303615,9.421862],[105.30457,9.420559],[105.30546,9.419774],[105.306185,9.419596],[105.30696,9.419726],[105.30723,9.419576],[105.308367,9.418637],[105.308636,9.417604],[105.308822,9.417388],[105.310267,9.41673],[105.310527,9.416496],[105.310689,9.414457],[105.310348,9.412109],[105.311053,9.410753],[105.310857,9.409603],[105.310998,9.407067],[105.31167,9.405788],[105.312541,9.403671],[105.315056,9.396592],[105.316525,9.391349],[105.31914,9.383207],[105.315035,9.383194],[105.315101,9.383868],[105.31401,9.383848],[105.312281,9.384044],[105.312204,9.3849],[105.30993,9.385482],[105.31006,9.386168],[105.307163,9.387208],[105.306585,9.387779],[105.306969,9.388221],[105.306712,9.388841],[105.305791,9.389553],[105.305231,9.388869],[105.304453,9.389489],[105.300979,9.390429],[105.301264,9.39133],[105.300224,9.391446],[105.299965,9.390858],[105.299257,9.391307],[105.299101,9.391052],[105.2984,9.390924],[105.298256,9.390696],[105.297814,9.39096],[105.297489,9.390677],[105.29682,9.391244],[105.294753,9.388134],[105.277903,9.398691],[105.274964,9.395122],[105.273756,9.396056],[105.27335,9.395625],[105.273206,9.395625],[105.269775,9.396882],[105.262478,9.399214],[105.262093,9.399225],[105.245405,9.409859],[105.190324,9.444507],[105.189563,9.445165],[105.138946,9.476728],[105.116822,9.489529],[105.096391,9.502112],[105.088624,9.506768],[105.086993,9.507881],[105.08461,9.509162],[105.083667,9.509841],[105.064686,9.521345],[105.06017,9.524214],[105.056784,9.5262],[105.054369,9.527435],[105.042037,9.53479],[105.003014,9.558481],[104.999987,9.548594],[104.999144,9.546519],[104.99745,9.542968],[104.996334,9.541358],[104.995666,9.540693],[104.994873,9.540156],[104.99262,9.539023],[104.991718,9.540089],[104.990432,9.540783],[104.988111,9.541204],[104.984649,9.541496],[104.982083,9.542156],[104.979075,9.543394],[104.976012,9.544967],[104.972272,9.547314],[104.968264,9.550441],[104.965387,9.553091],[104.96299,9.555899],[104.959899,9.551568],[104.959725,9.551681],[104.95963,9.551602],[104.955853,9.546997],[104.955251,9.545585],[104.945796,9.532723],[104.945587,9.532797],[104.938182,9.539922],[104.919321,9.558577],[104.91685,9.561107],[104.916802,9.561351],[104.91647,9.561564],[104.90817,9.54581],[104.890269,9.511156],[104.881269,9.494136],[104.877829,9.497988],[104.874596,9.501122],[104.870873,9.504187],[104.870535,9.504345],[104.863534,9.509828],[104.858329,9.514154],[104.855996,9.516283],[104.853875,9.518463],[104.851948,9.520916],[104.849693,9.523486],[104.849028,9.524425],[104.848045,9.526206],[104.845883,9.529376],[104.845069,9.529714],[104.841554,9.530704],[104.841176,9.530914],[104.838693,9.531399],[104.838404,9.530814],[104.836827,9.530817],[104.836614,9.531732],[104.836836,9.533048],[104.836602,9.533609],[104.836843,9.533916],[104.836554,9.534002],[104.836496,9.534164],[104.83692,9.534461],[104.836573,9.534634],[104.836862,9.534873],[104.836939,9.535141],[104.836784,9.535696],[104.837095,9.537597],[104.836966,9.538884],[104.83659,9.538979],[104.83704,9.539256],[104.83729,9.541534],[104.837125,9.543841],[104.837193,9.544536],[104.837493,9.545489],[104.837276,9.545819],[104.837587,9.546128],[104.837807,9.548637],[104.837961,9.548963],[104.838019,9.549728],[104.837935,9.551488],[104.837745,9.552487],[104.837528,9.55266],[104.838029,9.552792],[104.838029,9.552906],[104.837667,9.553097],[104.837814,9.553787],[104.838149,9.553959],[104.83798,9.554186],[104.83763,9.554204],[104.837558,9.554634],[104.837992,9.554736],[104.837943,9.555097],[104.838237,9.556391],[104.83814,9.558028],[104.838323,9.558861],[104.838284,9.56],[104.838626,9.563376],[104.838469,9.563753],[104.838843,9.563819],[104.839012,9.564519],[104.838939,9.56474],[104.838553,9.564847],[104.838505,9.565014],[104.838585,9.565338],[104.839178,9.565629],[104.839274,9.565791],[104.839339,9.566942],[104.839589,9.567732],[104.840007,9.568323],[104.840273,9.568277],[104.840305,9.568556],[104.839674,9.568865],[104.839571,9.56902],[104.839669,9.569496],[104.839533,9.569695],[104.839759,9.570307],[104.839499,9.57045],[104.839393,9.570795],[104.839653,9.571589],[104.839471,9.573602],[104.839578,9.576983],[104.839756,9.577314],[104.839322,9.577782],[104.839785,9.578099],[104.839418,9.57851],[104.839861,9.578845],[104.839832,9.579688],[104.839706,9.579958],[104.839978,9.582903],[104.840113,9.583342],[104.840315,9.583562],[104.840594,9.585525],[104.84126,9.594503],[104.842263,9.602139],[104.84287,9.60565],[104.843607,9.613596],[104.844025,9.614782],[104.843877,9.615334],[104.844125,9.615555],[104.844321,9.616633],[104.844677,9.619768],[104.845045,9.625825],[104.845115,9.625973],[104.845523,9.625906],[104.845797,9.628284],[104.8461,9.635222],[104.846368,9.636014],[104.846512,9.637038],[104.84642,9.641899],[104.846183,9.645726],[104.846155,9.650411],[104.846333,9.651017],[104.846913,9.651468],[104.846903,9.653888],[104.846728,9.655178],[104.84684,9.662883],[104.846992,9.664033],[104.847247,9.664306],[104.847373,9.665466],[104.847635,9.665626],[104.847447,9.666518],[104.847721,9.666997],[104.847571,9.667404],[104.847825,9.669274],[104.847917,9.669577],[104.848427,9.670058],[104.848352,9.670456],[104.848491,9.672097],[104.848617,9.672899],[104.848944,9.6736],[104.849217,9.677211],[104.849627,9.678092],[104.849673,9.678653],[104.851645,9.687104],[104.853052,9.692103],[104.8535,9.693195],[104.853905,9.693683],[104.854039,9.694256],[104.854172,9.694831],[104.854069,9.696156],[104.855383,9.70223],[104.856072,9.706268],[104.857154,9.710879],[104.857589,9.712107],[104.858219,9.716017],[104.859008,9.718654],[104.860011,9.721068],[104.861987,9.725724],[104.862758,9.726813],[104.863004,9.728908],[104.8629,9.731073],[104.862967,9.732117],[104.864667,9.736009],[104.865356,9.7385],[104.863728,9.738865],[104.864161,9.741067],[104.86594,9.740696],[104.866166,9.741795],[104.86554,9.741958],[104.865743,9.742733],[104.866685,9.743567],[104.866832,9.744684],[104.867214,9.744918],[104.867383,9.745469],[104.867889,9.746079],[104.868443,9.747994],[104.868418,9.749083],[104.868924,9.750686],[104.869985,9.753127],[104.869917,9.753677],[104.870889,9.755162],[104.872238,9.758549],[104.872202,9.758896],[104.872576,9.759961],[104.872877,9.759841],[104.874323,9.764233],[104.874757,9.765119],[104.874576,9.765286],[104.875419,9.767608],[104.875733,9.767955],[104.876043,9.768623],[104.876285,9.769588],[104.876089,9.769941],[104.876405,9.771453],[104.877004,9.775737],[104.877245,9.77668],[104.877621,9.776905],[104.877193,9.777504],[104.877376,9.778808],[104.877884,9.780885],[104.878769,9.783156],[104.879433,9.784473],[104.879541,9.784782],[104.87949,9.785471],[104.880002,9.786311],[104.880223,9.788535],[104.879988,9.788874],[104.879887,9.789427],[104.879814,9.791057],[104.880052,9.79134],[104.87969,9.791466],[104.879656,9.791632],[104.880301,9.796256],[104.881043,9.799109],[104.881275,9.800849],[104.88155,9.801396],[104.881794,9.802664],[104.881977,9.802937],[104.882103,9.804269],[104.882503,9.805352],[104.882418,9.805983],[104.883146,9.809514],[104.883652,9.809681],[104.884033,9.810233],[104.884369,9.811226],[104.884106,9.811985],[104.884171,9.812703],[104.884084,9.812825],[104.883244,9.81299],[104.883222,9.813206],[104.884421,9.820299],[104.884559,9.820529],[104.885217,9.820513],[104.885262,9.820687],[104.884875,9.820848],[104.884621,9.821195],[104.885766,9.825946],[104.886778,9.82944],[104.88708,9.830146],[104.888925,9.832851],[104.889757,9.83321],[104.890895,9.832958],[104.891341,9.833584],[104.891156,9.833797],[104.891011,9.836154],[104.891357,9.838121],[104.89271,9.84246],[104.893492,9.844231],[104.89436,9.84581],[104.894659,9.846031],[104.894572,9.846394],[104.895102,9.847457],[104.895894,9.848252],[104.897428,9.849468],[104.899217,9.850278],[104.902634,9.852419],[104.904248,9.853112],[104.906692,9.853736],[104.90979,9.853494],[104.910778,9.854057],[104.912274,9.854105],[104.913259,9.853914],[104.914765,9.853369],[104.915055,9.853101],[104.915217,9.852621],[104.916413,9.853646],[104.928039,9.852947],[104.928485,9.852035],[104.929273,9.852377],[104.931599,9.852827],[104.936502,9.853565],[104.937033,9.853364],[104.937497,9.852455],[104.938081,9.852709],[104.938327,9.853096],[104.938638,9.853283],[104.939441,9.853448],[104.940752,9.853039],[104.941736,9.852996],[104.942019,9.852673],[104.942156,9.852185],[104.943404,9.852153],[104.944813,9.853011],[104.946388,9.853652],[104.946646,9.853622],[104.946999,9.85321],[104.94689,9.8537],[104.947252,9.853938],[104.950062,9.85506],[104.951761,9.855654],[104.952668,9.855836],[104.953402,9.855798],[104.954348,9.855463],[104.956514,9.85335],[104.95743,9.853969],[104.956988,9.854773],[104.957084,9.855232],[104.959179,9.857907],[104.960511,9.859229],[104.960583,9.859458],[104.960207,9.859918],[104.960293,9.860033],[104.962335,9.861655],[104.964391,9.86358],[104.967301,9.866854],[104.969925,9.869287],[104.971388,9.870306],[104.972604,9.870816],[104.973018,9.870839],[104.973997,9.872397],[104.975742,9.873992],[104.97886,9.878153],[104.979632,9.878737],[104.979788,9.879193],[104.980433,9.880014],[104.982047,9.881664],[104.98397,9.883947],[104.986284,9.886244],[104.988495,9.888018],[104.98992,9.889411],[104.991357,9.891117],[104.99419,9.894139],[104.996808,9.897389],[105.0,9.900859],[105.000294,9.900963],[105.001045,9.901938],[105.001781,9.902563],[105.002854,9.903929],[105.004767,9.905744],[105.006768,9.907376],[105.008257,9.909182],[105.011926,9.912923],[105.013,9.913629],[105.015476,9.916114],[105.022368,9.92194],[105.024004,9.923396],[105.024722,9.924193],[105.025515,9.924793],[105.026315,9.92521],[105.027522,9.926215],[105.032812,9.930996],[105.03958,9.935945],[105.046126,9.940168],[105.04864,9.94157],[105.051336,9.942897],[105.053789,9.943863],[105.055498,9.944916],[105.05764,9.945744],[105.05992,9.946236],[105.061996,9.94703],[105.062334,9.947269],[105.062392,9.947758],[105.062547,9.948035],[105.064787,9.948858],[105.065279,9.948906],[105.066077,9.948634],[105.067377,9.948427],[105.071943,9.949087],[105.072883,9.94879],[105.07416,9.948955],[105.074864,9.948598],[105.075673,9.948518],[105.07709,9.947888],[105.077704,9.947756],[105.07828,9.947826],[105.078968,9.948255],[105.079781,9.948118],[105.080102,9.947982],[105.08056,9.94739],[105.080428,9.947074],[105.080515,9.946643],[105.081509,9.944882],[105.081522,9.94429],[105.08202,9.943896],[105.08228,9.94334],[105.082589,9.942353],[105.082338,9.941646],[105.082396,9.941081],[105.082551,9.940756],[105.083178,9.940449],[105.083371,9.940143],[105.083747,9.939071],[105.084249,9.936907],[105.08499,9.935035],[105.085132,9.933331],[105.086558,9.9316],[105.086717,9.931098],[105.087499,9.929691],[105.087766,9.928441],[105.087955,9.927982],[105.088389,9.927436],[105.088526,9.926697],[105.097719,9.927301],[105.097801,9.92775],[105.098197,9.928616],[105.099352,9.929955],[105.10021,9.930282],[105.101229,9.929869],[105.103198,9.930744],[105.103619,9.931644],[105.103768,9.932067],[105.103807,9.933071],[105.104734,9.935173],[105.104764,9.936042],[105.105127,9.93834],[105.105667,9.940761],[105.106287,9.945733],[105.106657,9.94762],[105.10596,9.947524],[105.105774,9.94831],[105.105849,9.948735],[105.106385,9.94907],[105.106156,9.949873],[105.105573,9.949817],[105.105013,9.950257],[105.103951,9.95019],[105.103555,9.950545],[105.101714,9.954898],[105.098458,9.961895],[105.097325,9.961323],[105.097114,9.961412],[105.096837,9.961867],[105.096547,9.962011],[105.09537,9.96164],[105.092906,9.96414],[105.092616,9.965031],[105.092659,9.965939],[105.09245,9.968022],[105.093615,9.968745],[105.093646,9.968984],[105.093361,9.969659],[105.094591,9.970301],[105.085578,9.990042],[105.085388,9.99032],[105.084245,9.990309],[105.083452,9.990619],[105.083034,9.990849],[105.082572,9.991422],[105.082413,9.991828],[105.082621,9.992753],[105.082514,9.993761],[105.082641,9.993993],[105.083339,9.994349],[105.083488,9.99463],[105.079613,10.003159],[105.081211,10.004305],[105.079929,10.006571],[105.077267,10.005895],[105.076155,10.008256],[105.075087,10.009959],[105.073818,10.008875],[105.073416,10.008665],[105.071608,10.008716],[105.071303,10.008889],[105.069343,10.010913],[105.067249,10.012786],[105.066251,10.012855],[105.065515,10.013094],[105.064899,10.013405],[105.064047,10.014254],[105.063232,10.014374],[105.062435,10.014825],[105.06229,10.015084],[105.06245,10.016462],[105.062291,10.016792],[105.06145,10.017539],[105.060335,10.017826],[105.059973,10.018028],[105.059654,10.018473],[105.058307,10.019736],[105.058105,10.020282],[105.05825,10.021187],[105.059061,10.023082],[105.059409,10.023412],[105.062433,10.024011],[105.052476,10.036008],[105.052266,10.03659],[105.05232,10.036949],[105.051533,10.037532],[105.050727,10.037465],[105.050277,10.037653],[105.049322,10.038354],[105.042366,10.045662],[105.037942,10.050572],[105.035553,10.053],[105.035319,10.053415],[105.035209,10.053946],[105.034846,10.054102],[105.035063,10.054422],[105.034778,10.054609],[105.034407,10.05446],[105.033993,10.054724],[105.03166,10.057268],[105.030486,10.058384],[105.028806,10.060368],[105.024095,10.064925],[105.023417,10.06578],[105.023189,10.066418],[105.022803,10.06674],[105.022695,10.067133],[105.022323,10.06726],[105.021705,10.067953],[105.021194,10.068291],[105.021141,10.068528],[105.021304,10.068794],[105.020937,10.068955],[105.020748,10.068764],[105.020531,10.068784],[105.019715,10.069531],[105.017712,10.071599],[105.017069,10.072078],[105.016996,10.072396],[105.015862,10.073427],[105.015343,10.074223],[105.014277,10.074946],[105.012826,10.076743],[105.012175,10.077179],[105.011155,10.078251],[105.010609,10.078407],[105.009526,10.079854],[105.008242,10.081221],[105.008172,10.081577],[105.00779,10.081756],[105.006563,10.082857],[105.006525,10.083076],[105.005853,10.083306],[105.005179,10.084165],[105.004579,10.084416],[105.003024,10.086116],[105.002644,10.08639],[105.002408,10.086796],[105.001471,10.087517],[104.998071,10.091277],[104.996704,10.092383],[104.996623,10.092597],[104.996128,10.092837],[104.994923,10.094831],[104.994191,10.096296],[104.992365,10.097875],[104.991264,10.098658],[104.99054,10.098816],[104.988408,10.09797],[104.987798,10.097346],[104.98713,10.096964],[104.986301,10.096759],[104.984613,10.096587],[104.983715,10.096299],[104.982715,10.096802],[104.981991,10.096716],[104.981165,10.09696],[104.980267,10.096917],[104.977847,10.097218],[104.976369,10.097778],[104.975818,10.097835],[104.972471,10.097734],[104.964188,10.098152],[104.960894,10.097805],[104.959106,10.097836],[104.956469,10.097518],[104.955887,10.097566],[104.954636,10.096962],[104.954331,10.09667],[104.953722,10.09644],[104.94342,10.094644],[104.941319,10.094313],[104.940589,10.094376],[104.940012,10.094276],[104.932776,10.092783],[104.919978,10.089417],[104.91833,10.089035],[104.917508,10.089079],[104.91717,10.088784],[104.915595,10.088122],[104.910674,10.086998],[104.90951,10.08683],[104.899596,10.086195],[104.894552,10.086565],[104.891126,10.087057],[104.888403,10.087944],[104.888327,10.088247],[104.887935,10.088208],[104.887418,10.088357],[104.885169,10.089462],[104.883014,10.090825],[104.881454,10.092184],[104.881106,10.092765],[104.881203,10.093181],[104.880449,10.094104],[104.880575,10.094669],[104.880352,10.095042],[104.876132,10.099922],[104.875943,10.099824],[104.874436,10.101642],[104.873912,10.102583],[104.873526,10.1029],[104.873049,10.102708],[104.870552,10.105704],[104.868279,10.108192],[104.867542,10.108479],[104.866665,10.108264],[104.866991,10.108676],[104.866979,10.108946],[104.866634,10.109149],[104.866109,10.108981],[104.866248,10.109807],[104.865887,10.110057],[104.865541,10.10985],[104.865517,10.110293],[104.865251,10.110305],[104.865131,10.109957],[104.864515,10.109744],[104.863743,10.110153],[104.863343,10.110537],[104.863234,10.110956],[104.863409,10.111399],[104.865266,10.112123],[104.864824,10.113294],[104.864816,10.113656],[104.864398,10.114538],[104.863938,10.115184],[104.86305,10.115928],[104.86189,10.118206],[104.860884,10.119699],[104.859222,10.121689],[104.858681,10.122665],[104.858255,10.123029],[104.857676,10.123201],[104.85756,10.123354],[104.857424,10.124234],[104.857076,10.125],[104.856244,10.125435],[104.856023,10.125673],[104.854001,10.128963],[104.851552,10.13245],[104.850583,10.133294],[104.850486,10.133905],[104.850052,10.134511],[104.847655,10.136881],[104.846845,10.137909],[104.846606,10.138659],[104.845994,10.139721],[104.845891,10.140662],[104.845069,10.142524],[104.843718,10.142476],[104.843488,10.142608],[104.842009,10.145659],[104.840161,10.148506],[104.839972,10.148984],[104.840137,10.14938],[104.839494,10.149828],[104.839095,10.150307],[104.837778,10.152615],[104.834926,10.156634],[104.834587,10.15728],[104.834092,10.157256],[104.831288,10.160677],[104.83101,10.161251],[104.831143,10.162088],[104.831046,10.162435],[104.830309,10.163679],[104.830084,10.163953],[104.829566,10.163916],[104.829397,10.164048],[104.82716,10.167732],[104.825293,10.169695],[104.824773,10.170811],[104.824435,10.170849],[104.821921,10.174351],[104.821109,10.17527],[104.816527,10.179173],[104.81467,10.181431],[104.814467,10.181842],[104.814063,10.181996],[104.813216,10.182799],[104.812569,10.184091],[104.81153,10.185161],[104.810569,10.186806],[104.80922,10.188591],[104.808766,10.189366],[104.808318,10.190806],[104.807856,10.190735],[104.807451,10.190983],[104.806532,10.192265],[104.806288,10.192921],[104.805702,10.193643],[104.803111,10.196503],[104.800805,10.198478],[104.800544,10.19888],[104.800433,10.19933],[104.800657,10.199696],[104.800403,10.199918],[104.799982,10.199672],[104.799329,10.199768],[104.797009,10.201896],[104.795583,10.203032],[104.794766,10.203577],[104.793718,10.203936],[104.793096,10.204288],[104.792928,10.204787],[104.792502,10.20461],[104.792412,10.204949],[104.792164,10.205147],[104.790974,10.205675],[104.790381,10.205664],[104.788997,10.206372],[104.788306,10.206976],[104.787663,10.207036],[104.786487,10.207836],[104.786261,10.208177],[104.785224,10.208356],[104.784463,10.208743],[104.783956,10.208697],[104.783823,10.209069],[104.781145,10.21001],[104.780673,10.210357],[104.780443,10.211014],[104.781174,10.212542],[104.780209,10.212994],[104.778387,10.214113],[104.775758,10.215408],[104.774331,10.216307],[104.773718,10.216866],[104.76978,10.218482],[104.769131,10.218931],[104.769207,10.219245],[104.768277,10.219941],[104.768014,10.219939],[104.76652,10.220656],[104.764994,10.221065],[104.762899,10.22207],[104.762026,10.222253],[104.761197,10.222218],[104.758177,10.223069],[104.75601,10.223383],[104.755076,10.223709],[104.754823,10.223558],[104.754627,10.223586],[104.752177,10.224226],[104.746789,10.225753],[104.746296,10.225975],[104.746274,10.226345],[104.746059,10.226505],[104.741425,10.227703],[104.739823,10.22784],[104.734081,10.227792],[104.733727,10.227566],[104.732909,10.227375],[104.729461,10.226091],[104.725605,10.224845],[104.725149,10.224414],[104.719217,10.221708],[104.717219,10.220286],[104.716692,10.220076],[104.715216,10.219105],[104.711054,10.215689],[104.708876,10.21427],[104.706741,10.212679],[104.705747,10.212584],[104.705151,10.211936],[104.704245,10.211267],[104.703083,10.210698],[104.702102,10.210033],[104.700988,10.209742],[104.700265,10.209083],[104.699562,10.208754],[104.698777,10.208161],[104.697515,10.207025],[104.695823,10.20617],[104.69501,10.205414],[104.693129,10.204338],[104.692474,10.204219],[104.692077,10.203642],[104.691641,10.203276],[104.690558,10.202729],[104.689757,10.201734],[104.688813,10.201078],[104.68833,10.200437],[104.687177,10.199751],[104.686948,10.199476],[104.686874,10.199173],[104.686625,10.199144],[104.686651,10.198912],[104.686503,10.198707],[104.685897,10.198318],[104.684656,10.197108],[104.679148,10.190508],[104.678666,10.189705],[104.670244,10.179832],[104.669608,10.178855],[104.669538,10.177023],[104.669309,10.175928],[104.668322,10.174354],[104.667316,10.173374],[104.666922,10.171672],[104.666295,10.17093],[104.665892,10.170238],[104.665886,10.170015],[104.663929,10.169352],[104.663249,10.168698],[104.662785,10.167978],[104.66246,10.167784],[104.661869,10.167705],[104.660557,10.166831],[104.660333,10.166499],[104.659872,10.166183],[104.657275,10.163097],[104.65658,10.162092],[104.65633,10.161498],[104.654487,10.159112],[104.651604,10.154323],[104.651247,10.1535],[104.648055,10.148174],[104.645778,10.14378],[104.645934,10.143196],[104.646483,10.142499],[104.646965,10.142213],[104.647699,10.142268],[104.648239,10.142119],[104.648619,10.14174],[104.648678,10.141186],[104.648543,10.140506],[104.647472,10.139716],[104.645292,10.137429],[104.644672,10.13726],[104.644113,10.137263],[104.643554,10.136784],[104.642919,10.136888],[104.642484,10.136571],[104.642264,10.13659],[104.641656,10.136231],[104.641316,10.13653],[104.640549,10.136239],[104.639839,10.136412],[104.6394,10.136919],[104.639646,10.137551],[104.6395,10.137749],[104.639597,10.138146],[104.638547,10.139648],[104.638163,10.139733],[104.638209,10.140168],[104.637383,10.140494],[104.637623,10.141024],[104.637503,10.141259],[104.636474,10.142014],[104.634446,10.143141],[104.631489,10.144365],[104.630394,10.144627],[104.629873,10.144621],[104.628979,10.144315],[104.628537,10.143966],[104.628508,10.143604],[104.628819,10.142908],[104.628861,10.142467],[104.62864,10.141916],[104.628241,10.141787],[104.62791,10.142008],[104.627673,10.142397],[104.627716,10.143282],[104.627628,10.143608],[104.627351,10.144014],[104.626577,10.144553],[104.625375,10.14513],[104.621976,10.146446],[104.619616,10.146865],[104.617608,10.147797],[104.615031,10.148395],[104.61422,10.148444],[104.613748,10.148245],[104.613486,10.147823],[104.61343,10.147147],[104.612927,10.146626],[104.612409,10.146482],[104.611962,10.14663],[104.611415,10.146641],[104.610822,10.146431],[104.609976,10.145618],[104.610061,10.144483],[104.609762,10.143612],[104.60915,10.143172],[104.607788,10.142558],[104.607413,10.142503],[104.60659,10.142826],[104.603849,10.144431],[104.602326,10.144086],[104.601391,10.143345],[104.600799,10.14333],[104.600694,10.143633],[104.600999,10.144763],[104.60036,10.145504],[104.59968,10.145953],[104.599602,10.146261],[104.599899,10.146725],[104.600964,10.146703],[104.601283,10.146923],[104.60187,10.147827],[104.602024,10.148353],[104.601654,10.149664],[104.60173,10.150168],[104.602116,10.150542],[104.602582,10.150735],[104.603443,10.150763],[104.604228,10.150582],[104.604652,10.150922],[104.605924,10.153099],[104.607247,10.154252],[104.608256,10.155846],[104.608238,10.156522],[104.60848,10.157209],[104.608909,10.157934],[104.609343,10.158134],[104.609442,10.158333],[104.609006,10.159116],[104.607839,10.158624],[104.60587,10.161651],[104.605095,10.161234],[104.604849,10.16114],[104.604726,10.161212],[104.60474,10.16142],[104.605375,10.161801],[104.605859,10.162281],[104.604911,10.164207],[104.607685,10.165617],[104.60787,10.165811],[104.607509,10.16629],[104.607655,10.166705],[104.607307,10.166631],[104.607095,10.166778],[104.606067,10.16835],[104.605009,10.169689],[104.604764,10.170179],[104.604753,10.170635],[104.603916,10.170505],[104.603423,10.170111],[104.602773,10.1698],[104.602032,10.16975],[104.60161,10.169515],[104.600343,10.169606],[104.600179,10.16971],[104.600287,10.170851],[104.600534,10.171728],[104.601073,10.172693],[104.601583,10.173216],[104.601703,10.173814],[104.600864,10.175321],[104.600832,10.17589],[104.599464,10.177066],[104.598602,10.178362],[104.598514,10.17911],[104.598285,10.179131],[104.598115,10.179331],[104.598024,10.180351],[104.597876,10.18075],[104.597959,10.180903],[104.597699,10.181513],[104.597791,10.181759],[104.597666,10.182042],[104.597182,10.182663],[104.596698,10.182524],[104.596162,10.182908],[104.596037,10.1831],[104.596091,10.183411],[104.595494,10.183178],[104.594943,10.182534],[104.594263,10.182091],[104.593578,10.181817],[104.592493,10.181823],[104.592406,10.181938],[104.592471,10.182182],[104.591388,10.182803],[104.591435,10.183146],[104.591275,10.183747],[104.590946,10.184301],[104.590983,10.185613],[104.590366,10.185728],[104.589929,10.186122],[104.589596,10.186159],[104.58967,10.186295],[104.59001,10.186355],[104.590176,10.186515],[104.59011,10.187153],[104.59027,10.187488],[104.590197,10.188018],[104.591057,10.187434],[104.591195,10.187461],[104.591375,10.18774],[104.591547,10.187745],[104.591897,10.187142],[104.592331,10.186947],[104.592912,10.187159],[104.593589,10.187201],[104.59422,10.187481],[104.59455,10.187864],[104.594896,10.188697],[104.596002,10.188582],[104.596279,10.18875],[104.596303,10.189434],[104.596461,10.189903],[104.596429,10.190871],[104.596654,10.191846],[104.596614,10.193087],[104.596734,10.193364],[104.596663,10.193653],[104.596471,10.193767],[104.59671,10.194018],[104.596495,10.19417],[104.596703,10.194382],[104.596536,10.194481],[104.596536,10.194711],[104.596274,10.194805],[104.596234,10.195139],[104.595969,10.195306],[104.595498,10.196188],[104.59492,10.196668],[104.59408,10.19675],[104.593738,10.197024],[104.593129,10.196575],[104.592501,10.195734],[104.592122,10.195517],[104.591876,10.195557],[104.591756,10.195857],[104.591436,10.196091],[104.591344,10.196739],[104.591449,10.197966],[104.591382,10.198516],[104.590264,10.199653],[104.589828,10.200562],[104.589634,10.201279],[104.590044,10.203152],[104.590035,10.204805],[104.590155,10.205406],[104.589964,10.20618],[104.589554,10.20603],[104.58904,10.205509],[104.588443,10.20544],[104.587738,10.204867],[104.587419,10.204868],[104.586706,10.204469],[104.586102,10.203718],[104.585752,10.203796],[104.585944,10.204339],[104.585914,10.204817],[104.586049,10.205277],[104.585907,10.20654],[104.586046,10.207335],[104.585978,10.207784],[104.585582,10.207973],[104.585628,10.208432],[104.586261,10.208831],[104.587361,10.210231],[104.587385,10.210756],[104.587656,10.211054],[104.587752,10.211515],[104.591435,10.212188],[104.592118,10.212637],[104.592358,10.213247],[104.592741,10.213392],[104.59236,10.213502],[104.592377,10.21427],[104.593012,10.215533],[104.592487,10.215556],[104.592283,10.215777],[104.592423,10.216312],[104.5921,10.21718],[104.591567,10.220785],[104.5914,10.220985],[104.591417,10.221318],[104.59124,10.221559],[104.591333,10.222401],[104.591204,10.222636],[104.591251,10.223042],[104.586805,10.2214],[104.58689,10.221731],[104.586654,10.222374],[104.586879,10.222886],[104.586785,10.223306],[104.58654,10.223637],[104.585991,10.223849],[104.584921,10.224836],[104.584967,10.225019],[104.586646,10.225645],[104.58786,10.225699],[104.588973,10.22632],[104.58919,10.226725],[104.58918,10.227286],[104.589709,10.227638],[104.589783,10.227817],[104.589088,10.231431],[104.588486,10.231481],[104.588044,10.231886],[104.587763,10.231889],[104.587173,10.23273],[104.585299,10.232326],[104.585008,10.232394],[104.584905,10.232571],[104.584943,10.232946],[104.585347,10.233339],[104.585178,10.23441],[104.587575,10.235328],[104.587692,10.23558],[104.587314,10.237663],[104.586522,10.238705],[104.585484,10.239547],[104.584661,10.243856],[104.584415,10.243951],[104.584291,10.244731],[104.583666,10.24617],[104.583495,10.246472],[104.583219,10.246628],[104.583391,10.247561],[104.583185,10.248609],[104.583568,10.249226],[104.583617,10.249528],[104.583316,10.250229],[104.583061,10.250475],[104.58304,10.250824],[104.582607,10.251963],[104.582305,10.252299],[104.581963,10.252183],[104.581739,10.25234],[104.581763,10.253104],[104.580769,10.254462],[104.580726,10.254811],[104.580352,10.255381],[104.58023,10.25595],[104.579618,10.256906],[104.578312,10.260032],[104.578025,10.260221],[104.577369,10.261214],[104.575331,10.264686],[104.574847,10.26592],[104.574196,10.266675],[104.573059,10.268373],[104.571852,10.270593],[104.571467,10.270846],[104.570313,10.272261],[104.570011,10.272788],[104.568132,10.275061],[104.568,10.275441],[104.567544,10.276013],[104.567202,10.276219],[104.565686,10.278036],[104.565293,10.278349],[104.565226,10.278664],[104.561986,10.282041],[104.558835,10.284565],[104.557736,10.285635],[104.557061,10.286016],[104.555876,10.287026],[104.554635,10.287789],[104.554214,10.288202],[104.553945,10.2882],[104.553607,10.288476],[104.553322,10.288457],[104.55239,10.288963],[104.552193,10.289447],[104.55168,10.289645],[104.551108,10.290053],[104.549264,10.290499],[104.549036,10.290855],[104.54821,10.290766],[104.546342,10.291205],[104.545785,10.291707],[104.545242,10.291755],[104.544873,10.292035],[104.544506,10.292017],[104.54411,10.291716],[104.542707,10.291172],[104.542498,10.290821],[104.542466,10.289777],[104.542171,10.28891],[104.541409,10.287924],[104.540902,10.287645],[104.540175,10.287693],[104.538677,10.286863],[104.538635,10.286678],[104.538853,10.286069],[104.538648,10.285895],[104.538322,10.286092],[104.537931,10.285327],[104.537456,10.283464],[104.537536,10.28234],[104.536758,10.281639],[104.53653,10.280597],[104.535112,10.279221],[104.534837,10.278481],[104.534849,10.277381],[104.534474,10.277739],[104.533797,10.278014],[104.532733,10.277232],[104.531747,10.277125],[104.531034,10.277581],[104.530499,10.278844],[104.530488,10.279166],[104.53137,10.280748],[104.531779,10.281109],[104.532404,10.281364],[104.53316,10.282478],[104.533626,10.283775],[104.533801,10.285505],[104.534058,10.286076],[104.534492,10.286528],[104.534342,10.287485],[104.534477,10.28845],[104.53438,10.289281],[104.53394,10.290621],[104.532154,10.294287],[104.528932,10.299915],[104.528693,10.300226],[104.527857,10.300788],[104.527649,10.301342],[104.527662,10.30252],[104.528179,10.30458],[104.531327,10.306426],[104.531413,10.307655],[104.532535,10.308877],[104.53201,10.311222],[104.530799,10.314251],[104.529311,10.317057],[104.528922,10.317632],[104.528283,10.318163],[104.528072,10.318497],[104.527998,10.319064],[104.528467,10.320452],[104.5281,10.321618],[104.525619,10.326242],[104.524848,10.327408],[104.523874,10.32842],[104.523785,10.328837],[104.523424,10.329073],[104.522513,10.330939],[104.522198,10.331203],[104.521691,10.332264],[104.520851,10.333193],[104.520551,10.333267],[104.520237,10.333968],[104.519551,10.334982],[104.51901,10.335556],[104.518873,10.336031],[104.518038,10.337082],[104.516404,10.33966],[104.513735,10.343137],[104.512858,10.344476],[104.510523,10.347189],[104.510329,10.347189],[104.509688,10.347954],[104.509507,10.34793],[104.509168,10.348318],[104.509197,10.348527],[104.508273,10.349724],[104.506928,10.348601],[104.506783,10.348625],[104.506722,10.348816],[104.50776,10.349799],[104.507796,10.350074],[104.504804,10.353188],[104.503261,10.354616],[104.502218,10.355273],[104.50175,10.355189],[104.50131,10.355675],[104.500995,10.356465],[104.501139,10.357099],[104.500968,10.357876],[104.497829,10.361236],[104.494105,10.364277],[104.493004,10.364957],[104.492085,10.365709],[104.491238,10.365947],[104.490654,10.36666],[104.489656,10.36725],[104.489432,10.367548],[104.489196,10.368315],[104.48863,10.368864],[104.488445,10.368758],[104.488447,10.368484],[104.48905,10.367822],[104.489339,10.367002],[104.489728,10.366653],[104.490376,10.366415],[104.491195,10.365539],[104.491126,10.365192],[104.490483,10.364799],[104.489722,10.364593],[104.489383,10.36424],[104.488891,10.364025],[104.488318,10.364226],[104.488039,10.364817],[104.487654,10.365246],[104.486909,10.36518],[104.486412,10.364778],[104.4862,10.363809],[104.48582,10.363266],[104.485277,10.362991],[104.483969,10.362754],[104.483324,10.362356],[104.482715,10.361144],[104.48221,10.36066],[104.481429,10.360644],[104.480921,10.36087],[104.479437,10.3632],[104.478634,10.364033],[104.477521,10.364752],[104.477266,10.36527],[104.477217,10.365712],[104.477524,10.366313],[104.478185,10.36669],[104.479287,10.366651],[104.480406,10.366892],[104.481042,10.367268],[104.481761,10.367997],[104.481915,10.36847],[104.481866,10.368819],[104.481453,10.369364],[104.481351,10.369712],[104.481536,10.370128],[104.4856,10.37221],[104.48585,10.372182],[104.486679,10.371376],[104.487052,10.371567],[104.486712,10.372642],[104.48281,10.37623]]],[[[104.577695,10.171896],[104.578209,10.172259],[104.57813,10.1725],[104.578054,10.172391],[104.577902,10.172489],[104.578065,10.172914],[104.577945,10.173083],[104.577521,10.173262],[104.57745,10.17348],[104.577989,10.173611],[104.578849,10.174357],[104.578909,10.174172],[104.578615,10.173192],[104.578885,10.172627],[104.578925,10.171542],[104.578833,10.171444],[104.578147,10.171667],[104.578005,10.171433],[104.577798,10.171416],[104.577575,10.171672],[104.577711,10.171705],[104.577695,10.171896]],[[104.577711,10.171705],[104.577834,10.171778],[104.577842,10.171803],[104.577711,10.171705]]],[[[104.579582,10.174336],[104.57953,10.174251],[104.57945,10.174276],[104.579465,10.174321],[104.579582,10.174336]]],[[[104.578111,10.174821],[104.578771,10.174709],[104.57848,10.174534],[104.578407,10.174243],[104.578009,10.174304],[104.578145,10.174513],[104.578111,10.174821]]],[[[104.579443,10.174592],[104.579607,10.174651],[104.579592,10.174484],[104.579437,10.174442],[104.579443,10.174592]]],[[[104.593714,10.179775],[104.593708,10.178933],[104.593387,10.177653],[104.593019,10.177239],[104.592946,10.17657],[104.592712,10.175981],[104.592489,10.175823],[104.59159,10.175736],[104.591198,10.176139],[104.591089,10.176439],[104.590893,10.176433],[104.59079,10.176678],[104.59079,10.17774],[104.590964,10.178094],[104.590937,10.17878],[104.5911,10.179167],[104.591655,10.179619],[104.592033,10.179454],[104.592804,10.179907],[104.593055,10.180218],[104.593428,10.180133],[104.59361,10.180239],[104.593708,10.180065],[104.593844,10.180054],[104.593714,10.179775]]],[[[104.572103,10.178596],[104.572023,10.178285],[104.571783,10.178377],[104.571688,10.178248],[104.57229,10.177591],[104.572275,10.177332],[104.572072,10.177047],[104.571899,10.177137],[104.571683,10.177696],[104.571162,10.177961],[104.571029,10.178203],[104.571103,10.178691],[104.571413,10.178781],[104.571268,10.179167],[104.57144,10.179717],[104.571685,10.179904],[104.572019,10.17966],[104.571956,10.179239],[104.572105,10.178957],[104.572372,10.1788],[104.572331,10.178624],[104.572103,10.178596]]],[[[104.572999,10.180907],[104.572812,10.180836],[104.572872,10.180651],[104.572702,10.1808],[104.57256,10.180664],[104.57252,10.18086],[104.572398,10.180786],[104.572293,10.180905],[104.572397,10.181299],[104.572604,10.181218],[104.572939,10.181372],[104.573143,10.181161],[104.572999,10.180907]]],[[[104.582453,10.238365],[104.582605,10.239487],[104.582436,10.239602],[104.582396,10.239829],[104.582547,10.239911],[104.582686,10.239817],[104.582897,10.23928],[104.582453,10.238365]]],[[[104.58441,10.239867],[104.583323,10.239685],[104.583114,10.239827],[104.583569,10.240219],[104.584341,10.24024],[104.584486,10.240145],[104.58441,10.239867]]]]}},{"type":"Feature","properties":{"id":"81297802B871478188231","label":"푸꾸옥 · Phu Quoc (이전)","era":"2020","sourceName":"Phu Quoc","viewBounds":[103.83259650600007,10.005125092000071,104.08110448900004,10.451708589000077]},"geometry":{"type":"MultiPolygon","coordinates":[[[[103.19913,9.254902],[103.199611,9.258515],[103.198135,9.256803],[103.19913,9.254902]]],[[[103.233529,9.294778],[103.234765,9.29557],[103.233707,9.297665],[103.230118,9.297032],[103.230598,9.295125],[103.233529,9.294778]]],[[[103.218512,9.317152],[103.209446,9.319217],[103.191553,9.311546],[103.186943,9.306676],[103.186789,9.304334],[103.189073,9.302785],[103.199777,9.305673],[103.203842,9.303927],[103.204007,9.300005],[103.200407,9.291855],[103.202214,9.286359],[103.204582,9.284564],[103.209542,9.285903],[103.21474,9.285046],[103.22302,9.296733],[103.228722,9.298568],[103.232551,9.302489],[103.240416,9.306328],[103.240406,9.316547],[103.239205,9.318148],[103.218512,9.317152]]],[[[103.264008,9.311467],[103.265726,9.313156],[103.266356,9.319478],[103.262164,9.323395],[103.260225,9.323415],[103.254611,9.317671],[103.259911,9.315539],[103.264008,9.311467]]],[[[103.275778,9.321711],[103.272886,9.330155],[103.270828,9.327535],[103.275778,9.321711]]],[[[104.046254,9.820656],[104.04624,9.822427],[104.044127,9.823483],[104.042299,9.818386],[104.043527,9.818015],[104.046254,9.820656]]],[[[104.094927,9.843326],[104.097782,9.846538],[104.09861,9.850807],[104.097368,9.851921],[104.094284,9.850993],[104.092899,9.84898],[104.094927,9.843326]]],[[[103.994067,9.901923],[103.992824,9.904308],[103.992235,9.902708],[103.994067,9.901923]]],[[[104.021389,9.905547],[104.023568,9.907917],[104.023026,9.910002],[104.021417,9.909335],[104.021389,9.905547]]],[[[103.992897,9.912843],[103.989523,9.91429],[103.985702,9.911468],[103.986934,9.90956],[103.990632,9.908808],[103.995053,9.913153],[103.992897,9.912843]]],[[[104.017683,9.913123],[104.017976,9.914558],[104.015099,9.912873],[104.011815,9.913423],[104.010045,9.911759],[104.015413,9.909568],[104.017683,9.913123]]],[[[104.022729,9.918409],[104.022862,9.920151],[104.02121,9.920689],[104.021931,9.916298],[104.025401,9.915592],[104.026179,9.916984],[104.02488,9.918942],[104.022729,9.918409]]],[[[103.982047,9.919542],[103.9814,9.922335],[103.980325,9.91917],[103.978569,9.918794],[103.98022,9.918019],[103.982047,9.919542]]],[[[104.002574,9.921486],[104.00068,9.922856],[103.995569,9.919963],[104.002908,9.915042],[104.002574,9.921486]]],[[[104.018731,9.927687],[104.023252,9.930923],[104.020387,9.933988],[104.015866,9.931656],[104.016268,9.929061],[104.018731,9.927687]]],[[[104.014325,9.967944],[104.012841,9.969163],[104.010138,9.967973],[104.009776,9.964118],[104.011984,9.963423],[104.012831,9.960739],[104.01087,9.957227],[104.01365,9.954924],[104.013345,9.951812],[104.010176,9.949185],[104.014164,9.945235],[104.015372,9.945977],[104.017809,9.944683],[104.018542,9.94236],[104.022549,9.939705],[104.025823,9.945551],[104.021102,9.951455],[104.023101,9.957242],[104.022582,9.960086],[104.018018,9.96685],[104.014325,9.967944]]],[[[104.023708,9.974641],[104.023197,9.979649],[104.019413,9.983576],[104.016784,9.984896],[104.01337,9.984313],[104.014417,9.980732],[104.017153,9.977936],[104.017605,9.973534],[104.021258,9.973201],[104.026421,9.96868],[104.025029,9.974236],[104.023708,9.974641]]],[[[104.041679,9.991045],[104.041893,9.993058],[104.036439,9.997491],[104.038431,9.993222],[104.041679,9.991045]]],[[[104.013473,9.991652],[104.013845,9.99544],[104.00723,10.001703],[104.007315,9.994003],[104.010551,9.990767],[104.013473,9.991652]]],[[[104.034654,10.001953],[104.028737,10.006307],[104.029672,10.003673],[104.035775,9.998369],[104.034654,10.001953]]],[[[103.833177,10.323875],[103.832818,10.321592],[103.836306,10.321163],[103.835696,10.323106],[103.833177,10.323875]]],[[[103.819879,10.361858],[103.81952,10.359574],[103.823009,10.359146],[103.822398,10.361089],[103.819879,10.361858]]],[[[104.033241,10.412487],[104.023503,10.420442],[104.006799,10.447283],[103.994807,10.451709],[103.9842,10.449131],[103.973061,10.439302],[103.97049,10.41988],[103.967179,10.410939],[103.965488,10.408465],[103.954522,10.405711],[103.946648,10.401606],[103.943078,10.384236],[103.936559,10.370577],[103.924995,10.360536],[103.918951,10.360203],[103.916095,10.362582],[103.897583,10.365961],[103.888494,10.370292],[103.873313,10.371244],[103.867745,10.373623],[103.856133,10.375051],[103.852022,10.377662],[103.84655,10.374569],[103.84348,10.377329],[103.837936,10.378162],[103.836366,10.37702],[103.83785,10.370809],[103.834824,10.368411],[103.834119,10.365346],[103.832597,10.365289],[103.832654,10.362719],[103.840877,10.35817],[103.8428,10.354743],[103.850747,10.325793],[103.8566,10.311897],[103.855613,10.309018],[103.859194,10.306246],[103.860431,10.302463],[103.861871,10.302213],[103.861074,10.305235],[103.864226,10.307484],[103.870544,10.30765],[103.881044,10.302779],[103.886629,10.29674],[103.888461,10.291791],[103.892114,10.290221],[103.898669,10.290042],[103.906129,10.292576],[103.913874,10.28915],[103.922035,10.280251],[103.930233,10.262833],[103.939905,10.25573],[103.944619,10.249051],[103.95012,10.238734],[103.956602,10.219241],[103.95605,10.217614],[103.96079,10.206982],[103.965311,10.188474],[103.984213,10.099939],[103.990571,10.059089],[103.989619,10.055377],[103.991142,10.052636],[103.990647,10.048886],[103.995254,10.046183],[103.999004,10.04624],[104.001022,10.043232],[104.003325,10.03676],[104.003073,10.03262],[104.006737,10.028992],[104.00925,10.01827],[104.008536,10.012688],[104.010349,10.010004],[104.01349,10.010561],[104.014647,10.016272],[104.022328,10.018213],[104.027382,10.015401],[104.031322,10.010547],[104.033635,10.014487],[104.039074,10.015858],[104.045727,10.007634],[104.05212,10.005125],[104.052172,10.008252],[104.049559,10.012208],[104.047332,10.013991],[104.045191,10.011907],[104.042335,10.013249],[104.039451,10.019787],[104.030728,10.030666],[104.030902,10.03555],[104.032984,10.039646],[104.034726,10.040717],[104.03791,10.039247],[104.03928,10.041131],[104.035654,10.044914],[104.035554,10.052938],[104.038795,10.060533],[104.043092,10.060962],[104.043292,10.068971],[104.036177,10.071493],[104.027944,10.078917],[104.026588,10.076204],[104.022852,10.075895],[104.019592,10.078703],[104.017046,10.083723],[104.018165,10.08527],[104.019854,10.084723],[104.025755,10.091623],[104.025232,10.100308],[104.02657,10.106721],[104.033084,10.112681],[104.036994,10.120188],[104.033465,10.129048],[104.030524,10.131925],[104.032195,10.14134],[104.0361,10.147779],[104.043523,10.152747],[104.049213,10.180037],[104.056205,10.201218],[104.060402,10.208228],[104.063672,10.211012],[104.066284,10.210812],[104.070767,10.215542],[104.081104,10.244928],[104.080493,10.255474],[104.075719,10.269199],[104.074432,10.277602],[104.074514,10.284141],[104.077946,10.292744],[104.080462,10.306374],[104.074292,10.325426],[104.072777,10.336947],[104.074411,10.349379],[104.077571,10.353167],[104.080351,10.354024],[104.080427,10.35549],[104.076981,10.364836],[104.078961,10.37108],[104.071045,10.382565],[104.064382,10.388455],[104.060754,10.396515],[104.057065,10.400263],[104.057987,10.403029],[104.060962,10.403296],[104.060664,10.404873],[104.058553,10.405468],[104.056054,10.402612],[104.052039,10.403743],[104.040231,10.415818],[104.037762,10.41558],[104.035383,10.412428],[104.033241,10.412487]]]]}}]}