{"type":"FeatureCollection","features":[{"type":"Feature","properties":{"id":"VN79","label":"호치민시 · Hồ Chí Minh","era":"2025","sourceCode":"VN79","validOn":"2025-09-25","viewBounds":[106.3263570000002,10.320285,107.57192800000013,11.501040000000103]},"geometry":{"type":"MultiPolygon","coordinates":[[[[106.604703,10.65799],[106.605384,10.658749],[106.605549,10.658587],[106.605457,10.658291],[106.605719,10.658161],[106.606112,10.658048],[106.607109,10.65804],[106.609157,10.657468],[106.609109,10.657338],[106.609313,10.657191],[106.609692,10.65698],[106.609755,10.657062],[106.610552,10.656574],[106.6108,10.656906],[106.611352,10.656624],[106.611261,10.656397],[106.611516,10.655855],[106.611766,10.655986],[106.612464,10.655567],[106.612583,10.65523],[106.613318,10.654722],[106.613499,10.654322],[106.613835,10.654516],[106.614179,10.653844],[106.61438,10.653955],[106.614609,10.653719],[106.615511,10.6541],[106.615991,10.653198],[106.616276,10.65311],[106.616717,10.653299],[106.616699,10.652649],[106.616835,10.65229],[106.617326,10.651931],[106.617706,10.651912],[106.617761,10.65127],[106.617254,10.650945],[106.617347,10.650185],[106.618045,10.650082],[106.618115,10.649762],[106.619007,10.649631],[106.618949,10.649015],[106.621157,10.648727],[106.622366,10.648388],[106.622294,10.648099],[106.62416,10.647688],[106.625005,10.647341],[106.623934,10.646346],[106.623909,10.646005],[106.624426,10.645289],[106.624327,10.644487],[106.623429,10.644478],[106.623319,10.6441],[106.621844,10.644099],[106.62158,10.643269],[106.62211,10.64317],[106.622139,10.642732],[106.621903,10.641819],[106.621486,10.641947],[106.621191,10.640987],[106.622717,10.640469],[106.624131,10.639474],[106.624506,10.63991],[106.62524,10.639694],[106.625777,10.639743],[106.626238,10.640884],[106.627143,10.642401],[106.62715,10.642697],[106.628146,10.642078],[106.628372,10.642202],[106.629666,10.642258],[106.629963,10.641165],[106.629869,10.640681],[106.630266,10.640509],[106.629815,10.63937],[106.630087,10.639411],[106.630492,10.639075],[106.630326,10.638545],[106.631211,10.636694],[106.629891,10.636419],[106.629715,10.636199],[106.629846,10.633554],[106.629693,10.632043],[106.631035,10.630115],[106.629748,10.628795],[106.629555,10.627053],[106.630198,10.626616],[106.630714,10.627588],[106.631248,10.62817],[106.631883,10.628342],[106.632135,10.628286],[106.632672,10.62805],[106.633336,10.627472],[106.634738,10.625552],[106.635079,10.626041],[106.635471,10.626283],[106.636812,10.626205],[106.637602,10.626443],[106.638512,10.627076],[106.638905,10.627516],[106.639351,10.6271],[106.641023,10.626663],[106.641447,10.627374],[106.643775,10.62962],[106.646185,10.634245],[106.646885,10.634195],[106.648333,10.633053],[106.648574,10.632675],[106.64913,10.632852],[106.649727,10.632666],[106.651393,10.632732],[106.652029,10.632377],[106.652736,10.632228],[106.653033,10.632519],[106.653289,10.633283],[106.653184,10.635412],[106.653359,10.636334],[106.652946,10.637158],[106.653065,10.637634],[106.652983,10.637943],[106.653395,10.638289],[106.653439,10.639067],[106.653863,10.639523],[106.654134,10.639569],[106.654408,10.639328],[106.654456,10.639113],[106.655012,10.639234],[106.65577,10.638991],[106.656129,10.638401],[106.656327,10.638429],[106.656803,10.639216],[106.656883,10.639828],[106.656735,10.641034],[106.656332,10.641572],[106.656362,10.643619],[106.657819,10.643584],[106.659591,10.642613],[106.660879,10.642061],[106.660848,10.641702],[106.660191,10.640967],[106.66005,10.640329],[106.660275,10.639867],[106.66061,10.640077],[106.660908,10.6401],[106.661266,10.639883],[106.661831,10.639848],[106.662163,10.639476],[106.662728,10.639269],[106.662917,10.639361],[106.662794,10.639701],[106.662901,10.639921],[106.663041,10.640078],[106.663358,10.640123],[106.663925,10.639643],[106.664614,10.639456],[106.664995,10.638938],[106.665445,10.639552],[106.665659,10.639612],[106.665832,10.63945],[106.665853,10.638671],[106.666004,10.638441],[106.666263,10.638558],[106.666468,10.638908],[106.66651,10.639292],[106.666312,10.640222],[106.666681,10.640657],[106.667261,10.639928],[106.668197,10.639219],[106.669177,10.639119],[106.66974,10.639331],[106.670407,10.639915],[106.671325,10.641142],[106.6723,10.64187],[106.673193,10.642171],[106.673239,10.643097],[106.673675,10.643905],[106.674281,10.644295],[106.675614,10.644813],[106.677047,10.644902],[106.678635,10.645269],[106.681903,10.648358],[106.684599,10.650247],[106.68542,10.65135],[106.68597,10.652733],[106.686,10.653614],[106.685775,10.655922],[106.685826,10.65627],[106.686112,10.656472],[106.686745,10.656304],[106.687461,10.655812],[106.687787,10.655424],[106.688453,10.653792],[106.688999,10.652816],[106.69025,10.651169],[106.69086,10.648842],[106.691437,10.648496],[106.692553,10.648586],[106.694019,10.649271],[106.695952,10.649625],[106.696475,10.650023],[106.697558,10.651922],[106.699698,10.653558],[106.700559,10.653978],[106.702129,10.653216],[106.702738,10.653125],[106.70357,10.653196],[106.704088,10.653023],[106.704792,10.651596],[106.705252,10.65098],[106.708195,10.649826],[106.708656,10.649751],[106.711132,10.650406],[106.711724,10.650405],[106.712355,10.650205],[106.716413,10.64765],[106.718039,10.646071],[106.718961,10.645573],[106.719558,10.645503],[106.721587,10.645968],[106.722415,10.645721],[106.722751,10.645462],[106.723248,10.644591],[106.723389,10.641935],[106.725772,10.6384],[106.726806,10.637681],[106.730046,10.63623],[106.730708,10.63541],[106.731422,10.634316],[106.731211,10.633432],[106.73164,10.632228],[106.732313,10.631284],[106.733339,10.628747],[106.733179,10.628537],[106.732714,10.628411],[106.732583,10.628082],[106.732121,10.627813],[106.731373,10.627819],[106.730377,10.628548],[106.729966,10.628681],[106.729596,10.628626],[106.729115,10.628155],[106.728327,10.624801],[106.72844,10.624348],[106.728888,10.623981],[106.730301,10.623686],[106.73163,10.623746],[106.731859,10.623571],[106.732031,10.622952],[106.731094,10.621361],[106.729945,10.620492],[106.729819,10.619857],[106.730066,10.618802],[106.730058,10.618264],[106.729889,10.617667],[106.729247,10.616526],[106.729006,10.616216],[106.72883,10.616164],[106.728108,10.616688],[106.727752,10.616716],[106.727598,10.616584],[106.72754,10.615931],[106.72859,10.612733],[106.728898,10.612229],[106.729261,10.611898],[106.729585,10.611794],[106.729887,10.611846],[106.730682,10.612299],[106.731119,10.612306],[106.731636,10.612112],[106.73204,10.611749],[106.732478,10.610347],[106.732795,10.60986],[106.731541,10.608809],[106.730584,10.608859],[106.729186,10.609236],[106.728953,10.609126],[106.728633,10.60873],[106.7275,10.609833],[106.726715,10.611252],[106.725541,10.611197],[106.723937,10.611989],[106.723004,10.610534],[106.722306,10.608357],[106.722322,10.607299],[106.721919,10.607213],[106.721457,10.606842],[106.719311,10.606453],[106.719031,10.606313],[106.718857,10.605914],[106.719757,10.602423],[106.720248,10.601709],[106.721547,10.600386],[106.721976,10.599646],[106.721829,10.599131],[106.720368,10.597263],[106.720157,10.596544],[106.720271,10.59601],[106.720798,10.595296],[106.721453,10.594848],[106.723116,10.594029],[106.723582,10.593458],[106.723775,10.59271],[106.723771,10.591928],[106.723631,10.591164],[106.723663,10.59039],[106.723227,10.588241],[106.724203,10.587106],[106.724754,10.585814],[106.725265,10.585358],[106.725885,10.585061],[106.726874,10.585522],[106.727068,10.585548],[106.727189,10.585436],[106.727196,10.585107],[106.726671,10.584634],[106.72657,10.58431],[106.727084,10.583472],[106.727477,10.582203],[106.728129,10.581105],[106.728578,10.580049],[106.728924,10.579887],[106.729631,10.579928],[106.730218,10.57967],[106.731024,10.579694],[106.731711,10.579819],[106.732784,10.580216],[106.733413,10.581191],[106.734101,10.581562],[106.734295,10.581913],[106.73471,10.582051],[106.734974,10.582749],[106.734706,10.583427],[106.734983,10.584259],[106.734741,10.585021],[106.735008,10.585286],[106.735268,10.585907],[106.735788,10.586265],[106.73701,10.586329],[106.737805,10.586013],[106.738609,10.58552],[106.738927,10.585194],[106.739544,10.58371],[106.739513,10.582874],[106.739218,10.581796],[106.738756,10.581234],[106.737418,10.580441],[106.736458,10.579597],[106.735008,10.578929],[106.734831,10.578655],[106.734779,10.578148],[106.735033,10.577658],[106.736011,10.576977],[106.736799,10.576915],[106.737179,10.577179],[106.737874,10.578184],[106.738411,10.578506],[106.740686,10.579089],[106.741388,10.579085],[106.742564,10.578574],[106.745686,10.575599],[106.74301,10.571721],[106.742721,10.571182],[106.741947,10.568906],[106.741685,10.567059],[106.74181,10.56375],[106.744413,10.549418],[106.745285,10.545839],[106.747771,10.532824],[106.748357,10.525201],[106.748171,10.520914],[106.747875,10.518274],[106.747379,10.515634],[106.744019,10.504101],[106.742876,10.49898],[106.742368,10.493243],[106.742759,10.489574],[106.743254,10.487656],[106.745234,10.482911],[106.750006,10.473569],[106.751779,10.467732],[106.761415,10.453668],[106.762866,10.451099],[106.772735,10.438853],[106.780754,10.429772],[106.800458,10.412575],[106.805358,10.407808],[106.805956,10.406495],[106.806379,10.404532],[106.806516,10.399439],[106.807813,10.395847],[106.829375,10.397169],[106.831525,10.396125],[106.832183,10.395999],[106.832797,10.396136],[106.83383,10.395977],[106.834932,10.396066],[106.838288,10.397284],[106.838761,10.397938],[106.839797,10.398373],[106.84038,10.398962],[106.840966,10.399916],[106.844649,10.401846],[106.845554,10.402086],[106.846069,10.402353],[106.846521,10.402256],[106.846686,10.402432],[106.846789,10.402894],[106.846923,10.402922],[106.847051,10.402676],[106.847353,10.402711],[106.84863,10.403538],[106.848827,10.403545],[106.848961,10.403343],[106.849141,10.403392],[106.850009,10.404477],[106.850221,10.40457],[106.85046,10.404398],[106.85087,10.404989],[106.851317,10.404759],[106.851536,10.404767],[106.852184,10.405329],[106.852392,10.405271],[106.873577,10.408501],[106.873655,10.407454],[106.875284,10.403307],[106.875718,10.402677],[106.875999,10.401253],[106.876198,10.400931],[106.87678,10.40062],[106.877133,10.399198],[106.877126,10.3987],[106.877687,10.396723],[106.878011,10.396294],[106.879007,10.396288],[106.879417,10.395787],[106.87939,10.395407],[106.8789,10.394254],[106.879148,10.392955],[106.879456,10.392361],[106.879435,10.391805],[106.880156,10.391346],[106.880404,10.391015],[106.881411,10.388611],[106.881222,10.387417],[106.880895,10.386924],[106.880659,10.38618],[106.880711,10.385914],[106.88006,10.384729],[106.880005,10.384208],[106.880165,10.383877],[106.879863,10.382559],[106.879291,10.382229],[106.879329,10.381739],[106.879008,10.381691],[106.878609,10.380947],[106.876365,10.379127],[106.876172,10.379099],[106.875831,10.378652],[106.875847,10.378275],[106.87538,10.378033],[106.875128,10.378196],[106.874976,10.377993],[106.875192,10.377771],[106.876779,10.377457],[106.878784,10.377295],[106.879811,10.376887],[106.880936,10.377146],[106.881486,10.376999],[106.882136,10.376601],[106.885153,10.377021],[106.886508,10.376998],[106.887734,10.37717],[106.890567,10.377017],[106.895084,10.377263],[106.895822,10.377108],[106.897069,10.377273],[106.89825,10.377202],[106.900173,10.377571],[106.9004,10.377871],[106.905224,10.379743],[106.906794,10.380634],[106.90887,10.381401],[106.910071,10.382212],[106.910685,10.382198],[106.911746,10.382629],[106.912209,10.382562],[106.912767,10.382215],[106.913227,10.38236],[106.913471,10.382102],[106.91536,10.382859],[106.915954,10.382898],[106.916578,10.381782],[106.916661,10.381436],[106.91683,10.381391],[106.917248,10.381791],[106.918676,10.382256],[106.919876,10.383444],[106.920318,10.3837],[106.920653,10.383842],[106.92128,10.383699],[106.921556,10.383894],[106.921597,10.384228],[106.921107,10.384666],[106.920658,10.385588],[106.920698,10.386286],[106.927522,10.389818],[106.93099,10.391354],[106.933938,10.392919],[106.934645,10.393618],[106.934779,10.394227],[106.935957,10.394785],[106.936997,10.394644],[106.93867,10.394777],[106.939908,10.39499],[106.94167,10.395543],[106.947686,10.397927],[106.949051,10.398273],[106.951763,10.399328],[106.952102,10.399304],[106.952359,10.399518],[106.95864,10.401859],[106.963854,10.404305],[106.970994,10.407122],[106.972028,10.408617],[106.972576,10.40981],[106.973317,10.410752],[106.974044,10.41269],[106.974571,10.414529],[106.974754,10.415739],[106.974631,10.415874],[106.97371,10.416436],[106.973138,10.416621],[106.972408,10.417332],[106.971902,10.417532],[106.970714,10.417372],[106.969927,10.416584],[106.969353,10.416552],[106.968065,10.417233],[106.967655,10.416455],[106.965586,10.416239],[106.964898,10.416402],[106.96425,10.416845],[106.963478,10.418508],[106.961791,10.419996],[106.960845,10.421064],[106.960597,10.421094],[106.960142,10.420559],[106.959297,10.419939],[106.959109,10.420402],[106.958102,10.421177],[106.958108,10.42151],[106.957917,10.421868],[106.957284,10.421854],[106.957251,10.421991],[106.957471,10.422335],[106.956537,10.422559],[106.955911,10.422862],[106.955204,10.423609],[106.95426,10.423594],[106.954076,10.423491],[106.954012,10.423623],[106.953745,10.42363],[106.953711,10.423705],[106.954102,10.424005],[106.953647,10.424576],[106.952943,10.424637],[106.951633,10.425285],[106.951578,10.425696],[106.949977,10.425813],[106.949939,10.426085],[106.949701,10.426182],[106.948796,10.426126],[106.948138,10.426398],[106.947726,10.427624],[106.946674,10.428038],[106.946536,10.428522],[106.946167,10.428821],[106.946033,10.429256],[106.945852,10.429371],[106.945302,10.430234],[106.945198,10.430916],[106.944826,10.431037],[106.94387,10.432216],[106.944011,10.432466],[106.943756,10.432798],[106.942578,10.43312],[106.94233,10.43415],[106.94173,10.434776],[106.94166,10.435007],[106.940788,10.435236],[106.94013,10.43525],[106.939899,10.435436],[106.939126,10.43556],[106.938963,10.435769],[106.938054,10.436038],[106.933872,10.443553],[106.933639,10.444255],[106.933231,10.444809],[106.93325,10.445058],[106.932754,10.445636],[106.932374,10.446388],[106.932676,10.448662],[106.932583,10.449224],[106.932914,10.450071],[106.932554,10.45054],[106.932701,10.45085],[106.932596,10.451449],[106.93228,10.451597],[106.932078,10.452197],[106.932404,10.45256],[106.932287,10.452789],[106.932476,10.452971],[106.93237,10.453184],[106.932577,10.453372],[106.932275,10.454475],[106.932346,10.454871],[106.932103,10.455186],[106.932122,10.455335],[106.932395,10.455447],[106.93223,10.455712],[106.932189,10.456142],[106.932589,10.457148],[106.933181,10.458065],[106.933059,10.458183],[106.933087,10.458347],[106.93316,10.458476],[106.933402,10.458509],[106.934302,10.460318],[106.934473,10.461181],[106.934688,10.46158],[106.934661,10.461997],[106.934042,10.46266],[106.934004,10.463651],[106.933626,10.463932],[106.933154,10.463873],[106.932749,10.463971],[106.932705,10.464279],[106.932997,10.464513],[106.932982,10.464739],[106.93258,10.464975],[106.932217,10.465644],[106.931379,10.466143],[106.931043,10.466726],[106.93111,10.466942],[106.93139,10.467098],[106.944655,10.472238],[106.945384,10.472434],[106.945675,10.472148],[106.946492,10.472314],[106.947561,10.472189],[106.947704,10.471851],[106.948321,10.471556],[106.948764,10.470996],[106.949126,10.470806],[106.950483,10.471025],[106.951557,10.470792],[106.951651,10.47059],[106.952221,10.470147],[106.952554,10.469293],[106.953307,10.468825],[106.953658,10.468888],[106.953767,10.468641],[106.954877,10.469413],[106.955365,10.469555],[106.955732,10.469336],[106.956071,10.46948],[106.9564,10.469401],[106.956808,10.469148],[106.957257,10.468189],[106.958055,10.467441],[106.958248,10.467109],[106.959012,10.467266],[106.95996,10.466982],[106.961147,10.465851],[106.961456,10.465372],[106.961961,10.465118],[106.962097,10.464758],[106.965428,10.464027],[106.965957,10.463564],[106.966193,10.463646],[106.966486,10.464122],[106.966706,10.465424],[106.96707,10.466648],[106.967049,10.467156],[106.966798,10.467529],[106.966835,10.467654],[106.96704,10.467712],[106.967236,10.469015],[106.967464,10.469701],[106.96733,10.47145],[106.968099,10.472427],[106.968564,10.472345],[106.968857,10.473205],[106.968713,10.473751],[106.969038,10.474129],[106.969189,10.474705],[106.96931,10.475421],[106.969236,10.475815],[106.970298,10.477733],[106.970774,10.478315],[106.970966,10.479073],[106.971236,10.47958],[106.971585,10.480064],[106.972156,10.480409],[106.972147,10.480847],[106.97183,10.481125],[106.971831,10.481307],[106.972396,10.481037],[106.972819,10.481181],[106.973756,10.482082],[106.974022,10.482491],[106.973852,10.483004],[106.973964,10.483422],[106.974479,10.483943],[106.974666,10.484309],[106.97477,10.484271],[106.974459,10.483591],[106.974823,10.483307],[106.975055,10.483323],[106.975787,10.483909],[106.975771,10.484211],[106.97615,10.484269],[106.975986,10.484448],[106.976075,10.484687],[106.976405,10.48487],[106.976151,10.485438],[106.976187,10.485768],[106.976363,10.485902],[106.976938,10.485676],[106.977104,10.485791],[106.976903,10.486146],[106.97691,10.487151],[106.976807,10.48737],[106.975963,10.488085],[106.974986,10.488523],[106.974826,10.489853],[106.975059,10.490108],[106.975061,10.490455],[106.974473,10.491233],[106.973951,10.491471],[106.974159,10.491731],[106.974904,10.492081],[106.975066,10.492314],[106.974815,10.493047],[106.974705,10.49398],[106.97476,10.496062],[106.974492,10.496601],[106.97465,10.498322],[106.984084,10.498981],[106.984126,10.49885],[106.984459,10.498911],[106.983903,10.498469],[106.983628,10.497998],[106.983562,10.497589],[106.983805,10.497319],[106.984156,10.497358],[106.984412,10.497249],[106.984112,10.497191],[106.984001,10.496794],[106.983859,10.496843],[106.983644,10.497239],[106.983442,10.497204],[106.983331,10.496873],[106.983352,10.496359],[106.983113,10.495921],[106.983265,10.4956],[106.983222,10.494984],[106.983365,10.494646],[106.983462,10.493709],[106.984058,10.492893],[106.984297,10.492021],[106.984891,10.491372],[106.985393,10.491485],[106.985176,10.492605],[106.985477,10.492435],[106.985653,10.492476],[106.986013,10.493027],[106.986301,10.493145],[106.986165,10.49371],[106.986607,10.493779],[106.98702,10.494617],[106.987341,10.494812],[106.987607,10.495193],[106.987818,10.495255],[106.988192,10.495145],[106.988442,10.495523],[106.988763,10.495655],[106.988814,10.495939],[106.988676,10.496577],[106.988923,10.496916],[106.990798,10.498782],[106.991355,10.498871],[106.991455,10.49898],[107.001702,10.498978],[107.001693,10.498671],[107.002001,10.49808],[107.00219,10.497118],[107.003226,10.495877],[107.003689,10.495666],[107.005109,10.495499],[107.006242,10.495062],[107.006771,10.494707],[107.007196,10.494138],[107.007564,10.493865],[107.007739,10.493258],[107.010625,10.493967],[107.010932,10.494267],[107.014811,10.494749],[107.017607,10.493242],[107.017822,10.491495],[107.017704,10.491208],[107.017916,10.491131],[107.017953,10.490949],[107.017921,10.490384],[107.017684,10.490159],[107.017724,10.489613],[107.017847,10.489541],[107.018,10.489715],[107.01812,10.48969],[107.018172,10.489405],[107.01799,10.488744],[107.018849,10.486553],[107.019329,10.485934],[107.019486,10.485931],[107.019588,10.4861],[107.019878,10.486101],[107.020299,10.485897],[107.020278,10.485618],[107.020536,10.485292],[107.020536,10.485053],[107.021231,10.484356],[107.021262,10.484011],[107.021463,10.483646],[107.022125,10.482877],[107.022095,10.482762],[107.021853,10.482697],[107.021977,10.482352],[107.02191,10.482235],[107.021436,10.481837],[107.021541,10.481281],[107.021382,10.480871],[107.020765,10.480171],[107.020224,10.479968],[107.020054,10.479276],[107.02021,10.479049],[107.020172,10.478573],[107.020377,10.478126],[107.020689,10.477843],[107.020432,10.47771],[107.020482,10.477284],[107.02015,10.477392],[107.019779,10.477247],[107.019785,10.477078],[107.020064,10.476813],[107.019838,10.476438],[107.019529,10.476237],[107.019431,10.475984],[107.019673,10.475686],[107.019798,10.475071],[107.01978,10.47486],[107.019437,10.474324],[107.019656,10.47403],[107.020687,10.473354],[107.020836,10.472563],[107.023286,10.471407],[107.023834,10.470987],[107.025198,10.469387],[107.02542,10.468438],[107.025014,10.468367],[107.024614,10.467951],[107.024206,10.467745],[107.024005,10.46745],[107.024224,10.467338],[107.024691,10.467609],[107.024852,10.467465],[107.024935,10.466795],[107.024706,10.466235],[107.025072,10.466296],[107.025126,10.466068],[107.025337,10.46588],[107.025964,10.466133],[107.025739,10.46658],[107.026056,10.466986],[107.026226,10.467727],[107.02606,10.468259],[107.026196,10.468445],[107.026422,10.468485],[107.026141,10.468878],[107.025617,10.469215],[107.02528,10.469782],[107.025468,10.470587],[107.026038,10.471341],[107.026234,10.473775],[107.025983,10.475353],[107.043848,10.46724],[107.04331,10.466719],[107.042903,10.466548],[107.042258,10.466018],[107.042179,10.465794],[107.042689,10.465253],[107.044593,10.463707],[107.045198,10.462932],[107.045677,10.462632],[107.045946,10.462122],[107.046685,10.461399],[107.047066,10.460322],[107.047613,10.459547],[107.047969,10.458206],[107.047924,10.457762],[107.048438,10.456756],[107.048481,10.456397],[107.049242,10.455759],[107.04939,10.455345],[107.050461,10.454734],[107.050698,10.454192],[107.051098,10.453965],[107.051784,10.452807],[107.051814,10.451426],[107.052271,10.450993],[107.052773,10.4502],[107.053753,10.449512],[107.054056,10.44965],[107.05451,10.449034],[107.05511,10.448518],[107.05541,10.447828],[107.056134,10.446895],[107.056363,10.446406],[107.057736,10.445499],[107.058703,10.445074],[107.059605,10.444419],[107.061282,10.443753],[107.0628,10.442903],[107.062993,10.442873],[107.064002,10.443463],[107.064983,10.443454],[107.065152,10.443668],[107.06589,10.443982],[107.06711,10.444189],[107.067252,10.444353],[107.067561,10.44438],[107.06963,10.443883],[107.072141,10.442815],[107.073373,10.442422],[107.074481,10.441174],[107.074878,10.441106],[107.075297,10.440626],[107.075233,10.440461],[107.075716,10.439836],[107.076267,10.439582],[107.076256,10.439377],[107.076553,10.439151],[107.077147,10.439008],[107.077983,10.438044],[107.07831,10.437411],[107.078958,10.436951],[107.079004,10.436494],[107.079457,10.435342],[107.080142,10.434321],[107.080691,10.433822],[107.081104,10.433637],[107.081723,10.433653],[107.082901,10.434568],[107.083085,10.435224],[107.083642,10.435271],[107.083835,10.43549],[107.083788,10.435687],[107.083528,10.435801],[107.08398,10.436209],[107.083926,10.435848],[107.084223,10.435689],[107.085308,10.436128],[107.086093,10.436043],[107.087187,10.436357],[107.087629,10.435729],[107.088215,10.435688],[107.088699,10.43547],[107.088798,10.434907],[107.089639,10.434183],[107.089764,10.433865],[107.090395,10.433719],[107.09055,10.433971],[107.091423,10.434516],[107.091894,10.434985],[107.093505,10.435622],[107.094227,10.435173],[107.094456,10.434864],[107.094568,10.434282],[107.095418,10.434318],[107.09578,10.434155],[107.096208,10.434141],[107.096802,10.434502],[107.097561,10.434441],[107.098454,10.434843],[107.099058,10.434887],[107.099614,10.435167],[107.100143,10.435952],[107.10071,10.435752],[107.101083,10.435436],[107.102003,10.435731],[107.102129,10.43592],[107.113727,10.436205],[107.114009,10.434741],[107.115865,10.429701],[107.115547,10.429284],[107.115563,10.4287],[107.116143,10.425963],[107.116493,10.424915],[107.116865,10.424495],[107.117178,10.42435],[107.117646,10.421495],[107.117543,10.419817],[107.117247,10.419507],[107.117179,10.418764],[107.11789,10.417311],[107.118582,10.416756],[107.117368,10.411439],[107.116457,10.411208],[107.115499,10.410744],[107.114987,10.410775],[107.112498,10.409884],[107.112608,10.409602],[107.111872,10.409267],[107.111659,10.409231],[107.11157,10.409467],[107.109887,10.408894],[107.109977,10.408591],[107.109277,10.408362],[107.109182,10.408641],[107.108679,10.408482],[107.108298,10.407724],[107.107719,10.407064],[107.107708,10.406754],[107.106889,10.405476],[107.106544,10.405317],[107.10624,10.405451],[107.105271,10.404121],[107.105593,10.403872],[107.105519,10.403611],[107.105633,10.403526],[107.105345,10.403189],[107.104948,10.403196],[107.104866,10.402671],[107.105357,10.402602],[107.10509,10.401647],[107.104664,10.401762],[107.104563,10.401688],[107.104403,10.400567],[107.104263,10.400307],[107.10475,10.399935],[107.104371,10.397847],[107.104422,10.397623],[107.104654,10.397435],[107.104591,10.397053],[107.104727,10.396696],[107.104413,10.396459],[107.103705,10.395335],[107.103391,10.395516],[107.103261,10.395321],[107.10328,10.394754],[107.102766,10.39399],[107.102539,10.393841],[107.10224,10.393852],[107.101677,10.393512],[107.101434,10.393017],[107.100958,10.392675],[107.100666,10.392585],[107.100527,10.3927],[107.099507,10.392148],[107.09931,10.392373],[107.094341,10.390126],[107.093848,10.390405],[107.092451,10.387819],[107.080799,10.391984],[107.07885,10.387508],[107.077539,10.388033],[107.078963,10.391049],[107.078755,10.391774],[107.078837,10.391947],[107.077653,10.392477],[107.077557,10.392281],[107.076846,10.391987],[107.075551,10.389531],[107.074177,10.389994],[107.072263,10.386385],[107.077683,10.384564],[107.077661,10.384295],[107.078098,10.383779],[107.07705,10.383041],[107.076926,10.383044],[107.076448,10.383717],[107.0761,10.383661],[107.073743,10.382318],[107.07353,10.382358],[107.07248,10.383153],[107.072039,10.382757],[107.068222,10.381008],[107.067837,10.381281],[107.067518,10.382151],[107.067331,10.382222],[107.066292,10.383745],[107.065968,10.383739],[107.065609,10.384286],[107.06474,10.384774],[107.064364,10.38577],[107.063702,10.3863],[107.063886,10.386525],[107.06346,10.386862],[107.06267,10.386978],[107.062673,10.387236],[107.062231,10.387285],[107.062182,10.386902],[107.061232,10.386938],[107.061218,10.387163],[107.060514,10.387183],[107.060524,10.387075],[107.060267,10.386963],[107.059213,10.386958],[107.05829,10.386378],[107.057041,10.384465],[107.056682,10.383238],[107.056452,10.38283],[107.05642,10.382321],[107.055878,10.381226],[107.05542,10.381248],[107.054852,10.377863],[107.055317,10.37778],[107.05542,10.377486],[107.055451,10.376524],[107.055609,10.376175],[107.055467,10.375012],[107.055565,10.374748],[107.055426,10.374078],[107.055519,10.373862],[107.056995,10.372437],[107.057677,10.37154],[107.059649,10.37027],[107.060209,10.369653],[107.061205,10.369035],[107.062134,10.368259],[107.062573,10.367404],[107.062429,10.366892],[107.062435,10.365689],[107.061515,10.363864],[107.061381,10.362836],[107.061093,10.362164],[107.060661,10.361522],[107.060427,10.361499],[107.060124,10.360708],[107.059891,10.357583],[107.060012,10.35711],[107.06064,10.356311],[107.060799,10.355587],[107.061638,10.354532],[107.061615,10.35432],[107.061831,10.354051],[107.062132,10.353802],[107.062626,10.353683],[107.063251,10.353341],[107.064396,10.352388],[107.065422,10.351921],[107.065871,10.351141],[107.065849,10.350715],[107.065976,10.350407],[107.066186,10.350365],[107.066685,10.350625],[107.066877,10.350327],[107.06708,10.350365],[107.067344,10.350219],[107.067415,10.349965],[107.06817,10.35001],[107.069842,10.349431],[107.072415,10.347464],[107.072607,10.346992],[107.073477,10.3459],[107.073996,10.344395],[107.074218,10.343314],[107.074222,10.342612],[107.073926,10.341721],[107.072504,10.340439],[107.072019,10.339828],[107.071695,10.33979],[107.07142,10.339381],[107.070793,10.339335],[107.070762,10.338987],[107.071491,10.338552],[107.071294,10.337576],[107.071308,10.336348],[107.071532,10.334679],[107.072352,10.332932],[107.072975,10.332361],[107.073631,10.331102],[107.073899,10.330861],[107.07489,10.330461],[107.076382,10.330152],[107.076905,10.329495],[107.077484,10.329271],[107.078222,10.328759],[107.080726,10.327439],[107.080793,10.327267],[107.080589,10.326823],[107.081289,10.325635],[107.082537,10.324548],[107.083404,10.323204],[107.083102,10.32228],[107.083277,10.321352],[107.083194,10.32079],[107.083319,10.320497],[107.08368,10.320285],[107.083713,10.32062],[107.083969,10.320995],[107.083863,10.321468],[107.084123,10.322423],[107.084586,10.32275],[107.085229,10.322668],[107.086139,10.323366],[107.086693,10.323984],[107.086922,10.324997],[107.087177,10.325521],[107.087221,10.326334],[107.088035,10.32721],[107.08805,10.328142],[107.088399,10.328487],[107.088874,10.329968],[107.089445,10.330868],[107.089654,10.331929],[107.090468,10.333344],[107.090707,10.334332],[107.091414,10.335089],[107.093154,10.338528],[107.093716,10.339113],[107.09418,10.340265],[107.095204,10.341657],[107.095902,10.342047],[107.096454,10.343292],[107.097054,10.344286],[107.097901,10.345141],[107.098684,10.346348],[107.099244,10.347693],[107.100259,10.348517],[107.100764,10.349217],[107.101229,10.349393],[107.10169,10.350129],[107.102141,10.350391],[107.103137,10.35192],[107.104101,10.353126],[107.105379,10.354567],[107.105962,10.35503],[107.108585,10.358277],[107.108941,10.358411],[107.109525,10.359053],[107.109976,10.359366],[107.110935,10.360765],[107.111727,10.361212],[107.112224,10.361747],[107.11309,10.362301],[107.113973,10.3633],[107.11465,10.363704],[107.115022,10.364089],[107.115611,10.364358],[107.116268,10.365178],[107.1175,10.366211],[107.118344,10.366686],[107.119154,10.367577],[107.119865,10.367974],[107.119962,10.367944],[107.11996,10.367675],[107.120269,10.367804],[107.12171,10.369277],[107.122435,10.369416],[107.123248,10.369961],[107.124908,10.371582],[107.125626,10.371613],[107.12605,10.371808],[107.126664,10.372395],[107.127414,10.37351],[107.127864,10.373792],[107.128079,10.373552],[107.128381,10.373502],[107.129832,10.374766],[107.130356,10.375378],[107.130665,10.375514],[107.130936,10.375416],[107.131256,10.375492],[107.131944,10.376306],[107.132539,10.376787],[107.133158,10.377147],[107.13358,10.377007],[107.133797,10.377071],[107.134733,10.377896],[107.135235,10.378102],[107.136395,10.378985],[107.138129,10.379984],[107.138679,10.380136],[107.139469,10.38083],[107.140261,10.380932],[107.143809,10.383162],[107.144552,10.383223],[107.145226,10.383805],[107.146493,10.384519],[107.15064,10.38615],[107.151344,10.386195],[107.152506,10.386632],[107.154059,10.386966],[107.156682,10.389101],[107.158172,10.390748],[107.158857,10.391346],[107.158983,10.391639],[107.159066,10.393195],[107.160484,10.395065],[107.162951,10.397517],[107.165674,10.399664],[107.165988,10.400553],[107.165802,10.401829],[107.176955,10.40125],[107.176981,10.400807],[107.177344,10.400431],[107.177904,10.400142],[107.178493,10.400027],[107.180872,10.400377],[107.182005,10.40067],[107.192212,10.403876],[107.196335,10.404862],[107.196935,10.404781],[107.197959,10.405192],[107.20006,10.405694],[107.203985,10.405898],[107.205337,10.406333],[107.206265,10.406373],[107.207307,10.406043],[107.208798,10.405961],[107.209938,10.405702],[107.2102,10.405287],[107.210603,10.405033],[107.211597,10.404722],[107.212584,10.404201],[107.21315,10.403982],[107.215062,10.403604],[107.215951,10.403795],[107.216286,10.404181],[107.215708,10.404787],[107.216601,10.404043],[107.216339,10.403977],[107.216058,10.403579],[107.215942,10.40337],[107.216001,10.403161],[107.216445,10.402835],[107.218001,10.402436],[107.218614,10.402114],[107.219406,10.401386],[107.220058,10.400454],[107.221637,10.399116],[107.222536,10.398518],[107.22288,10.397934],[107.222714,10.397752],[107.222731,10.39753],[107.225219,10.394752],[107.227058,10.393332],[107.22865,10.391706],[107.229177,10.391415],[107.2295,10.391004],[107.230914,10.389794],[107.233901,10.386274],[107.234964,10.385434],[107.235612,10.384191],[107.236635,10.382755],[107.237598,10.382439],[107.238369,10.381706],[107.239544,10.379784],[107.239856,10.379009],[107.240668,10.378906],[107.240817,10.378417],[107.241435,10.377921],[107.241791,10.377864],[107.242581,10.378001],[107.243191,10.37837],[107.243509,10.37835],[107.24465,10.379514],[107.246132,10.380602],[107.248008,10.381012],[107.249954,10.380545],[107.251151,10.381003],[107.251972,10.381035],[107.253074,10.379789],[107.253918,10.379503],[107.254476,10.379484],[107.255849,10.380137],[107.256261,10.380141],[107.257098,10.380733],[107.257952,10.381863],[107.259195,10.382697],[107.25976,10.38399],[107.260437,10.384888],[107.260994,10.385996],[107.261409,10.386543],[107.262738,10.389104],[107.263448,10.389619],[107.263671,10.390479],[107.264786,10.391768],[107.265294,10.392733],[107.266243,10.393778],[107.26651,10.394676],[107.266723,10.394953],[107.267349,10.395407],[107.268095,10.395636],[107.268902,10.395649],[107.269175,10.395757],[107.269984,10.396435],[107.270495,10.396737],[107.27085,10.396801],[107.271037,10.397149],[107.272184,10.398272],[107.272764,10.398632],[107.275382,10.402561],[107.276174,10.403482],[107.276428,10.403516],[107.276801,10.404045],[107.277557,10.404303],[107.28014,10.408201],[107.280821,10.408895],[107.281218,10.409532],[107.281894,10.410086],[107.282485,10.411035],[107.283276,10.411795],[107.283555,10.41246],[107.284836,10.41369],[107.285666,10.414958],[107.286351,10.415288],[107.287187,10.41663],[107.28866,10.418021],[107.289714,10.419311],[107.290339,10.419802],[107.291326,10.420991],[107.292121,10.421428],[107.292852,10.422415],[107.293899,10.423537],[107.295667,10.425007],[107.296712,10.426423],[107.297193,10.42686],[107.297699,10.426973],[107.298243,10.427524],[107.299307,10.428196],[107.299885,10.428985],[107.300736,10.429417],[107.303209,10.431659],[107.304025,10.432184],[107.306404,10.434433],[107.307826,10.435607],[107.30898,10.436854],[107.309491,10.437606],[107.310221,10.438261],[107.310511,10.437904],[107.310939,10.438131],[107.311218,10.438645],[107.311957,10.439529],[107.315348,10.442453],[107.315832,10.443088],[107.316367,10.443063],[107.316654,10.443613],[107.318318,10.445215],[107.318965,10.445454],[107.320412,10.446606],[107.323309,10.447861],[107.325193,10.448838],[107.326615,10.448978],[107.327012,10.449764],[107.328008,10.450166],[107.327993,10.450644],[107.330407,10.452004],[107.332081,10.452594],[107.33434,10.452744],[107.332908,10.45177],[107.333021,10.451387],[107.33372,10.450435],[107.333645,10.449469],[107.333885,10.449343],[107.334137,10.449418],[107.335431,10.450566],[107.335712,10.450659],[107.336137,10.450599],[107.336554,10.450825],[107.338246,10.452276],[107.339557,10.453118],[107.340429,10.453456],[107.341818,10.454392],[107.342592,10.454569],[107.347236,10.456629],[107.347844,10.456567],[107.34963,10.457606],[107.35072,10.458574],[107.351271,10.458627],[107.351901,10.458938],[107.353426,10.459998],[107.35404,10.460577],[107.35459,10.460553],[107.355007,10.460732],[107.357157,10.462686],[107.357785,10.462586],[107.358269,10.462764],[107.359456,10.463817],[107.363677,10.46612],[107.36447,10.466228],[107.365954,10.466925],[107.367755,10.46739],[107.368634,10.467393],[107.370175,10.467944],[107.373975,10.468092],[107.376777,10.468035],[107.378309,10.468139],[107.379833,10.468436],[107.380281,10.468325],[107.381587,10.468423],[107.383724,10.468314],[107.386418,10.468362],[107.38717,10.468127],[107.388341,10.468338],[107.390588,10.468518],[107.391071,10.468448],[107.391417,10.468196],[107.391687,10.468156],[107.39284,10.468559],[107.394375,10.468384],[107.395101,10.468551],[107.396114,10.468285],[107.39824,10.468384],[107.399456,10.468155],[107.400729,10.4681],[107.403764,10.468192],[107.40502,10.468125],[107.406085,10.467681],[107.407067,10.467684],[107.407375,10.467581],[107.40775,10.467119],[107.408075,10.467009],[107.409037,10.467193],[107.409224,10.467156],[107.409411,10.466794],[107.409622,10.466658],[107.410821,10.466783],[107.411399,10.466454],[107.413363,10.466045],[107.414475,10.46619],[107.417599,10.467396],[107.418405,10.467262],[107.421489,10.468029],[107.422022,10.46774],[107.422421,10.467758],[107.42602,10.468793],[107.428055,10.469767],[107.4303,10.469644],[107.432076,10.469928],[107.433021,10.469954],[107.433154,10.469735],[107.433437,10.469679],[107.4359,10.47033],[107.436598,10.470255],[107.437493,10.469976],[107.438365,10.469909],[107.438784,10.469399],[107.440035,10.468931],[107.440213,10.468628],[107.440239,10.468255],[107.440491,10.468052],[107.441438,10.467737],[107.44222,10.467666],[107.445291,10.469263],[107.446846,10.471597],[107.452199,10.478671],[107.453305,10.480978],[107.455249,10.483648],[107.45613,10.484284],[107.458792,10.487319],[107.459857,10.488201],[107.462801,10.492051],[107.463407,10.49304],[107.464669,10.494327],[107.4667,10.496176],[107.46927,10.497762],[107.470833,10.498336],[107.471997,10.498441],[107.473258,10.49873],[107.474648,10.498668],[107.475974,10.499011],[107.479274,10.498326],[107.480428,10.497714],[107.481673,10.497475],[107.482429,10.496957],[107.483405,10.496639],[107.484087,10.496568],[107.48716,10.497147],[107.489638,10.49812],[107.490962,10.498367],[107.49209,10.498955],[107.493997,10.499496],[107.496602,10.500672],[107.497785,10.500965],[107.498114,10.500851],[107.498552,10.500306],[107.499117,10.500313],[107.499496,10.500066],[107.500006,10.500019],[107.5003,10.499626],[107.500837,10.499704],[107.501224,10.499536],[107.501733,10.499751],[107.502479,10.499621],[107.502982,10.500033],[107.503462,10.500223],[107.504008,10.500206],[107.504921,10.500647],[107.506955,10.501191],[107.507292,10.50113],[107.507565,10.500824],[107.508005,10.500803],[107.508081,10.500567],[107.508326,10.500495],[107.508704,10.500617],[107.509494,10.50055],[107.511569,10.501385],[107.511924,10.501284],[107.512218,10.500934],[107.512515,10.500924],[107.513855,10.502075],[107.51448,10.502787],[107.515411,10.503182],[107.518286,10.507123],[107.522484,10.513951],[107.52354,10.51619],[107.528251,10.52342],[107.529689,10.524999],[107.531111,10.526834],[107.534684,10.530111],[107.535788,10.530748],[107.537193,10.532625],[107.539642,10.536646],[107.541878,10.539674],[107.543093,10.540705],[107.543554,10.540834],[107.544332,10.541325],[107.547616,10.544461],[107.547764,10.543102],[107.548005,10.542573],[107.548241,10.542559],[107.548513,10.543376],[107.549324,10.544781],[107.549475,10.545506],[107.550062,10.546343],[107.552719,10.551292],[107.554408,10.553528],[107.555323,10.555096],[107.556243,10.555913],[107.556972,10.55685],[107.558169,10.557887],[107.560544,10.560995],[107.561596,10.562019],[107.564664,10.564378],[107.564798,10.564798],[107.564311,10.564883],[107.564251,10.564697],[107.563385,10.564044],[107.563214,10.564059],[107.563268,10.564365],[107.563792,10.564723],[107.564125,10.565202],[107.564708,10.565024],[107.565031,10.565466],[107.56536,10.565521],[107.565833,10.56599],[107.566103,10.565907],[107.566178,10.565677],[107.565645,10.565471],[107.565294,10.565167],[107.56524,10.564863],[107.566885,10.565674],[107.567309,10.566116],[107.568009,10.566583],[107.56859,10.566751],[107.570291,10.568076],[107.570024,10.570569],[107.569576,10.5721],[107.56979,10.572724],[107.569143,10.578684],[107.569277,10.579138],[107.569588,10.579437],[107.569636,10.579676],[107.56932,10.580342],[107.569198,10.581455],[107.568641,10.581499],[107.568486,10.582042],[107.568274,10.582306],[107.568371,10.583503],[107.568126,10.58453],[107.568448,10.584936],[107.568435,10.585112],[107.568267,10.585332],[107.567716,10.585564],[107.570363,10.59277],[107.571062,10.596154],[107.57098,10.596537],[107.571928,10.6002],[107.571789,10.600496],[107.570596,10.601744],[107.570261,10.602249],[107.569499,10.602437],[107.56885,10.602917],[107.568003,10.602945],[107.568067,10.603685],[107.567743,10.604223],[107.566694,10.604729],[107.565931,10.605381],[107.565552,10.606461],[107.56463,10.607684],[107.564386,10.608307],[107.56462,10.610754],[107.564879,10.611354],[107.564725,10.612109],[107.565113,10.612909],[107.565082,10.613814],[107.563436,10.615218],[107.566169,10.615835],[107.566654,10.61582],[107.567062,10.616068],[107.5676,10.615848],[107.567627,10.616146],[107.567473,10.616601],[107.56787,10.616927],[107.568092,10.61733],[107.568006,10.618583],[107.568233,10.619024],[107.567524,10.619412],[107.567139,10.621125],[107.56687,10.621455],[107.566484,10.621494],[107.566262,10.6217],[107.566442,10.623079],[107.565917,10.623125],[107.56524,10.62298],[107.56504,10.623353],[107.565147,10.62366],[107.564912,10.623796],[107.564836,10.624132],[107.56455,10.624392],[107.564526,10.624962],[107.564178,10.625325],[107.563543,10.625557],[107.563319,10.625757],[107.563286,10.625949],[107.563449,10.626197],[107.563925,10.62641],[107.563863,10.627012],[107.563026,10.626917],[107.562924,10.627332],[107.562249,10.627864],[107.562415,10.628428],[107.562864,10.628839],[107.562825,10.629528],[107.563175,10.630131],[107.563093,10.630524],[107.562779,10.630946],[107.56274,10.631438],[107.562321,10.63171],[107.562161,10.632076],[107.562223,10.632506],[107.562754,10.632565],[107.562479,10.633525],[107.562098,10.633649],[107.561694,10.633296],[107.56143,10.633322],[107.561457,10.633978],[107.561117,10.634413],[107.561031,10.634875],[107.560274,10.635286],[107.560132,10.636239],[107.559656,10.637057],[107.559502,10.637571],[107.558654,10.638111],[107.558439,10.638041],[107.558339,10.637699],[107.558036,10.63772],[107.558033,10.638442],[107.557802,10.638624],[107.557436,10.638584],[107.557343,10.639025],[107.556936,10.639115],[107.556867,10.640305],[107.557026,10.640967],[107.556609,10.641202],[107.556582,10.641588],[107.555978,10.641537],[107.555521,10.641763],[107.555472,10.642515],[107.555584,10.643284],[107.555266,10.644148],[107.555657,10.644298],[107.556091,10.644271],[107.556074,10.644623],[107.556244,10.64513],[107.555817,10.645205],[107.555519,10.644968],[107.55529,10.645004],[107.555192,10.645348],[107.555509,10.646062],[107.555393,10.646288],[107.555092,10.646463],[107.554312,10.646352],[107.554083,10.646558],[107.553749,10.646629],[107.553748,10.646783],[107.554293,10.64716],[107.554179,10.647726],[107.554008,10.647795],[107.55363,10.64769],[107.553401,10.648136],[107.553421,10.648632],[107.553324,10.648789],[107.552628,10.648794],[107.552067,10.649007],[107.552013,10.649719],[107.551786,10.649891],[107.551246,10.650009],[107.55114,10.650761],[107.550589,10.651409],[107.550876,10.652129],[107.550799,10.65285],[107.550971,10.653124],[107.551306,10.653298],[107.551339,10.653696],[107.550771,10.654025],[107.550343,10.654542],[107.550117,10.655068],[107.550252,10.655616],[107.549834,10.656067],[107.549842,10.656577],[107.549216,10.656973],[107.54904,10.657208],[107.549109,10.657431],[107.549628,10.657765],[107.549718,10.658021],[107.549336,10.6583],[107.549072,10.658737],[107.549023,10.658991],[107.549203,10.659325],[107.549092,10.659681],[107.548923,10.659958],[107.548702,10.660008],[107.548573,10.659466],[107.5483,10.659428],[107.547949,10.659747],[107.547857,10.660086],[107.547916,10.660237],[107.548258,10.66039],[107.54828,10.660935],[107.548872,10.661461],[107.548891,10.662173],[107.548739,10.662381],[107.548121,10.662518],[107.547828,10.663051],[107.547692,10.662943],[107.547643,10.662582],[107.547489,10.66249],[107.547312,10.662549],[107.547099,10.663021],[107.547099,10.663509],[107.546903,10.663771],[107.546455,10.663713],[107.546383,10.663536],[107.546622,10.663406],[107.546606,10.66322],[107.546014,10.662929],[107.545455,10.66335],[107.54527,10.664157],[107.545688,10.66436],[107.546278,10.664365],[107.546315,10.664724],[107.545998,10.664859],[107.545494,10.66466],[107.545219,10.664706],[107.545201,10.665156],[107.545013,10.665621],[107.545192,10.665977],[107.545142,10.666234],[107.544201,10.6669],[107.544371,10.667786],[107.543993,10.668253],[107.544079,10.669557],[107.54425,10.669752],[107.544804,10.669781],[107.544902,10.66995],[107.544814,10.670151],[107.544238,10.670359],[107.543528,10.67142],[107.543619,10.671613],[107.543977,10.671666],[107.544578,10.671151],[107.544731,10.671155],[107.544801,10.671358],[107.544573,10.672008],[107.543752,10.672452],[107.54364,10.672882],[107.54339,10.673038],[107.543147,10.673439],[107.54172,10.673399],[107.541366,10.673484],[107.54105,10.673824],[107.540945,10.674197],[107.541235,10.674627],[107.540539,10.675172],[107.540371,10.675166],[107.540008,10.674875],[107.539716,10.674456],[107.539539,10.674468],[107.539417,10.674774],[107.539711,10.675157],[107.539814,10.675539],[107.539665,10.675809],[107.539038,10.675993],[107.538929,10.676133],[107.538954,10.676758],[107.539578,10.677172],[107.538691,10.677694],[107.538576,10.678119],[107.538227,10.678561],[107.538392,10.679079],[107.53831,10.679744],[107.538485,10.679724],[107.538623,10.679527],[107.538916,10.678785],[107.539207,10.679229],[107.539552,10.679331],[107.539813,10.679654],[107.540419,10.679906],[107.540405,10.680109],[107.539928,10.680626],[107.539878,10.680884],[107.540016,10.681346],[107.540634,10.681424],[107.540755,10.681556],[107.540732,10.681858],[107.540869,10.68212],[107.540501,10.682234],[107.540433,10.682438],[107.540569,10.683102],[107.541228,10.683659],[107.542036,10.683816],[107.542103,10.684047],[107.541873,10.684431],[107.541969,10.684998],[107.54211,10.685244],[107.542608,10.685432],[107.542335,10.685934],[107.541861,10.686418],[107.542003,10.686775],[107.541892,10.687044],[107.54263,10.687323],[107.542677,10.68752],[107.542077,10.687486],[107.541967,10.687848],[107.54279,10.688174],[107.543388,10.687952],[107.543579,10.68804],[107.543286,10.68857],[107.543832,10.689267],[107.543374,10.68921],[107.543199,10.689333],[107.543189,10.689677],[107.54291,10.690426],[107.543341,10.690378],[107.54354,10.691028],[107.544405,10.691337],[107.544484,10.691571],[107.544222,10.691759],[107.544231,10.69196],[107.54506,10.692168],[107.545144,10.69231],[107.545146,10.692668],[107.544838,10.692999],[107.54484,10.693213],[107.545836,10.693216],[107.545865,10.693398],[107.545581,10.693581],[107.54554,10.693855],[107.546409,10.694496],[107.54648,10.694658],[107.546571,10.695143],[107.546345,10.695409],[107.546247,10.695903],[107.545068,10.695964],[107.545084,10.696197],[107.545313,10.696308],[107.545338,10.696507],[107.545245,10.696753],[107.544634,10.697304],[107.54493,10.697683],[107.5449,10.697876],[107.544756,10.697931],[107.544223,10.697686],[107.544062,10.698316],[107.543588,10.698188],[107.543383,10.698417],[107.543432,10.698579],[107.543915,10.698913],[107.544052,10.699303],[107.543926,10.699627],[107.543401,10.699569],[107.543341,10.700048],[107.5438,10.700365],[107.543891,10.700895],[107.544506,10.701074],[107.544645,10.701233],[107.544314,10.701912],[107.543765,10.70218],[107.543682,10.702462],[107.544011,10.702878],[107.544158,10.70338],[107.544085,10.704179],[107.543708,10.705153],[107.543785,10.705498],[107.544219,10.705804],[107.54425,10.706017],[107.543337,10.706786],[107.543328,10.707088],[107.543054,10.707263],[107.542906,10.707571],[107.543052,10.70806],[107.542544,10.708068],[107.542019,10.709378],[107.541298,10.709291],[107.540961,10.70949],[107.540505,10.709336],[107.539959,10.709833],[107.539912,10.71006],[107.540033,10.710251],[107.540196,10.71023],[107.540428,10.709974],[107.540531,10.710017],[107.540653,10.710917],[107.540588,10.711163],[107.540204,10.711197],[107.539499,10.710813],[107.539231,10.710893],[107.539239,10.711098],[107.539711,10.711624],[107.539694,10.712025],[107.539556,10.712239],[107.539746,10.71288],[107.53932,10.713674],[107.538724,10.713921],[107.538526,10.714514],[107.538657,10.71507],[107.538413,10.715087],[107.537805,10.714855],[107.537352,10.714988],[107.53742,10.715298],[107.538023,10.715536],[107.538017,10.715917],[107.537124,10.716348],[107.536555,10.716145],[107.536169,10.716681],[107.536267,10.717551],[107.535685,10.717955],[107.535528,10.718222],[107.535694,10.718769],[107.535605,10.719423],[107.535728,10.720141],[107.535591,10.720377],[107.535252,10.720595],[107.535054,10.721349],[107.534226,10.721817],[107.533792,10.721706],[107.533326,10.722001],[107.532688,10.72215],[107.532527,10.722081],[107.532416,10.721428],[107.532181,10.721368],[107.531941,10.721741],[107.531214,10.722384],[107.531121,10.722796],[107.53013,10.722902],[107.52973,10.723079],[107.529398,10.723441],[107.529295,10.723849],[107.529103,10.723966],[107.528123,10.723923],[107.527873,10.72504],[107.527969,10.726437],[107.527105,10.727299],[107.526955,10.728021],[107.526571,10.728215],[107.526404,10.728506],[107.526369,10.728884],[107.526536,10.729223],[107.526188,10.729658],[107.526147,10.729996],[107.526421,10.730455],[107.525889,10.731612],[107.525656,10.731774],[107.525195,10.731486],[107.524346,10.731404],[107.523974,10.73145],[107.5234,10.731723],[107.522901,10.731652],[107.52262,10.732033],[107.522033,10.732485],[107.522125,10.732735],[107.522427,10.732933],[107.522393,10.733527],[107.522252,10.733662],[107.521615,10.733748],[107.521372,10.734201],[107.520688,10.734267],[107.52057,10.734551],[107.520079,10.734769],[107.519834,10.735018],[107.519549,10.735505],[107.519323,10.735522],[107.519133,10.735174],[107.518877,10.735355],[107.518583,10.735272],[107.518229,10.735456],[107.517545,10.735057],[107.516982,10.735326],[107.516824,10.734723],[107.516273,10.734955],[107.516053,10.735212],[107.515871,10.735068],[107.515731,10.7351],[107.515676,10.735313],[107.515793,10.735596],[107.515535,10.737242],[107.515652,10.73805],[107.515361,10.738678],[107.515182,10.738828],[107.514103,10.739118],[107.513273,10.739633],[107.512912,10.740061],[107.512576,10.740094],[107.512346,10.740252],[107.512449,10.741178],[107.512365,10.741817],[107.512012,10.74234],[107.512172,10.742964],[107.512096,10.74317],[107.511343,10.743469],[107.510741,10.743995],[107.510094,10.744081],[107.509691,10.744491],[107.509267,10.744724],[107.506726,10.745538],[107.506149,10.745916],[107.505787,10.747219],[107.505933,10.749433],[107.506015,10.749651],[107.50667,10.750317],[107.50634,10.751357],[107.5067,10.752181],[107.506793,10.752815],[107.506755,10.754403],[107.507828,10.756101],[107.507855,10.756467],[107.506878,10.757583],[107.50645,10.757768],[107.505915,10.757797],[107.505439,10.758028],[107.50447,10.758873],[107.503907,10.759536],[107.501822,10.761218],[107.504872,10.771404],[107.502389,10.771008],[107.501219,10.770424],[107.500711,10.769632],[107.499774,10.769314],[107.498574,10.768209],[107.497653,10.767817],[107.495831,10.767443],[107.495237,10.768081],[107.493989,10.767753],[107.490786,10.76879],[107.486674,10.768579],[107.48505,10.768356],[107.483579,10.770156],[107.482177,10.772735],[107.48135,10.77466],[107.479927,10.776475],[107.479607,10.776609],[107.479271,10.777152],[107.478845,10.777258],[107.478622,10.777581],[107.477761,10.779875],[107.477238,10.780822],[107.476669,10.781298],[107.476943,10.781968],[107.47696,10.78216],[107.476803,10.782282],[107.476929,10.782779],[107.476598,10.783088],[107.476345,10.783582],[107.475641,10.783869],[107.475704,10.784558],[107.475261,10.785429],[107.475288,10.785899],[107.474599,10.786693],[107.474652,10.787016],[107.475015,10.787342],[107.475156,10.787818],[107.474973,10.788178],[107.474948,10.788678],[107.474647,10.788917],[107.474496,10.78941],[107.474306,10.789615],[107.474146,10.790313],[107.473755,10.790885],[107.473738,10.791347],[107.472928,10.791937],[107.472381,10.792666],[107.472283,10.793122],[107.47196,10.793416],[107.471821,10.793753],[107.470975,10.793607],[107.465434,10.791979],[107.457544,10.791305],[107.457516,10.791611],[107.457986,10.79215],[107.457934,10.793175],[107.458179,10.793689],[107.457723,10.795377],[107.45776,10.796191],[107.457343,10.796979],[107.456627,10.797778],[107.456295,10.799036],[107.455675,10.799213],[107.455459,10.7994],[107.454878,10.800821],[107.454092,10.801622],[107.454013,10.802316],[107.453744,10.802998],[107.45355,10.803042],[107.453042,10.80282],[107.452877,10.80319],[107.452264,10.80339],[107.452312,10.803771],[107.452188,10.803911],[107.451899,10.803768],[107.451277,10.803851],[107.450735,10.803598],[107.449746,10.804347],[107.449436,10.804134],[107.449148,10.804447],[107.448857,10.804294],[107.448544,10.804536],[107.44857,10.80395],[107.44843,10.803849],[107.447889,10.804284],[107.447302,10.804127],[107.446965,10.804357],[107.446257,10.804225],[107.445937,10.804383],[107.445747,10.804074],[107.445451,10.804064],[107.445666,10.804737],[107.445556,10.80491],[107.444842,10.804519],[107.444417,10.804508],[107.444275,10.803849],[107.44362,10.80361],[107.443762,10.803186],[107.443681,10.803015],[107.4433,10.802833],[107.442801,10.802082],[107.442321,10.80198],[107.442394,10.801444],[107.441918,10.80172],[107.441685,10.80166],[107.441425,10.801246],[107.44095,10.801145],[107.440629,10.800865],[107.440368,10.800872],[107.440109,10.800525],[107.439774,10.800437],[107.439601,10.800034],[107.438954,10.799881],[107.438773,10.799911],[107.438413,10.800244],[107.438224,10.800174],[107.4381,10.799264],[107.437119,10.798674],[107.437654,10.798383],[107.437414,10.798021],[107.437529,10.797555],[107.437425,10.797269],[107.437038,10.79692],[107.436824,10.79652],[107.43616,10.796081],[107.436091,10.795558],[107.436281,10.794818],[107.4362,10.794696],[107.435604,10.794565],[107.434881,10.794092],[107.435204,10.793564],[107.435734,10.793588],[107.435834,10.793372],[107.435728,10.792835],[107.435451,10.792672],[107.435132,10.792704],[107.434828,10.792814],[107.434621,10.793217],[107.434403,10.793211],[107.433963,10.792632],[107.434209,10.791917],[107.433806,10.791835],[107.433803,10.791447],[107.433644,10.791425],[107.433264,10.791719],[107.432742,10.79136],[107.432672,10.790829],[107.432757,10.790345],[107.432645,10.790212],[107.431978,10.790577],[107.431812,10.79042],[107.431853,10.790114],[107.431243,10.789973],[107.430817,10.789352],[107.430714,10.788212],[107.430605,10.788149],[107.43046,10.788257],[107.429951,10.789014],[107.42969,10.789024],[107.429173,10.788561],[107.42909,10.788189],[107.428776,10.787919],[107.42873,10.787632],[107.428238,10.787708],[107.428315,10.787377],[107.427828,10.787489],[107.427465,10.787391],[107.426713,10.78754],[107.426425,10.787772],[107.426243,10.787773],[107.426354,10.787091],[107.426901,10.786877],[107.426711,10.786601],[107.425973,10.786793],[107.425908,10.78665],[107.426122,10.786196],[107.426016,10.785738],[107.425726,10.78574],[107.425534,10.78542],[107.425848,10.784808],[107.426123,10.784712],[107.426237,10.78446],[107.425119,10.784433],[107.425125,10.784261],[107.425538,10.784069],[107.425589,10.783825],[107.425211,10.783761],[107.425184,10.783218],[107.424482,10.782901],[107.423644,10.782113],[107.423612,10.781683],[107.42396,10.781509],[107.424055,10.781288],[107.423788,10.781166],[107.423462,10.78129],[107.423374,10.781176],[107.423412,10.780444],[107.423575,10.779991],[107.423024,10.780103],[107.422842,10.779961],[107.422851,10.779396],[107.422531,10.77939],[107.422436,10.779217],[107.422416,10.778299],[107.422296,10.778066],[107.42196,10.778051],[107.421913,10.777815],[107.421803,10.777798],[107.421719,10.778207],[107.421574,10.778309],[107.421357,10.778102],[107.421332,10.777632],[107.421171,10.777596],[107.420739,10.777791],[107.420564,10.777697],[107.420585,10.777546],[107.421465,10.777174],[107.421587,10.776754],[107.420914,10.776371],[107.420965,10.775978],[107.420541,10.776087],[107.420289,10.77599],[107.419883,10.775394],[107.419444,10.775016],[107.419527,10.774409],[107.419211,10.774043],[107.419588,10.773827],[107.419714,10.773591],[107.420171,10.773419],[107.420087,10.772685],[107.420178,10.772174],[107.420064,10.771963],[107.419587,10.771866],[107.419504,10.771541],[107.41909,10.771038],[107.418873,10.771103],[107.418884,10.771651],[107.418471,10.772432],[107.418069,10.772228],[107.41699,10.772172],[107.416746,10.772571],[107.416611,10.772601],[107.41607,10.772339],[107.415996,10.772775],[107.415633,10.772747],[107.41556,10.773252],[107.415399,10.773397],[107.414988,10.773098],[107.415307,10.772766],[107.4151,10.772617],[107.414107,10.772972],[107.413809,10.773299],[107.41302,10.773162],[107.412964,10.773703],[107.412566,10.773529],[107.412445,10.773592],[107.412582,10.77413],[107.412384,10.774386],[107.412174,10.774388],[107.411989,10.77397],[107.41179,10.774079],[107.41176,10.774384],[107.41209,10.774797],[107.412044,10.774937],[107.411779,10.774904],[107.411197,10.774245],[107.410665,10.774407],[107.410694,10.774876],[107.410549,10.774917],[107.410341,10.774761],[107.410323,10.774252],[107.409909,10.774628],[107.409688,10.774672],[107.409352,10.774015],[107.408961,10.774022],[107.408447,10.774245],[107.408215,10.774196],[107.408218,10.774085],[107.408709,10.773859],[107.408705,10.773751],[107.407888,10.773654],[107.407806,10.773382],[107.407904,10.772968],[107.407552,10.772899],[107.407543,10.772283],[107.406665,10.771346],[107.406134,10.771178],[107.405867,10.771309],[107.405751,10.770349],[107.405569,10.7703],[107.405365,10.770689],[107.405126,10.770774],[107.40412,10.770512],[107.404092,10.770251],[107.404507,10.769939],[107.404566,10.769612],[107.403972,10.769789],[107.403352,10.769338],[107.402938,10.769711],[107.402728,10.769741],[107.402507,10.769331],[107.402472,10.768976],[107.402113,10.769065],[107.401499,10.768955],[107.401059,10.769114],[107.400793,10.769029],[107.400647,10.768381],[107.399984,10.768099],[107.399997,10.767951],[107.400404,10.767651],[107.400439,10.767478],[107.399858,10.766791],[107.399985,10.765965],[107.399005,10.765875],[107.398869,10.765249],[107.398296,10.764794],[107.398091,10.7641],[107.397613,10.763716],[107.397343,10.763076],[107.394928,10.763099],[107.394194,10.762975],[107.393914,10.762749],[107.393806,10.76238],[107.393944,10.761475],[107.392674,10.76015],[107.392504,10.759821],[107.392524,10.759585],[107.393172,10.758525],[107.392864,10.757154],[107.392569,10.756575],[107.391549,10.755486],[107.39125,10.755348],[107.390993,10.755389],[107.390726,10.755585],[107.389907,10.756693],[107.389242,10.756673],[107.388851,10.756226],[107.38863,10.75486],[107.387485,10.754599],[107.386762,10.753855],[107.385781,10.753412],[107.385391,10.752307],[107.385175,10.752071],[107.383677,10.751576],[107.383057,10.751163],[107.382917,10.750807],[107.383047,10.749815],[107.382831,10.748797],[107.383174,10.747889],[107.38288,10.7477],[107.382378,10.747994],[107.381208,10.748071],[107.380617,10.747817],[107.380443,10.747554],[107.380455,10.74648],[107.379441,10.744193],[107.379511,10.743844],[107.379948,10.743307],[107.380141,10.742793],[107.380096,10.741797],[107.37984,10.741163],[107.379609,10.741024],[107.379407,10.741098],[107.378876,10.742102],[107.378577,10.742241],[107.378285,10.742151],[107.378161,10.741969],[107.37801,10.740388],[107.37738,10.739584],[107.376341,10.737626],[107.374873,10.736786],[107.374305,10.735678],[107.373588,10.734975],[107.373105,10.734737],[107.371551,10.73466],[107.370955,10.734321],[107.3709,10.733521],[107.371703,10.732746],[107.371843,10.732425],[107.371842,10.732123],[107.371592,10.731589],[107.371254,10.731339],[107.370843,10.731263],[107.370162,10.731836],[107.369787,10.732618],[107.368629,10.733208],[107.3683,10.733235],[107.366989,10.731755],[107.36621,10.730593],[107.365876,10.730454],[107.36557,10.730489],[107.364281,10.731233],[107.363702,10.731149],[107.363524,10.73088],[107.363824,10.730084],[107.363715,10.729788],[107.362936,10.729256],[107.3622,10.72901],[107.361073,10.728193],[107.360841,10.72786],[107.360775,10.727502],[107.361225,10.7261],[107.361215,10.724809],[107.361117,10.724451],[107.360056,10.723216],[107.359456,10.722288],[107.359339,10.72179],[107.359855,10.719764],[107.356352,10.712917],[107.35138,10.710548],[107.349392,10.70652],[107.352853,10.697055],[107.350734,10.68434],[107.352209,10.678529],[107.348596,10.676814],[107.344158,10.675418],[107.341577,10.676686],[107.338286,10.677939],[107.331726,10.677388],[107.331452,10.677173],[107.331106,10.676323],[107.330928,10.676175],[107.329581,10.676454],[107.328829,10.67633],[107.328362,10.676395],[107.328101,10.676272],[107.327743,10.675934],[107.327576,10.675035],[107.327061,10.674425],[107.325922,10.674073],[107.325225,10.673511],[107.324644,10.673486],[107.324343,10.673144],[107.323961,10.673082],[107.323712,10.672665],[107.323058,10.67223],[107.322863,10.671617],[107.322931,10.670846],[107.322694,10.670475],[107.321762,10.670088],[107.32156,10.669852],[107.320629,10.669837],[107.320039,10.669552],[107.319655,10.669558],[107.319513,10.669395],[107.319241,10.669412],[107.318642,10.669118],[107.318436,10.668856],[107.317894,10.668722],[107.317264,10.668886],[107.317022,10.669156],[107.316172,10.669084],[107.315902,10.669247],[107.315798,10.669624],[107.315257,10.670073],[107.314656,10.670437],[107.314421,10.670314],[107.314173,10.670379],[107.3139,10.670671],[107.313509,10.670801],[107.312896,10.671902],[107.312568,10.672039],[107.312394,10.67233],[107.31226,10.672152],[107.311957,10.67236],[107.311872,10.672992],[107.311462,10.672947],[107.311367,10.672637],[107.311028,10.672805],[107.310881,10.673136],[107.310901,10.673552],[107.310614,10.673526],[107.310478,10.673664],[107.310544,10.674088],[107.310237,10.67448],[107.310497,10.674978],[107.310208,10.675274],[107.310109,10.67572],[107.309914,10.675821],[107.309646,10.675716],[107.309318,10.67585],[107.309062,10.676596],[107.308306,10.676749],[107.308173,10.67735],[107.307978,10.677494],[107.30742,10.677751],[107.306874,10.677704],[107.306192,10.678744],[107.305333,10.679438],[107.304249,10.680051],[107.303714,10.68079],[107.303265,10.680987],[107.30261,10.681528],[107.302577,10.6817],[107.30282,10.681956],[107.302799,10.68207],[107.301697,10.682703],[107.301316,10.683384],[107.300733,10.68339],[107.300461,10.683655],[107.30012,10.683436],[107.299795,10.683828],[107.299939,10.684713],[107.299818,10.684956],[107.299469,10.685122],[107.299916,10.685297],[107.299945,10.685704],[107.29987,10.685821],[107.299531,10.685853],[107.299397,10.686257],[107.300399,10.686772],[107.304748,10.68852],[107.303598,10.69111],[107.304621,10.691517],[107.304903,10.691763],[107.304583,10.692549],[107.307258,10.693558],[107.307621,10.693832],[107.307754,10.694135],[107.306876,10.69444],[107.306685,10.694608],[107.306844,10.694968],[107.306819,10.695332],[107.307043,10.695487],[107.307145,10.695898],[107.307394,10.696042],[107.307413,10.69618],[107.307088,10.696272],[107.306828,10.696754],[107.30648,10.697084],[107.306411,10.697464],[107.306024,10.697636],[107.305797,10.697953],[107.305641,10.698354],[107.305804,10.698712],[107.305554,10.699193],[107.304459,10.6995],[107.303933,10.699901],[107.303595,10.699828],[107.303254,10.700436],[107.302384,10.700787],[107.301895,10.701626],[107.301492,10.701799],[107.300871,10.701813],[107.299869,10.703958],[107.300373,10.704039],[107.300664,10.704605],[107.300771,10.706305],[107.301148,10.707932],[107.302001,10.708799],[107.304178,10.711661],[107.305143,10.71261],[107.305419,10.713096],[107.305261,10.714581],[107.304211,10.715061],[107.301276,10.71777],[107.302038,10.717971],[107.300887,10.719022],[107.300912,10.719517],[107.301101,10.719537],[107.300966,10.720829],[107.301144,10.721109],[107.301978,10.721618],[107.302223,10.72229],[107.302962,10.723228],[107.30303,10.724445],[107.303723,10.725026],[107.303916,10.725917],[107.303675,10.726181],[107.303677,10.726424],[107.304567,10.727599],[107.304431,10.727858],[107.304191,10.727756],[107.303887,10.727378],[107.303635,10.727299],[107.303206,10.727417],[107.302924,10.728043],[107.302981,10.728316],[107.303145,10.728401],[107.303637,10.728107],[107.305103,10.728169],[107.305341,10.728478],[107.305101,10.729131],[107.303893,10.730008],[107.304251,10.730346],[107.30287,10.732488],[107.303063,10.734915],[107.30276,10.736991],[107.302514,10.737471],[107.301868,10.745074],[107.301745,10.7454],[107.301738,10.745697],[107.302647,10.746914],[107.303363,10.748398],[107.303914,10.7486],[107.304126,10.749324],[107.299491,10.750432],[107.300483,10.754983],[107.244056,10.756202],[107.244411,10.758411],[107.244291,10.759723],[107.241964,10.759181],[107.241568,10.759587],[107.240402,10.761797],[107.239638,10.761559],[107.239081,10.761663],[107.238565,10.761603],[107.237223,10.760679],[107.236703,10.760665],[107.236297,10.761145],[107.234956,10.761392],[107.234471,10.761937],[107.23337,10.762253],[107.232733,10.762968],[107.232189,10.763356],[107.232039,10.763584],[107.232085,10.763931],[107.23128,10.764219],[107.229441,10.763527],[107.229059,10.763114],[107.228737,10.763013],[107.228738,10.762172],[107.228074,10.762105],[107.227652,10.761807],[107.227614,10.761126],[107.227807,10.760646],[107.227474,10.759568],[107.227279,10.7593],[107.226575,10.759318],[107.22614,10.759642],[107.225641,10.759523],[107.22552,10.759261],[107.225175,10.758977],[107.224843,10.758341],[107.224509,10.758052],[107.223683,10.757685],[107.222171,10.75765],[107.221429,10.757043],[107.220384,10.757204],[107.219649,10.757178],[107.218824,10.757707],[107.217394,10.757361],[107.217059,10.757592],[107.215865,10.759317],[107.208166,10.759572],[107.208022,10.759319],[107.207418,10.758869],[107.206775,10.758766],[107.206749,10.758223],[107.206531,10.758008],[107.206479,10.759485],[107.206831,10.773767],[107.206622,10.774475],[107.206498,10.774578],[107.205737,10.774584],[107.205561,10.7748],[107.205246,10.774832],[107.204804,10.774513],[107.203671,10.77448],[107.203385,10.77414],[107.201438,10.773308],[107.200755,10.773163],[107.199249,10.77219],[107.198242,10.771918],[107.198009,10.771617],[107.197571,10.771735],[107.197073,10.77167],[107.19553,10.771831],[107.195092,10.771551],[107.194565,10.77173],[107.194188,10.771479],[107.193758,10.77143],[107.193467,10.771927],[107.193275,10.771669],[107.192891,10.771471],[107.192309,10.771848],[107.191869,10.771557],[107.191482,10.77222],[107.191359,10.772255],[107.191248,10.772021],[107.191458,10.771527],[107.191418,10.771381],[107.190615,10.771665],[107.190304,10.771342],[107.189641,10.771631],[107.189387,10.772035],[107.187364,10.771063],[107.187175,10.770868],[107.187385,10.770371],[107.187252,10.770089],[107.186972,10.769821],[107.186524,10.769652],[107.186411,10.769419],[107.185857,10.769238],[107.185132,10.768585],[107.1837,10.768421],[107.18353,10.767992],[107.182695,10.768258],[107.182288,10.768226],[107.182198,10.768054],[107.182268,10.767676],[107.181321,10.767421],[107.180776,10.767029],[107.180739,10.766484],[107.180546,10.766026],[107.180906,10.765098],[107.180795,10.764578],[107.179727,10.764564],[107.179757,10.764078],[107.17928,10.763192],[107.179691,10.763258],[107.179784,10.763091],[107.179315,10.762625],[107.179252,10.762248],[107.178623,10.762131],[107.178441,10.761654],[107.178026,10.761894],[107.177775,10.761647],[107.1774,10.761811],[107.17579,10.761506],[107.175359,10.761083],[107.17493,10.761026],[107.174693,10.760589],[107.174109,10.76058],[107.173728,10.759239],[107.173146,10.75883],[107.172828,10.758412],[107.172058,10.758167],[107.171689,10.757884],[107.171472,10.757145],[107.171114,10.756734],[107.171055,10.756475],[107.171535,10.75588],[107.171183,10.755718],[107.171017,10.755129],[107.170276,10.754587],[107.169612,10.753797],[107.168387,10.753284],[107.168418,10.752857],[107.168328,10.752739],[107.168108,10.752794],[107.167772,10.753194],[107.167459,10.752992],[107.167566,10.753249],[107.167477,10.75333],[107.166801,10.752726],[107.166703,10.752851],[107.166967,10.753289],[107.166941,10.753952],[107.166824,10.754092],[107.166499,10.754043],[107.166394,10.753515],[107.165879,10.753192],[107.165671,10.752476],[107.164776,10.752006],[107.164477,10.750783],[107.163911,10.750651],[107.163764,10.749803],[107.163623,10.749596],[107.163085,10.749848],[107.162756,10.74951],[107.162388,10.749794],[107.162041,10.749806],[107.161699,10.749674],[107.161515,10.749329],[107.160904,10.749393],[107.160668,10.749282],[107.160705,10.74857],[107.160208,10.748186],[107.159228,10.748366],[107.158865,10.748323],[107.158619,10.747773],[107.15796,10.747487],[107.157282,10.746557],[107.157198,10.746366],[107.157361,10.745868],[107.157307,10.745732],[107.157078,10.745732],[107.156808,10.746136],[107.156193,10.746126],[107.155766,10.745592],[107.155124,10.745337],[107.154839,10.744754],[107.154306,10.744129],[107.154104,10.744447],[107.153902,10.744333],[107.153922,10.74412],[107.153823,10.744068],[107.153435,10.74424],[107.153007,10.744238],[107.152821,10.744565],[107.152459,10.744315],[107.152313,10.744556],[107.152159,10.744597],[107.151901,10.744421],[107.151746,10.744066],[107.151389,10.743949],[107.150891,10.744425],[107.150243,10.744293],[107.149522,10.744532],[107.149434,10.744456],[107.149586,10.744067],[107.149378,10.743968],[107.148968,10.744092],[107.148014,10.744734],[107.147697,10.744455],[107.147213,10.744587],[107.146648,10.744255],[107.145851,10.744058],[107.14465,10.744554],[107.138414,10.744958],[107.138844,10.740887],[107.138825,10.737355],[107.138968,10.7331],[107.139098,10.732534],[107.144267,10.732633],[107.145069,10.731824],[107.146661,10.731143],[107.146654,10.730234],[107.146435,10.730021],[107.144405,10.730178],[107.143627,10.729657],[107.143568,10.728056],[107.144817,10.726899],[107.145368,10.726178],[107.145438,10.725771],[107.145264,10.725126],[107.144801,10.724651],[107.143734,10.724157],[107.142959,10.724018],[107.142429,10.724285],[107.142408,10.724763],[107.140802,10.726759],[107.139744,10.727628],[107.139237,10.727775],[107.139043,10.727704],[107.138964,10.725095],[107.139118,10.724884],[107.139192,10.724367],[107.139051,10.721803],[107.139211,10.721087],[107.139821,10.720036],[107.140585,10.719876],[107.140646,10.718932],[107.140062,10.718398],[107.139538,10.718179],[107.139434,10.717879],[107.139746,10.70959],[107.138409,10.708048],[107.137743,10.706739],[107.137712,10.705594],[107.137014,10.703543],[107.136749,10.701543],[107.136798,10.700406],[107.135982,10.698919],[107.134765,10.695905],[107.134199,10.694928],[107.134412,10.69324],[107.134085,10.691055],[107.133744,10.69011],[107.133727,10.689694],[107.133889,10.688014],[107.13384,10.685122],[107.133305,10.684814],[107.133074,10.68439],[107.13246,10.68398],[107.131777,10.683931],[107.131109,10.683475],[107.130643,10.683436],[107.130029,10.683745],[107.129648,10.68379],[107.129473,10.683749],[107.12918,10.683386],[107.128201,10.682858],[107.126779,10.682591],[107.126141,10.68228],[107.125066,10.682453],[107.124975,10.681816],[107.125198,10.681834],[107.125204,10.681585],[107.124873,10.681318],[107.124327,10.68132],[107.124561,10.680914],[107.124376,10.680765],[107.12423,10.680923],[107.124089,10.680893],[107.124145,10.680504],[107.123701,10.680125],[107.123822,10.679934],[107.123421,10.679847],[107.123475,10.679387],[107.123294,10.679362],[107.123071,10.679604],[107.122646,10.679337],[107.12277,10.678903],[107.122986,10.678683],[107.122681,10.67771],[107.122909,10.67734],[107.122643,10.676851],[107.122672,10.676362],[107.122369,10.675585],[107.121295,10.674233],[107.121622,10.674064],[107.121332,10.673162],[107.120341,10.673166],[107.120164,10.673391],[107.119896,10.673133],[107.11955,10.673202],[107.119252,10.672212],[107.11795,10.672301],[107.117831,10.672138],[107.118011,10.671752],[107.117589,10.671542],[107.117531,10.671086],[107.117111,10.670709],[107.116662,10.670624],[107.116584,10.670357],[107.116319,10.670801],[107.115959,10.671013],[107.11536,10.670671],[107.115438,10.670362],[107.11533,10.670298],[107.114363,10.670438],[107.113073,10.669823],[107.110996,10.669665],[107.110908,10.669251],[107.110599,10.669023],[107.110309,10.668971],[107.110031,10.668682],[107.109843,10.668092],[107.108147,10.666761],[107.108043,10.666374],[107.107676,10.666271],[107.107713,10.665992],[107.107558,10.665781],[107.107257,10.665683],[107.107111,10.665063],[107.106445,10.664877],[107.105942,10.664377],[107.105435,10.664503],[107.105025,10.663904],[107.104869,10.664051],[107.103404,10.663921],[107.102584,10.663528],[107.102281,10.663241],[107.101861,10.663267],[107.101274,10.662661],[107.10114,10.66232],[107.101053,10.661033],[107.101072,10.660889],[107.101172,10.660911],[107.101036,10.65987],[107.100742,10.658908],[107.100299,10.658272],[107.099124,10.657151],[107.096525,10.651956],[107.095492,10.652281],[107.093851,10.653038],[107.090519,10.653237],[107.087984,10.653154],[107.085208,10.653479],[107.081604,10.653609],[107.07775,10.653357],[107.074735,10.65378],[107.072785,10.653765],[107.070217,10.653492],[107.066767,10.653491],[107.066124,10.653845],[107.065611,10.65445],[107.065003,10.656126],[107.064582,10.656829],[107.064161,10.657058],[107.062823,10.657381],[107.061842,10.657426],[107.058141,10.656858],[107.057492,10.657015],[107.055233,10.657971],[107.054381,10.658165],[107.051569,10.658068],[107.044585,10.657431],[107.040235,10.656107],[107.038274,10.655735],[107.038638,10.654921],[107.024122,10.647992],[107.021242,10.646729],[107.020673,10.647412],[107.020182,10.647447],[107.019914,10.647325],[107.01918,10.646881],[107.019288,10.646033],[107.019071,10.645361],[107.017618,10.644949],[107.017175,10.644949],[107.014038,10.643762],[107.0134,10.643656],[107.013443,10.641352],[107.013572,10.640731],[107.015039,10.636786],[107.016946,10.633411],[107.016771,10.632847],[107.015874,10.632126],[107.015305,10.631909],[107.014533,10.631847],[107.01324,10.632195],[107.012582,10.632737],[107.009088,10.636419],[107.008032,10.637238],[107.006825,10.637652],[107.005745,10.637728],[107.004263,10.637409],[107.003423,10.637044],[107.000992,10.635582],[106.99965,10.634622],[106.998365,10.633338],[106.997437,10.632023],[106.996743,10.630295],[106.996354,10.628704],[106.996257,10.627281],[106.996654,10.624801],[106.997499,10.622945],[106.999296,10.62016],[106.999834,10.619521],[107.004057,10.615759],[107.005777,10.614462],[107.007638,10.613289],[107.006822,10.61018],[107.006493,10.6098],[107.005877,10.609728],[107.003596,10.610806],[107.002779,10.610863],[107.002248,10.610656],[107.002106,10.610427],[107.002496,10.60932],[107.002525,10.60865],[107.001254,10.60779],[107.00067,10.607077],[107.000016,10.607018],[106.999036,10.607628],[106.998071,10.607681],[106.997616,10.607535],[106.997323,10.607289],[106.996718,10.605738],[106.996213,10.605363],[106.995311,10.605247],[106.993167,10.605567],[106.992145,10.605586],[106.991413,10.60547],[106.990545,10.604997],[106.990384,10.60442],[106.990342,10.603596],[106.990695,10.601833],[106.990562,10.600347],[106.989506,10.599261],[106.987773,10.598182],[106.98675,10.596907],[106.985889,10.596117],[106.986571,10.593872],[106.98691,10.592218],[106.987204,10.590275],[106.987127,10.588722],[106.986949,10.587402],[106.986334,10.58515],[106.983702,10.579113],[106.980113,10.581633],[106.97894,10.582307],[106.977714,10.582651],[106.976844,10.582264],[106.975961,10.582144],[106.975151,10.58222],[106.974433,10.582461],[106.973935,10.582924],[106.970323,10.587566],[106.96906,10.588918],[106.968091,10.58975],[106.966935,10.590413],[106.96385,10.591196],[106.961183,10.593191],[106.960579,10.593516],[106.959319,10.593796],[106.95732,10.593844],[106.955566,10.594104],[106.949796,10.596038],[106.94657,10.597306],[106.942937,10.596646],[106.941846,10.596665],[106.941153,10.596811],[106.940137,10.597362],[106.938416,10.599099],[106.938019,10.599335],[106.93579,10.599659],[106.933961,10.601022],[106.932643,10.601792],[106.931212,10.602284],[106.928978,10.602697],[106.927674,10.603169],[106.92679,10.603683],[106.926073,10.604272],[106.924387,10.606214],[106.922672,10.60875],[106.921888,10.609411],[106.921425,10.609638],[106.920134,10.609838],[106.919001,10.609778],[106.916934,10.608998],[106.914734,10.607923],[106.913618,10.607626],[106.912558,10.607596],[106.911488,10.608056],[106.910246,10.609228],[106.908527,10.612385],[106.907199,10.615411],[106.906359,10.619046],[106.905158,10.621799],[106.904457,10.623094],[106.903823,10.623983],[106.901223,10.626705],[106.898473,10.629047],[106.896863,10.63014],[106.892843,10.632173],[106.891464,10.633819],[106.891174,10.634468],[106.890559,10.636625],[106.890136,10.637236],[106.889538,10.637794],[106.888779,10.638182],[106.88714,10.63876],[106.885862,10.639455],[106.885304,10.639934],[106.885013,10.640411],[106.884571,10.642103],[106.884397,10.643689],[106.883943,10.645856],[106.883664,10.646534],[106.882918,10.647447],[106.882486,10.647731],[106.881486,10.648017],[106.879968,10.648241],[106.875203,10.648546],[106.873848,10.648315],[106.872659,10.647748],[106.871799,10.647036],[106.871538,10.646634],[106.870477,10.643969],[106.870117,10.643421],[106.869565,10.642928],[106.868919,10.642669],[106.868134,10.642558],[106.865978,10.642478],[106.864771,10.642175],[106.864229,10.641865],[106.863377,10.641003],[106.861644,10.637457],[106.860721,10.636841],[106.860067,10.636653],[106.859173,10.636659],[106.857821,10.637121],[106.853989,10.639057],[106.852347,10.639521],[106.851381,10.63967],[106.850366,10.639676],[106.84751,10.639287],[106.843964,10.638377],[106.842697,10.637762],[106.841553,10.636882],[106.840699,10.635682],[106.839959,10.633964],[106.83956,10.631632],[106.838786,10.629422],[106.837751,10.628098],[106.837119,10.62757],[106.83628,10.627203],[106.834805,10.626917],[106.829409,10.627208],[106.826728,10.62769],[106.824666,10.628527],[106.822716,10.629974],[106.820203,10.632335],[106.817854,10.635005],[106.814559,10.639552],[106.812961,10.642372],[106.812105,10.644888],[106.809794,10.652759],[106.809186,10.654233],[106.807063,10.657151],[106.804253,10.659066],[106.800736,10.660597],[106.798033,10.661914],[106.796717,10.662694],[106.790278,10.66867],[106.788419,10.669935],[106.785485,10.671606],[106.78326,10.672599],[106.778349,10.673633],[106.777619,10.6739],[106.776463,10.674491],[106.774705,10.67584],[106.7732,10.676782],[106.765491,10.685971],[106.763464,10.68783],[106.760736,10.690017],[106.757867,10.692876],[106.756296,10.694838],[106.754992,10.697147],[106.753342,10.700586],[106.752838,10.702194],[106.751446,10.708505],[106.75131,10.711435],[106.75139,10.713628],[106.751781,10.716668],[106.756303,10.725872],[106.758134,10.729029],[106.760541,10.732676],[106.763403,10.736537],[106.766871,10.740562],[106.76996,10.744565],[106.77372,10.74774],[106.775868,10.748983],[106.778082,10.750093],[106.781781,10.751297],[106.79103,10.75527],[106.799113,10.758869],[106.800936,10.760143],[106.802563,10.761829],[106.80403,10.764049],[106.804585,10.765629],[106.805316,10.769196],[106.805607,10.769928],[106.806145,10.770721],[106.809679,10.774386],[106.8119,10.77637],[106.814281,10.778325],[106.816784,10.780018],[106.820214,10.780808],[106.822074,10.780556],[106.822878,10.780229],[106.82395,10.77943],[106.824698,10.778508],[106.825407,10.777177],[106.826161,10.774796],[106.826219,10.774181],[106.826093,10.772794],[106.825301,10.769812],[106.823997,10.767679],[106.823401,10.766226],[106.822988,10.764436],[106.822855,10.763252],[106.822975,10.761942],[106.823273,10.761012],[106.823982,10.76012],[106.824698,10.75971],[106.825906,10.759556],[106.826847,10.759633],[106.828028,10.759938],[106.828667,10.7603],[106.829394,10.760924],[106.829936,10.761579],[106.831502,10.764428],[106.832338,10.765589],[106.833347,10.766819],[106.836229,10.769797],[106.839132,10.771763],[106.8422,10.773623],[106.844034,10.774452],[106.845805,10.774921],[106.848011,10.775044],[106.849817,10.774926],[106.852822,10.774365],[106.854492,10.773742],[106.855386,10.773179],[106.858437,10.770694],[106.859131,10.769812],[106.860571,10.767459],[106.86141,10.766483],[106.862734,10.765386],[106.86385,10.764905],[106.865159,10.764746],[106.866321,10.764835],[106.867509,10.76521],[106.869159,10.766062],[106.870326,10.767083],[106.870936,10.76794],[106.871255,10.768704],[106.871505,10.769994],[106.871589,10.775709],[106.871329,10.776846],[106.870737,10.778124],[106.869668,10.779703],[106.867097,10.782332],[106.865501,10.784811],[106.86517,10.786176],[106.865104,10.787157],[106.865307,10.788663],[106.865798,10.78988],[106.870239,10.79424],[106.87678,10.79966],[106.878207,10.800671],[106.879576,10.802309],[106.881093,10.804778],[106.881566,10.805973],[106.881949,10.807652],[106.882043,10.810084],[106.881686,10.812467],[106.87985,10.816051],[106.878571,10.818149],[106.877515,10.819626],[106.871526,10.82591],[106.862208,10.836697],[106.856899,10.842091],[106.855948,10.843452],[106.854939,10.8455],[106.852519,10.850702],[106.851228,10.853973],[106.849175,10.857368],[106.848583,10.858709],[106.847588,10.861604],[106.846786,10.864422],[106.84669,10.865543],[106.849162,10.869801],[106.850746,10.873079],[106.851208,10.875052],[106.851213,10.875875],[106.851048,10.876279],[106.847872,10.880373],[106.844097,10.883476],[106.843678,10.884398],[106.842402,10.892474],[106.840736,10.897148],[106.838914,10.903363],[106.836754,10.903245],[106.835404,10.903382],[106.834549,10.90366],[106.833899,10.904095],[106.833531,10.904581],[106.833144,10.905344],[106.832776,10.906499],[106.832253,10.906828],[106.831708,10.90678],[106.831077,10.906461],[106.830525,10.905913],[106.830211,10.905318],[106.829784,10.904854],[106.828339,10.904026],[106.827879,10.903885],[106.826305,10.903787],[106.823942,10.902896],[106.823264,10.902828],[106.822732,10.902915],[106.822251,10.903324],[106.821987,10.903804],[106.821737,10.903865],[106.821512,10.903785],[106.821173,10.903177],[106.820906,10.903011],[106.816394,10.902938],[106.816143,10.903703],[106.815842,10.90398],[106.815165,10.904056],[106.814755,10.904321],[106.814625,10.904836],[106.814799,10.906226],[106.814573,10.906837],[106.814152,10.907276],[106.814039,10.907582],[106.814161,10.907737],[106.815137,10.90803],[106.814983,10.909364],[106.815044,10.910481],[106.814455,10.911172],[106.814015,10.912611],[106.813763,10.913049],[106.813487,10.913367],[106.812428,10.914078],[106.81204,10.914869],[106.811484,10.915326],[106.811417,10.915721],[106.811755,10.916393],[106.811624,10.916965],[106.812064,10.917168],[106.81204,10.917576],[106.811833,10.917702],[106.811346,10.917679],[106.810943,10.917879],[106.810728,10.918168],[106.810927,10.918522],[106.810831,10.918738],[106.810086,10.918657],[106.810083,10.918796],[106.810421,10.918909],[106.809734,10.919319],[106.809628,10.919779],[106.809434,10.919767],[106.80916,10.919319],[106.808999,10.919563],[106.809144,10.919794],[106.809065,10.91992],[106.808882,10.919751],[106.808335,10.919723],[106.808003,10.919922],[106.807763,10.919927],[106.80753,10.92032],[106.806732,10.920447],[106.806493,10.920678],[106.805368,10.920742],[106.805219,10.92071],[106.805062,10.920421],[106.804345,10.920466],[106.803335,10.919929],[106.802667,10.919971],[106.802279,10.919748],[106.801015,10.920145],[106.800568,10.92066],[106.800022,10.920797],[106.79867,10.921991],[106.797809,10.921902],[106.797086,10.922058],[106.796494,10.922674],[106.795382,10.923029],[106.794638,10.923091],[106.794415,10.923689],[106.788147,10.922148],[106.788033,10.922931],[106.789623,10.924676],[106.791785,10.926702],[106.791658,10.926821],[106.791371,10.928222],[106.791787,10.929669],[106.791632,10.930424],[106.791395,10.930899],[106.79072,10.931894],[106.790353,10.931913],[106.789665,10.932497],[106.788689,10.932913],[106.787179,10.932836],[106.786511,10.932936],[106.785623,10.933295],[106.784049,10.932603],[106.783685,10.933122],[106.783371,10.93415],[106.78351,10.934827],[106.783442,10.935577],[106.782431,10.937033],[106.782,10.938263],[106.780836,10.937799],[106.779896,10.937151],[106.779673,10.937329],[106.779273,10.936881],[106.779118,10.936856],[106.777584,10.937583],[106.777922,10.938165],[106.77825,10.938464],[106.778423,10.938911],[106.778302,10.9391],[106.777869,10.939274],[106.77739,10.939078],[106.776911,10.939271],[106.77651,10.938708],[106.776494,10.938437],[106.775345,10.940353],[106.774921,10.939865],[106.774635,10.939898],[106.77266,10.941183],[106.772429,10.941744],[106.77167,10.942445],[106.770693,10.942873],[106.770323,10.943792],[106.769921,10.944324],[106.769981,10.944879],[106.769792,10.94535],[106.769788,10.946172],[106.76927,10.947665],[106.769439,10.948146],[106.769492,10.949028],[106.769909,10.949525],[106.769996,10.950235],[106.769873,10.950946],[106.770351,10.951361],[106.770534,10.95136],[106.770759,10.9511],[106.771007,10.951047],[106.771096,10.951451],[106.770847,10.95203],[106.770163,10.952528],[106.769003,10.951779],[106.766809,10.952169],[106.766193,10.951732],[106.764519,10.952166],[106.763434,10.95294],[106.762671,10.953271],[106.762832,10.953396],[106.763106,10.954366],[106.763402,10.954456],[106.763641,10.954784],[106.764021,10.956018],[106.764517,10.95611],[106.764492,10.956584],[106.764764,10.956974],[106.76457,10.957986],[106.764649,10.958234],[106.765154,10.958547],[106.76511,10.959217],[106.764847,10.959773],[106.763243,10.960786],[106.762615,10.960953],[106.762398,10.961126],[106.761984,10.962036],[106.76226,10.962709],[106.762064,10.96326],[106.763629,10.964799],[106.764298,10.96346],[106.76472,10.963541],[106.76482,10.963736],[106.765392,10.964042],[106.765781,10.964412],[106.76621,10.963958],[106.766452,10.964511],[106.766688,10.964186],[106.766427,10.963702],[106.766614,10.963505],[106.766883,10.96367],[106.767113,10.964018],[106.767759,10.964414],[106.768201,10.964509],[106.768964,10.96415],[106.769434,10.96421],[106.769642,10.964309],[106.770102,10.965139],[106.771297,10.965282],[106.771581,10.964965],[106.771193,10.963873],[106.771227,10.963364],[106.772204,10.96291],[106.772851,10.962092],[106.772948,10.96013],[106.77321,10.959399],[106.773616,10.959212],[106.774359,10.959345],[106.775509,10.959326],[106.775994,10.959479],[106.776445,10.959918],[106.777288,10.961265],[106.778396,10.962418],[106.778931,10.96281],[106.780922,10.963815],[106.782696,10.964317],[106.783408,10.965419],[106.784577,10.966722],[106.78566,10.967373],[106.787175,10.968053],[106.792276,10.969419],[106.794741,10.970438],[106.795951,10.971631],[106.796276,10.972357],[106.796129,10.973665],[106.795499,10.974882],[106.794607,10.975734],[106.790788,10.978643],[106.789263,10.98025],[106.7827,10.98597],[106.781931,10.986989],[106.778741,10.99285],[106.776547,10.997898],[106.774993,11.002208],[106.774623,11.004195],[106.774584,11.005343],[106.775147,11.007103],[106.775551,11.007613],[106.776861,11.008677],[106.778171,11.009528],[106.780241,11.010434],[106.781262,11.011231],[106.782984,11.012926],[106.784006,11.01486],[106.784422,11.017205],[106.78521,11.018037],[106.785898,11.018398],[106.787621,11.018651],[106.788499,11.018924],[106.790327,11.02073],[106.79233,11.022418],[106.793657,11.023166],[106.795555,11.023898],[106.797168,11.02438],[106.800231,11.024916],[106.805725,11.025414],[106.809012,11.026291],[106.809934,11.026844],[106.810556,11.027467],[106.811717,11.029156],[106.812477,11.030526],[106.813162,11.032682],[106.813186,11.034899],[106.812176,11.039478],[106.811561,11.041226],[106.810599,11.043321],[106.809101,11.045564],[106.806821,11.048005],[106.804651,11.04975],[106.801729,11.051442],[106.800088,11.052543],[106.799372,11.053463],[106.799034,11.054213],[106.798748,11.055868],[106.798808,11.056503],[106.799008,11.056944],[106.799398,11.057597],[106.799915,11.058139],[106.801621,11.059289],[106.803044,11.059959],[106.804417,11.060395],[106.816557,11.063582],[106.821782,11.065239],[106.82377,11.065429],[106.825906,11.065179],[106.827653,11.064523],[106.828641,11.063653],[106.829666,11.062353],[106.830224,11.06122],[106.831455,11.057464],[106.832218,11.055557],[106.834632,11.051333],[106.835526,11.049427],[106.837025,11.045649],[106.837898,11.042722],[106.838615,11.041341],[106.839946,11.039779],[106.841992,11.038147],[106.846356,11.035773],[106.847664,11.035296],[106.851156,11.034377],[106.855044,11.033779],[106.856707,11.033366],[106.85819,11.032667],[106.859554,11.031721],[106.861738,11.029501],[106.865787,11.024691],[106.868174,11.022262],[106.869148,11.021557],[106.871369,11.020265],[106.872407,11.019968],[106.873386,11.019857],[106.874302,11.019964],[106.876237,11.020505],[106.884873,11.024711],[106.888081,11.026099],[106.890204,11.026839],[106.892536,11.027466],[106.895099,11.027813],[106.897258,11.027451],[106.898011,11.027198],[106.89981,11.026173],[106.901694,11.024675],[106.902807,11.023583],[106.905792,11.022049],[106.907087,11.021952],[106.908082,11.022322],[106.909656,11.023645],[106.910308,11.024496],[106.910726,11.025275],[106.91122,11.026927],[106.91144,11.028413],[106.911797,11.038025],[106.911995,11.039444],[106.912699,11.041268],[106.913646,11.042334],[106.91484,11.043202],[106.921306,11.045913],[106.922203,11.04636],[106.922836,11.047141],[106.923302,11.048867],[106.923223,11.050566],[106.922803,11.052218],[106.922185,11.053679],[106.921986,11.055056],[106.922527,11.056185],[106.922946,11.056556],[106.927358,11.058974],[106.928756,11.060484],[106.929852,11.062479],[106.930886,11.063578],[106.932215,11.064566],[106.933366,11.064842],[106.9349,11.064629],[106.93598,11.064163],[106.936966,11.063352],[106.937916,11.062266],[106.940019,11.05816],[106.941562,11.056865],[106.942777,11.056727],[106.94394,11.056854],[106.945448,11.05731],[106.94655,11.057995],[106.9471,11.058482],[106.947603,11.059171],[106.94809,11.060156],[106.948471,11.061905],[106.948365,11.06445],[106.948813,11.066626],[106.950051,11.068541],[106.951646,11.069796],[106.952209,11.07039],[106.952431,11.070866],[106.952515,11.071673],[106.952347,11.07276],[106.951825,11.073426],[106.949946,11.074554],[106.946199,11.076296],[106.945558,11.076817],[106.945145,11.077518],[106.94496,11.078963],[106.945264,11.080523],[106.94574,11.081561],[106.946716,11.083072],[106.947206,11.084437],[106.947188,11.085341],[106.946717,11.088038],[106.946968,11.089372],[106.947583,11.090361],[106.950183,11.093081],[106.950962,11.094324],[106.952086,11.096659],[106.95283,11.09755],[106.953426,11.09796],[106.954365,11.098297],[106.956602,11.098676],[106.957832,11.099057],[106.958743,11.09959],[106.959373,11.100302],[106.959635,11.101278],[106.959494,11.102248],[106.959091,11.103054],[106.957789,11.104586],[106.95741,11.105288],[106.957362,11.106461],[106.957799,11.107115],[106.958707,11.107774],[106.959514,11.107954],[106.960671,11.107926],[106.962866,11.107585],[106.964149,11.107726],[106.96557,11.108103],[106.965808,11.109654],[106.965717,11.110664],[106.96537,11.111743],[106.963252,11.11495],[106.962589,11.116724],[106.962375,11.116961],[106.959916,11.118503],[106.959394,11.11894],[106.958277,11.120306],[106.957247,11.122127],[106.956379,11.123984],[106.955526,11.126459],[106.954475,11.127722],[106.953752,11.128324],[106.953393,11.128925],[106.953309,11.129912],[106.953585,11.130478],[106.953982,11.130924],[106.955503,11.13208],[106.956326,11.132941],[106.956879,11.134104],[106.957068,11.135209],[106.956892,11.136166],[106.956653,11.136586],[106.956082,11.137248],[106.954244,11.138545],[106.954006,11.139145],[106.954016,11.140609],[106.954354,11.141414],[106.954842,11.14189],[106.955328,11.142096],[106.962745,11.142257],[106.964624,11.142453],[106.965322,11.142748],[106.966174,11.1434],[106.966602,11.144085],[106.96667,11.145131],[106.96587,11.147767],[106.965544,11.148785],[106.965124,11.149296],[106.964189,11.1499],[106.958205,11.151434],[106.956244,11.152403],[106.955763,11.152885],[106.955495,11.153544],[106.955386,11.155369],[106.955672,11.157429],[106.95568,11.158625],[106.954223,11.162491],[106.953864,11.163181],[106.953263,11.163783],[106.949792,11.16548],[106.94801,11.166059],[106.946528,11.166248],[106.945195,11.166167],[106.944107,11.166413],[106.942626,11.166871],[106.94163,11.167326],[106.941149,11.167868],[106.940972,11.168526],[106.941097,11.169094],[106.941404,11.169719],[106.944909,11.173284],[106.945582,11.174266],[106.945958,11.176207],[106.94569,11.176896],[106.945209,11.177318],[106.944211,11.177593],[106.942363,11.177366],[106.941245,11.177732],[106.940069,11.178487],[106.939018,11.17966],[106.937578,11.181732],[106.936715,11.18401],[106.93543,11.186559],[106.93438,11.187971],[106.933327,11.189024],[106.932301,11.189509],[106.930365,11.18982],[106.927488,11.189749],[106.926912,11.189574],[106.926182,11.18904],[106.925479,11.188118],[106.924108,11.186871],[106.923533,11.186815],[106.922325,11.187361],[106.921633,11.188053],[106.921408,11.188812],[106.92126,11.190972],[106.920931,11.191969],[106.920452,11.192558],[106.92005,11.192832],[106.919123,11.193023],[106.916112,11.192849],[106.914058,11.193207],[106.912652,11.193137],[106.908899,11.192046],[106.90817,11.191933],[106.907458,11.192055],[106.906708,11.192502],[106.906159,11.193008],[106.90562,11.194219],[106.905618,11.195035],[106.906127,11.196271],[106.906737,11.196982],[106.907249,11.197972],[106.90748,11.199097],[106.907577,11.200464],[106.907518,11.201566],[106.907224,11.202734],[106.906781,11.203691],[106.905656,11.20489],[106.903199,11.205854],[106.902237,11.2066],[106.901542,11.207701],[106.901248,11.208957],[106.901424,11.209883],[106.901958,11.210568],[106.902604,11.210813],[106.903697,11.210904],[106.907178,11.210914],[106.907947,11.211011],[106.908769,11.211693],[106.909868,11.213121],[106.910384,11.213481],[106.911811,11.214058],[106.914801,11.214154],[106.915658,11.214741],[106.916335,11.215695],[106.91804,11.219873],[106.918218,11.22091],[106.918179,11.221656],[106.917979,11.222718],[106.917596,11.223477],[106.916904,11.224184],[106.914365,11.225926],[106.914052,11.226433],[106.914094,11.227226],[106.914806,11.228088],[106.915149,11.228795],[106.915277,11.229763],[106.915167,11.230125],[106.914663,11.230416],[106.913616,11.23036],[106.913239,11.231464],[106.913369,11.232076],[106.913702,11.232542],[106.91554,11.233573],[106.916233,11.234286],[106.916876,11.234732],[106.917293,11.234863],[106.91833,11.234923],[106.918382,11.235344],[106.918025,11.235576],[106.915003,11.235815],[106.913976,11.235851],[106.912162,11.23568],[106.911698,11.23577],[106.911594,11.236105],[106.911692,11.236296],[106.913052,11.236871],[106.91319,11.237185],[106.913104,11.237377],[106.911374,11.238058],[106.91095,11.238472],[106.91088,11.23963],[106.910557,11.240608],[106.910629,11.241229],[106.911603,11.241998],[106.91203,11.242033],[106.91313,11.241338],[106.913884,11.241055],[106.914259,11.240632],[106.914491,11.240535],[106.915007,11.240847],[106.915333,11.241802],[106.917025,11.242671],[106.917587,11.242725],[106.91779,11.242609],[106.917904,11.242244],[106.917645,11.241203],[106.91771,11.240782],[106.917941,11.240474],[106.918599,11.240384],[106.918755,11.240488],[106.918864,11.240822],[106.918737,11.242201],[106.919079,11.242667],[106.919814,11.242347],[106.919955,11.241724],[106.920176,11.241464],[106.920952,11.241488],[106.92161,11.24135],[106.92255,11.24144],[106.923579,11.241739],[106.923976,11.243143],[106.92514,11.244082],[106.926395,11.244777],[106.926943,11.244883],[106.927335,11.244766],[106.927638,11.244382],[106.927943,11.243605],[106.928087,11.243441],[106.928252,11.24344],[106.92969,11.243957],[106.930813,11.243873],[106.931066,11.243996],[106.931488,11.244759],[106.93168,11.245982],[106.930214,11.247389],[106.929109,11.247839],[106.928908,11.247804],[106.928101,11.24748],[106.927406,11.246773],[106.926805,11.246652],[106.926594,11.246791],[106.926338,11.247432],[106.926408,11.247976],[106.927057,11.248323],[106.927785,11.248457],[106.928131,11.24879],[106.928139,11.248985],[106.927496,11.250122],[106.927676,11.250626],[106.927684,11.252184],[106.927501,11.252304],[106.926278,11.252426],[106.925779,11.252664],[106.925456,11.253134],[106.925257,11.254181],[106.925269,11.255683],[106.925371,11.256027],[106.925786,11.256216],[106.926713,11.256075],[106.926952,11.256312],[106.927296,11.258315],[106.927087,11.258623],[106.9268,11.258768],[106.926271,11.258456],[106.926076,11.25846],[106.925844,11.258802],[106.92577,11.259194],[106.925923,11.259564],[106.926957,11.260311],[106.927108,11.260724],[106.926966,11.260962],[106.925746,11.261731],[106.925375,11.263379],[106.923888,11.263665],[106.923701,11.263851],[106.923679,11.264138],[106.923776,11.264341],[106.924551,11.264979],[106.925055,11.265139],[106.925973,11.265038],[106.92667,11.264249],[106.927706,11.264499],[106.927924,11.264806],[106.927427,11.265469],[106.925611,11.267066],[106.925456,11.267336],[106.92548,11.267526],[106.925638,11.267629],[106.927278,11.267794],[106.927481,11.268587],[106.927358,11.268953],[106.926943,11.269379],[106.924726,11.270538],[106.924467,11.270928],[106.924737,11.27125],[106.925964,11.272122],[106.927384,11.27206],[106.928252,11.272445],[106.929044,11.273027],[106.929042,11.273786],[106.92915,11.274046],[106.93031,11.274605],[106.930401,11.275319],[106.929897,11.276597],[106.929697,11.2777],[106.929761,11.278122],[106.930243,11.27879],[106.930766,11.278804],[106.93112,11.277714],[106.931259,11.277651],[106.93159,11.278031],[106.931495,11.278808],[106.931656,11.279072],[106.932105,11.279064],[106.932792,11.278529],[106.932986,11.278535],[106.933067,11.278661],[106.933485,11.280088],[106.932331,11.281259],[106.93208,11.281674],[106.93231,11.281876],[106.933097,11.282022],[106.933288,11.282163],[106.933417,11.283213],[106.93423,11.284494],[106.934436,11.285083],[106.934245,11.285737],[106.933208,11.287148],[106.93319,11.287462],[106.933513,11.287574],[106.934271,11.287493],[106.936166,11.286967],[106.93638,11.287273],[106.936145,11.287732],[106.936192,11.287936],[106.937436,11.288184],[106.937683,11.288532],[106.937849,11.28938],[106.938886,11.289556],[106.939075,11.289696],[106.939146,11.290284],[106.938928,11.291628],[106.939107,11.292112],[106.939524,11.29238],[106.940947,11.292726],[106.941308,11.292994],[106.941496,11.293322],[106.941675,11.294298],[106.941471,11.294687],[106.939333,11.295751],[106.937724,11.296052],[106.937354,11.296452],[106.937408,11.296999],[106.937603,11.297156],[106.937929,11.297195],[106.938457,11.296984],[106.939215,11.296363],[106.939565,11.296383],[106.939854,11.296683],[106.939928,11.297447],[106.939239,11.298309],[106.939151,11.298881],[106.939257,11.299774],[106.939839,11.301377],[106.939814,11.301761],[106.939554,11.301919],[106.938978,11.301419],[106.938664,11.301326],[106.938423,11.301522],[106.938373,11.301803],[106.938442,11.302152],[106.93872,11.302439],[106.939855,11.302896],[106.939845,11.303367],[106.939175,11.304123],[106.937801,11.304792],[106.937245,11.305253],[106.937181,11.305529],[106.937279,11.30597],[106.937529,11.306611],[106.938027,11.307387],[106.938105,11.30812],[106.937576,11.308355],[106.936834,11.308161],[106.936605,11.308797],[106.936352,11.309068],[106.936416,11.309181],[106.937465,11.309526],[106.937968,11.309326],[106.93815,11.309649],[106.938915,11.309857],[106.939122,11.310075],[106.939129,11.310316],[106.938612,11.310442],[106.938353,11.310635],[106.93855,11.311026],[106.938535,11.311268],[106.937921,11.311845],[106.937679,11.312345],[106.93782,11.312449],[106.939118,11.312559],[106.939431,11.312424],[106.93979,11.311972],[106.940167,11.312743],[106.940964,11.312419],[106.941406,11.312413],[106.941404,11.31259],[106.940968,11.312885],[106.940904,11.313175],[106.941526,11.313716],[106.942053,11.313935],[106.942052,11.314237],[106.941666,11.314661],[106.942237,11.315],[106.942866,11.315838],[106.94293,11.316691],[106.94305,11.31693],[106.943902,11.31691],[106.94386,11.317636],[106.944387,11.31812],[106.944681,11.318002],[106.944606,11.317371],[106.944821,11.317259],[106.947228,11.318002],[106.947623,11.318585],[106.947251,11.318893],[106.947435,11.319727],[106.947812,11.319839],[106.947924,11.320025],[106.947514,11.320492],[106.947572,11.320934],[106.94804,11.32108],[106.948316,11.321454],[106.94888,11.321387],[106.949893,11.321482],[106.950223,11.322032],[106.950823,11.321672],[106.951078,11.321697],[106.951701,11.322469],[106.951789,11.323076],[106.952325,11.323499],[106.952246,11.323723],[106.951843,11.323876],[106.951839,11.32409],[106.952664,11.324725],[106.952426,11.32562],[106.95283,11.326758],[106.952123,11.327196],[106.952311,11.327666],[106.952712,11.328],[106.952972,11.328753],[106.952598,11.32982],[106.952284,11.33018],[106.952511,11.330669],[106.951982,11.330788],[106.952002,11.331231],[106.951559,11.33119],[106.951496,11.331741],[106.951258,11.332358],[106.951608,11.333007],[106.951524,11.333217],[106.951191,11.333273],[106.950578,11.333098],[106.950361,11.333243],[106.950526,11.334354],[106.951405,11.335424],[106.951167,11.336048],[106.951231,11.336956],[106.950975,11.338106],[106.950303,11.339102],[106.948915,11.339865],[106.948741,11.340259],[106.948411,11.340562],[106.948354,11.341112],[106.94804,11.341234],[106.947542,11.341106],[106.947373,11.341226],[106.947731,11.342157],[106.947598,11.342265],[106.947125,11.342113],[106.946895,11.342198],[106.946633,11.34287],[106.946356,11.343063],[106.946333,11.343266],[106.946709,11.34399],[106.946676,11.344079],[106.94615,11.34414],[106.946416,11.344841],[106.946186,11.345259],[106.946176,11.345818],[106.945354,11.34613],[106.944582,11.347115],[106.944551,11.347477],[106.944899,11.347882],[106.944234,11.347924],[106.944051,11.348116],[106.944097,11.349178],[106.943925,11.349571],[106.943958,11.350049],[106.943718,11.35051],[106.944052,11.351044],[106.943813,11.351648],[106.944439,11.352495],[106.94449,11.352839],[106.944376,11.353117],[106.944728,11.353517],[106.944998,11.35422],[106.94183,11.355554],[106.940807,11.356314],[106.940153,11.356367],[106.938647,11.355648],[106.937418,11.355423],[106.934389,11.355403],[106.934409,11.354535],[106.934072,11.354135],[106.933593,11.353989],[106.932776,11.354058],[106.931525,11.353529],[106.93077,11.353687],[106.930098,11.354686],[106.929827,11.354765],[106.928021,11.354432],[106.926585,11.354474],[106.925597,11.354295],[106.925054,11.354298],[106.924125,11.354515],[106.923252,11.354521],[106.922532,11.354143],[106.922006,11.353668],[106.921222,11.352448],[106.920464,11.352147],[106.919884,11.352381],[106.919345,11.353035],[106.919257,11.354394],[106.918157,11.355128],[106.917909,11.35578],[106.917678,11.355992],[106.916678,11.355878],[106.915977,11.35611],[106.915429,11.35583],[106.914762,11.355945],[106.914156,11.355234],[106.913188,11.354912],[106.912507,11.354887],[106.911398,11.354084],[106.909012,11.353662],[106.908064,11.353335],[106.907398,11.353024],[106.906532,11.352152],[106.905182,11.349919],[106.904588,11.349175],[106.90422,11.3481],[106.903675,11.347467],[106.903674,11.347313],[106.90395,11.347003],[106.90358,11.346533],[106.903879,11.346355],[106.903971,11.34519],[106.903783,11.344682],[106.904145,11.344356],[106.903478,11.343643],[106.903022,11.343876],[106.902424,11.343722],[106.902409,11.343507],[106.902638,11.343046],[106.903031,11.343043],[106.903139,11.342935],[106.902963,11.342714],[106.902631,11.342667],[106.902622,11.342373],[106.902867,11.342144],[106.902184,11.341369],[106.90165,11.341257],[106.901264,11.341537],[106.900983,11.34152],[106.900892,11.340706],[106.900519,11.340359],[106.889198,11.340709],[106.884351,11.339708],[106.883898,11.339134],[106.883574,11.338215],[106.882712,11.337381],[106.881285,11.335683],[106.88035,11.333976],[106.879336,11.333356],[106.878535,11.332691],[106.875404,11.329331],[106.874673,11.328733],[106.873214,11.327977],[106.872522,11.327389],[106.871991,11.326282],[106.871396,11.325731],[106.871121,11.325197],[106.870793,11.323917],[106.870092,11.32198],[106.869872,11.320938],[106.870205,11.319913],[106.870841,11.319287],[106.870886,11.318732],[106.871298,11.318069],[106.872313,11.317555],[106.87226,11.316972],[106.872716,11.315515],[106.872947,11.313801],[106.873469,11.313482],[106.873852,11.312868],[106.874306,11.312501],[106.874369,11.311802],[106.874606,11.311045],[106.874573,11.310433],[106.874946,11.309627],[106.875029,11.308909],[106.875423,11.308447],[106.87537,11.307702],[106.875132,11.307362],[106.874946,11.307303],[106.874981,11.307523],[106.874742,11.307985],[106.874029,11.308886],[106.873207,11.309379],[106.872526,11.309458],[106.871846,11.309821],[106.87142,11.309825],[106.870775,11.309595],[106.870255,11.309685],[106.86988,11.310027],[106.869418,11.310801],[106.869119,11.311032],[106.867469,11.311313],[106.86676,11.311727],[106.866489,11.311543],[106.86628,11.310888],[106.866051,11.310615],[106.865551,11.310617],[106.865081,11.310799],[106.865015,11.311139],[106.865266,11.312],[106.866221,11.313061],[106.866486,11.313551],[106.866574,11.314497],[106.866326,11.314745],[106.865356,11.31493],[106.8635,11.314259],[106.86231,11.314243],[106.860313,11.314703],[106.859251,11.315248],[106.8588,11.315121],[106.857601,11.314397],[106.857132,11.314409],[106.856978,11.314751],[106.857019,11.315845],[106.857185,11.316582],[106.857145,11.317145],[106.855493,11.321875],[106.855612,11.322296],[106.856675,11.324253],[106.856726,11.324643],[106.856344,11.325891],[106.856332,11.32705],[106.855535,11.328331],[106.855436,11.329246],[106.855863,11.330073],[106.856786,11.330837],[106.858298,11.334934],[106.858578,11.33537],[106.858975,11.335678],[106.859525,11.335776],[106.860336,11.335674],[106.861274,11.335359],[106.861554,11.335557],[106.861863,11.336301],[106.863062,11.338397],[106.863307,11.340003],[106.86317,11.34185],[106.863003,11.342418],[106.862099,11.343727],[106.861476,11.344395],[106.86012,11.34514],[106.859075,11.34545],[106.858232,11.345578],[106.857295,11.345393],[106.857028,11.345532],[106.856723,11.345931],[106.856803,11.346831],[106.857178,11.347406],[106.858678,11.348652],[106.859165,11.348808],[106.860166,11.348706],[106.860434,11.348957],[106.860519,11.349242],[106.860152,11.350134],[106.859362,11.350843],[106.859075,11.350683],[106.858606,11.349919],[106.858371,11.349899],[106.858152,11.35003],[106.855914,11.352815],[106.855753,11.353273],[106.855785,11.353606],[106.856723,11.358099],[106.856629,11.35835],[106.856465,11.358395],[106.855631,11.357718],[106.855226,11.357822],[106.854387,11.360771],[106.854443,11.361302],[106.854743,11.361481],[106.85655,11.360049],[106.857101,11.359952],[106.857677,11.360162],[106.858175,11.360527],[106.858518,11.361393],[106.85854,11.362032],[106.857694,11.362877],[106.857971,11.364472],[106.857203,11.365811],[106.857339,11.368639],[106.856961,11.369131],[106.855643,11.369439],[106.855512,11.369637],[106.85555,11.370129],[106.855774,11.370658],[106.857036,11.372213],[106.856998,11.37276],[106.857219,11.373237],[106.856664,11.374099],[106.856804,11.374715],[106.856737,11.374893],[106.856297,11.375068],[106.85568,11.374856],[106.855453,11.374958],[106.855374,11.375581],[106.85492,11.375837],[106.854875,11.376373],[106.854677,11.376691],[106.853964,11.376522],[106.852793,11.376835],[106.852405,11.376766],[106.851429,11.37621],[106.850365,11.376017],[106.848707,11.375939],[106.847551,11.376114],[106.846496,11.375661],[106.84352,11.375123],[106.841829,11.374954],[106.841151,11.375054],[106.839899,11.37543],[106.839285,11.376258],[106.838175,11.376916],[106.837685,11.37702],[106.83723,11.376904],[106.835507,11.377167],[106.835675,11.379324],[106.834282,11.380524],[106.829233,11.380483],[106.82673,11.380624],[106.825361,11.382934],[106.825033,11.384102],[106.823731,11.383175],[106.821958,11.381384],[106.821808,11.380964],[106.820764,11.38036],[106.818534,11.378677],[106.818248,11.378235],[106.818281,11.377582],[106.818056,11.377185],[106.816576,11.377306],[106.815765,11.377023],[106.814714,11.376969],[106.811708,11.375786],[106.811444,11.375804],[106.811058,11.376047],[106.810287,11.375982],[106.809519,11.376729],[106.80866,11.376991],[106.807866,11.377714],[106.806892,11.378001],[106.805899,11.378586],[106.803998,11.379136],[106.80347,11.37945],[106.80253,11.380382],[106.801285,11.380996],[106.800536,11.381094],[106.8003,11.380981],[106.800479,11.381398],[106.800095,11.381897],[106.80025,11.382574],[106.798535,11.382574],[106.798596,11.381556],[106.797539,11.381582],[106.796554,11.380519],[106.796194,11.379519],[106.793621,11.379471],[106.793581,11.382944],[106.789374,11.382903],[106.78925,11.385929],[106.788437,11.385913],[106.789,11.401166],[106.784383,11.401296],[106.780939,11.401247],[106.775437,11.401932],[106.77436,11.402101],[106.770082,11.403795],[106.769458,11.404159],[106.769997,11.405585],[106.769992,11.406007],[106.771149,11.412046],[106.771045,11.417223],[106.770697,11.422587],[106.770679,11.424486],[106.770463,11.426559],[106.772069,11.427059],[106.774162,11.426489],[106.774599,11.42663],[106.775027,11.426956],[106.775554,11.427018],[106.775893,11.426879],[106.776131,11.426611],[106.777028,11.426499],[106.77773,11.426733],[106.779077,11.426932],[106.781798,11.427794],[106.782438,11.428677],[106.78288,11.428978],[106.783289,11.428971],[106.783698,11.428434],[106.784438,11.428542],[106.784578,11.428691],[106.784532,11.430232],[106.785105,11.430953],[106.785713,11.431414],[106.786542,11.431728],[106.788493,11.432134],[106.788804,11.432486],[106.788944,11.433441],[106.789089,11.43372],[106.789713,11.434195],[106.791057,11.434927],[106.792214,11.436073],[106.792593,11.436681],[106.793015,11.437729],[106.793604,11.438461],[106.794268,11.439615],[106.795549,11.440915],[106.7967,11.442731],[106.798339,11.444082],[106.799917,11.446081],[106.802245,11.447392],[106.804956,11.45006],[106.805302,11.450758],[106.805841,11.451336],[106.806232,11.452518],[106.806315,11.453346],[106.805967,11.457181],[106.806166,11.458012],[106.806718,11.459395],[106.807549,11.460309],[106.808695,11.461055],[106.807355,11.462825],[106.806663,11.464315],[106.806143,11.466112],[106.80555,11.46648],[106.805595,11.467396],[106.803803,11.470718],[106.803581,11.471956],[106.803365,11.475346],[106.802932,11.476743],[106.803038,11.477669],[106.802828,11.479135],[106.802997,11.480701],[106.802803,11.482145],[106.802183,11.483183],[106.801563,11.484826],[106.801106,11.48545],[106.800521,11.48659],[106.800452,11.487161],[106.799921,11.487959],[106.799618,11.488142],[106.799386,11.488168],[106.799223,11.487977],[106.799078,11.487987],[106.798868,11.488524],[106.798105,11.489132],[106.798076,11.489668],[106.79704,11.491145],[106.796529,11.49133],[106.795845,11.49103],[106.795202,11.490949],[106.794427,11.49127],[106.793635,11.491122],[106.792671,11.491281],[106.791291,11.491813],[106.790883,11.491855],[106.790354,11.491741],[106.78957,11.491208],[106.788857,11.490256],[106.787362,11.489854],[106.786667,11.489281],[106.786332,11.489195],[106.785995,11.488844],[106.785426,11.488781],[106.784631,11.48891],[106.783808,11.488779],[106.780985,11.48759],[106.779254,11.486384],[106.778683,11.485241],[106.77829,11.484802],[106.775766,11.483674],[106.775264,11.482942],[106.774768,11.482637],[106.773085,11.482463],[106.771897,11.482642],[106.770824,11.482363],[106.770147,11.482595],[106.769539,11.482187],[106.769276,11.4823],[106.768936,11.482704],[106.768535,11.48271],[106.768188,11.482491],[106.767726,11.481498],[106.767481,11.481282],[106.767432,11.481051],[106.767658,11.480358],[106.76756,11.480067],[106.76731,11.479836],[106.766847,11.479801],[106.765201,11.480521],[106.763676,11.480462],[106.762486,11.480029],[106.761532,11.479428],[106.759367,11.477759],[106.758595,11.47738],[106.757823,11.477208],[106.75623,11.477431],[106.75457,11.476947],[106.753828,11.476451],[106.753679,11.476141],[106.753591,11.474945],[106.752912,11.472446],[106.751107,11.470315],[106.750141,11.468934],[106.749944,11.468421],[106.749866,11.467584],[106.750509,11.465595],[106.750988,11.464755],[106.752087,11.463358],[106.752599,11.462238],[106.752538,11.460573],[106.752293,11.45934],[106.752465,11.456906],[106.752612,11.456229],[106.753115,11.455626],[106.756225,11.453767],[106.756829,11.453042],[106.756881,11.452344],[106.756224,11.450402],[106.755872,11.449696],[106.753768,11.446967],[106.751784,11.445352],[106.750283,11.444478],[106.741719,11.440693],[106.74147,11.440465],[106.741172,11.439281],[106.741205,11.438419],[106.741771,11.434245],[106.741549,11.433715],[106.741329,11.433513],[106.740053,11.432923],[106.73817,11.4323],[106.7376,11.432232],[106.73583,11.432267],[106.730676,11.433044],[106.72907,11.43306],[106.726993,11.432294],[106.726496,11.431881],[106.725907,11.430837],[106.725743,11.430135],[106.725676,11.428614],[106.725744,11.427824],[106.726324,11.425443],[106.726326,11.424567],[106.726154,11.423743],[106.725562,11.423294],[106.725146,11.42313],[106.723455,11.4227],[106.72153,11.42264],[106.720324,11.422977],[106.720306,11.421462],[106.719021,11.417306],[106.718954,11.415796],[106.718672,11.414442],[106.717769,11.413423],[106.714761,11.4107],[106.712093,11.408875],[106.711001,11.407982],[106.709938,11.406913],[106.70918,11.405887],[106.708839,11.404979],[106.708778,11.40426],[106.709019,11.403656],[106.709986,11.402224],[106.710294,11.401155],[106.709851,11.40015],[106.709213,11.399596],[106.708101,11.398867],[106.704999,11.397353],[106.704614,11.397029],[106.704312,11.396539],[106.70425,11.396214],[106.703517,11.396826],[106.703171,11.397374],[106.702469,11.39788],[106.701771,11.397992],[106.701358,11.398195],[106.70095,11.39814],[106.700581,11.398415],[106.700073,11.398532],[106.699965,11.398748],[106.700213,11.399197],[106.700149,11.399456],[106.699,11.400575],[106.698119,11.401706],[106.697673,11.40247],[106.697646,11.402936],[106.697008,11.40298],[106.695113,11.402252],[106.693062,11.40177],[106.693161,11.40108],[106.69299,11.39948],[106.691507,11.398545],[106.68975,11.397867],[106.687842,11.396249],[106.686393,11.395482],[106.686078,11.396226],[106.685546,11.397022],[106.683916,11.398495],[106.680344,11.397636],[106.68002,11.39827],[106.677442,11.397933],[106.675816,11.401805],[106.673316,11.401206],[106.67904,11.385025],[106.67758,11.383438],[106.676957,11.38303],[106.676238,11.382776],[106.675691,11.382224],[106.675794,11.381535],[106.675948,11.381371],[106.676286,11.381073],[106.676914,11.380782],[106.677448,11.380868],[106.677541,11.380645],[106.677422,11.380122],[106.677871,11.380174],[106.6778,11.379772],[106.677931,11.37892],[106.678258,11.378382],[106.678186,11.377675],[106.678724,11.37691],[106.678467,11.376151],[106.678829,11.3758],[106.678948,11.375454],[106.678743,11.375111],[106.678628,11.374576],[106.678384,11.374357],[106.678044,11.374259],[106.677769,11.373776],[106.678108,11.373478],[106.677995,11.373198],[106.67763,11.373147],[106.677502,11.372858],[106.677523,11.371945],[106.677693,11.371691],[106.677513,11.371228],[106.677822,11.370841],[106.677852,11.370211],[106.678159,11.369952],[106.677779,11.369237],[106.677677,11.368412],[106.677768,11.367708],[106.677656,11.367163],[106.677175,11.366176],[106.677378,11.365739],[106.676795,11.365305],[106.677088,11.364869],[106.677134,11.364415],[106.677466,11.364216],[106.677422,11.363947],[106.677013,11.363424],[106.67713,11.362706],[106.676554,11.362512],[106.676037,11.362091],[106.6762,11.361077],[106.67578,11.360569],[106.67587,11.360229],[106.675665,11.359886],[106.675713,11.359462],[106.675499,11.35906],[106.675222,11.359336],[106.675064,11.359182],[106.675104,11.358674],[106.675496,11.358432],[106.675634,11.358047],[106.675482,11.357923],[106.675001,11.357931],[106.674825,11.357337],[106.67432,11.357107],[106.674002,11.356716],[106.674045,11.356003],[106.673605,11.355336],[106.674174,11.35494],[106.673841,11.354375],[106.673221,11.354461],[106.672412,11.354287],[106.672025,11.354458],[106.67168,11.353931],[106.671307,11.353765],[106.670919,11.353821],[106.670308,11.354184],[106.669943,11.354049],[106.669377,11.354167],[106.669251,11.353907],[106.669049,11.353854],[106.66847,11.35431],[106.667352,11.354456],[106.667194,11.354902],[106.667049,11.354946],[106.66683,11.354789],[106.666411,11.354038],[106.665357,11.354073],[106.665139,11.354167],[106.664923,11.354563],[106.664285,11.354811],[106.663376,11.354909],[106.663008,11.35527],[106.662738,11.355243],[106.662504,11.355029],[106.662165,11.355361],[106.660813,11.355582],[106.659816,11.356091],[106.65881,11.355933],[106.658612,11.356237],[106.658072,11.356638],[106.658037,11.35693],[106.657433,11.357444],[106.65677,11.357342],[106.656539,11.35714],[106.656236,11.3571],[106.655627,11.35676],[106.655457,11.356785],[106.655192,11.357104],[106.655018,11.357576],[106.654692,11.357826],[106.654689,11.35815],[106.65424,11.358325],[106.65399,11.358919],[106.65339,11.358684],[106.65287,11.358656],[106.652747,11.358763],[106.65279,11.359031],[106.65236,11.35909],[106.652306,11.359424],[106.651927,11.359376],[106.65196,11.35971],[106.651697,11.359929],[106.651308,11.359845],[106.651234,11.359506],[106.650702,11.359438],[106.65024,11.359228],[106.649952,11.359453],[106.64965,11.359464],[106.649463,11.35981],[106.649212,11.359867],[106.649084,11.359787],[106.649118,11.359488],[106.648678,11.359566],[106.648728,11.359257],[106.648635,11.359186],[106.648221,11.359285],[106.647964,11.359003],[106.647736,11.359105],[106.647121,11.358957],[106.646714,11.359238],[106.646155,11.359185],[106.645993,11.359363],[106.645974,11.359672],[106.64532,11.359463],[106.645234,11.359575],[106.645374,11.359833],[106.64459,11.359751],[106.644076,11.360113],[106.643448,11.360014],[106.643221,11.359865],[106.642992,11.360055],[106.642794,11.36003],[106.642383,11.359589],[106.640573,11.359589],[106.640002,11.359716],[106.63903,11.359663],[106.638491,11.359484],[106.636851,11.359756],[106.636067,11.35958],[106.635994,11.359339],[106.635799,11.359186],[106.635434,11.359186],[106.635437,11.359489],[106.635281,11.359532],[106.635045,11.359349],[106.634803,11.359441],[106.634426,11.359367],[106.634326,11.359128],[106.634125,11.35901],[106.632769,11.358793],[106.632446,11.358907],[106.632318,11.359085],[106.631683,11.359088],[106.631099,11.359532],[106.630337,11.359357],[106.629421,11.359335],[106.629188,11.359526],[106.628754,11.359556],[106.628376,11.35979],[106.627669,11.35988],[106.626785,11.359743],[106.626198,11.359812],[106.625551,11.360102],[106.625327,11.360426],[106.624759,11.360806],[106.624127,11.360955],[106.623375,11.361367],[106.622877,11.361838],[106.622023,11.362326],[106.621518,11.362314],[106.620322,11.361905],[106.619195,11.361898],[106.618145,11.362084],[106.617236,11.362529],[106.616651,11.363125],[106.616147,11.363215],[106.613349,11.376436],[106.613085,11.378841],[106.613008,11.381032],[106.613234,11.387422],[106.603943,11.386798],[106.599097,11.386336],[106.5972,11.385227],[106.593123,11.381877],[106.592062,11.380744],[106.590426,11.381393],[106.588416,11.381706],[106.586715,11.380985],[106.584745,11.379968],[106.583752,11.380057],[106.58306,11.379881],[106.582273,11.379993],[106.581472,11.379901],[106.58094,11.380024],[106.579638,11.379242],[106.578669,11.379259],[106.578413,11.379117],[106.577553,11.379073],[106.576799,11.378671],[106.576071,11.378531],[106.574754,11.377199],[106.573248,11.376633],[106.57225,11.375884],[106.570921,11.374432],[106.570853,11.373987],[106.570671,11.373737],[106.570225,11.373394],[106.569628,11.373497],[106.568576,11.372999],[106.568359,11.37252],[106.568078,11.372461],[106.567853,11.372222],[106.567512,11.372185],[106.567409,11.372021],[106.566366,11.371475],[106.566239,11.371025],[106.566068,11.370899],[106.565103,11.371193],[106.563811,11.370777],[106.563407,11.370882],[106.563045,11.370683],[106.563017,11.370009],[106.562098,11.369805],[106.561933,11.370192],[106.561449,11.370173],[106.561102,11.370406],[106.56005,11.370637],[106.559837,11.370405],[106.559644,11.370409],[106.55917,11.370741],[106.559045,11.371012],[106.558206,11.370895],[106.557971,11.371112],[106.557829,11.370864],[106.557566,11.370872],[106.5572,11.371113],[106.556912,11.371134],[106.556792,11.371297],[106.556313,11.37133],[106.555515,11.371605],[106.55549,11.371886],[106.555095,11.371839],[106.554516,11.372413],[106.554391,11.37298],[106.553152,11.373062],[106.552602,11.373596],[106.551795,11.374878],[106.550922,11.375818],[106.550187,11.377888],[106.549014,11.379751],[106.548677,11.380231],[106.546965,11.381909],[106.546815,11.38292],[106.545073,11.383825],[106.544627,11.384457],[106.543907,11.385084],[106.54305,11.385066],[106.542611,11.385183],[106.541884,11.385888],[106.541511,11.386801],[106.541192,11.387061],[106.540335,11.387303],[106.539741,11.387665],[106.539075,11.387858],[106.539566,11.388403],[106.539671,11.389026],[106.540757,11.389437],[106.541235,11.390331],[106.541738,11.39053],[106.542009,11.391038],[106.542454,11.391193],[106.542843,11.391765],[106.543623,11.392149],[106.544019,11.392857],[106.544589,11.393227],[106.54434,11.394391],[106.544386,11.3947],[106.544731,11.395257],[106.545365,11.395548],[106.545912,11.396898],[106.545815,11.398035],[106.546188,11.399665],[106.545989,11.400512],[106.546079,11.400899],[106.546488,11.401328],[106.54687,11.402015],[106.54744,11.402385],[106.547968,11.403286],[106.547517,11.405886],[106.54762,11.406202],[106.548045,11.40663],[106.548077,11.407161],[106.547502,11.408499],[106.547279,11.409965],[106.547349,11.410223],[106.547641,11.410442],[106.547769,11.410738],[106.547666,11.41158],[106.547844,11.412172],[106.54741,11.412548],[106.547423,11.413132],[106.547106,11.413851],[106.547128,11.414672],[106.547028,11.415017],[106.54674,11.415521],[106.545856,11.416243],[106.544586,11.418115],[106.544544,11.418446],[106.544899,11.419377],[106.544827,11.419564],[106.542776,11.422402],[106.542139,11.422936],[106.541894,11.423383],[106.541444,11.4235],[106.541112,11.423918],[106.541129,11.424434],[106.541639,11.426574],[106.542193,11.426801],[106.542833,11.426721],[106.543202,11.426901],[106.543645,11.428113],[106.544379,11.429306],[106.544779,11.429667],[106.545442,11.430974],[106.545488,11.431519],[106.545701,11.431747],[106.545529,11.43225],[106.545763,11.432493],[106.545936,11.433492],[106.546329,11.433526],[106.546923,11.43452],[106.547354,11.434755],[106.548737,11.436348],[106.549752,11.436605],[106.551007,11.437302],[106.551183,11.437631],[106.552028,11.437813],[106.552567,11.438069],[106.552991,11.438325],[106.55346,11.439097],[106.554417,11.439304],[106.555426,11.440074],[106.556175,11.440063],[106.557438,11.439583],[106.559031,11.439581],[106.559875,11.441085],[106.560617,11.441572],[106.560972,11.442144],[106.56174,11.442442],[106.561923,11.44271],[106.562451,11.442797],[106.562858,11.443306],[106.563466,11.443602],[106.564123,11.44416],[106.564527,11.444768],[106.565463,11.445325],[106.565797,11.446508],[106.567921,11.449104],[106.569404,11.449765],[106.570466,11.451063],[106.570905,11.451432],[106.571224,11.452148],[106.571931,11.452885],[106.572407,11.453661],[106.572496,11.454405],[106.57298,11.455162],[106.573235,11.456356],[106.573221,11.456492],[106.572807,11.456516],[106.572581,11.45716],[106.571481,11.458752],[106.571184,11.459395],[106.570293,11.460215],[106.568953,11.461774],[106.568691,11.462853],[106.568401,11.463055],[106.567362,11.464582],[106.566492,11.465132],[106.566404,11.465395],[106.560199,11.472074],[106.556347,11.484844],[106.555807,11.482504],[106.554613,11.481497],[106.554945,11.480204],[106.554541,11.479939],[106.554439,11.478733],[106.554321,11.478507],[106.553671,11.478062],[106.552726,11.477904],[106.552206,11.47729],[106.551745,11.477303],[106.551538,11.477197],[106.5514,11.476466],[106.550385,11.474774],[106.550217,11.474153],[106.550262,11.473579],[106.550045,11.472824],[106.549587,11.472425],[106.549225,11.471862],[106.548826,11.471673],[106.5482,11.470719],[106.547822,11.47074],[106.547471,11.470571],[106.546868,11.470105],[106.546078,11.469124],[106.544402,11.468356],[106.542825,11.467866],[106.541586,11.468271],[106.541146,11.468219],[106.540404,11.467872],[106.539963,11.467868],[106.539191,11.468325],[106.538103,11.469204],[106.537429,11.469973],[106.537421,11.470307],[106.537305,11.470413],[106.535496,11.471313],[106.535088,11.471229],[106.534904,11.471373],[106.534258,11.472027],[106.533833,11.472269],[106.533479,11.472932],[106.532995,11.473191],[106.532737,11.473659],[106.531069,11.473608],[106.530628,11.474968],[106.530072,11.475258],[106.52929,11.47534],[106.528886,11.4755],[106.528817,11.475749],[106.528257,11.47625],[106.527901,11.476759],[106.527398,11.477039],[106.525432,11.479288],[106.524571,11.480038],[106.520958,11.481897],[106.519188,11.482563],[106.518912,11.482474],[106.51841,11.48166],[106.516892,11.481471],[106.516543,11.481609],[106.516163,11.482302],[106.514611,11.482294],[106.514234,11.482425],[106.513951,11.482656],[106.513312,11.483805],[106.512329,11.484187],[106.511783,11.484794],[106.51176,11.485057],[106.511514,11.485414],[106.510648,11.485746],[106.510385,11.486396],[106.509969,11.486695],[106.509923,11.487135],[106.509564,11.487099],[106.508926,11.487447],[106.508669,11.488152],[106.508184,11.48819],[106.507732,11.487961],[106.507063,11.488167],[106.506854,11.488047],[106.506003,11.48803],[106.504757,11.488723],[106.503509,11.48912],[106.503288,11.489299],[106.502863,11.490126],[106.502453,11.490416],[106.502385,11.491011],[106.502192,11.491133],[106.502007,11.491498],[106.501441,11.491959],[106.500853,11.491971],[106.500639,11.492465],[106.498648,11.494061],[106.498387,11.494774],[106.497555,11.495675],[106.495776,11.496384],[106.495376,11.496314],[106.495152,11.496147],[106.494706,11.496187],[106.493924,11.496952],[106.49327,11.497046],[106.493229,11.497558],[106.493132,11.497621],[106.492383,11.497603],[106.491717,11.498099],[106.491138,11.498107],[106.490359,11.497768],[106.490087,11.497809],[106.48996,11.497939],[106.490012,11.498211],[106.489761,11.49856],[106.489583,11.499288],[106.489065,11.499632],[106.488817,11.499626],[106.487219,11.498727],[106.486272,11.498033],[106.485519,11.498087],[106.484872,11.497863],[106.483988,11.498109],[106.483223,11.498985],[106.482344,11.499339],[106.482033,11.499345],[106.481064,11.498572],[106.480954,11.498386],[106.480988,11.497783],[106.480658,11.497339],[106.480395,11.497219],[106.479654,11.497445],[106.479065,11.497362],[106.478779,11.496983],[106.477984,11.496571],[106.477429,11.496018],[106.476724,11.495615],[106.47578,11.496057],[106.474947,11.495819],[106.473085,11.496356],[106.470418,11.496227],[106.46913,11.496693],[106.46892,11.497288],[106.468688,11.497566],[106.46803,11.497904],[106.467008,11.498344],[106.466026,11.498421],[106.465433,11.498591],[106.464957,11.498883],[106.462632,11.498806],[106.461885,11.498458],[106.46063,11.498673],[106.459204,11.498544],[106.455358,11.498623],[106.454623,11.498406],[106.453799,11.498333],[106.452279,11.498584],[106.448639,11.49961],[106.44743,11.499809],[106.446502,11.49963],[106.445026,11.498674],[106.444524,11.498468],[106.443923,11.498405],[106.442778,11.49852],[106.441571,11.498806],[106.437369,11.50062],[106.435524,11.50104],[106.434552,11.50104],[106.43353,11.50077],[106.432433,11.500083],[106.431229,11.498988],[106.429373,11.497005],[106.428857,11.496732],[106.427769,11.496267],[106.424464,11.495903],[106.423164,11.495637],[106.423503,11.494396],[106.42307,11.492724],[106.422201,11.491154],[106.421692,11.490551],[106.419198,11.488407],[106.4188,11.487669],[106.418872,11.486604],[106.419695,11.484833],[106.41962,11.484038],[106.41889,11.483021],[106.417581,11.48207],[106.416883,11.481984],[106.415522,11.482619],[106.415157,11.482262],[106.415026,11.480378],[106.413628,11.47907],[106.413727,11.478555],[106.414074,11.478102],[106.414771,11.477929],[106.415399,11.478235],[106.41596,11.478785],[106.41645,11.478951],[106.417009,11.478846],[106.417251,11.478429],[106.41738,11.476842],[106.4171,11.476395],[106.415669,11.476231],[106.41452,11.47641],[106.413158,11.47635],[106.411728,11.47615],[106.410989,11.475428],[106.410845,11.474778],[106.41098,11.473946],[106.411717,11.473198],[106.412486,11.472781],[106.41297,11.472328],[106.413138,11.471396],[106.41219,11.469865],[106.410087,11.468207],[106.409142,11.467798],[106.40785,11.467597],[106.407153,11.467604],[106.405935,11.467918],[106.4047,11.467955],[106.403548,11.467597],[106.403279,11.46707],[106.40331,11.466414],[106.405497,11.464818],[106.405981,11.464053],[106.406048,11.463194],[106.405799,11.462643],[106.404997,11.46251],[106.403885,11.46324],[106.40322,11.463345],[106.402281,11.463212],[106.401088,11.46246],[106.39784,11.461029],[106.397313,11.460931],[106.395027,11.461239],[106.394472,11.461068],[106.394186,11.460377],[106.39411,11.459379],[106.393793,11.458864],[106.393133,11.458626],[106.392747,11.458351],[106.392808,11.456904],[106.392491,11.456593],[106.389737,11.456712],[106.389141,11.456578],[106.388171,11.456896],[106.387823,11.457241],[106.387861,11.457792],[106.388596,11.458618],[106.388602,11.459169],[106.388452,11.459448],[106.38808,11.45955],[106.387732,11.459415],[106.386569,11.4578],[106.38597,11.456698],[106.385199,11.455773],[106.385297,11.454493],[106.385089,11.454064],[106.383865,11.453864],[106.383553,11.453729],[106.383236,11.453314],[106.382608,11.453044],[106.382223,11.453185],[106.382262,11.453872],[106.381951,11.454428],[106.381465,11.454393],[106.3808,11.454123],[106.379575,11.453127],[106.379121,11.453133],[106.377973,11.454139],[106.377524,11.454244],[106.377139,11.453937],[106.377126,11.452486],[106.37723,11.45197],[106.377055,11.451591],[106.376428,11.451561],[106.375838,11.452082],[106.375454,11.452738],[106.375323,11.453498],[106.374902,11.453775],[106.374659,11.453676],[106.374378,11.45326],[106.374197,11.452194],[106.373917,11.451711],[106.373568,11.451576],[106.372625,11.452062],[106.371755,11.452312],[106.371095,11.452106],[106.370846,11.451555],[106.371051,11.450867],[106.371362,11.450622],[106.372791,11.450511],[106.373139,11.45037],[106.37317,11.449714],[106.372821,11.449476],[106.37145,11.449123],[106.370725,11.448694],[106.369431,11.447702],[106.368412,11.446741],[106.365976,11.442472],[106.366,11.441563],[106.36632,11.441448],[106.367335,11.441608],[106.367552,11.441366],[106.367564,11.441138],[106.36702,11.440076],[106.365988,11.439118],[106.365845,11.438789],[106.365945,11.438181],[106.366291,11.438002],[106.36656,11.438013],[106.368412,11.438663],[106.368553,11.438663],[106.368655,11.438447],[106.368181,11.435928],[106.368071,11.434471],[106.367555,11.43403],[106.366255,11.433238],[106.366176,11.432744],[106.366467,11.432021],[106.366438,11.431274],[106.366167,11.430933],[106.365099,11.430444],[106.364647,11.429825],[106.364771,11.428975],[106.365589,11.428211],[106.365742,11.427907],[106.365476,11.425982],[106.365531,11.424042],[106.36536,11.423259],[106.365062,11.422741],[106.36452,11.422173],[106.363209,11.421634],[106.362142,11.421348],[106.359939,11.41966],[106.359642,11.41932],[106.359434,11.418776],[106.359053,11.417067],[106.358822,11.41437],[106.3592,11.41281],[106.35953,11.412099],[106.360603,11.410979],[106.361473,11.410329],[106.3616,11.409986],[106.361573,11.409809],[106.360402,11.409041],[106.360246,11.408827],[106.360232,11.408434],[106.360882,11.407557],[106.360945,11.407303],[106.360686,11.406861],[106.360235,11.406495],[106.360054,11.406065],[106.36005,11.402619],[106.360176,11.40215],[106.360865,11.401336],[106.360903,11.401044],[106.360554,11.400628],[106.359777,11.400122],[106.359626,11.399771],[106.359943,11.399098],[106.360454,11.398424],[106.360491,11.398069],[106.360373,11.397689],[106.359999,11.397172],[106.359035,11.396923],[106.358751,11.396671],[106.35871,11.396215],[106.359081,11.395833],[106.359143,11.395478],[106.358343,11.394607],[106.35799,11.393101],[106.35764,11.392355],[106.357472,11.39223],[106.356907,11.392245],[106.3566,11.392398],[106.355693,11.393264],[106.35527,11.393481],[106.354757,11.393458],[106.354525,11.393231],[106.353265,11.390082],[106.353041,11.388981],[106.352783,11.388564],[106.350787,11.387218],[106.350554,11.386877],[106.35045,11.386472],[106.351161,11.384948],[106.3513,11.384377],[106.350858,11.380566],[106.351258,11.37817],[106.351161,11.376624],[106.350977,11.375814],[106.350796,11.375473],[106.350396,11.375107],[106.349537,11.375339],[106.349218,11.375607],[106.348864,11.376711],[106.348519,11.377029],[106.348159,11.377056],[106.347477,11.376565],[106.346858,11.375896],[106.346212,11.375],[106.345751,11.373982],[106.345748,11.373324],[106.346474,11.372704],[106.346473,11.372412],[106.3457,11.369895],[106.345064,11.368728],[106.344928,11.368014],[106.344991,11.367234],[106.34552,11.366972],[106.345851,11.366938],[106.346449,11.36713],[106.347248,11.367874],[106.34758,11.36797],[106.347845,11.367838],[106.347007,11.365926],[106.34624,11.36489],[106.345507,11.364146],[106.344649,11.363705],[106.343389,11.363549],[106.341861,11.363003],[106.340668,11.363171],[106.339081,11.363958],[106.33809,11.364645],[106.337229,11.364941],[106.335936,11.364882],[106.333942,11.363884],[106.333608,11.363398],[106.333506,11.362717],[106.333537,11.362327],[106.333965,11.361772],[106.334461,11.361445],[106.335123,11.36128],[106.336152,11.361568],[106.337579,11.361691],[106.338075,11.361559],[106.338537,11.36107],[106.338534,11.360452],[106.338333,11.359901],[106.337833,11.359384],[106.336769,11.358739],[106.336072,11.358482],[106.335704,11.357867],[106.335732,11.356795],[106.332837,11.353925],[106.33197,11.352922],[106.332067,11.352467],[106.333159,11.352039],[106.333222,11.351292],[106.333055,11.350968],[106.33056,11.348998],[106.330356,11.347894],[106.330123,11.347319],[106.327795,11.34564],[106.326896,11.344735],[106.326427,11.343827],[106.326357,11.343048],[106.326682,11.34165],[106.327343,11.341062],[106.331113,11.339194],[106.332732,11.338049],[106.333821,11.337102],[106.337357,11.33465],[106.33887,11.333012],[106.33943,11.33203],[106.339474,11.330191],[106.33967,11.328647],[106.339923,11.328094],[106.340229,11.327867],[106.340817,11.327714],[106.342864,11.328131],[106.343913,11.328176],[106.344141,11.327875],[106.344242,11.327473],[106.344476,11.324953],[106.345523,11.323654],[106.345806,11.323011],[106.345749,11.321193],[106.345565,11.320847],[106.344122,11.319636],[106.343052,11.316616],[106.342066,11.314494],[106.341746,11.312316],[106.340796,11.310422],[106.339927,11.308064],[106.338806,11.305483],[106.338354,11.304031],[106.338133,11.303791],[106.337578,11.302455],[106.335781,11.300813],[106.335433,11.299931],[106.335246,11.299056],[106.335333,11.298128],[106.33522,11.296387],[106.335579,11.295008],[106.335913,11.2946],[106.336654,11.294064],[106.337751,11.293473],[106.337947,11.293017],[106.337712,11.292425],[106.337786,11.29225],[106.338375,11.29202],[106.340078,11.291803],[106.340232,11.291896],[106.34019,11.292083],[106.339483,11.293679],[106.338181,11.295402],[106.338067,11.296479],[106.338567,11.297182],[106.339568,11.29796],[106.339822,11.298083],[106.340308,11.298034],[106.342636,11.296802],[106.344108,11.295336],[106.344887,11.294053],[106.344945,11.293713],[106.34481,11.293567],[106.343949,11.29357],[106.342314,11.294087],[106.341824,11.294118],[106.341091,11.293823],[106.340847,11.293387],[106.3413,11.291373],[106.341398,11.289108],[106.340793,11.287277],[106.34067,11.286345],[106.340785,11.285743],[106.342874,11.283326],[106.343643,11.28282],[106.344642,11.282492],[106.345301,11.282657],[106.345352,11.282884],[106.345229,11.283177],[106.34421,11.284614],[106.344063,11.285369],[106.344398,11.286493],[106.34485,11.28741],[106.345736,11.288431],[106.346821,11.289412],[106.347925,11.289605],[106.351272,11.288665],[106.351874,11.288261],[106.352366,11.287641],[106.35257,11.28677],[106.352482,11.285715],[106.352619,11.28562],[106.3544,11.287949],[106.354697,11.288193],[106.355097,11.288081],[106.355222,11.287771],[106.355132,11.286766],[106.355289,11.286231],[106.35564,11.285609],[106.35622,11.285088],[106.356387,11.284562],[106.356265,11.28417],[106.355704,11.283804],[106.354941,11.283598],[106.353793,11.283532],[106.353475,11.283417],[106.353299,11.283085],[106.353305,11.281668],[106.353647,11.280642],[106.354153,11.280307],[106.35499,11.280284],[106.355175,11.279973],[106.355069,11.27914],[106.354815,11.278384],[106.35407,11.277075],[106.353774,11.276303],[106.353796,11.275612],[106.354128,11.274314],[106.354147,11.27247],[106.353171,11.270023],[106.352911,11.268377],[106.352871,11.266455],[106.352343,11.2654],[106.351595,11.264405],[106.350484,11.263348],[106.35036,11.262986],[106.350646,11.262585],[106.351831,11.262502],[106.353469,11.261852],[106.355579,11.261635],[106.358064,11.260952],[106.359124,11.260845],[106.359869,11.261067],[106.360619,11.261537],[106.361757,11.262877],[106.362254,11.263062],[106.363096,11.262649],[106.36372,11.262143],[106.364255,11.260944],[106.364347,11.260126],[106.364004,11.259528],[106.361929,11.259311],[106.360898,11.258465],[106.360686,11.257845],[106.360712,11.257113],[106.360923,11.256329],[106.360754,11.255846],[106.357907,11.255582],[106.356619,11.255288],[106.355785,11.254735],[106.354365,11.253296],[106.352312,11.251922],[106.351483,11.250671],[106.351148,11.249495],[106.351137,11.248761],[106.351441,11.248408],[106.351658,11.248328],[106.353127,11.248307],[106.354158,11.248015],[106.354674,11.247783],[106.35557,11.246984],[106.35617,11.246162],[106.356928,11.243908],[106.358562,11.2399],[106.359597,11.238891],[106.361334,11.238155],[106.3621,11.238042],[106.36281,11.238161],[106.363635,11.239046],[106.364773,11.239873],[106.365332,11.241199],[106.365916,11.241813],[106.368461,11.243316],[106.37053,11.244719],[106.371121,11.244733],[106.37156,11.244257],[106.372036,11.242852],[106.3727,11.241498],[106.374712,11.238441],[106.375381,11.237593],[106.376785,11.236655],[106.377379,11.235916],[106.378111,11.233615],[106.378232,11.232144],[106.37819,11.230253],[106.378322,11.229525],[106.378607,11.22902],[106.379065,11.228548],[106.379689,11.228368],[106.381041,11.229326],[106.382297,11.229382],[106.382818,11.229125],[106.383581,11.228362],[106.383853,11.227517],[106.383722,11.226462],[106.382695,11.225411],[106.382136,11.224388],[106.381541,11.222605],[106.380742,11.221127],[106.379881,11.219035],[106.379806,11.218323],[106.379969,11.217724],[106.380179,11.217435],[106.380556,11.217258],[106.381184,11.217175],[106.381719,11.216894],[106.383872,11.21502],[106.386318,11.213961],[106.388458,11.213422],[106.388963,11.212961],[106.389193,11.21239],[106.389187,11.212041],[106.387658,11.209287],[106.387197,11.208025],[106.387036,11.206494],[106.387079,11.204447],[106.386663,11.202762],[106.385984,11.2019],[106.384809,11.201048],[106.384511,11.200515],[106.384081,11.197655],[106.384269,11.195559],[106.384152,11.195138],[106.383972,11.195026],[106.383614,11.1939],[106.383645,11.193199],[106.384082,11.192319],[106.385837,11.190988],[106.38681,11.189546],[106.387128,11.188851],[106.387279,11.188122],[106.386977,11.187305],[106.386954,11.186779],[106.387114,11.186305],[106.387514,11.185846],[106.388855,11.185228],[106.390304,11.185114],[106.391907,11.184698],[106.393032,11.184738],[106.39493,11.184503],[106.395722,11.184184],[106.396341,11.183767],[106.397242,11.182475],[106.398102,11.181747],[106.39872,11.181498],[106.399496,11.181528],[106.401931,11.182023],[106.403781,11.183076],[106.404146,11.183397],[106.404721,11.184117],[106.404892,11.184694],[106.404633,11.185843],[106.404165,11.186854],[106.404148,11.187186],[106.404395,11.187941],[106.404712,11.188093],[106.405038,11.188051],[106.405275,11.187838],[106.405587,11.187071],[106.406143,11.186214],[106.407718,11.184308],[106.408562,11.183839],[106.409864,11.183815],[106.410199,11.183586],[106.410363,11.183245],[106.410449,11.182818],[106.409337,11.180331],[106.409532,11.179275],[106.410134,11.178219],[106.410277,11.177636],[106.409953,11.175875],[106.410077,11.175182],[106.409872,11.173323],[106.41012,11.172576],[106.41059,11.172144],[106.41116,11.172298],[106.411934,11.173285],[106.412634,11.173831],[106.415203,11.174303],[106.416133,11.174363],[106.416997,11.174089],[106.418104,11.173091],[106.418779,11.172674],[106.420062,11.172482],[106.420747,11.172255],[106.423308,11.170854],[106.424392,11.170575],[106.425554,11.17045],[106.426604,11.170799],[106.427472,11.171462],[106.427864,11.172033],[106.42865,11.173894],[106.429432,11.174651],[106.430295,11.174642],[106.430962,11.173854],[106.431351,11.173572],[106.431606,11.173152],[106.431767,11.17251],[106.432184,11.171897],[106.432302,11.171357],[106.432563,11.170987],[106.432563,11.169087],[106.432765,11.167213],[106.433341,11.164874],[106.434093,11.163722],[106.435852,11.161798],[106.436463,11.160655],[106.436799,11.159188],[106.43685,11.157883],[106.436762,11.156496],[106.436572,11.15577],[106.436186,11.155513],[106.435844,11.15479],[106.434125,11.152943],[106.433004,11.151001],[106.432469,11.15049],[106.431859,11.150121],[106.431351,11.150033],[106.43068,11.15011],[106.429979,11.149729],[106.429849,11.149459],[106.429892,11.148705],[106.431006,11.146998],[106.431632,11.146474],[106.43331,11.144563],[106.434432,11.143671],[106.435597,11.141568],[106.436092,11.140942],[106.436722,11.140454],[106.43811,11.139915],[106.438784,11.139296],[106.439702,11.138912],[106.441103,11.137931],[106.442327,11.136816],[106.443035,11.136406],[106.444085,11.136098],[106.445812,11.135922],[106.446999,11.136075],[106.447762,11.136002],[106.447901,11.132182],[106.44777,11.132151],[106.447893,11.13152],[106.448028,11.131535],[106.448415,11.130804],[106.447,11.129734],[106.446312,11.128564],[106.446038,11.127683],[106.445354,11.127435],[106.445105,11.126851],[106.444795,11.126578],[106.444855,11.125291],[106.4447,11.124527],[106.444394,11.123988],[106.444429,11.12321],[106.44398,11.122585],[106.443796,11.121993],[106.443536,11.120809],[106.443533,11.120099],[106.443047,11.118852],[106.442852,11.117647],[106.442611,11.116935],[106.44263,11.116359],[106.442495,11.1159],[106.441873,11.115022],[106.441389,11.1147],[106.441132,11.114893],[106.440398,11.114729],[106.438376,11.11249],[106.438169,11.112324],[106.437786,11.11227],[106.437388,11.111598],[106.437374,11.110737],[106.437129,11.110241],[106.437368,11.109907],[106.433809,11.100208],[106.433073,11.100295],[106.432235,11.098287],[106.431546,11.09831],[106.430784,11.093564],[106.430825,11.092059],[106.430272,11.09204],[106.430282,11.091883],[106.427179,11.091913],[106.425953,11.091617],[106.426331,11.088246],[106.426494,11.081714],[106.425826,11.081162],[106.425987,11.077952],[106.426301,11.077989],[106.426601,11.076269],[106.427078,11.075636],[106.427348,11.075007],[106.427354,11.074038],[106.426472,11.071525],[106.425668,11.07016],[106.425237,11.068956],[106.42527,11.0683],[106.425714,11.066562],[106.424348,11.066433],[106.422752,11.066051],[106.422744,11.06581],[106.422472,11.065798],[106.42244,11.065494],[106.421684,11.065173],[106.421491,11.065248],[106.420166,11.063348],[106.421557,11.061892],[106.42069,11.061084],[106.42224,11.059138],[106.421107,11.058442],[106.42147,11.057582],[106.420975,11.057397],[106.421131,11.057096],[106.420959,11.056739],[106.42111,11.056466],[106.421308,11.055276],[106.420923,11.054677],[106.420804,11.053725],[106.42033,11.05202],[106.422455,11.049266],[106.423249,11.048688],[106.424715,11.047339],[106.424485,11.047177],[106.422569,11.046584],[106.42332,11.045391],[106.422205,11.044526],[106.422854,11.04363],[106.422338,11.043284],[106.422719,11.042763],[106.421605,11.041962],[106.42217,11.041462],[106.421004,11.039704],[106.421319,11.039471],[106.420351,11.037603],[106.420079,11.036868],[106.420059,11.036161],[106.418743,11.036058],[106.418636,11.035993],[106.418642,11.03568],[106.418322,11.03541],[106.417137,11.035194],[106.417001,11.034802],[106.416587,11.034557],[106.416441,11.03432],[106.415973,11.033973],[106.415677,11.033902],[106.415577,11.033736],[106.414959,11.033694],[106.413796,11.032599],[106.413814,11.03235],[106.413285,11.031921],[106.413398,11.031406],[106.412054,11.03033],[106.411351,11.029176],[106.410781,11.027322],[106.410552,11.026103],[106.409311,11.023779],[106.409373,11.023597],[106.409653,11.023452],[106.409648,11.023323],[106.408926,11.022498],[106.40904,11.021895],[106.408853,11.020087],[106.409003,11.019163],[106.409339,11.018549],[106.409471,11.017774],[106.409307,11.016947],[106.408918,11.01657],[106.409125,11.015239],[106.409016,11.014809],[106.409127,11.014617],[106.409572,11.014601],[106.410088,11.013537],[106.410636,11.01348],[106.411287,11.012969],[106.411574,11.011974],[106.412804,11.008888],[106.411102,11.007995],[106.410927,11.007702],[106.410557,11.007591],[106.410475,11.007364],[106.410246,11.00738],[106.406306,11.006204],[106.406224,11.005642],[106.406118,11.005644],[106.406157,11.00531],[106.405581,11.005194],[106.405501,11.00447],[106.405265,11.004462],[106.405243,11.003684],[106.403299,11.003563],[106.403299,11.003439],[106.402561,11.003179],[106.393184,11.000509],[106.391955,10.999835],[106.391339,10.999682],[106.389528,10.999638],[106.388459,10.999451],[106.388124,10.999264],[106.38734,10.999382],[106.38624,10.999194],[106.385137,10.99934],[106.384325,10.999257],[106.38067,10.998426],[106.378239,11.000253],[106.377913,11.000119],[106.377208,11.000418],[106.376885,10.999931],[106.375482,10.999873],[106.373879,10.999546],[106.36695,10.998728],[106.363497,10.997227],[106.363251,10.997564],[106.36257,10.997065],[106.362055,10.996252],[106.359951,10.995298],[106.360277,10.994662],[106.359743,10.994446],[106.359806,10.994287],[106.358357,10.993475],[106.358412,10.993366],[106.358197,10.993133],[106.358005,10.993186],[106.357867,10.993074],[106.358176,10.992364],[106.356687,10.991566],[106.372659,10.970299],[106.373023,10.969668],[106.373494,10.969536],[106.376783,10.970017],[106.401511,10.972585],[106.408815,10.97352],[106.411314,10.973781],[106.411749,10.97365],[106.426065,10.962955],[106.429646,10.960067],[106.440037,10.952095],[106.453698,10.941761],[106.495618,10.920878],[106.496829,10.92],[106.503599,10.916564],[106.503648,10.916946],[106.505778,10.915897],[106.524858,10.906161],[106.525845,10.90552],[106.531361,10.902774],[106.531873,10.902378],[106.532841,10.900739],[106.532807,10.899672],[106.531592,10.895721],[106.528046,10.881833],[106.526563,10.877252],[106.525855,10.873523],[106.524808,10.870041],[106.520159,10.852593],[106.515817,10.83486],[106.511214,10.817373],[106.509354,10.80831],[106.508128,10.803836],[106.506269,10.795043],[106.50559,10.793545],[106.504541,10.7889],[106.501781,10.786749],[106.501619,10.786499],[106.495544,10.78135],[106.487145,10.774387],[106.486573,10.774073],[106.463651,10.756537],[106.46739,10.751461],[106.47215,10.74544],[106.473375,10.746418],[106.474446,10.74532],[106.481974,10.735427],[106.482376,10.735613],[106.486965,10.729836],[106.487506,10.73014],[106.488825,10.731225],[106.492003,10.72909],[106.49521,10.727289],[106.495723,10.727586],[106.497323,10.726307],[106.499554,10.72499],[106.50148,10.726446],[106.501782,10.726425],[106.509384,10.717072],[106.520187,10.723658],[106.523869,10.720948],[106.526182,10.719564],[106.526411,10.719591],[106.528557,10.718393],[106.530206,10.717319],[106.528335,10.714864],[106.528365,10.714357],[106.527201,10.7091],[106.528961,10.702228],[106.531889,10.694035],[106.532215,10.693486],[106.532266,10.693021],[106.533859,10.688119],[106.534566,10.687317],[106.535051,10.687043],[106.535587,10.686179],[106.535675,10.685529],[106.536564,10.685664],[106.537844,10.686081],[106.539803,10.686073],[106.547298,10.687145],[106.548268,10.686166],[106.549095,10.686464],[106.550409,10.685623],[106.551019,10.683666],[106.551053,10.682823],[106.551366,10.68245],[106.551297,10.681757],[106.55148,10.681221],[106.55153,10.67963],[106.552439,10.677657],[106.552809,10.677153],[106.552962,10.675764],[106.553649,10.675374],[106.553256,10.674423],[106.553337,10.67316],[106.553197,10.672005],[106.552941,10.671612],[106.552209,10.671196],[106.552058,10.670579],[106.552132,10.670288],[106.552615,10.669715],[106.55281,10.669072],[106.553474,10.668789],[106.553564,10.668519],[106.553243,10.667516],[106.553153,10.66559],[106.552763,10.665251],[106.551923,10.66485],[106.551495,10.664112],[106.551565,10.66352],[106.551374,10.663015],[106.551406,10.66141],[106.550935,10.660592],[106.55048,10.659027],[106.550203,10.659008],[106.54925,10.659627],[106.549045,10.659055],[106.54892,10.657458],[106.551847,10.657374],[106.552743,10.65751],[106.554576,10.657104],[106.555872,10.656954],[106.555988,10.65546],[106.555417,10.65493],[106.555177,10.65365],[106.555229,10.652589],[106.555575,10.650902],[106.556325,10.650929],[106.556424,10.650679],[106.557002,10.650645],[106.55743,10.65038],[106.557867,10.648551],[106.558529,10.648624],[106.558714,10.649324],[106.559196,10.649925],[106.558783,10.650666],[106.559017,10.651881],[106.559986,10.651596],[106.563138,10.651446],[106.563213,10.652196],[106.564703,10.652139],[106.5653,10.652296],[106.565053,10.652989],[106.565587,10.653405],[106.565922,10.653911],[106.566025,10.655366],[106.566244,10.656453],[106.568513,10.656125],[106.56861,10.65657],[106.569704,10.656305],[106.57267,10.654419],[106.573505,10.654183],[106.573495,10.653801],[106.573179,10.652992],[106.573084,10.652149],[106.57332,10.65106],[106.57335,10.649828],[106.575128,10.64986],[106.575421,10.6491],[106.57674,10.649268],[106.576968,10.648887],[106.578809,10.649491],[106.579111,10.649799],[106.579444,10.650521],[106.57938,10.651261],[106.579553,10.651869],[106.578062,10.651865],[106.578073,10.652742],[106.577888,10.653301],[106.579382,10.654996],[106.579711,10.65612],[106.580521,10.656133],[106.58066,10.655708],[106.580601,10.6555],[106.581621,10.655377],[106.583271,10.655385],[106.584055,10.653654],[106.586364,10.653193],[106.586593,10.65326],[106.587218,10.653157],[106.587292,10.652834],[106.587419,10.652799],[106.590421,10.653113],[106.590906,10.651121],[106.591602,10.651208],[106.591737,10.650083],[106.59293,10.650413],[106.594964,10.650624],[106.594902,10.651017],[106.595714,10.651104],[106.595221,10.653771],[106.597512,10.653389],[106.597513,10.653133],[106.598255,10.653012],[106.599098,10.652544],[106.599627,10.652394],[106.599692,10.652267],[106.600062,10.652222],[106.600311,10.652016],[106.600344,10.651291],[106.600505,10.650813],[106.600652,10.650707],[106.601673,10.65124],[106.601863,10.652268],[106.602244,10.652876],[106.602754,10.653352],[106.603172,10.65474],[106.603772,10.655784],[106.603994,10.656644],[106.604703,10.65799]]],[[[106.574909,8.652077],[106.576397,8.651457],[106.577885,8.651333],[106.578506,8.649844],[106.579374,8.648356],[106.578878,8.646867],[106.577265,8.646867],[106.576094,8.645922],[106.578134,8.645503],[106.579746,8.644759],[106.582971,8.645007],[106.584459,8.645255],[106.586196,8.645255],[106.589297,8.644759],[106.595871,8.64451],[106.597484,8.644014],[106.600088,8.64203],[106.602817,8.640789],[106.604306,8.640417],[106.605918,8.640417],[106.607407,8.640045],[106.610508,8.640045],[106.611996,8.639673],[106.613608,8.639673],[106.614973,8.640417],[106.614849,8.641906],[106.614229,8.644883],[106.613236,8.647984],[106.612988,8.649472],[106.611748,8.652201],[106.610135,8.65493],[106.609019,8.65617],[106.607779,8.657162],[106.60629,8.657286],[106.605298,8.658403],[106.60443,8.659767],[106.603685,8.661256],[106.601825,8.66386],[106.600957,8.665349],[106.600584,8.666837],[106.599096,8.66783],[106.598228,8.669194],[106.598352,8.670807],[106.599096,8.672171],[106.600088,8.673287],[106.600957,8.674652],[106.601701,8.67614],[106.602817,8.677257],[106.605298,8.679241],[106.606662,8.679985],[106.610508,8.68259],[106.611376,8.683831],[106.61212,8.685195],[106.61336,8.686063],[106.615097,8.686683],[106.616461,8.687676],[106.622167,8.690281],[106.62378,8.690405],[106.624152,8.687304],[106.625888,8.687056],[106.627129,8.688048],[106.628121,8.689412],[106.628989,8.692389],[106.629733,8.69549],[106.63023,8.697103],[106.63085,8.698467],[106.631718,8.699832],[106.633207,8.700328],[106.636183,8.70008],[106.637672,8.699335],[106.642509,8.698095],[106.643626,8.696979],[106.644618,8.695614],[106.645858,8.694746],[106.648835,8.693506],[106.649828,8.692265],[106.650944,8.691149],[106.652557,8.690777],[106.653921,8.691521],[106.655533,8.692141],[106.657022,8.691893],[106.658758,8.692265],[106.659999,8.693133],[106.659751,8.696234],[106.658262,8.696855],[106.653673,8.701072],[106.650696,8.702808],[106.648091,8.704793],[106.647099,8.705909],[106.644618,8.708018],[106.64313,8.710747],[106.642509,8.713724],[106.642385,8.715212],[106.642385,8.72191],[106.642261,8.723399],[106.643378,8.726376],[106.643254,8.727988],[106.643378,8.729601],[106.644122,8.730965],[106.645486,8.731833],[106.646975,8.731089],[106.651688,8.730097],[106.654789,8.729973],[106.660123,8.729973],[106.661363,8.730841],[106.661859,8.73233],[106.662976,8.733446],[106.663596,8.73481],[106.665581,8.737167],[106.666449,8.738531],[106.665953,8.74002],[106.664588,8.74064],[106.663472,8.74188],[106.662107,8.742997],[106.659255,8.744981],[106.659006,8.746594],[106.657642,8.747214],[106.655781,8.747214],[106.654913,8.748579],[106.655161,8.750067],[106.655906,8.751431],[106.657022,8.752548],[106.65851,8.749571],[106.659379,8.74833],[106.660867,8.74771],[106.661371,8.747668],[106.662045,8.747028],[106.662604,8.746842],[106.664573,8.746811],[106.66496,8.746966],[106.665053,8.747338],[106.665348,8.747571],[106.665767,8.747168],[106.66617,8.747245],[106.666371,8.747617],[106.666449,8.748206],[106.667379,8.74861],[106.667658,8.749121],[106.668061,8.749276],[106.668435,8.749797],[106.669302,8.750191],[106.670418,8.751307],[106.670542,8.75292],[106.669922,8.754284],[106.667689,8.756517],[106.665953,8.756765],[106.664588,8.757509],[106.66496,8.759122],[106.664712,8.760982],[106.663224,8.761355],[106.661611,8.760858],[106.660247,8.760238],[106.658758,8.760486],[106.657394,8.76123],[106.655906,8.760982],[106.654789,8.759866],[106.653921,8.758626],[106.653177,8.757261],[106.651316,8.755029],[106.646479,8.75416],[106.643502,8.754532],[106.641889,8.754284],[106.637176,8.752424],[106.636059,8.751307],[106.636432,8.749695],[106.635687,8.74833],[106.634199,8.74771],[106.630974,8.746718],[106.629485,8.746594],[106.627997,8.746098],[106.625144,8.744609],[106.623904,8.743493],[106.623283,8.742005],[106.622911,8.740392],[106.623904,8.739276],[106.6244,8.737663],[106.624028,8.736051],[106.623035,8.73481],[106.621919,8.733694],[106.620555,8.732454],[106.61919,8.731461],[106.617702,8.731957],[106.616833,8.733322],[106.616213,8.734686],[106.614849,8.735555],[106.613236,8.735431],[106.611748,8.735058],[106.610508,8.734066],[106.608895,8.731337],[106.607903,8.730097],[106.606786,8.729105],[106.605546,8.728236],[106.604058,8.727492],[106.602445,8.726996],[106.601205,8.72588],[106.599592,8.725631],[106.596615,8.72588],[106.595003,8.72588],[106.59339,8.725383],[106.593018,8.723895],[106.592274,8.722531],[106.591158,8.719554],[106.590413,8.718189],[106.590537,8.711739],[106.590041,8.710127],[106.590041,8.708638],[106.589669,8.70715],[106.588677,8.705909],[106.586072,8.704173],[106.584708,8.703429],[106.583095,8.703677],[106.581607,8.70653],[106.580118,8.707274],[106.579002,8.706282],[106.578009,8.70008],[106.576645,8.696979],[106.576149,8.69549],[106.574536,8.692513],[106.572924,8.692513],[106.571684,8.693381],[106.570071,8.693506],[106.568583,8.693009],[106.567342,8.692141],[106.565978,8.689412],[106.565854,8.687924],[106.565482,8.686435],[106.563993,8.683458],[106.562753,8.68259],[106.561388,8.68197],[106.560148,8.681102],[106.559776,8.679613],[106.559776,8.678001],[106.560396,8.676512],[106.560768,8.675024],[106.561388,8.673659],[106.562257,8.672419],[106.564613,8.670434],[106.564737,8.666961],[106.565978,8.666093],[106.566846,8.664853],[106.567466,8.663116],[106.567838,8.661628],[106.56697,8.660387],[106.565854,8.659147],[106.566722,8.657783],[106.568335,8.658775],[106.569203,8.657534],[106.57156,8.65555],[106.5728,8.654309],[106.574164,8.653565],[106.574909,8.652077]]],[[[106.670356,8.681489],[106.669178,8.68121],[106.668371,8.681148],[106.667596,8.681272],[106.666945,8.681706],[106.665736,8.681923],[106.664929,8.682203],[106.664123,8.68211],[106.662759,8.681179],[106.66189,8.681086],[106.661611,8.680807],[106.661487,8.680435],[106.660774,8.679536],[106.660681,8.679164],[106.659968,8.678885],[106.659782,8.678543],[106.659999,8.677303],[106.660743,8.676342],[106.660774,8.675567],[106.661146,8.674853],[106.661177,8.674016],[106.661301,8.673644],[106.662883,8.671814],[106.663503,8.671411],[106.665674,8.669427],[106.667751,8.66614],[106.668557,8.664341],[106.668588,8.663907],[106.669023,8.663256],[106.669457,8.661612],[106.6711,8.659287],[106.673767,8.657426],[106.674976,8.656837],[106.675814,8.656651],[106.676961,8.655968],[106.677736,8.655875],[106.678108,8.656093],[106.678667,8.658325],[106.678922,8.65841],[106.678938,8.659566],[106.678698,8.660713],[106.678791,8.661984],[106.679535,8.663349],[106.679504,8.664558],[106.679752,8.665674],[106.680806,8.666574],[106.681271,8.667194],[106.681985,8.667628],[106.683721,8.667597],[106.684962,8.667194],[106.685582,8.666729],[106.685303,8.666481],[106.686295,8.665736],[106.688062,8.663969],[106.690109,8.662418],[106.690543,8.662418],[106.691132,8.662884],[106.692652,8.662574],[106.694419,8.661798],[106.694854,8.661116],[106.695474,8.660496],[106.696249,8.660682],[106.697086,8.660558],[106.697458,8.660651],[106.69783,8.661333],[106.698172,8.661519],[106.698947,8.661767],[106.699319,8.661643],[106.699691,8.661767],[106.699908,8.662543],[106.700621,8.664062],[106.700993,8.664155],[106.701893,8.664899],[106.703071,8.664744],[106.704094,8.664186],[106.704591,8.663566],[106.704963,8.663535],[106.706017,8.664155],[106.707847,8.665799],[106.70856,8.666078],[106.708932,8.666791],[106.710451,8.666977],[106.710761,8.667287],[106.710637,8.668062],[106.7098,8.669458],[106.709521,8.669706],[106.709211,8.669489],[106.708839,8.669458],[106.708498,8.669613],[106.707288,8.670636],[106.706513,8.670512],[106.705924,8.670016],[106.70518,8.669613],[106.70428,8.669613],[106.704001,8.669892],[106.704001,8.671008],[106.703877,8.67138],[106.70304,8.672217],[106.703412,8.673365],[106.703412,8.674171],[106.702761,8.6769],[106.702048,8.677334],[106.701676,8.677427],[106.700745,8.678202],[106.69904,8.678295],[106.697861,8.678574],[106.697551,8.678823],[106.697117,8.679505],[106.696745,8.679753],[106.696342,8.679722],[106.695784,8.678667],[106.695381,8.675753],[106.694978,8.674202],[106.694016,8.672497],[106.693427,8.671008],[106.69259,8.670202],[106.691877,8.669954],[106.690729,8.670202],[106.69014,8.671318],[106.688993,8.672497],[106.688652,8.673179],[106.68738,8.673706],[106.686512,8.674543],[106.686419,8.674915],[106.68614,8.675163],[106.685768,8.67507],[106.684899,8.673768],[106.684248,8.673334],[106.683721,8.672776],[106.683504,8.672],[106.683132,8.671349],[106.682481,8.670915],[106.682233,8.670574],[106.681799,8.670481],[106.681023,8.670698],[106.680155,8.671566],[106.679318,8.673923],[106.678481,8.674822],[106.677891,8.675784],[106.677302,8.676311],[106.676558,8.678202],[106.674511,8.679474],[106.673364,8.681179],[106.673085,8.681427],[106.672682,8.68152],[106.671906,8.681427],[106.671503,8.681551],[106.670356,8.681489]]],[[[106.574192,8.643276],[106.575804,8.644227],[106.576094,8.644599],[106.576259,8.645053],[106.576259,8.645467],[106.576094,8.645922],[106.575473,8.646542],[106.574564,8.646625],[106.572703,8.647782],[106.571876,8.648072],[106.571174,8.649105],[106.569437,8.649312],[106.569024,8.649519],[106.566874,8.651503],[106.564269,8.65233],[106.562574,8.652248],[106.562325,8.651876],[106.562284,8.651462],[106.562077,8.65109],[106.561705,8.650883],[106.560424,8.650966],[106.56001,8.651131],[106.558935,8.652],[106.558398,8.65324],[106.558398,8.653653],[106.557943,8.654935],[106.557281,8.655473],[106.556909,8.655679],[106.556496,8.655679],[106.556165,8.655927],[106.555049,8.657705],[106.554883,8.65816],[106.555049,8.661096],[106.554635,8.663204],[106.554428,8.663659],[106.553395,8.664403],[106.552402,8.664776],[106.551121,8.664858],[106.550707,8.665065],[106.550335,8.664858],[106.550087,8.664486],[106.550046,8.663659],[106.549219,8.663287],[106.545828,8.660889],[106.545001,8.660806],[106.543761,8.661302],[106.54343,8.661551],[106.543017,8.661633],[106.542686,8.661344],[106.542231,8.661385],[106.5419,8.661633],[106.541404,8.661551],[106.540784,8.660848],[106.540371,8.659152],[106.539957,8.656093],[106.540412,8.654852],[106.540371,8.652744],[106.540619,8.650966],[106.541446,8.648899],[106.541776,8.647617],[106.542397,8.646955],[106.542851,8.64679],[106.545125,8.646501],[106.547978,8.645177],[106.548599,8.644516],[106.548764,8.644061],[106.549095,8.643813],[106.549425,8.644227],[106.549632,8.643813],[106.549963,8.643524],[106.551824,8.642366],[106.553064,8.64034],[106.553023,8.637818],[106.552568,8.636577],[106.552774,8.636205],[106.553725,8.635213],[106.55418,8.63513],[106.555007,8.635254],[106.555214,8.634882],[106.555958,8.634427],[106.557323,8.634345],[106.55848,8.633022],[106.55848,8.632567],[106.558811,8.631285],[106.559018,8.630913],[106.55939,8.630706],[106.559803,8.630789],[106.56001,8.631202],[106.559927,8.632071],[106.559638,8.632898],[106.559721,8.633352],[106.560341,8.634097],[106.560754,8.635833],[106.561002,8.636164],[106.561829,8.636329],[106.562325,8.637074],[106.563524,8.637818],[106.563855,8.638603],[106.564724,8.638479],[106.56522,8.638645],[106.565344,8.639927],[106.565799,8.640051],[106.567452,8.639927],[106.568693,8.640423],[106.569106,8.640464],[106.56952,8.640381],[106.569768,8.640051],[106.570181,8.639927],[106.571049,8.640051],[106.572,8.64096],[106.572414,8.641167],[106.572827,8.641208],[106.573158,8.641539],[106.573778,8.643152],[106.574192,8.643276]]],[[[106.741595,8.695393],[106.741332,8.695771],[106.741691,8.696927],[106.74179,8.698333],[106.741207,8.698873],[106.740627,8.699073],[106.739868,8.698801],[106.739493,8.69841],[106.739378,8.69777],[106.738379,8.696727],[106.738145,8.695701],[106.737768,8.695438],[106.737381,8.695685],[106.737001,8.695549],[106.736631,8.694903],[106.735661,8.692457],[106.734787,8.691545],[106.73332,8.68845],[106.73346,8.687815],[106.733845,8.687696],[106.735991,8.688763],[106.735941,8.688373],[106.736251,8.687846],[106.73791,8.686714],[106.739869,8.686168],[106.739633,8.68527],[106.739781,8.684252],[106.740194,8.68273],[106.740452,8.682608],[106.740824,8.683126],[106.741451,8.68365],[106.742184,8.685198],[106.742403,8.686989],[106.743524,8.688289],[106.743738,8.690336],[106.743454,8.691733],[106.74366,8.694162],[106.743007,8.694914],[106.742362,8.695282],[106.741595,8.695393]]],[[[106.551372,8.711026],[106.551465,8.711584],[106.550907,8.711708],[106.550799,8.71208],[106.550613,8.712142],[106.550225,8.712049],[106.549279,8.711383],[106.547015,8.710623],[106.543666,8.709863],[106.541651,8.709925],[106.541124,8.710127],[106.538906,8.710111],[106.538565,8.710328],[106.537992,8.710328],[106.537278,8.709584],[106.536736,8.709584],[106.536534,8.709041],[106.53641,8.707429],[106.536643,8.706002],[106.537139,8.705429],[106.538116,8.705274],[106.539061,8.704622],[106.539449,8.70456],[106.53948,8.704374],[106.540457,8.704436],[106.541945,8.703925],[106.543713,8.703615],[106.544829,8.703615],[106.54669,8.703987],[106.54793,8.704917],[106.549512,8.706793],[106.549605,8.707351],[106.551388,8.71008],[106.551527,8.710483],[106.551372,8.711026]]],[[[107.017393,10.483696],[107.015383,10.488104],[107.015456,10.488596],[107.015193,10.489514],[107.015303,10.491535],[107.015155,10.492132],[107.014622,10.49251],[107.013529,10.492871],[107.013056,10.49286],[107.011814,10.492229],[107.011813,10.492023],[107.012134,10.491525],[107.012497,10.490107],[107.012385,10.490093],[107.011662,10.49123],[107.011639,10.491388],[107.011917,10.491392],[107.01202,10.491517],[107.011823,10.491829],[107.011713,10.491681],[107.011538,10.49173],[107.011589,10.492148],[107.0115,10.492292],[107.011033,10.492092],[107.011077,10.491544],[107.012145,10.490005],[107.012083,10.48996],[107.011923,10.489952],[107.010703,10.491716],[107.009214,10.490697],[107.006279,10.490005],[107.005699,10.489577],[107.005542,10.489294],[107.006521,10.488769],[107.006924,10.488402],[107.007704,10.488329],[107.008331,10.488071],[107.009406,10.487415],[107.009926,10.486646],[107.010693,10.486453],[107.010786,10.486257],[107.01044,10.485609],[107.010467,10.485426],[107.011351,10.485656],[107.012893,10.485458],[107.013559,10.484914],[107.013982,10.484259],[107.014506,10.484096],[107.014632,10.483649],[107.015348,10.483528],[107.016188,10.482991],[107.017203,10.483178],[107.017393,10.483696]]],[[[107.074249,10.440334],[107.071907,10.441871],[107.069628,10.442515],[107.069495,10.442788],[107.069215,10.442818],[107.06906,10.442704],[107.068724,10.443051],[107.068023,10.443144],[107.068076,10.44337],[107.0678,10.443413],[107.06753,10.443393],[107.06703,10.443114],[107.064541,10.442524],[107.064209,10.442354],[107.063908,10.441858],[107.065431,10.440536],[107.068032,10.438784],[107.068585,10.438125],[107.068796,10.437619],[107.069096,10.437549],[107.069381,10.437095],[107.069703,10.437294],[107.069772,10.43764],[107.068883,10.438239],[107.069376,10.438059],[107.06918,10.438506],[107.069243,10.438789],[107.069145,10.439039],[107.069585,10.438908],[107.069767,10.439145],[107.069692,10.438883],[107.069441,10.438768],[107.06935,10.438464],[107.06945,10.438349],[107.070078,10.43852],[107.069999,10.438354],[107.06955,10.438229],[107.069885,10.43802],[107.070085,10.437702],[107.070783,10.437333],[107.071454,10.437164],[107.071907,10.436738],[107.073495,10.436725],[107.073829,10.436485],[107.075235,10.435997],[107.075517,10.435819],[107.075679,10.435404],[107.076242,10.434698],[107.077276,10.434819],[107.078007,10.435888],[107.077485,10.436937],[107.076876,10.437543],[107.076425,10.437663],[107.076134,10.437943],[107.07613,10.438299],[107.075739,10.438601],[107.07578,10.438976],[107.074249,10.440334]]],[[[106.975549,10.46655],[106.975274,10.467131],[106.975678,10.468446],[106.976258,10.4695],[106.977577,10.471248],[106.978005,10.47236],[106.978025,10.473552],[106.977719,10.473989],[106.977182,10.473468],[106.976545,10.473141],[106.975009,10.47145],[106.97478,10.47138],[106.974436,10.470716],[106.974164,10.470727],[106.973896,10.47144],[106.973629,10.471353],[106.973356,10.471049],[106.9734,10.470733],[106.974342,10.470017],[106.974348,10.469231],[106.973948,10.468078],[106.973798,10.468137],[106.974203,10.469147],[106.974225,10.46959],[106.97396,10.470199],[106.973232,10.470747],[106.972793,10.470656],[106.972477,10.4703],[106.971849,10.469141],[106.971893,10.4682],[106.97255,10.467075],[106.973751,10.467289],[106.972767,10.466912],[106.972668,10.46652],[106.972783,10.466032],[106.97333,10.465018],[106.973713,10.463614],[106.973518,10.462353],[106.973611,10.461805],[106.973824,10.46148],[106.973259,10.46062],[106.973789,10.459937],[106.976407,10.461045],[106.976406,10.461664],[106.976068,10.46288],[106.976296,10.463416],[106.975851,10.464584],[106.975549,10.46655]]],[[[106.631836,8.633941],[106.632884,8.634715],[106.633583,8.635613],[106.63508,8.636686],[106.635179,8.63696],[106.634805,8.637359],[106.633982,8.637509],[106.633533,8.637783],[106.631162,8.638507],[106.630214,8.639056],[106.63009,8.639305],[106.62984,8.639355],[106.629491,8.639006],[106.629141,8.637783],[106.628667,8.637609],[106.628268,8.636935],[106.62752,8.63686],[106.62732,8.636711],[106.626996,8.636012],[106.62722,8.635812],[106.628218,8.635613],[106.628767,8.63439],[106.629316,8.633791],[106.629316,8.633542],[106.628967,8.633193],[106.629017,8.632943],[106.629216,8.632793],[106.629466,8.632719],[106.630214,8.632943],[106.630763,8.632843],[106.631013,8.632918],[106.631736,8.633692],[106.631836,8.633941]]],[[[106.554964,8.68688],[106.5555,8.685103],[106.555387,8.68408],[106.555516,8.683955],[106.556542,8.683591],[106.558332,8.683242],[106.55935,8.683389],[106.559864,8.68424],[106.56009,8.685189],[106.559021,8.687437],[106.558796,8.688856],[106.558595,8.68905],[106.558238,8.689244],[106.557858,8.688972],[106.556339,8.68882],[106.555962,8.68843],[106.554964,8.68688]]],[[[107.097537,10.402387],[107.096688,10.401789],[107.096472,10.401459],[107.095537,10.397176],[107.094938,10.396254],[107.094937,10.39569],[107.095343,10.394727],[107.095523,10.394759],[107.095817,10.394558],[107.096797,10.394858],[107.096826,10.395423],[107.097341,10.395838],[107.098253,10.396926],[107.09838,10.397268],[107.0983,10.398065],[107.098412,10.398172],[107.098397,10.398378],[107.098165,10.398674],[107.098083,10.399228],[107.098355,10.399723],[107.098427,10.40026],[107.098667,10.400799],[107.098655,10.401611],[107.098148,10.402247],[107.097978,10.402312],[107.097537,10.402387]]],[[[107.076099,10.433936],[107.075749,10.434532],[107.075318,10.434888],[107.075275,10.435294],[107.073908,10.436021],[107.072524,10.436279],[107.071704,10.435816],[107.071402,10.43597],[107.070943,10.4358],[107.071128,10.435465],[107.071584,10.435524],[107.071508,10.435049],[107.071825,10.434605],[107.073298,10.433612],[107.074725,10.433006],[107.07493,10.432781],[107.076528,10.432633],[107.077742,10.432892],[107.079111,10.432845],[107.079782,10.433357],[107.078488,10.434913],[107.078173,10.434902],[107.077515,10.434544],[107.076711,10.433805],[107.076099,10.433936]]],[[[106.986835,10.481067],[106.987149,10.481166],[106.986673,10.481556],[106.986365,10.482448],[106.986168,10.482669],[106.986193,10.482784],[106.986623,10.48281],[106.986577,10.483044],[106.986072,10.48354],[106.98606,10.483861],[106.985844,10.484168],[106.985736,10.484681],[106.98516,10.485321],[106.984866,10.485394],[106.984657,10.485128],[106.984597,10.484812],[106.98462,10.483865],[106.984517,10.48366],[106.984163,10.483504],[106.984121,10.482993],[106.983637,10.48213],[106.983178,10.480574],[106.983213,10.480105],[106.983634,10.480054],[106.984028,10.479841],[106.984633,10.479861],[106.984933,10.479926],[106.985332,10.480374],[106.986022,10.480264],[106.986762,10.480336],[106.986893,10.480388],[106.986835,10.481067]]],[[[106.618001,8.634702],[106.618974,8.634764],[106.619486,8.634989],[106.619685,8.635613],[106.619698,8.636236],[106.619823,8.636486],[106.620184,8.636661],[106.620309,8.636885],[106.620259,8.637659],[106.61996,8.638282],[106.619423,8.638931],[106.618662,8.639118],[106.617739,8.638682],[106.617365,8.637334],[106.617452,8.636573],[106.617353,8.636074],[106.616978,8.635413],[106.617215,8.635076],[106.617602,8.635051],[106.618001,8.634702]]],[[[107.102659,10.408611],[107.102946,10.408887],[107.103229,10.409539],[107.103372,10.410444],[107.10331,10.41081],[107.103471,10.410855],[107.103447,10.41132],[107.104073,10.412852],[107.103248,10.412219],[107.102766,10.412011],[107.102416,10.41147],[107.101775,10.411503],[107.101491,10.411274],[107.100611,10.41103],[107.0999,10.410241],[107.09976,10.409746],[107.099955,10.409643],[107.100083,10.409275],[107.100893,10.408956],[107.10204,10.407857],[107.102292,10.407962],[107.102474,10.408234],[107.102279,10.409218],[107.102504,10.409226],[107.102473,10.40885],[107.102659,10.408611]]],[[[106.585277,8.735755],[106.586937,8.735658],[106.588221,8.735044],[106.588984,8.735186],[106.589994,8.735971],[106.589986,8.736481],[106.589332,8.737617],[106.588823,8.737608],[106.588436,8.737856],[106.587926,8.737846],[106.587422,8.737454],[106.586278,8.737178],[106.584886,8.736386],[106.584889,8.736131],[106.585277,8.735755]]],[[[106.144718,8.606382],[106.144831,8.606791],[106.145328,8.606617],[106.14552,8.606905],[106.145442,8.60769],[106.145197,8.608196],[106.145258,8.608614],[106.145093,8.609338],[106.144186,8.609949],[106.143671,8.610516],[106.143043,8.610734],[106.142459,8.61124],[106.141883,8.611205],[106.141839,8.610804],[106.142441,8.610289],[106.142633,8.609644],[106.142965,8.609356],[106.142903,8.608928],[106.143488,8.608414],[106.144029,8.607515],[106.144404,8.607271],[106.144238,8.60687],[106.144334,8.606643],[106.144718,8.606382]]],[[[107.082376,10.431291],[107.082762,10.431087],[107.08303,10.431102],[107.083609,10.431441],[107.083887,10.431908],[107.084264,10.432136],[107.084541,10.432535],[107.084718,10.433122],[107.085464,10.434041],[107.085437,10.434625],[107.08503,10.434563],[107.084227,10.434156],[107.083459,10.432989],[107.083608,10.432257],[107.083473,10.431986],[107.083213,10.432576],[107.082951,10.43274],[107.080438,10.432997],[107.080338,10.432745],[107.081871,10.431921],[107.082376,10.431291]]],[[[106.557571,8.630416],[106.556937,8.63015],[106.556061,8.628985],[106.556839,8.628104],[106.557478,8.627987],[106.557604,8.628117],[106.557986,8.628124],[106.558742,8.628775],[106.558733,8.629414],[106.558212,8.630172],[106.557953,8.630423],[106.557571,8.630416]]],[[[106.675726,8.650753],[106.675817,8.651399],[106.675413,8.651759],[106.67503,8.651736],[106.673821,8.650513],[106.674893,8.64968],[106.675403,8.64971],[106.675388,8.649965],[106.675726,8.650753]]],[[[106.623266,8.638919],[106.623029,8.638987],[106.622567,8.639617],[106.622392,8.639667],[106.622168,8.639075],[106.622405,8.638282],[106.622817,8.638058],[106.623191,8.638089],[106.623428,8.638395],[106.623266,8.638919]]],[[[107.099671,10.405366],[107.0991,10.406049],[107.098711,10.406097],[107.098526,10.405985],[107.098387,10.405492],[107.098534,10.404974],[107.098724,10.40483],[107.099277,10.40469],[107.099385,10.405218],[107.099671,10.405366]]],[[[107.168993,10.398117],[107.169166,10.397436],[107.16932,10.397282],[107.169604,10.397864],[107.169281,10.398641],[107.169296,10.399387],[107.169037,10.399733],[107.168488,10.399956],[107.168429,10.399804],[107.168727,10.399649],[107.168966,10.399274],[107.168993,10.398117]]],[[[106.636895,8.637428],[106.636583,8.637291],[106.636539,8.637596],[106.636371,8.637646],[106.635716,8.63711],[106.635978,8.636866],[106.636177,8.636318],[106.636814,8.636667],[106.63672,8.636817],[106.636995,8.637091],[106.636832,8.63721],[106.636895,8.637428]]],[[[106.557678,8.676067],[106.557941,8.675855],[106.558303,8.675943],[106.558712,8.676511],[106.558619,8.677013],[106.55837,8.677147],[106.558102,8.677101],[106.557657,8.676382],[106.557678,8.676067]]],[[[106.969737,10.454432],[106.969805,10.454242],[106.970312,10.454164],[106.970466,10.453895],[106.970788,10.453832],[106.971359,10.455222],[106.970594,10.454575],[106.969737,10.454432]]],[[[106.963524,10.419696],[106.963499,10.419596],[106.964078,10.4189],[106.964618,10.4186],[106.964957,10.418597],[106.964995,10.41892],[106.964791,10.419149],[106.96424,10.419233],[106.964046,10.419546],[106.963524,10.419696]]],[[[106.975137,10.489165],[106.975406,10.48926],[106.975601,10.489754],[106.975578,10.490181],[106.975335,10.49051],[106.975094,10.489822],[106.975137,10.489165]]],[[[106.089077,8.577848],[106.089077,8.578064],[106.088861,8.578303],[106.088167,8.578135],[106.088095,8.577728],[106.088215,8.577585],[106.08855,8.577513],[106.088837,8.5778],[106.089077,8.577848]]],[[[107.019638,10.477557],[107.019947,10.477493],[107.020277,10.477606],[107.020299,10.478084],[107.02018,10.478286],[107.019953,10.478359],[107.019749,10.478269],[107.019761,10.477829],[107.019638,10.477557]]],[[[107.088863,10.323995],[107.088758,10.323749],[107.088913,10.323466],[107.089363,10.323612],[107.089573,10.323926],[107.089343,10.324152],[107.088863,10.323995]]],[[[107.026123,10.463559],[107.025559,10.463286],[107.025538,10.463013],[107.025363,10.462924],[107.025493,10.462685],[107.025795,10.462758],[107.026123,10.463559]]],[[[106.587527,8.738988],[106.587657,8.738862],[106.587912,8.738867],[106.588287,8.739385],[106.588158,8.73951],[106.587903,8.739505],[106.587527,8.738988]]],[[[106.557298,8.675353],[106.557542,8.674982],[106.557772,8.675174],[106.557683,8.675802],[106.557448,8.675695],[106.557443,8.675494],[106.557298,8.675353]]],[[[107.018904,10.479137],[107.019043,10.479039],[107.019398,10.479134],[107.019629,10.479639],[107.018972,10.479322],[107.018904,10.479137]]],[[[106.590475,8.738022],[106.589976,8.73793],[106.58997,8.737629],[106.590354,8.737509],[106.590606,8.737769],[106.590475,8.738022]]],[[[107.02599,10.464242],[107.025351,10.463681],[107.025338,10.463592],[107.025929,10.463756],[107.026048,10.464082],[107.02599,10.464242]]],[[[106.555702,8.689923],[106.55579,8.69011],[106.555471,8.690445],[106.555292,8.690428],[106.555426,8.689987],[106.555702,8.689923]]],[[[107.076795,10.434397],[107.076655,10.434543],[107.07635,10.434489],[107.076604,10.434247],[107.076795,10.434397]]]]}},{"type":"Feature","properties":{"id":"81297802B39135443664879","label":"붕따우 · Vung Tau (이전)","era":"2020","sourceName":"Vung Tau","viewBounds":[107.04157177900004,10.320279543000026,107.21354832700007,10.483448790000068]},"geometry":{"type":"Polygon","coordinates":[[[107.11441,10.475959],[107.103472,10.474197],[107.090791,10.48148],[107.076722,10.477058],[107.069918,10.483449],[107.062148,10.47662],[107.051892,10.477143],[107.048637,10.474158],[107.046438,10.46851],[107.042416,10.467713],[107.041572,10.465964],[107.045986,10.461574],[107.051375,10.450819],[107.072254,10.43388],[107.076414,10.431881],[107.080683,10.432167],[107.091129,10.425711],[107.097078,10.414337],[107.097839,10.409436],[107.092414,10.38783],[107.08035,10.391899],[107.078923,10.387806],[107.076567,10.388615],[107.074266,10.382769],[107.066614,10.383583],[107.063487,10.386481],[107.059197,10.386946],[107.056726,10.38418],[107.055306,10.378426],[107.055422,10.373938],[107.062434,10.367368],[107.05993,10.357257],[107.061825,10.354118],[107.073227,10.346436],[107.074276,10.342694],[107.071466,10.33907],[107.071894,10.333523],[107.073651,10.330778],[107.080205,10.327313],[107.082937,10.323668],[107.08346,10.32028],[107.087239,10.32421],[107.091172,10.3337],[107.099983,10.347472],[107.114231,10.362529],[107.133506,10.376379],[107.149933,10.385001],[107.154901,10.386276],[107.158756,10.389655],[107.161235,10.395085],[107.166182,10.399268],[107.166653,10.40293],[107.174357,10.401506],[107.185223,10.415805],[107.189661,10.428419],[107.192556,10.427634],[107.196197,10.419852],[107.203008,10.421484],[107.204715,10.418221],[107.207473,10.417947],[107.212058,10.419211],[107.213548,10.421879],[107.208326,10.427695],[107.208753,10.430476],[107.212185,10.434256],[107.210975,10.437834],[107.199641,10.442333],[107.197275,10.446557],[107.188517,10.450761],[107.186389,10.456853],[107.184607,10.457078],[107.181667,10.454463],[107.181143,10.459439],[107.176343,10.462317],[107.168562,10.464091],[107.167178,10.472026],[107.165171,10.473676],[107.162209,10.473738],[107.155982,10.464219],[107.144105,10.466743],[107.143615,10.457865],[107.140969,10.453867],[107.138357,10.455032],[107.134415,10.462623],[107.132393,10.461956],[107.131366,10.456226],[107.120299,10.457936],[107.120244,10.462547],[107.116525,10.468203],[107.11441,10.475959]]]}},{"type":"Feature","properties":{"id":"81297802B66449035371360","label":"바리아 · Ba Ria (이전)","era":"2020","sourceName":"Ba Ria","viewBounds":[107.11440971400003,10.453867119000051,107.24843332800003,10.562502782000024]},"geometry":{"type":"Polygon","coordinates":[[[107.247871,10.539698],[107.24424,10.537322],[107.235488,10.548787],[107.228556,10.55035],[107.230208,10.560586],[107.228106,10.561642],[107.221482,10.562503],[107.219116,10.553403],[107.215745,10.553883],[107.214667,10.550832],[107.212516,10.549703],[107.209949,10.553829],[107.207343,10.55288],[107.204792,10.553982],[107.200052,10.550652],[107.200103,10.55321],[107.197737,10.552554],[107.197736,10.543491],[107.194806,10.543349],[107.190731,10.539891],[107.184552,10.54115],[107.181576,10.545691],[107.179947,10.545847],[107.17935,10.549931],[107.17765,10.552154],[107.176322,10.551444],[107.17584,10.556418],[107.173136,10.557641],[107.173177,10.559003],[107.169773,10.55854],[107.17289,10.541349],[107.172404,10.534396],[107.170918,10.535035],[107.158712,10.53167],[107.152812,10.535483],[107.149364,10.535235],[107.142474,10.526498],[107.137322,10.514392],[107.134452,10.511286],[107.131556,10.509159],[107.125659,10.509825],[107.125207,10.495088],[107.127855,10.492708],[107.12816,10.490534],[107.125663,10.489574],[107.122848,10.485823],[107.124573,10.483805],[107.122147,10.480582],[107.123906,10.477172],[107.121097,10.474494],[107.117314,10.47693],[107.11441,10.475959],[107.116525,10.468203],[107.120244,10.462547],[107.120299,10.457936],[107.131366,10.456226],[107.132393,10.461956],[107.134415,10.462623],[107.138357,10.455032],[107.140969,10.453867],[107.143615,10.457865],[107.144105,10.466743],[107.155982,10.464219],[107.162209,10.473738],[107.165171,10.473676],[107.167178,10.472026],[107.168562,10.464091],[107.176343,10.462317],[107.178919,10.465253],[107.179325,10.471242],[107.185019,10.471883],[107.192018,10.468796],[107.191929,10.478284],[107.195902,10.479001],[107.202232,10.483918],[107.198201,10.485491],[107.206777,10.496274],[107.215623,10.494477],[107.221576,10.498512],[107.223534,10.497206],[107.223753,10.500329],[107.225204,10.500279],[107.225825,10.502682],[107.230189,10.502934],[107.231481,10.506091],[107.237541,10.506233],[107.238302,10.50886],[107.241064,10.509347],[107.245473,10.522916],[107.244398,10.524933],[107.248433,10.52827],[107.24684,10.535405],[107.247871,10.539698]]]}},{"type":"Feature","properties":{"id":"81297802B9398077823445","label":"Long Dien (이전)","era":"2020","sourceName":"Long Dien","viewBounds":[107.17435694400007,10.377362892000065,107.26044715700004,10.514032629000042]},"geometry":{"type":"Polygon","coordinates":[[[107.176343,10.462317],[107.181143,10.459439],[107.181667,10.454463],[107.184607,10.457078],[107.186389,10.456853],[107.188517,10.450761],[107.197275,10.446557],[107.199641,10.442333],[107.210975,10.437834],[107.212185,10.434256],[107.208753,10.430476],[107.208326,10.427695],[107.213548,10.421879],[107.212058,10.419211],[107.207473,10.417947],[107.204715,10.418221],[107.203008,10.421484],[107.196197,10.419852],[107.192556,10.427634],[107.189661,10.428419],[107.185223,10.415805],[107.174357,10.401506],[107.180271,10.400118],[107.202229,10.406133],[107.212889,10.405647],[107.215464,10.404905],[107.230964,10.389492],[107.239739,10.378457],[107.242862,10.377363],[107.247388,10.38051],[107.25678,10.38015],[107.252194,10.393451],[107.260447,10.410783],[107.255472,10.411413],[107.248959,10.419688],[107.245878,10.420563],[107.245843,10.422533],[107.246171,10.425283],[107.249236,10.4277],[107.255026,10.427381],[107.257625,10.429469],[107.256088,10.432357],[107.256773,10.433941],[107.253066,10.434795],[107.252434,10.437736],[107.25476,10.440561],[107.254719,10.442982],[107.251744,10.444594],[107.256774,10.45323],[107.259079,10.462695],[107.258935,10.464578],[107.251229,10.46936],[107.253911,10.476099],[107.254029,10.480642],[107.255276,10.480726],[107.254874,10.491915],[107.252257,10.494754],[107.253266,10.497631],[107.252212,10.500666],[107.253975,10.501813],[107.254568,10.505964],[107.250479,10.514033],[107.24524,10.511843],[107.243222,10.508737],[107.241064,10.509347],[107.238302,10.50886],[107.237541,10.506233],[107.231481,10.506091],[107.230189,10.502934],[107.225825,10.502682],[107.225204,10.500279],[107.223753,10.500329],[107.223534,10.497206],[107.221576,10.498512],[107.215623,10.494477],[107.206777,10.496274],[107.198201,10.485491],[107.202232,10.483918],[107.195902,10.479001],[107.191929,10.478284],[107.192018,10.468796],[107.185019,10.471883],[107.179325,10.471242],[107.178919,10.465253],[107.176343,10.462317]]]}},{"type":"Feature","properties":{"id":"81297802B14105634475822","label":"Dat Do (이전)","era":"2020","sourceName":"Dat Do","viewBounds":[107.24106373800004,10.38014953100003,107.37819347200008,10.576002060000064]},"geometry":{"type":"Polygon","coordinates":[[[107.241064,10.509347],[107.243222,10.508737],[107.24524,10.511843],[107.250479,10.514033],[107.254568,10.505964],[107.253975,10.501813],[107.252212,10.500666],[107.253266,10.497631],[107.252257,10.494754],[107.254874,10.491915],[107.255276,10.480726],[107.254029,10.480642],[107.253911,10.476099],[107.251229,10.46936],[107.258935,10.464578],[107.259079,10.462695],[107.256774,10.45323],[107.251744,10.444594],[107.254719,10.442982],[107.25476,10.440561],[107.252434,10.437736],[107.253066,10.434795],[107.256773,10.433941],[107.256088,10.432357],[107.257625,10.429469],[107.255026,10.427381],[107.249236,10.4277],[107.246171,10.425283],[107.245843,10.422533],[107.245878,10.420563],[107.248959,10.419688],[107.255472,10.411413],[107.260447,10.410783],[107.252194,10.393451],[107.25678,10.38015],[107.259768,10.382729],[107.267355,10.395082],[107.270448,10.395945],[107.293708,10.422952],[107.310521,10.437648],[107.329072,10.451119],[107.338382,10.454658],[107.344706,10.455179],[107.34503,10.457841],[107.353358,10.46373],[107.368378,10.470809],[107.369611,10.474501],[107.365556,10.474434],[107.364375,10.478173],[107.36554,10.478778],[107.368077,10.477111],[107.370302,10.481685],[107.373978,10.48156],[107.374386,10.483626],[107.372058,10.484807],[107.374095,10.488316],[107.371904,10.490352],[107.374843,10.489975],[107.378193,10.492083],[107.377907,10.497419],[107.37422,10.498336],[107.377369,10.499722],[107.377309,10.501255],[107.373998,10.501137],[107.375474,10.501233],[107.374693,10.504981],[107.377265,10.507314],[107.371557,10.523129],[107.374506,10.527669],[107.371843,10.532322],[107.372442,10.535383],[107.370569,10.535147],[107.367811,10.539071],[107.368332,10.543683],[107.367478,10.542691],[107.366304,10.544357],[107.364747,10.543068],[107.361926,10.543606],[107.361009,10.553129],[107.357852,10.549624],[107.35004,10.549201],[107.350869,10.551726],[107.346585,10.556302],[107.347513,10.557632],[107.344028,10.558353],[107.342266,10.560914],[107.343294,10.563616],[107.348036,10.5626],[107.350105,10.564973],[107.348987,10.567013],[107.33967,10.566801],[107.337365,10.564182],[107.334405,10.565669],[107.331396,10.562838],[107.331342,10.56043],[107.326355,10.561966],[107.327575,10.559818],[107.326652,10.558425],[107.325463,10.559956],[107.32346,10.558496],[107.324926,10.557118],[107.316849,10.555677],[107.308402,10.561736],[107.306535,10.559049],[107.30151,10.559243],[107.296869,10.565198],[107.290336,10.565938],[107.288055,10.57158],[107.283475,10.570404],[107.283576,10.57164],[107.277471,10.576002],[107.27528,10.5728],[107.275472,10.568819],[107.271147,10.569869],[107.267145,10.56723],[107.261057,10.566105],[107.261325,10.56467],[107.263131,10.564442],[107.260478,10.56241],[107.260794,10.559795],[107.258742,10.560503],[107.254247,10.552266],[107.254013,10.549233],[107.248513,10.54835],[107.250272,10.544953],[107.248469,10.544115],[107.247871,10.539698],[107.24684,10.535405],[107.248433,10.52827],[107.244398,10.524933],[107.245473,10.522916],[107.241064,10.509347]]]}},{"type":"Feature","properties":{"id":"81297802B24499966976565","label":"쑤옌목 · 호짬 일대 · Xuyen Moc (이전)","era":"2020","sourceName":"Xuyen Moc","viewBounds":[107.34226575700006,10.455178597000042,107.57327242100007,10.803900227000042]},"geometry":{"type":"Polygon","coordinates":[[[107.353466,10.677989],[107.354075,10.676198],[107.357826,10.675039],[107.355931,10.669282],[107.360784,10.666044],[107.362063,10.663478],[107.364739,10.663885],[107.363857,10.661489],[107.368147,10.658969],[107.368199,10.656369],[107.366628,10.6556],[107.370496,10.65304],[107.365814,10.645626],[107.367209,10.639751],[107.359339,10.634357],[107.35724,10.630416],[107.358545,10.624578],[107.354206,10.621866],[107.357672,10.618543],[107.359147,10.613809],[107.357713,10.612073],[107.35396,10.613135],[107.352396,10.606249],[107.355933,10.605189],[107.358116,10.601127],[107.360972,10.600553],[107.360432,10.598062],[107.36423,10.598266],[107.36897,10.592188],[107.365037,10.590739],[107.363094,10.586048],[107.363715,10.582533],[107.359146,10.580357],[107.358844,10.578506],[107.356896,10.580196],[107.356724,10.576597],[107.355022,10.575166],[107.356779,10.574351],[107.353825,10.573874],[107.352858,10.57217],[107.353985,10.571306],[107.351514,10.570416],[107.351393,10.568795],[107.34892,10.570097],[107.348987,10.567013],[107.350105,10.564973],[107.348036,10.5626],[107.343294,10.563616],[107.342266,10.560914],[107.344028,10.558353],[107.347513,10.557632],[107.346585,10.556302],[107.350869,10.551726],[107.35004,10.549201],[107.357852,10.549624],[107.361009,10.553129],[107.361926,10.543606],[107.364747,10.543068],[107.366304,10.544357],[107.367478,10.542691],[107.368332,10.543683],[107.367811,10.539071],[107.370569,10.535147],[107.372442,10.535383],[107.371843,10.532322],[107.374506,10.527669],[107.371557,10.523129],[107.377265,10.507314],[107.374693,10.504981],[107.375474,10.501233],[107.373998,10.501137],[107.377309,10.501255],[107.377369,10.499722],[107.37422,10.498336],[107.377907,10.497419],[107.378193,10.492083],[107.374843,10.489975],[107.371904,10.490352],[107.374095,10.488316],[107.372058,10.484807],[107.374386,10.483626],[107.373978,10.48156],[107.370302,10.481685],[107.368077,10.477111],[107.36554,10.478778],[107.364375,10.478173],[107.365556,10.474434],[107.369611,10.474501],[107.368378,10.470809],[107.353358,10.46373],[107.34503,10.457841],[107.344706,10.455179],[107.359262,10.464146],[107.372587,10.468072],[107.388737,10.468757],[107.417172,10.466793],[107.43594,10.470184],[107.442513,10.468072],[107.444922,10.468994],[107.458577,10.486897],[107.470331,10.497926],[107.478535,10.499772],[107.48585,10.49852],[107.49533,10.500662],[107.502197,10.49992],[107.513033,10.501533],[107.515546,10.503317],[107.528552,10.523476],[107.536932,10.531671],[107.556299,10.556561],[107.565365,10.565413],[107.571381,10.569099],[107.568021,10.575395],[107.567964,10.578447],[107.570734,10.57894],[107.568651,10.586135],[107.573272,10.600358],[107.570987,10.602992],[107.569442,10.610249],[107.564086,10.615838],[107.564843,10.618236],[107.56898,10.614919],[107.569495,10.618436],[107.563928,10.627127],[107.564415,10.629928],[107.562524,10.634276],[107.557126,10.64154],[107.557592,10.644341],[107.551922,10.650961],[107.552202,10.653802],[107.549251,10.65937],[107.549889,10.660929],[107.546831,10.66259],[107.546092,10.668681],[107.540897,10.681016],[107.547823,10.694225],[107.544543,10.698929],[107.545807,10.700621],[107.545434,10.705326],[107.543085,10.710183],[107.540868,10.711109],[107.540937,10.712962],[107.537502,10.716389],[107.535218,10.722129],[107.53337,10.720983],[107.52957,10.723308],[107.52692,10.729724],[107.518831,10.734972],[107.513845,10.739847],[107.51283,10.742783],[107.507207,10.74564],[107.506721,10.751438],[107.508543,10.754374],[107.504017,10.764016],[107.506825,10.771975],[107.497756,10.766803],[107.486099,10.768584],[107.479297,10.778251],[107.476368,10.788077],[107.473237,10.793065],[107.45961,10.790596],[107.459502,10.795644],[107.455304,10.802005],[107.450487,10.8039],[107.446096,10.803869],[107.443722,10.801158],[107.43966,10.799655],[107.436461,10.793594],[107.437269,10.792435],[107.435777,10.792662],[107.432289,10.787713],[107.427664,10.787097],[107.427351,10.783907],[107.420747,10.773499],[107.421702,10.772367],[107.42072,10.770605],[107.410177,10.773727],[107.407094,10.769913],[107.405717,10.770021],[107.406152,10.769122],[107.402382,10.768485],[107.400164,10.765344],[107.398904,10.762484],[107.39546,10.762186],[107.393411,10.755194],[107.390671,10.756083],[107.384794,10.75073],[107.384577,10.747267],[107.381826,10.74683],[107.38148,10.740664],[107.379858,10.741514],[107.377867,10.736968],[107.372548,10.733759],[107.372886,10.730966],[107.369824,10.732499],[107.367737,10.730009],[107.36525,10.730549],[107.365207,10.729143],[107.362264,10.727402],[107.362614,10.72415],[107.360733,10.721405],[107.36117,10.718991],[107.359149,10.717757],[107.359199,10.713915],[107.354787,10.712169],[107.354807,10.710635],[107.352759,10.710129],[107.351246,10.706425],[107.34942,10.70568],[107.353744,10.701015],[107.353755,10.697196],[107.355002,10.696262],[107.354274,10.693983],[107.350961,10.691929],[107.352259,10.690449],[107.350811,10.68789],[107.355685,10.685316],[107.355245,10.684086],[107.352137,10.683817],[107.353466,10.677989]]]}},{"type":"Feature","properties":{"id":"81297802B41485876419304","label":"Tan Thanh (이전)","era":"2020","sourceName":"Tan Thanh","viewBounds":[106.99703625700005,10.462392812000076,107.17568705300005,10.715808134000042]},"geometry":{"type":"Polygon","coordinates":[[[107.173177,10.559003],[107.173659,10.560586],[107.174908,10.560407],[107.174057,10.564349],[107.175687,10.564374],[107.172428,10.569307],[107.174122,10.57117],[107.172558,10.570362],[107.170998,10.574015],[107.172872,10.575626],[107.169596,10.57894],[107.171112,10.580625],[107.170429,10.583768],[107.167979,10.583658],[107.168898,10.585176],[107.16745,10.586656],[107.167674,10.58954],[107.169061,10.588998],[107.168152,10.591015],[107.169587,10.598139],[107.165837,10.600536],[107.164787,10.605071],[107.162103,10.605359],[107.163875,10.606691],[107.163924,10.609098],[107.161529,10.610495],[107.163927,10.615492],[107.166675,10.616745],[107.166341,10.619038],[107.168866,10.618795],[107.168,10.622994],[107.169238,10.623896],[107.163043,10.634364],[107.166903,10.641712],[107.165808,10.644285],[107.169494,10.64717],[107.167753,10.64885],[107.169057,10.654433],[107.166657,10.658292],[107.168279,10.665882],[107.161128,10.676942],[107.161623,10.679835],[107.166844,10.683673],[107.168083,10.686856],[107.166216,10.699492],[107.16783,10.706479],[107.165098,10.709066],[107.167102,10.715808],[107.162901,10.712298],[107.162012,10.70962],[107.141072,10.708968],[107.135815,10.694329],[107.134849,10.684363],[107.126558,10.682035],[107.124097,10.67887],[107.122598,10.672819],[107.118014,10.669822],[107.112719,10.669168],[107.108446,10.664341],[107.102287,10.662384],[107.102054,10.657948],[107.097548,10.651435],[107.092633,10.652711],[107.068288,10.652844],[107.064838,10.656608],[107.048209,10.656926],[107.039783,10.654925],[107.040176,10.654086],[107.014957,10.642981],[107.017785,10.631773],[107.015021,10.631815],[107.008359,10.636561],[107.005275,10.636386],[107.000007,10.632624],[106.997918,10.627195],[106.998554,10.623174],[107.001964,10.617938],[107.01958,10.604042],[107.027852,10.587092],[107.027047,10.579838],[107.015557,10.563743],[107.012356,10.554733],[107.013252,10.551256],[107.016338,10.548105],[107.027322,10.544223],[107.028408,10.538123],[107.025406,10.533408],[107.013669,10.522389],[107.010467,10.513087],[106.999849,10.505069],[106.998828,10.502921],[106.997036,10.49123],[107.001607,10.480278],[107.0158,10.482147],[107.019262,10.477502],[107.019167,10.473848],[107.024278,10.469988],[107.023907,10.467004],[107.025777,10.462393],[107.02699,10.475899],[107.029532,10.475056],[107.034828,10.47627],[107.041053,10.4741],[107.04688,10.477575],[107.048637,10.474158],[107.051892,10.477143],[107.062148,10.47662],[107.069918,10.483449],[107.076722,10.477058],[107.090791,10.48148],[107.103472,10.474197],[107.11441,10.475959],[107.117314,10.47693],[107.121097,10.474494],[107.123906,10.477172],[107.122147,10.480582],[107.124573,10.483805],[107.122848,10.485823],[107.125663,10.489574],[107.12816,10.490534],[107.127855,10.492708],[107.125207,10.495088],[107.125659,10.509825],[107.131556,10.509159],[107.134452,10.511286],[107.137322,10.514392],[107.142474,10.526498],[107.149364,10.535235],[107.152812,10.535483],[107.158712,10.53167],[107.170918,10.535035],[107.172404,10.534396],[107.17289,10.541349],[107.169773,10.55854],[107.173177,10.559003]]]}},{"type":"Feature","properties":{"id":"81297802B77796697839152","label":"Chau Duc (이전)","era":"2020","sourceName":"Chau Duc","viewBounds":[107.13859861400005,10.53732225400006,107.37049581500008,10.774234830000069]},"geometry":{"type":"Polygon","coordinates":[[[107.247871,10.539698],[107.248469,10.544115],[107.250272,10.544953],[107.248513,10.54835],[107.254013,10.549233],[107.254247,10.552266],[107.258742,10.560503],[107.260794,10.559795],[107.260478,10.56241],[107.263131,10.564442],[107.261325,10.56467],[107.261057,10.566105],[107.267145,10.56723],[107.271147,10.569869],[107.275472,10.568819],[107.27528,10.5728],[107.277471,10.576002],[107.283576,10.57164],[107.283475,10.570404],[107.288055,10.57158],[107.290336,10.565938],[107.296869,10.565198],[107.30151,10.559243],[107.306535,10.559049],[107.308402,10.561736],[107.316849,10.555677],[107.324926,10.557118],[107.32346,10.558496],[107.325463,10.559956],[107.326652,10.558425],[107.327575,10.559818],[107.326355,10.561966],[107.331342,10.56043],[107.331396,10.562838],[107.334405,10.565669],[107.337365,10.564182],[107.33967,10.566801],[107.348987,10.567013],[107.34892,10.570097],[107.351393,10.568795],[107.351514,10.570416],[107.353985,10.571306],[107.352858,10.57217],[107.353825,10.573874],[107.356779,10.574351],[107.355022,10.575166],[107.356724,10.576597],[107.356896,10.580196],[107.358844,10.578506],[107.359146,10.580357],[107.363715,10.582533],[107.363094,10.586048],[107.365037,10.590739],[107.36897,10.592188],[107.36423,10.598266],[107.360432,10.598062],[107.360972,10.600553],[107.358116,10.601127],[107.355933,10.605189],[107.352396,10.606249],[107.35396,10.613135],[107.357713,10.612073],[107.359147,10.613809],[107.357672,10.618543],[107.354206,10.621866],[107.358545,10.624578],[107.35724,10.630416],[107.359339,10.634357],[107.367209,10.639751],[107.365814,10.645626],[107.370496,10.65304],[107.366628,10.6556],[107.368199,10.656369],[107.368147,10.658969],[107.363857,10.661489],[107.364739,10.663885],[107.362063,10.663478],[107.360784,10.666044],[107.355931,10.669282],[107.357826,10.675039],[107.354075,10.676198],[107.353466,10.677989],[107.351614,10.678138],[107.351458,10.676528],[107.345732,10.674259],[107.339475,10.677903],[107.329623,10.676],[107.32432,10.671643],[107.324197,10.670126],[107.31916,10.668147],[107.312435,10.672324],[107.310276,10.676119],[107.301305,10.683239],[107.300954,10.685845],[107.306066,10.688235],[107.304973,10.690635],[107.309159,10.693405],[107.307119,10.698403],[107.302626,10.701244],[107.303553,10.70799],[107.307268,10.713928],[107.302247,10.718141],[107.304689,10.726162],[107.30296,10.729473],[107.304952,10.727847],[107.306235,10.728432],[107.303075,10.744815],[107.305055,10.748455],[107.300883,10.749525],[107.301959,10.754379],[107.245921,10.756069],[107.246098,10.759156],[107.243306,10.758257],[107.241706,10.760899],[107.238168,10.760201],[107.232644,10.763204],[107.229928,10.761876],[107.228673,10.762611],[107.228617,10.758526],[107.222726,10.756325],[107.207898,10.757974],[107.208073,10.774073],[107.206748,10.774235],[107.200416,10.77152],[107.190711,10.771453],[107.186326,10.76802],[107.183678,10.767717],[107.1809,10.762232],[107.175269,10.759738],[107.170963,10.753062],[107.168064,10.752291],[107.167822,10.753279],[107.164888,10.74964],[107.156096,10.743686],[107.146733,10.743316],[107.143924,10.744703],[107.140335,10.742967],[107.138599,10.743931],[107.140568,10.740836],[107.140683,10.731589],[107.147384,10.730366],[107.144716,10.728525],[107.146918,10.725235],[107.145648,10.723589],[107.14406,10.723412],[107.14062,10.727342],[107.140761,10.720279],[107.142298,10.718017],[107.140812,10.717566],[107.141072,10.708968],[107.162012,10.70962],[107.162901,10.712298],[107.167102,10.715808],[107.165098,10.709066],[107.16783,10.706479],[107.166216,10.699492],[107.168083,10.686856],[107.166844,10.683673],[107.161623,10.679835],[107.161128,10.676942],[107.168279,10.665882],[107.166657,10.658292],[107.169057,10.654433],[107.167753,10.64885],[107.169494,10.64717],[107.165808,10.644285],[107.166903,10.641712],[107.163043,10.634364],[107.169238,10.623896],[107.168,10.622994],[107.168866,10.618795],[107.166341,10.619038],[107.166675,10.616745],[107.163927,10.615492],[107.161529,10.610495],[107.163924,10.609098],[107.163875,10.606691],[107.162103,10.605359],[107.164787,10.605071],[107.165837,10.600536],[107.169587,10.598139],[107.168152,10.591015],[107.169061,10.588998],[107.167674,10.58954],[107.16745,10.586656],[107.168898,10.585176],[107.167979,10.583658],[107.170429,10.583768],[107.171112,10.580625],[107.169596,10.57894],[107.172872,10.575626],[107.170998,10.574015],[107.172558,10.570362],[107.174122,10.57117],[107.172428,10.569307],[107.175687,10.564374],[107.174057,10.564349],[107.174908,10.560407],[107.173659,10.560586],[107.173177,10.559003],[107.173136,10.557641],[107.17584,10.556418],[107.176322,10.551444],[107.17765,10.552154],[107.17935,10.549931],[107.179947,10.545847],[107.181576,10.545691],[107.184552,10.54115],[107.190731,10.539891],[107.194806,10.543349],[107.197736,10.543491],[107.197737,10.552554],[107.200103,10.55321],[107.200052,10.550652],[107.204792,10.553982],[107.207343,10.55288],[107.209949,10.553829],[107.212516,10.549703],[107.214667,10.550832],[107.215745,10.553883],[107.219116,10.553403],[107.221482,10.562503],[107.228106,10.561642],[107.230208,10.560586],[107.228556,10.55035],[107.235488,10.548787],[107.24424,10.537322],[107.247871,10.539698]]]}}]}